Timestamp,Energy Consumption (kWh),Temperature (°C),Building Occupancy,Energy Tariff ($/kWh),Efficiency Recommendations,Estimated Cost Savings ($)
1/1/2023 0:00,10.85,34.85,51,0.23,Shift heavy operations to off-peak hours.,0.17
1/1/2023 1:00,14.96,30.51,26,0.19,Investigate devices left on overnight.,0.11
1/1/2023 2:00,7.74,26.13,58,0.25,Shift heavy operations to off-peak hours.,0.14
1/1/2023 3:00,15.78,34.92,39,0.2,Investigate devices left on overnight.,0.13
1/1/2023 4:00,15.71,26.44,37,0.12,Investigate devices left on overnight.,0.08
1/1/2023 5:00,16.72,25.69,34,0.24,Shift heavy operations to off-peak hours.,0.28
1/1/2023 6:00,20.17,21.51,85,0.24,Shift heavy operations to off-peak hours.,0.34
1/1/2023 7:00,12.24,28.93,48,0.19,No action needed,0
1/1/2023 8:00,12.8,23.88,107,0.22,Shift heavy operations to off-peak hours.; Investigate devices left on overnight.,0.31
1/1/2023 9:00,14.59,19.11,66,0.18,No action needed,0
1/1/2023 10:00,20.77,19.06,116,0.28,Shift heavy operations to off-peak hours.,0.41
1/1/2023 11:00,24.55,18.38,69,0.21,Shift heavy operations to off-peak hours.; Investigate devices left on overnight.,0.57
1/1/2023 12:00,21.1,26.1,27,0.24,Reduce HVAC cooling to save energy.; Shift heavy operations to off-peak hours.; Investigate devices left on overnight.,0.81
1/1/2023 13:00,8.92,25.78,33,0.21,Shift heavy operations to off-peak hours.,0.13
1/1/2023 14:00,7.27,24.5,71,0.28,Shift heavy operations to off-peak hours.,0.14
1/1/2023 15:00,22.89,20.83,51,0.13,No action needed,0
1/1/2023 16:00,22.96,26.81,127,0.19,Reduce HVAC cooling to save energy.,0.22
1/1/2023 17:00,24.37,31.26,113,0.15,Reduce HVAC cooling to save energy.,0.18
1/1/2023 18:00,14.72,26.5,7,0.12,Turn off unnecessary lights in unoccupied areas.,0.05
1/1/2023 19:00,15.77,17.39,138,0.25,Shift heavy operations to off-peak hours.,0.28
1/1/2023 20:00,24.38,33.55,17,0.27,Reduce HVAC cooling to save energy.; Shift heavy operations to off-peak hours.,0.79
1/1/2023 21:00,23.28,29.28,81,0.2,Reduce HVAC cooling to save energy.,0.23
1/1/2023 22:00,12.19,28.79,61,0.23,Shift heavy operations to off-peak hours.,0.2
1/1/2023 23:00,12.62,32.58,24,0.27,Shift heavy operations to off-peak hours.,0.24
1/2/2023 0:00,23.91,31.88,42,0.21,Reduce HVAC cooling to save energy.; Shift heavy operations to off-peak hours.,0.6
1/2/2023 1:00,18.12,18.35,12,0.26,Shift heavy operations to off-peak hours.,0.33
1/2/2023 2:00,23.42,15.69,54,0.28,Shift heavy operations to off-peak hours.,0.46
1/2/2023 3:00,12.15,30.08,95,0.15,No action needed,0
1/2/2023 4:00,23.5,18.88,93,0.11,No action needed,0
1/2/2023 5:00,11.86,32.61,81,0.26,Shift heavy operations to off-peak hours.; Investigate devices left on overnight.,0.34
1/2/2023 6:00,5.55,31.99,44,0.18,No action needed,0
1/2/2023 7:00,6.02,25.92,37,0.22,Shift heavy operations to off-peak hours.,0.09
1/2/2023 8:00,14.55,16.95,138,0.12,No action needed,0
1/2/2023 9:00,21.24,28.6,34,0.13,Reduce HVAC cooling to save energy.; Investigate devices left on overnight.,0.25
1/2/2023 10:00,11.08,25.85,141,0.13,Investigate devices left on overnight.,0.06
1/2/2023 11:00,17.4,18.26,29,0.13,No action needed,0
1/2/2023 12:00,6.96,26.41,74,0.2,No action needed,0
1/2/2023 13:00,7.13,23.05,84,0.14,No action needed,0
1/2/2023 14:00,13.12,28.14,9,0.21,Turn off unnecessary lights in unoccupied areas.; Shift heavy operations to off-peak hours.,0.28
1/2/2023 15:00,12.46,27.09,34,0.21,Shift heavy operations to off-peak hours.,0.18
1/2/2023 16:00,14.6,25.34,31,0.19,No action needed,0
1/2/2023 17:00,10.39,28.22,24,0.19,Investigate devices left on overnight.,0.08
1/2/2023 18:00,23.42,18.2,147,0.18,No action needed,0
1/2/2023 19:00,12.3,23.61,96,0.19,Investigate devices left on overnight.,0.09
1/2/2023 20:00,24.53,33.39,121,0.15,Reduce HVAC cooling to save energy.,0.18
1/2/2023 21:00,5.62,32.61,85,0.23,Shift heavy operations to off-peak hours.,0.09
1/2/2023 22:00,7.4,33.36,146,0.24,Shift heavy operations to off-peak hours.,0.12
1/2/2023 23:00,17.76,34.8,50,0.26,Shift heavy operations to off-peak hours.,0.32
1/3/2023 0:00,23.62,24.48,104,0.13,Investigate devices left on overnight.,0.12
1/3/2023 1:00,6.02,34.23,74,0.17,No action needed,0
1/3/2023 2:00,17.39,24.36,18,0.12,No action needed,0
1/3/2023 3:00,20.3,19.83,120,0.11,No action needed,0
1/3/2023 4:00,8.91,31.58,11,0.13,No action needed,0
1/3/2023 5:00,11.09,26.75,14,0.21,Shift heavy operations to off-peak hours.,0.16
1/3/2023 6:00,23.64,27.32,79,0.28,Reduce HVAC cooling to save energy.; Shift heavy operations to off-peak hours.,0.79
1/3/2023 7:00,16.53,17.55,98,0.25,Shift heavy operations to off-peak hours.; Investigate devices left on overnight.,0.45
1/3/2023 8:00,11.64,25.91,57,0.25,Shift heavy operations to off-peak hours.,0.2
1/3/2023 9:00,13.71,20.27,39,0.2,No action needed,0
1/3/2023 10:00,5.61,30.72,13,0.27,Shift heavy operations to off-peak hours.,0.11
1/3/2023 11:00,6.04,20.34,18,0.27,Shift heavy operations to off-peak hours.,0.11
1/3/2023 12:00,14.59,18.07,6,0.12,Turn off unnecessary lights in unoccupied areas.,0.05
1/3/2023 13:00,12.83,23.89,57,0.13,Investigate devices left on overnight.,0.07
1/3/2023 14:00,5.22,33.07,67,0.18,No action needed,0
1/3/2023 15:00,13.57,16.38,133,0.12,Investigate devices left on overnight.,0.07
1/3/2023 16:00,15.12,25.91,29,0.17,No action needed,0
1/3/2023 17:00,12.55,19.58,19,0.22,Shift heavy operations to off-peak hours.,0.19
1/3/2023 18:00,7.47,24.76,135,0.26,Shift heavy operations to off-peak hours.,0.14
1/3/2023 19:00,11.08,27.96,37,0.3,Shift heavy operations to off-peak hours.,0.23
1/3/2023 20:00,24.04,24.37,136,0.17,No action needed,0
1/3/2023 21:00,18.18,31.3,72,0.26,Shift heavy operations to off-peak hours.,0.33
1/3/2023 22:00,16.91,25.35,37,0.12,No action needed,0
1/3/2023 23:00,19.09,32.42,32,0.16,No action needed,0
1/4/2023 0:00,9.21,34.54,41,0.25,Shift heavy operations to off-peak hours.,0.16
1/4/2023 1:00,11.16,20.4,50,0.22,Shift heavy operations to off-peak hours.,0.17
1/4/2023 2:00,20.53,19.88,12,0.2,No action needed,0
1/4/2023 3:00,8.15,26.51,56,0.13,No action needed,0
1/4/2023 4:00,6.75,21.14,96,0.28,Shift heavy operations to off-peak hours.,0.13
1/4/2023 5:00,23.67,15.86,32,0.27,Shift heavy operations to off-peak hours.,0.45
1/4/2023 6:00,17.23,30.87,52,0.2,No action needed,0
1/4/2023 7:00,19.17,15.15,123,0.19,No action needed,0
1/4/2023 8:00,16.89,28.78,31,0.24,Shift heavy operations to off-peak hours.,0.28
1/4/2023 9:00,10.01,21.24,28,0.29,Shift heavy operations to off-peak hours.,0.2
1/4/2023 10:00,12.61,27.52,95,0.13,No action needed,0
1/4/2023 11:00,14.04,15.74,106,0.22,Shift heavy operations to off-peak hours.; Investigate devices left on overnight.,0.34
1/4/2023 12:00,17.46,31.99,63,0.15,No action needed,0
1/4/2023 13:00,24.8,34.24,104,0.22,Reduce HVAC cooling to save energy.; Shift heavy operations to off-peak hours.,0.65
1/4/2023 14:00,18.03,27.58,56,0.25,Shift heavy operations to off-peak hours.; Investigate devices left on overnight.,0.5
1/4/2023 15:00,12.38,19.15,69,0.16,No action needed,0
1/4/2023 16:00,18.14,30.81,13,0.27,Shift heavy operations to off-peak hours.,0.34
1/4/2023 17:00,21.77,20.15,130,0.18,Investigate devices left on overnight.,0.16
1/4/2023 18:00,12.37,32.56,100,0.2,No action needed,0
1/4/2023 19:00,13.36,26.88,132,0.14,No action needed,0
1/4/2023 20:00,11.31,26.08,93,0.17,No action needed,0
1/4/2023 21:00,12.56,33.7,79,0.26,Shift heavy operations to off-peak hours.; Investigate devices left on overnight.,0.36
1/4/2023 22:00,18.11,30.07,80,0.19,No action needed,0
1/4/2023 23:00,17.16,26.09,98,0.25,Shift heavy operations to off-peak hours.,0.3
1/5/2023 0:00,16.44,19.36,118,0.17,No action needed,0
1/5/2023 1:00,23.65,20.31,43,0.23,Shift heavy operations to off-peak hours.,0.38
1/5/2023 2:00,13.43,18.72,94,0.14,No action needed,0
1/5/2023 3:00,19.47,16.82,37,0.19,No action needed,0
1/5/2023 4:00,6.93,17.78,127,0.12,No action needed,0
1/5/2023 5:00,23.09,18.99,100,0.29,Shift heavy operations to off-peak hours.,0.47
1/5/2023 6:00,19.76,15.98,65,0.18,No action needed,0
1/5/2023 7:00,5.19,28.95,80,0.26,Shift heavy operations to off-peak hours.,0.09
1/5/2023 8:00,6.34,23.07,34,0.15,No action needed,0
1/5/2023 9:00,22.15,34.11,20,0.26,Reduce HVAC cooling to save energy.; Shift heavy operations to off-peak hours.,0.69
1/5/2023 10:00,7.78,26.14,134,0.16,No action needed,0
1/5/2023 11:00,5.03,30.51,86,0.23,Shift heavy operations to off-peak hours.,0.08
1/5/2023 12:00,17.8,25.02,70,0.13,Investigate devices left on overnight.,0.09
1/5/2023 13:00,18.53,20.12,44,0.22,Shift heavy operations to off-peak hours.,0.29
1/5/2023 14:00,16.06,28.13,89,0.13,No action needed,0
1/5/2023 15:00,11.45,15.98,36,0.21,Shift heavy operations to off-peak hours.,0.17
1/5/2023 16:00,15.21,31.95,150,0.28,Shift heavy operations to off-peak hours.,0.3
1/5/2023 17:00,14.76,22.08,17,0.16,No action needed,0
1/5/2023 18:00,21.49,23.2,51,0.12,No action needed,0
1/5/2023 19:00,18.15,21.56,144,0.16,No action needed,0
1/5/2023 20:00,23.95,19.93,60,0.28,Shift heavy operations to off-peak hours.,0.47
1/5/2023 21:00,7.28,28.9,129,0.29,Shift heavy operations to off-peak hours.,0.15
1/5/2023 22:00,16.23,22.99,63,0.2,No action needed,0
1/5/2023 23:00,8.49,24.36,23,0.18,No action needed,0
1/6/2023 0:00,9.25,19.85,30,0.23,Shift heavy operations to off-peak hours.,0.15
1/6/2023 1:00,11,20.37,95,0.18,No action needed,0
1/6/2023 2:00,7.31,31.84,117,0.15,No action needed,0
1/6/2023 3:00,21.01,16.51,66,0.23,Shift heavy operations to off-peak hours.,0.34
1/6/2023 4:00,13.83,22.9,36,0.22,Shift heavy operations to off-peak hours.,0.21
1/6/2023 5:00,15.69,33.05,65,0.28,Shift heavy operations to off-peak hours.,0.31
1/6/2023 6:00,22.11,24.89,14,0.13,No action needed,0
1/6/2023 7:00,20.36,22.25,61,0.27,Shift heavy operations to off-peak hours.,0.38
1/6/2023 8:00,10.51,15.97,14,0.3,Shift heavy operations to off-peak hours.,0.22
1/6/2023 9:00,15.15,23.94,103,0.24,Shift heavy operations to off-peak hours.,0.25
1/6/2023 10:00,5.26,32.09,105,0.26,Shift heavy operations to off-peak hours.,0.1
1/6/2023 11:00,24.3,25.64,125,0.17,Reduce HVAC cooling to save energy.,0.21
1/6/2023 12:00,10.92,17.74,123,0.2,No action needed,0
1/6/2023 13:00,9.47,17.47,6,0.15,Turn off unnecessary lights in unoccupied areas.,0.04
1/6/2023 14:00,16.88,21.13,128,0.29,Shift heavy operations to off-peak hours.,0.34
1/6/2023 15:00,21.68,21.72,25,0.28,Shift heavy operations to off-peak hours.,0.42
1/6/2023 16:00,24.12,31.82,91,0.29,Reduce HVAC cooling to save energy.; Shift heavy operations to off-peak hours.; Investigate devices left on overnight.,1.12
1/6/2023 17:00,12.46,33.71,75,0.28,Shift heavy operations to off-peak hours.; Investigate devices left on overnight.,0.38
1/6/2023 18:00,13.16,30.93,34,0.21,Shift heavy operations to off-peak hours.,0.19
1/6/2023 19:00,20.26,24.16,119,0.23,Shift heavy operations to off-peak hours.,0.33
1/6/2023 20:00,6.1,32.28,40,0.29,Shift heavy operations to off-peak hours.,0.12
1/6/2023 21:00,10.47,29.06,65,0.21,Shift heavy operations to off-peak hours.,0.15
1/6/2023 22:00,16.59,17.81,113,0.3,Shift heavy operations to off-peak hours.,0.35
1/6/2023 23:00,19.24,20.1,150,0.23,Shift heavy operations to off-peak hours.,0.31
1/7/2023 0:00,8.04,22.01,68,0.18,No action needed,0
1/7/2023 1:00,6.11,24.64,58,0.27,Shift heavy operations to off-peak hours.,0.12
1/7/2023 2:00,13.22,31.92,68,0.15,No action needed,0
1/7/2023 3:00,16.56,30.35,42,0.11,Investigate devices left on overnight.,0.07
1/7/2023 4:00,18.64,19.71,123,0.18,No action needed,0
1/7/2023 5:00,16.29,17.49,23,0.27,Shift heavy operations to off-peak hours.,0.31
1/7/2023 6:00,7.09,15.16,41,0.18,No action needed,0
1/7/2023 7:00,20.28,21.22,131,0.12,No action needed,0
1/7/2023 8:00,23.55,19.99,115,0.28,Shift heavy operations to off-peak hours.,0.46
1/7/2023 9:00,8.14,17.69,74,0.25,Shift heavy operations to off-peak hours.,0.14
1/7/2023 10:00,8.99,29.53,119,0.21,Shift heavy operations to off-peak hours.,0.13
1/7/2023 11:00,23.14,19.54,49,0.21,Shift heavy operations to off-peak hours.; Investigate devices left on overnight.,0.53
1/7/2023 12:00,10.72,24.71,140,0.24,Shift heavy operations to off-peak hours.,0.18
1/7/2023 13:00,5.77,30.11,36,0.13,No action needed,0
1/7/2023 14:00,13.16,29.86,117,0.27,Shift heavy operations to off-peak hours.,0.25
1/7/2023 15:00,13.09,33.47,138,0.15,No action needed,0
1/7/2023 16:00,16.47,32.84,54,0.1,No action needed,0
1/7/2023 17:00,13.8,27.89,30,0.28,Shift heavy operations to off-peak hours.,0.27
1/7/2023 18:00,9.26,33.44,34,0.23,Shift heavy operations to off-peak hours.,0.15
1/7/2023 19:00,24.81,22.08,21,0.18,No action needed,0
1/7/2023 20:00,15.36,32.65,94,0.16,Investigate devices left on overnight.,0.1
1/7/2023 21:00,6.05,23.39,18,0.18,No action needed,0
1/7/2023 22:00,16,33.91,32,0.28,Shift heavy operations to off-peak hours.; Investigate devices left on overnight.,0.49
1/7/2023 23:00,14.65,25.36,59,0.22,Shift heavy operations to off-peak hours.,0.23
1/8/2023 0:00,15.87,24.34,37,0.11,No action needed,0
1/8/2023 1:00,18.3,30.95,60,0.22,Shift heavy operations to off-peak hours.; Investigate devices left on overnight.,0.44
1/8/2023 2:00,15.41,29.39,7,0.16,Turn off unnecessary lights in unoccupied areas.,0.07
1/8/2023 3:00,17.69,21.53,123,0.19,No action needed,0
1/8/2023 4:00,13.71,33.87,19,0.23,Shift heavy operations to off-peak hours.,0.22
1/8/2023 5:00,7.3,28.25,102,0.11,No action needed,0
1/8/2023 6:00,14.87,18.08,24,0.27,Shift heavy operations to off-peak hours.,0.28
1/8/2023 7:00,11.64,29.78,84,0.23,Shift heavy operations to off-peak hours.,0.19
1/8/2023 8:00,6.95,15.9,36,0.21,Shift heavy operations to off-peak hours.,0.1
1/8/2023 9:00,8.1,33.88,122,0.19,No action needed,0
1/8/2023 10:00,9.76,27.23,96,0.12,No action needed,0
1/8/2023 11:00,5.51,29,146,0.22,Shift heavy operations to off-peak hours.,0.08
1/8/2023 12:00,22.31,20.49,52,0.14,No action needed,0
1/8/2023 13:00,23.04,25.22,81,0.13,Reduce HVAC cooling to save energy.,0.15
1/8/2023 14:00,5.39,24.33,102,0.12,No action needed,0
1/8/2023 15:00,17.66,24.97,104,0.15,No action needed,0
1/8/2023 16:00,24.15,31.38,114,0.2,Reduce HVAC cooling to save energy.,0.24
1/8/2023 17:00,23.15,31.8,38,0.26,Reduce HVAC cooling to save energy.; Shift heavy operations to off-peak hours.,0.72
1/8/2023 18:00,14.18,18.21,46,0.28,Shift heavy operations to off-peak hours.,0.28
1/8/2023 19:00,20.72,21.98,66,0.23,Shift heavy operations to off-peak hours.,0.33
1/8/2023 20:00,9.58,17.83,18,0.22,Shift heavy operations to off-peak hours.,0.15
1/8/2023 21:00,12.51,16.98,135,0.11,No action needed,0
1/8/2023 22:00,12.5,22.79,7,0.17,Turn off unnecessary lights in unoccupied areas.,0.06
1/8/2023 23:00,17.12,31.07,27,0.27,Shift heavy operations to off-peak hours.,0.32
1/9/2023 0:00,23.54,28.33,64,0.25,Reduce HVAC cooling to save energy.; Shift heavy operations to off-peak hours.,0.71
1/9/2023 1:00,14.49,28.38,86,0.25,Shift heavy operations to off-peak hours.,0.25
1/9/2023 2:00,14.53,28.53,114,0.2,No action needed,0
1/9/2023 3:00,12.86,22.68,134,0.23,Shift heavy operations to off-peak hours.,0.21
1/9/2023 4:00,10.21,18.58,59,0.15,No action needed,0
1/9/2023 5:00,6.64,18.78,97,0.29,Shift heavy operations to off-peak hours.,0.13
1/9/2023 6:00,24.44,22.34,66,0.25,Shift heavy operations to off-peak hours.,0.43
1/9/2023 7:00,20.75,32.92,85,0.24,Reduce HVAC cooling to save energy.; Shift heavy operations to off-peak hours.; Investigate devices left on overnight.,0.8
1/9/2023 8:00,22.29,25.8,134,0.11,Reduce HVAC cooling to save energy.,0.12
1/9/2023 9:00,15.72,15.7,20,0.22,Shift heavy operations to off-peak hours.,0.24
1/9/2023 10:00,15.49,22.16,61,0.28,Shift heavy operations to off-peak hours.; Investigate devices left on overnight.,0.48
1/9/2023 11:00,10.31,25.54,38,0.26,Shift heavy operations to off-peak hours.,0.19
1/9/2023 12:00,21.82,24.73,146,0.29,Shift heavy operations to off-peak hours.,0.44
1/9/2023 13:00,20.89,31.42,127,0.29,Reduce HVAC cooling to save energy.; Shift heavy operations to off-peak hours.,0.73
1/9/2023 14:00,8.23,32.05,48,0.24,Shift heavy operations to off-peak hours.,0.14
1/9/2023 15:00,9.54,24.02,78,0.27,Shift heavy operations to off-peak hours.,0.18
1/9/2023 16:00,24.68,25.84,14,0.15,Reduce HVAC cooling to save energy.,0.19
1/9/2023 17:00,12.01,34.48,56,0.16,No action needed,0
1/9/2023 18:00,9.81,28.9,92,0.1,No action needed,0
1/9/2023 19:00,19.28,26.86,38,0.14,No action needed,0
1/9/2023 20:00,23.48,29.11,26,0.26,Reduce HVAC cooling to save energy.; Shift heavy operations to off-peak hours.,0.73
1/9/2023 21:00,9.67,34.09,111,0.28,Shift heavy operations to off-peak hours.,0.19
1/9/2023 22:00,23.8,19.07,62,0.29,Shift heavy operations to off-peak hours.,0.48
1/9/2023 23:00,16.38,32.69,89,0.13,No action needed,0
1/10/2023 0:00,14.43,34.93,85,0.25,Shift heavy operations to off-peak hours.; Investigate devices left on overnight.,0.4
1/10/2023 1:00,14.82,21.66,57,0.15,No action needed,0
1/10/2023 2:00,19.22,25.52,37,0.14,No action needed,0
1/10/2023 3:00,16.18,17.44,134,0.19,Investigate devices left on overnight.,0.12
1/10/2023 4:00,16.2,28.59,41,0.23,Shift heavy operations to off-peak hours.,0.26
1/10/2023 5:00,7.54,15.17,45,0.18,No action needed,0
1/10/2023 6:00,6.36,17.48,61,0.29,Shift heavy operations to off-peak hours.,0.13
1/10/2023 7:00,8.75,21.71,78,0.2,No action needed,0
1/10/2023 8:00,11.52,28.23,40,0.1,No action needed,0
1/10/2023 9:00,19.98,18.55,126,0.2,No action needed,0
1/10/2023 10:00,8,28.69,32,0.25,Shift heavy operations to off-peak hours.,0.14
1/10/2023 11:00,15.41,19.95,117,0.23,Shift heavy operations to off-peak hours.; Investigate devices left on overnight.,0.39
1/10/2023 12:00,20.79,16.77,43,0.2,No action needed,0
1/10/2023 13:00,14.38,23.73,6,0.24,Turn off unnecessary lights in unoccupied areas.; Shift heavy operations to off-peak hours.,0.35
1/10/2023 14:00,11.73,29.47,27,0.29,Shift heavy operations to off-peak hours.,0.24
1/10/2023 15:00,18.51,26.27,67,0.2,No action needed,0
1/10/2023 16:00,15.01,21.14,55,0.16,No action needed,0
1/10/2023 17:00,9.33,24.38,22,0.3,Shift heavy operations to off-peak hours.,0.2
1/10/2023 18:00,24.88,29.44,44,0.17,Reduce HVAC cooling to save energy.,0.21
1/10/2023 19:00,16.11,34.1,149,0.19,Investigate devices left on overnight.,0.12
1/10/2023 20:00,9.46,16.83,112,0.25,Shift heavy operations to off-peak hours.,0.17
1/10/2023 21:00,17.86,27.6,100,0.23,Shift heavy operations to off-peak hours.,0.29
1/10/2023 22:00,18.4,22.7,112,0.12,No action needed,0
1/10/2023 23:00,19.69,28.06,24,0.23,Shift heavy operations to off-peak hours.,0.32
1/11/2023 0:00,11.08,25.75,43,0.11,No action needed,0
1/11/2023 1:00,12.01,18.11,42,0.25,Shift heavy operations to off-peak hours.; Investigate devices left on overnight.,0.33
1/11/2023 2:00,13.39,32.49,94,0.29,Shift heavy operations to off-peak hours.,0.27
1/11/2023 3:00,10.87,21.36,107,0.11,No action needed,0
1/11/2023 4:00,23.94,16.01,35,0.15,No action needed,0
1/11/2023 5:00,18.36,16.16,94,0.13,No action needed,0
1/11/2023 6:00,6.37,27.4,148,0.14,No action needed,0
1/11/2023 7:00,8.46,17.04,31,0.21,Shift heavy operations to off-peak hours.,0.12
1/11/2023 8:00,13.11,19.01,40,0.19,No action needed,0
1/11/2023 9:00,20.04,26.13,25,0.11,Reduce HVAC cooling to save energy.,0.11
1/11/2023 10:00,13.04,17.84,89,0.2,No action needed,0
1/11/2023 11:00,16.36,23.82,61,0.25,Shift heavy operations to off-peak hours.,0.29
1/11/2023 12:00,11.68,15.68,140,0.17,No action needed,0
1/11/2023 13:00,22.54,20.19,95,0.19,No action needed,0
1/11/2023 14:00,20.07,26.87,96,0.13,Reduce HVAC cooling to save energy.,0.13
1/11/2023 15:00,18.63,17.01,112,0.27,Shift heavy operations to off-peak hours.,0.35
1/11/2023 16:00,19.9,20.29,24,0.24,Shift heavy operations to off-peak hours.,0.33
1/11/2023 17:00,7.97,22.13,103,0.17,No action needed,0
1/11/2023 18:00,13.13,26.95,47,0.29,Shift heavy operations to off-peak hours.,0.27
1/11/2023 19:00,22.19,33.66,135,0.1,Reduce HVAC cooling to save energy.,0.11
1/11/2023 20:00,13.8,27.75,129,0.17,No action needed,0
1/11/2023 21:00,23.51,30.87,125,0.17,Reduce HVAC cooling to save energy.,0.2
1/11/2023 22:00,17.53,30.72,124,0.15,No action needed,0
1/11/2023 23:00,20.76,21.37,144,0.1,No action needed,0
1/12/2023 0:00,20.35,31.5,118,0.11,Reduce HVAC cooling to save energy.,0.11
1/12/2023 1:00,18.92,20.29,64,0.16,No action needed,0
1/12/2023 2:00,18.18,21.1,38,0.19,No action needed,0
1/12/2023 3:00,23.33,25.69,31,0.2,Reduce HVAC cooling to save energy.,0.23
1/12/2023 4:00,20.28,25.1,82,0.21,Reduce HVAC cooling to save energy.; Shift heavy operations to off-peak hours.; Investigate devices left on overnight.,0.68
1/12/2023 5:00,20.55,21.76,105,0.12,No action needed,0
1/12/2023 6:00,15.26,22.15,58,0.2,No action needed,0
1/12/2023 7:00,24.63,31.08,96,0.3,Reduce HVAC cooling to save energy.; Shift heavy operations to off-peak hours.; Investigate devices left on overnight.,1.18
1/12/2023 8:00,5.37,21.74,70,0.14,No action needed,0
1/12/2023 9:00,22.16,32.53,78,0.15,Reduce HVAC cooling to save energy.,0.17
1/12/2023 10:00,6.27,28.52,140,0.1,No action needed,0
1/12/2023 11:00,20.4,18.3,146,0.21,Shift heavy operations to off-peak hours.; Investigate devices left on overnight.,0.47
1/12/2023 12:00,18.95,27.78,71,0.29,Shift heavy operations to off-peak hours.; Investigate devices left on overnight.,0.6
1/12/2023 13:00,13.53,27.2,23,0.26,Shift heavy operations to off-peak hours.,0.25
1/12/2023 14:00,20.51,21.69,78,0.16,No action needed,0
1/12/2023 15:00,11.81,26.4,12,0.2,No action needed,0
1/12/2023 16:00,16.88,30.74,148,0.13,No action needed,0
1/12/2023 17:00,9.15,24.81,20,0.19,No action needed,0
1/12/2023 18:00,13.9,33.09,45,0.16,No action needed,0
1/12/2023 19:00,20.43,15,39,0.15,No action needed,0
1/12/2023 20:00,24.58,27.99,8,0.1,Reduce HVAC cooling to save energy.; Turn off unnecessary lights in unoccupied areas.,0.2
1/12/2023 21:00,7.84,18.11,43,0.19,No action needed,0
1/12/2023 22:00,6.91,24.64,117,0.24,Shift heavy operations to off-peak hours.,0.12
1/12/2023 23:00,12.39,22.23,30,0.17,No action needed,0
1/13/2023 0:00,17.76,33.38,79,0.22,Shift heavy operations to off-peak hours.,0.27
1/13/2023 1:00,6.09,24.1,92,0.27,Shift heavy operations to off-peak hours.,0.12
1/13/2023 2:00,10.1,31.68,67,0.28,Shift heavy operations to off-peak hours.,0.2
1/13/2023 3:00,17.4,28.1,108,0.25,Shift heavy operations to off-peak hours.,0.3
1/13/2023 4:00,24.63,17.48,70,0.19,Investigate devices left on overnight.,0.19
1/13/2023 5:00,13.92,17.19,59,0.2,No action needed,0
1/13/2023 6:00,22.25,17.64,66,0.2,Investigate devices left on overnight.,0.18
1/13/2023 7:00,14.86,25.81,10,0.21,Shift heavy operations to off-peak hours.,0.22
1/13/2023 8:00,7.94,28.54,46,0.17,No action needed,0
1/13/2023 9:00,13.79,19.53,101,0.18,No action needed,0
1/13/2023 10:00,20.33,32.17,54,0.3,Reduce HVAC cooling to save energy.; Shift heavy operations to off-peak hours.,0.73
1/13/2023 11:00,11.63,17.56,83,0.24,Shift heavy operations to off-peak hours.,0.2
1/13/2023 12:00,7.87,28.01,62,0.23,Shift heavy operations to off-peak hours.,0.13
1/13/2023 13:00,7.8,20.68,14,0.28,Shift heavy operations to off-peak hours.,0.15
1/13/2023 14:00,14.58,21.97,5,0.12,Turn off unnecessary lights in unoccupied areas.,0.05
1/13/2023 15:00,23.52,32.9,68,0.17,Reduce HVAC cooling to save energy.,0.2
1/13/2023 16:00,22.9,28.58,85,0.1,Reduce HVAC cooling to save energy.,0.11
1/13/2023 17:00,10.35,20.06,62,0.3,Shift heavy operations to off-peak hours.,0.22
1/13/2023 18:00,7.96,23.77,136,0.18,No action needed,0
1/13/2023 19:00,6.63,16.57,10,0.19,No action needed,0
1/13/2023 20:00,16.26,26.67,91,0.15,No action needed,0
1/13/2023 21:00,13.1,32.33,150,0.23,Shift heavy operations to off-peak hours.,0.21
1/13/2023 22:00,17.75,34.92,42,0.29,Shift heavy operations to off-peak hours.; Investigate devices left on overnight.,0.57
1/13/2023 23:00,21.09,19.14,46,0.16,Investigate devices left on overnight.,0.13
1/14/2023 0:00,9.51,15.98,76,0.17,No action needed,0
1/14/2023 1:00,10.44,30.87,140,0.2,No action needed,0
1/14/2023 2:00,22.75,15.93,60,0.17,No action needed,0
1/14/2023 3:00,15.31,23.86,99,0.27,Shift heavy operations to off-peak hours.,0.29
1/14/2023 4:00,15.25,24.36,146,0.17,Investigate devices left on overnight.,0.1
1/14/2023 5:00,12.37,22.75,98,0.22,Shift heavy operations to off-peak hours.,0.19
1/14/2023 6:00,9.31,20.46,91,0.27,Shift heavy operations to off-peak hours.,0.18
1/14/2023 7:00,11.06,27.72,72,0.13,No action needed,0
1/14/2023 8:00,22.92,19.9,131,0.17,No action needed,0
1/14/2023 9:00,16.5,28.97,89,0.29,Shift heavy operations to off-peak hours.,0.33
1/14/2023 10:00,5.19,20.07,11,0.24,Shift heavy operations to off-peak hours.,0.09
1/14/2023 11:00,20.99,33.91,28,0.18,Reduce HVAC cooling to save energy.,0.19
1/14/2023 12:00,22.07,20.15,128,0.22,Shift heavy operations to off-peak hours.,0.34
1/14/2023 13:00,16.56,17.16,140,0.29,Shift heavy operations to off-peak hours.,0.34
1/14/2023 14:00,7.33,33.95,41,0.13,No action needed,0
1/14/2023 15:00,24.59,21.67,43,0.23,Shift heavy operations to off-peak hours.,0.4
1/14/2023 16:00,20.34,21.11,117,0.12,Investigate devices left on overnight.,0.1
1/14/2023 17:00,22.09,25,75,0.18,No action needed,0
1/14/2023 18:00,9.35,23.03,93,0.24,Shift heavy operations to off-peak hours.,0.16
1/14/2023 19:00,17.32,25.13,95,0.28,Shift heavy operations to off-peak hours.,0.34
1/14/2023 20:00,16.72,21.87,34,0.23,Shift heavy operations to off-peak hours.,0.27
1/14/2023 21:00,10.01,32.15,28,0.18,Investigate devices left on overnight.,0.07
1/14/2023 22:00,23.3,18.87,87,0.13,No action needed,0
1/14/2023 23:00,9.62,18.59,103,0.13,No action needed,0
1/15/2023 0:00,19.11,17.82,96,0.21,Shift heavy operations to off-peak hours.,0.28
1/15/2023 1:00,10.18,27.39,112,0.29,Shift heavy operations to off-peak hours.; Investigate devices left on overnight.,0.32
1/15/2023 2:00,7.71,21.82,86,0.11,No action needed,0
1/15/2023 3:00,21.69,24.44,133,0.1,No action needed,0
1/15/2023 4:00,6.41,15.92,133,0.29,Shift heavy operations to off-peak hours.,0.13
1/15/2023 5:00,18.62,33.77,125,0.14,Investigate devices left on overnight.,0.1
1/15/2023 6:00,21.54,15.12,150,0.14,No action needed,0
1/15/2023 7:00,14.59,28.5,61,0.21,Shift heavy operations to off-peak hours.,0.21
1/15/2023 8:00,16.76,23.51,111,0.29,Shift heavy operations to off-peak hours.,0.34
1/15/2023 9:00,9.21,17.96,141,0.16,No action needed,0
1/15/2023 10:00,22.61,32.32,13,0.13,Reduce HVAC cooling to save energy.,0.15
1/15/2023 11:00,23.95,29.12,145,0.26,Reduce HVAC cooling to save energy.; Shift heavy operations to off-peak hours.,0.75
1/15/2023 12:00,6.14,33.24,50,0.29,Shift heavy operations to off-peak hours.,0.12
1/15/2023 13:00,12.12,25.37,39,0.19,No action needed,0
1/15/2023 14:00,12.89,26.08,87,0.12,No action needed,0
1/15/2023 15:00,19.72,18.47,97,0.26,Shift heavy operations to off-peak hours.; Investigate devices left on overnight.,0.56
1/15/2023 16:00,5.76,15.45,66,0.27,Shift heavy operations to off-peak hours.,0.11
1/15/2023 17:00,8.93,15.83,62,0.22,Shift heavy operations to off-peak hours.,0.14
1/15/2023 18:00,19.91,31.24,41,0.18,No action needed,0
1/15/2023 19:00,22.6,32.08,106,0.26,Reduce HVAC cooling to save energy.; Shift heavy operations to off-peak hours.,0.71
1/15/2023 20:00,8.95,28.57,91,0.28,Shift heavy operations to off-peak hours.,0.18
1/15/2023 21:00,23.23,18.53,58,0.2,No action needed,0
1/15/2023 22:00,21.3,29.85,17,0.23,Reduce HVAC cooling to save energy.; Shift heavy operations to off-peak hours.; Investigate devices left on overnight.,0.78
1/15/2023 23:00,13.39,19.39,85,0.15,No action needed,0
1/16/2023 0:00,10.26,15.42,6,0.14,Turn off unnecessary lights in unoccupied areas.,0.04
1/16/2023 1:00,13.17,33.45,22,0.21,Shift heavy operations to off-peak hours.,0.19
1/16/2023 2:00,11.73,20.07,68,0.18,No action needed,0
1/16/2023 3:00,12.39,28.06,139,0.29,Shift heavy operations to off-peak hours.,0.25
1/16/2023 4:00,16.25,27.07,16,0.13,Investigate devices left on overnight.,0.08
1/16/2023 5:00,23.45,17.24,132,0.28,Shift heavy operations to off-peak hours.; Investigate devices left on overnight.,0.72
1/16/2023 6:00,11.16,27.9,99,0.19,No action needed,0
1/16/2023 7:00,15.47,26.34,65,0.17,Investigate devices left on overnight.,0.11
1/16/2023 8:00,15.77,19.02,7,0.1,Turn off unnecessary lights in unoccupied areas.,0.05
1/16/2023 9:00,7,25.53,129,0.12,No action needed,0
1/16/2023 10:00,5.34,27.85,51,0.15,No action needed,0
1/16/2023 11:00,11.5,27.18,146,0.22,Shift heavy operations to off-peak hours.,0.18
1/16/2023 12:00,7.42,21.99,18,0.25,Shift heavy operations to off-peak hours.,0.13
1/16/2023 13:00,16.65,20.3,139,0.18,No action needed,0
1/16/2023 14:00,24.62,24.42,138,0.24,Shift heavy operations to off-peak hours.,0.41
1/16/2023 15:00,5.74,21.68,56,0.18,No action needed,0
1/16/2023 16:00,5.24,19.86,30,0.22,Shift heavy operations to off-peak hours.,0.08
1/16/2023 17:00,11.34,27.69,15,0.3,Shift heavy operations to off-peak hours.; Investigate devices left on overnight.,0.37
1/16/2023 18:00,13.02,30.47,88,0.28,Shift heavy operations to off-peak hours.,0.26
1/16/2023 19:00,24.99,30.47,56,0.19,Reduce HVAC cooling to save energy.,0.24
1/16/2023 20:00,22.13,29.72,101,0.28,Reduce HVAC cooling to save energy.; Shift heavy operations to off-peak hours.; Investigate devices left on overnight.,0.99
1/16/2023 21:00,20.47,33.26,28,0.13,Reduce HVAC cooling to save energy.,0.13
1/16/2023 22:00,11.71,16.9,136,0.14,No action needed,0
1/16/2023 23:00,19.02,27.72,90,0.16,No action needed,0
1/17/2023 0:00,22.31,24.33,145,0.3,Shift heavy operations to off-peak hours.; Investigate devices left on overnight.,0.74
1/17/2023 1:00,17.11,28.75,48,0.17,No action needed,0
1/17/2023 2:00,20.98,23.08,94,0.23,Shift heavy operations to off-peak hours.,0.34
1/17/2023 3:00,5.12,18.71,144,0.18,No action needed,0
1/17/2023 4:00,24.26,23.1,5,0.13,Turn off unnecessary lights in unoccupied areas.,0.09
1/17/2023 5:00,17.65,24.44,133,0.14,No action needed,0
1/17/2023 6:00,24.11,28.62,29,0.11,Reduce HVAC cooling to save energy.,0.13
1/17/2023 7:00,23.48,23.31,121,0.22,Shift heavy operations to off-peak hours.,0.36
1/17/2023 8:00,5.83,33.32,69,0.18,No action needed,0
1/17/2023 9:00,6.51,24.55,125,0.28,Shift heavy operations to off-peak hours.,0.13
1/17/2023 10:00,6.54,17.94,116,0.12,No action needed,0
1/17/2023 11:00,24.9,31.32,85,0.11,Reduce HVAC cooling to save energy.,0.14
1/17/2023 12:00,23.57,28.73,137,0.16,Reduce HVAC cooling to save energy.,0.19
1/17/2023 13:00,23.25,25.75,107,0.2,Reduce HVAC cooling to save energy.; Investigate devices left on overnight.,0.42
1/17/2023 14:00,12.74,24.96,12,0.17,No action needed,0
1/17/2023 15:00,10.49,25.51,77,0.15,Investigate devices left on overnight.,0.06
1/17/2023 16:00,15.91,19.66,17,0.18,No action needed,0
1/17/2023 17:00,5.62,18.29,27,0.16,No action needed,0
1/17/2023 18:00,20.32,18.02,112,0.26,Shift heavy operations to off-peak hours.; Investigate devices left on overnight.,0.58
1/17/2023 19:00,20.15,27.36,113,0.19,Reduce HVAC cooling to save energy.,0.19
1/17/2023 20:00,24.61,32.58,38,0.21,Reduce HVAC cooling to save energy.; Shift heavy operations to off-peak hours.,0.62
1/17/2023 21:00,8.85,33.39,88,0.27,Shift heavy operations to off-peak hours.,0.17
1/17/2023 22:00,17.36,17.57,94,0.12,No action needed,0
1/17/2023 23:00,22.1,20.2,17,0.23,Shift heavy operations to off-peak hours.; Investigate devices left on overnight.,0.56
1/18/2023 0:00,12.02,29.92,54,0.15,No action needed,0
1/18/2023 1:00,7.26,17.78,90,0.12,No action needed,0
1/18/2023 2:00,18.87,27.44,8,0.29,Turn off unnecessary lights in unoccupied areas.; Shift heavy operations to off-peak hours.,0.55
1/18/2023 3:00,11.71,17.76,118,0.26,Shift heavy operations to off-peak hours.,0.21
1/18/2023 4:00,13.04,31.97,127,0.1,Investigate devices left on overnight.,0.05
1/18/2023 5:00,10.83,31.03,6,0.1,Turn off unnecessary lights in unoccupied areas.; Investigate devices left on overnight.,0.08
1/18/2023 6:00,12.23,30.43,140,0.15,No action needed,0
1/18/2023 7:00,11.25,19.34,19,0.15,No action needed,0
1/18/2023 8:00,11.42,28.35,150,0.27,Shift heavy operations to off-peak hours.,0.22
1/18/2023 9:00,15.54,28.58,21,0.23,Shift heavy operations to off-peak hours.,0.25
1/18/2023 10:00,19.94,20.16,92,0.16,No action needed,0
1/18/2023 11:00,14.26,27.47,118,0.23,Shift heavy operations to off-peak hours.,0.23
1/18/2023 12:00,7.26,19.19,54,0.11,No action needed,0
1/18/2023 13:00,17.18,17.22,126,0.13,No action needed,0
1/18/2023 14:00,8.14,29.65,34,0.11,No action needed,0
1/18/2023 15:00,22.95,28.59,63,0.21,Reduce HVAC cooling to save energy.; Shift heavy operations to off-peak hours.,0.58
1/18/2023 16:00,8.2,19.53,63,0.23,Shift heavy operations to off-peak hours.,0.13
1/18/2023 17:00,16.6,26.34,16,0.17,No action needed,0
1/18/2023 18:00,14.83,20.83,26,0.29,Shift heavy operations to off-peak hours.,0.3
1/18/2023 19:00,17.33,26.48,31,0.18,No action needed,0
1/18/2023 20:00,22.28,16.97,94,0.3,Shift heavy operations to off-peak hours.,0.47
1/18/2023 21:00,10.68,34.93,85,0.19,No action needed,0
1/18/2023 22:00,12.9,28.42,117,0.26,Shift heavy operations to off-peak hours.; Investigate devices left on overnight.,0.37
1/18/2023 23:00,24.16,31.84,122,0.12,Reduce HVAC cooling to save energy.,0.14
1/19/2023 0:00,18.56,22.95,118,0.11,Investigate devices left on overnight.,0.08
1/19/2023 1:00,15.12,17.37,134,0.1,No action needed,0
1/19/2023 2:00,23.99,25.09,126,0.1,Reduce HVAC cooling to save energy.,0.12
1/19/2023 3:00,11.46,21.08,113,0.21,Shift heavy operations to off-peak hours.,0.17
1/19/2023 4:00,23.52,28.83,125,0.29,Reduce HVAC cooling to save energy.; Shift heavy operations to off-peak hours.,0.82
1/19/2023 5:00,23.49,29.93,148,0.18,Reduce HVAC cooling to save energy.; Investigate devices left on overnight.,0.38
1/19/2023 6:00,24.65,30.64,90,0.28,Reduce HVAC cooling to save energy.; Shift heavy operations to off-peak hours.,0.83
1/19/2023 7:00,14.12,31.03,142,0.22,Shift heavy operations to off-peak hours.,0.22
1/19/2023 8:00,7.43,26.49,131,0.27,Shift heavy operations to off-peak hours.,0.14
1/19/2023 9:00,17.64,32.6,51,0.27,Shift heavy operations to off-peak hours.,0.33
1/19/2023 10:00,7.06,16.78,29,0.2,No action needed,0
1/19/2023 11:00,24.52,31.04,27,0.24,Reduce HVAC cooling to save energy.; Shift heavy operations to off-peak hours.,0.71
1/19/2023 12:00,8.03,31.59,61,0.21,Shift heavy operations to off-peak hours.,0.12
1/19/2023 13:00,22.74,20.34,113,0.19,No action needed,0
1/19/2023 14:00,9.75,19.15,38,0.11,No action needed,0
1/19/2023 15:00,8.71,23.11,24,0.27,Shift heavy operations to off-peak hours.,0.16
1/19/2023 16:00,12.07,16.9,65,0.18,No action needed,0
1/19/2023 17:00,15.66,26.29,24,0.3,Shift heavy operations to off-peak hours.,0.33
1/19/2023 18:00,5.85,25.37,65,0.27,Shift heavy operations to off-peak hours.,0.11
1/19/2023 19:00,12.17,27.43,94,0.12,No action needed,0
1/19/2023 20:00,13.45,16.89,36,0.13,Investigate devices left on overnight.,0.07
1/19/2023 21:00,17.57,32.86,30,0.24,Shift heavy operations to off-peak hours.,0.3
1/19/2023 22:00,14.16,26.51,30,0.18,No action needed,0
1/19/2023 23:00,22.72,26.33,83,0.28,Reduce HVAC cooling to save energy.; Shift heavy operations to off-peak hours.,0.76
1/20/2023 0:00,11.76,26.99,109,0.21,Shift heavy operations to off-peak hours.,0.17
1/20/2023 1:00,15.61,30.42,141,0.29,Shift heavy operations to off-peak hours.,0.32
1/20/2023 2:00,8.31,32.35,14,0.16,No action needed,0
1/20/2023 3:00,18.62,31.92,49,0.15,No action needed,0
1/20/2023 4:00,15.06,19.1,23,0.29,Shift heavy operations to off-peak hours.,0.31
1/20/2023 5:00,7.97,25.06,56,0.17,No action needed,0
1/20/2023 6:00,23.43,15.72,115,0.14,No action needed,0
1/20/2023 7:00,9.65,23.69,70,0.24,Shift heavy operations to off-peak hours.,0.16
1/20/2023 8:00,8.81,23.86,101,0.14,No action needed,0
1/20/2023 9:00,16.72,29.8,139,0.29,Shift heavy operations to off-peak hours.,0.34
1/20/2023 10:00,16.12,28.47,72,0.29,Shift heavy operations to off-peak hours.,0.33
1/20/2023 11:00,22.17,29.78,12,0.11,Reduce HVAC cooling to save energy.,0.12
1/20/2023 12:00,22.18,31.76,107,0.2,Reduce HVAC cooling to save energy.; Investigate devices left on overnight.,0.4
1/20/2023 13:00,22.57,16.82,88,0.17,No action needed,0
1/20/2023 14:00,13.31,23.59,60,0.24,Shift heavy operations to off-peak hours.,0.22
1/20/2023 15:00,12.75,31.93,20,0.15,No action needed,0
1/20/2023 16:00,24.83,32.4,148,0.26,Reduce HVAC cooling to save energy.; Shift heavy operations to off-peak hours.,0.77
1/20/2023 17:00,23.59,17.64,23,0.16,Investigate devices left on overnight.,0.15
1/20/2023 18:00,23.05,19.01,101,0.13,No action needed,0
1/20/2023 19:00,14.1,33.97,65,0.25,Shift heavy operations to off-peak hours.,0.25
1/20/2023 20:00,9.77,24.68,92,0.16,No action needed,0
1/20/2023 21:00,10.85,17.73,146,0.22,Shift heavy operations to off-peak hours.,0.17
1/20/2023 22:00,24.31,20.12,96,0.25,Shift heavy operations to off-peak hours.,0.43
1/20/2023 23:00,13.62,17.89,58,0.14,No action needed,0
1/21/2023 0:00,24.05,16.79,71,0.11,No action needed,0
1/21/2023 1:00,14.63,25.19,102,0.23,Shift heavy operations to off-peak hours.,0.24
1/21/2023 2:00,13.18,19.47,19,0.14,No action needed,0
1/21/2023 3:00,24.76,17.91,87,0.19,No action needed,0
1/21/2023 4:00,6.05,15.65,22,0.1,No action needed,0
1/21/2023 5:00,20.3,21.53,37,0.2,Investigate devices left on overnight.,0.16
1/21/2023 6:00,16.93,26.88,101,0.15,No action needed,0
1/21/2023 7:00,8.44,23.83,20,0.19,No action needed,0
1/21/2023 8:00,6.72,29.03,53,0.3,Shift heavy operations to off-peak hours.,0.14
1/21/2023 9:00,23.17,16.18,84,0.22,Shift heavy operations to off-peak hours.; Investigate devices left on overnight.,0.56
1/21/2023 10:00,15.66,17.95,120,0.23,Shift heavy operations to off-peak hours.,0.25
1/21/2023 11:00,8.33,30.95,70,0.22,Shift heavy operations to off-peak hours.,0.13
1/21/2023 12:00,11.69,22.58,36,0.23,Shift heavy operations to off-peak hours.,0.19
1/21/2023 13:00,22.74,33.96,37,0.27,Reduce HVAC cooling to save energy.; Shift heavy operations to off-peak hours.,0.74
1/21/2023 14:00,22.34,21.89,45,0.29,Shift heavy operations to off-peak hours.,0.45
1/21/2023 15:00,13.17,30.46,113,0.19,No action needed,0
1/21/2023 16:00,15.23,33.86,131,0.13,No action needed,0
1/21/2023 17:00,21.83,32.47,141,0.23,Reduce HVAC cooling to save energy.; Shift heavy operations to off-peak hours.,0.6
1/21/2023 18:00,16.45,25.63,56,0.17,No action needed,0
1/21/2023 19:00,6.82,20.39,67,0.17,No action needed,0
1/21/2023 20:00,10.26,15.42,24,0.26,Shift heavy operations to off-peak hours.,0.19
1/21/2023 21:00,22.29,34.62,115,0.11,Reduce HVAC cooling to save energy.,0.12
1/21/2023 22:00,20.56,30.26,95,0.1,Reduce HVAC cooling to save energy.; Investigate devices left on overnight.,0.19
1/21/2023 23:00,19.87,16.38,142,0.27,Shift heavy operations to off-peak hours.,0.38
1/22/2023 0:00,6.77,25.74,11,0.12,No action needed,0
1/22/2023 1:00,10.52,20.04,119,0.24,Shift heavy operations to off-peak hours.,0.18
1/22/2023 2:00,13.25,19.32,102,0.13,No action needed,0
1/22/2023 3:00,17.51,28.24,60,0.25,Shift heavy operations to off-peak hours.; Investigate devices left on overnight.,0.48
1/22/2023 4:00,10.21,18.58,17,0.24,Shift heavy operations to off-peak hours.; Investigate devices left on overnight.,0.27
1/22/2023 5:00,13.24,20.1,123,0.19,Investigate devices left on overnight.,0.1
1/22/2023 6:00,13.56,25.37,121,0.2,No action needed,0
1/22/2023 7:00,18.2,18.95,7,0.1,Turn off unnecessary lights in unoccupied areas.,0.05
1/22/2023 8:00,16.2,19.51,102,0.27,Shift heavy operations to off-peak hours.,0.31
1/22/2023 9:00,16.43,31.64,94,0.29,Shift heavy operations to off-peak hours.,0.33
1/22/2023 10:00,13.6,18.98,16,0.26,Shift heavy operations to off-peak hours.; Investigate devices left on overnight.,0.39
1/22/2023 11:00,21.02,27.56,124,0.26,Reduce HVAC cooling to save energy.; Shift heavy operations to off-peak hours.,0.66
1/22/2023 12:00,13.57,25.29,69,0.21,Shift heavy operations to off-peak hours.,0.2
1/22/2023 13:00,24.11,19.41,45,0.13,No action needed,0
1/22/2023 14:00,16.55,18.22,136,0.17,Investigate devices left on overnight.,0.11
1/22/2023 15:00,13.84,18.07,31,0.27,Shift heavy operations to off-peak hours.; Investigate devices left on overnight.,0.41
1/22/2023 16:00,9.19,34.82,43,0.17,No action needed,0
1/22/2023 17:00,19.61,29.01,89,0.14,No action needed,0
1/22/2023 18:00,12.29,20.73,64,0.11,No action needed,0
1/22/2023 19:00,8.69,19.84,7,0.24,Turn off unnecessary lights in unoccupied areas.; Shift heavy operations to off-peak hours.,0.21
1/22/2023 20:00,24.25,33.12,50,0.23,Reduce HVAC cooling to save energy.; Shift heavy operations to off-peak hours.,0.67
1/22/2023 21:00,17.7,26.27,30,0.17,No action needed,0
1/22/2023 22:00,24.75,24.87,120,0.28,Shift heavy operations to off-peak hours.,0.49
1/22/2023 23:00,12.92,19.49,82,0.29,Shift heavy operations to off-peak hours.,0.26
1/23/2023 0:00,9.97,27.6,104,0.16,No action needed,0
1/23/2023 1:00,15.26,16.31,116,0.3,Shift heavy operations to off-peak hours.,0.32
1/23/2023 2:00,13.67,25.82,68,0.15,No action needed,0
1/23/2023 3:00,17.83,31.83,7,0.15,Turn off unnecessary lights in unoccupied areas.,0.08
1/23/2023 4:00,5.27,17.28,51,0.1,No action needed,0
1/23/2023 5:00,16.08,30.2,106,0.19,No action needed,0
1/23/2023 6:00,11.84,23.71,100,0.21,Shift heavy operations to off-peak hours.,0.17
1/23/2023 7:00,17.82,20.92,70,0.14,No action needed,0
1/23/2023 8:00,10.82,16.36,76,0.16,No action needed,0
1/23/2023 9:00,8.33,22.93,9,0.21,Turn off unnecessary lights in unoccupied areas.; Shift heavy operations to off-peak hours.,0.17
1/23/2023 10:00,18.74,31.43,46,0.27,Shift heavy operations to off-peak hours.,0.35
1/23/2023 11:00,18.03,17.42,148,0.13,No action needed,0
1/23/2023 12:00,8.43,20.9,129,0.17,No action needed,0
1/23/2023 13:00,15.74,21.74,29,0.21,Shift heavy operations to off-peak hours.; Investigate devices left on overnight.,0.36
1/23/2023 14:00,14.77,31.68,108,0.15,No action needed,0
1/23/2023 15:00,23.61,18.28,5,0.2,Turn off unnecessary lights in unoccupied areas.; Investigate devices left on overnight.,0.33
1/23/2023 16:00,9.44,24.58,90,0.27,Shift heavy operations to off-peak hours.,0.18
1/23/2023 17:00,19.92,18.84,32,0.25,Shift heavy operations to off-peak hours.,0.35
1/23/2023 18:00,15.15,27.02,87,0.28,Shift heavy operations to off-peak hours.,0.3
1/23/2023 19:00,24.37,32.88,8,0.22,Reduce HVAC cooling to save energy.; Turn off unnecessary lights in unoccupied areas.; Shift heavy operations to off-peak hours.,0.8
1/23/2023 20:00,8.58,20.57,8,0.15,Turn off unnecessary lights in unoccupied areas.,0.04
1/23/2023 21:00,9.28,16.59,47,0.15,No action needed,0
1/23/2023 22:00,14.24,18.85,43,0.18,No action needed,0
1/23/2023 23:00,12.06,26.96,93,0.23,Shift heavy operations to off-peak hours.,0.19
1/24/2023 0:00,19.95,27.82,15,0.15,Investigate devices left on overnight.,0.12
1/24/2023 1:00,18.14,26.66,119,0.23,Shift heavy operations to off-peak hours.,0.29
1/24/2023 2:00,15.15,24.39,94,0.16,No action needed,0
1/24/2023 3:00,14.69,19.86,69,0.28,Shift heavy operations to off-peak hours.; Investigate devices left on overnight.,0.45
1/24/2023 4:00,6.72,22.95,43,0.24,Shift heavy operations to off-peak hours.,0.11
1/24/2023 5:00,14.6,34.58,28,0.24,Shift heavy operations to off-peak hours.,0.25
1/24/2023 6:00,19.32,25.63,136,0.2,No action needed,0
1/24/2023 7:00,14.46,17.41,44,0.17,No action needed,0
1/24/2023 8:00,20.08,24.62,26,0.13,No action needed,0
1/24/2023 9:00,12.28,34.33,79,0.2,No action needed,0
1/24/2023 10:00,18.45,21.16,57,0.28,Shift heavy operations to off-peak hours.,0.36
1/24/2023 11:00,15.59,32.04,13,0.19,No action needed,0
1/24/2023 12:00,6.85,28.76,44,0.19,No action needed,0
1/24/2023 13:00,15.84,34.51,65,0.14,No action needed,0
1/24/2023 14:00,11.84,18.3,67,0.1,No action needed,0
1/24/2023 15:00,15.11,21.4,61,0.13,Investigate devices left on overnight.,0.08
1/24/2023 16:00,21.83,27.16,27,0.17,Reduce HVAC cooling to save energy.,0.19
1/24/2023 17:00,18.51,20.67,115,0.23,Shift heavy operations to off-peak hours.,0.3
1/24/2023 18:00,18.17,26.92,133,0.28,Shift heavy operations to off-peak hours.,0.36
1/24/2023 19:00,20.86,22.89,61,0.27,Shift heavy operations to off-peak hours.; Investigate devices left on overnight.,0.62
1/24/2023 20:00,13.12,22.84,136,0.18,No action needed,0
1/24/2023 21:00,5.64,24.5,96,0.22,Shift heavy operations to off-peak hours.,0.09
1/24/2023 22:00,19.51,20.43,78,0.21,Shift heavy operations to off-peak hours.,0.29
1/24/2023 23:00,23.36,34.73,106,0.24,Reduce HVAC cooling to save energy.; Shift heavy operations to off-peak hours.,0.67
1/25/2023 0:00,7.27,27.19,105,0.2,No action needed,0
1/25/2023 1:00,24.66,30.88,62,0.24,Reduce HVAC cooling to save energy.; Shift heavy operations to off-peak hours.; Investigate devices left on overnight.,0.95
1/25/2023 2:00,20.08,23.18,123,0.16,Investigate devices left on overnight.,0.13
1/25/2023 3:00,19.45,28.91,121,0.19,No action needed,0
1/25/2023 4:00,10.67,25.57,133,0.14,No action needed,0
1/25/2023 5:00,19.95,33.49,129,0.21,Shift heavy operations to off-peak hours.; Investigate devices left on overnight.,0.46
1/25/2023 6:00,24.06,19.31,148,0.24,Shift heavy operations to off-peak hours.,0.4
1/25/2023 7:00,9.88,20.8,135,0.29,Shift heavy operations to off-peak hours.,0.2
1/25/2023 8:00,14.32,23.87,150,0.17,No action needed,0
1/25/2023 9:00,14.14,32.43,116,0.26,Shift heavy operations to off-peak hours.,0.26
1/25/2023 10:00,5.28,32.93,109,0.13,No action needed,0
1/25/2023 11:00,18.21,15.93,70,0.22,Shift heavy operations to off-peak hours.,0.28
1/25/2023 12:00,23.95,32.41,146,0.2,Reduce HVAC cooling to save energy.,0.24
1/25/2023 13:00,8.59,22.18,113,0.25,Shift heavy operations to off-peak hours.,0.15
1/25/2023 14:00,17.44,15.29,48,0.25,Shift heavy operations to off-peak hours.,0.31
1/25/2023 15:00,17.36,21.95,53,0.18,No action needed,0
1/25/2023 16:00,5.31,21.98,125,0.12,No action needed,0
1/25/2023 17:00,15.04,29.8,77,0.21,Shift heavy operations to off-peak hours.,0.22
1/25/2023 18:00,8.69,21.26,96,0.21,Shift heavy operations to off-peak hours.,0.13
1/25/2023 19:00,21.49,26.8,142,0.2,Reduce HVAC cooling to save energy.; Investigate devices left on overnight.,0.39
1/25/2023 20:00,19.8,17.23,112,0.25,Shift heavy operations to off-peak hours.; Investigate devices left on overnight.,0.54
1/25/2023 21:00,16,20.29,48,0.2,No action needed,0
1/25/2023 22:00,20.56,17.88,65,0.2,Investigate devices left on overnight.,0.16
1/25/2023 23:00,13.16,22.2,130,0.26,Shift heavy operations to off-peak hours.,0.24
1/26/2023 0:00,24.73,22.6,95,0.12,No action needed,0
1/26/2023 1:00,20.71,21.01,120,0.18,Investigate devices left on overnight.,0.15
1/26/2023 2:00,11.58,18.71,25,0.12,No action needed,0
1/26/2023 3:00,22.44,30.35,111,0.18,Reduce HVAC cooling to save energy.,0.2
1/26/2023 4:00,11.62,15.19,62,0.16,No action needed,0
1/26/2023 5:00,9.51,27.04,94,0.28,Shift heavy operations to off-peak hours.,0.19
1/26/2023 6:00,18.42,23.13,115,0.25,Shift heavy operations to off-peak hours.,0.32
1/26/2023 7:00,10.6,26.17,36,0.1,Investigate devices left on overnight.,0.04
1/26/2023 8:00,20.92,34.55,150,0.17,Reduce HVAC cooling to save energy.,0.18
1/26/2023 9:00,5.41,15.5,134,0.17,No action needed,0
1/26/2023 10:00,19.28,31.13,7,0.13,Turn off unnecessary lights in unoccupied areas.; Investigate devices left on overnight.,0.18
1/26/2023 11:00,20.64,22.66,79,0.19,No action needed,0
1/26/2023 12:00,5.72,19.93,138,0.24,Shift heavy operations to off-peak hours.,0.1
1/26/2023 13:00,24.16,29.38,90,0.18,Reduce HVAC cooling to save energy.; Investigate devices left on overnight.,0.39
1/26/2023 14:00,12.03,31.25,110,0.23,Shift heavy operations to off-peak hours.,0.19
1/26/2023 15:00,9.43,22.44,94,0.14,No action needed,0
1/26/2023 16:00,23.18,19.37,150,0.25,Shift heavy operations to off-peak hours.; Investigate devices left on overnight.,0.64
1/26/2023 17:00,15.02,17.87,65,0.19,No action needed,0
1/26/2023 18:00,9.01,24.31,69,0.1,No action needed,0
1/26/2023 19:00,13.93,16.83,41,0.12,No action needed,0
1/26/2023 20:00,9.17,17.49,98,0.28,Shift heavy operations to off-peak hours.,0.18
1/26/2023 21:00,17.79,15.55,69,0.14,No action needed,0
1/26/2023 22:00,5.17,17.44,15,0.22,Shift heavy operations to off-peak hours.,0.08
1/26/2023 23:00,5.46,23.74,149,0.23,Shift heavy operations to off-peak hours.,0.09
1/27/2023 0:00,13.55,29.73,115,0.29,Shift heavy operations to off-peak hours.,0.28
1/27/2023 1:00,21.06,26.93,132,0.18,Reduce HVAC cooling to save energy.; Investigate devices left on overnight.,0.34
1/27/2023 2:00,16.83,18.4,66,0.2,No action needed,0
1/27/2023 3:00,16.32,26.1,109,0.14,No action needed,0
1/27/2023 4:00,23.19,16.35,85,0.21,Shift heavy operations to off-peak hours.; Investigate devices left on overnight.,0.54
1/27/2023 5:00,20.96,22.9,108,0.29,Shift heavy operations to off-peak hours.,0.43
1/27/2023 6:00,14.16,22.4,143,0.14,No action needed,0
1/27/2023 7:00,16.36,17.57,65,0.26,Shift heavy operations to off-peak hours.; Investigate devices left on overnight.,0.47
1/27/2023 8:00,15.36,26.24,39,0.2,No action needed,0
1/27/2023 9:00,14.11,21.26,55,0.29,Shift heavy operations to off-peak hours.,0.29
1/27/2023 10:00,21.65,34.54,135,0.14,Reduce HVAC cooling to save energy.,0.15
1/27/2023 11:00,16.98,30.7,16,0.24,Shift heavy operations to off-peak hours.,0.29
1/27/2023 12:00,23.88,32.33,83,0.27,Reduce HVAC cooling to save energy.; Shift heavy operations to off-peak hours.,0.77
1/27/2023 13:00,5.36,32.02,130,0.26,Shift heavy operations to off-peak hours.,0.1
1/27/2023 14:00,21.36,23.13,27,0.21,Shift heavy operations to off-peak hours.,0.31
1/27/2023 15:00,20.57,30.92,44,0.12,Reduce HVAC cooling to save energy.,0.12
1/27/2023 16:00,21.84,26.33,138,0.29,Reduce HVAC cooling to save energy.; Shift heavy operations to off-peak hours.,0.76
1/27/2023 17:00,13.96,33.41,58,0.17,No action needed,0
1/27/2023 18:00,24.08,30.33,98,0.11,Reduce HVAC cooling to save energy.,0.13
1/27/2023 19:00,5.06,20.34,96,0.21,Shift heavy operations to off-peak hours.,0.07
1/27/2023 20:00,14.11,20.59,83,0.19,Investigate devices left on overnight.,0.11
1/27/2023 21:00,11.38,32.1,45,0.25,Shift heavy operations to off-peak hours.,0.2
1/27/2023 22:00,16.21,15.65,53,0.21,Shift heavy operations to off-peak hours.,0.24
1/27/2023 23:00,10.56,27.21,101,0.2,No action needed,0
1/28/2023 0:00,8.45,17.1,118,0.17,No action needed,0
1/28/2023 1:00,20.26,33.63,117,0.23,Reduce HVAC cooling to save energy.; Shift heavy operations to off-peak hours.,0.56
1/28/2023 2:00,23.65,17.5,6,0.24,Turn off unnecessary lights in unoccupied areas.; Shift heavy operations to off-peak hours.,0.57
1/28/2023 3:00,11.61,25.57,102,0.17,No action needed,0
1/28/2023 4:00,5.81,33.25,81,0.14,No action needed,0
1/28/2023 5:00,16.36,24.64,66,0.22,Shift heavy operations to off-peak hours.,0.25
1/28/2023 6:00,12.24,18.31,100,0.24,Shift heavy operations to off-peak hours.,0.21
1/28/2023 7:00,13.49,32.22,72,0.27,Shift heavy operations to off-peak hours.,0.25
1/28/2023 8:00,16.88,20.06,66,0.17,No action needed,0
1/28/2023 9:00,11.95,22.65,49,0.25,Shift heavy operations to off-peak hours.,0.21
1/28/2023 10:00,6.98,31.05,144,0.21,Shift heavy operations to off-peak hours.,0.1
1/28/2023 11:00,19.68,32.06,9,0.26,Turn off unnecessary lights in unoccupied areas.; Shift heavy operations to off-peak hours.,0.51
1/28/2023 12:00,24.56,27.22,132,0.27,Reduce HVAC cooling to save energy.; Shift heavy operations to off-peak hours.,0.8
1/28/2023 13:00,24.01,18.65,52,0.16,No action needed,0
1/28/2023 14:00,15.26,22.18,65,0.28,Shift heavy operations to off-peak hours.; Investigate devices left on overnight.,0.47
1/28/2023 15:00,14,30.25,109,0.2,No action needed,0
1/28/2023 16:00,17.19,20.25,65,0.16,Investigate devices left on overnight.,0.11
1/28/2023 17:00,8.1,24.33,139,0.14,No action needed,0
1/28/2023 18:00,20.83,25.49,60,0.21,Reduce HVAC cooling to save energy.; Shift heavy operations to off-peak hours.,0.52
1/28/2023 19:00,19.13,24.38,40,0.18,No action needed,0
1/28/2023 20:00,15.08,19.45,123,0.22,Shift heavy operations to off-peak hours.,0.23
1/28/2023 21:00,15.21,29.97,65,0.29,Shift heavy operations to off-peak hours.; Investigate devices left on overnight.,0.49
1/28/2023 22:00,10.76,32.56,87,0.15,Investigate devices left on overnight.,0.06
1/28/2023 23:00,18.61,30.84,52,0.13,No action needed,0
1/29/2023 0:00,5.37,34.77,94,0.18,No action needed,0
1/29/2023 1:00,18.32,25.29,50,0.1,No action needed,0
1/29/2023 2:00,20.56,26.87,143,0.14,Reduce HVAC cooling to save energy.; Investigate devices left on overnight.,0.26
1/29/2023 3:00,18.45,16.5,28,0.24,Shift heavy operations to off-peak hours.; Investigate devices left on overnight.,0.49
1/29/2023 4:00,16.66,15.49,147,0.14,No action needed,0
1/29/2023 5:00,20.7,23.18,117,0.13,No action needed,0
1/29/2023 6:00,13.79,28.39,43,0.14,No action needed,0
1/29/2023 7:00,11.06,24.11,30,0.29,Shift heavy operations to off-peak hours.,0.22
1/29/2023 8:00,11.16,31.93,67,0.22,Shift heavy operations to off-peak hours.,0.17
1/29/2023 9:00,14.1,18.18,49,0.27,Shift heavy operations to off-peak hours.,0.27
1/29/2023 10:00,24.47,16.98,137,0.18,No action needed,0
1/29/2023 11:00,15.12,26.19,125,0.12,Investigate devices left on overnight.,0.07
1/29/2023 12:00,23.94,21.22,50,0.11,Investigate devices left on overnight.,0.11
1/29/2023 13:00,5.5,18.68,47,0.16,No action needed,0
1/29/2023 14:00,11.4,34.07,87,0.3,Shift heavy operations to off-peak hours.,0.24
1/29/2023 15:00,9.82,32.32,59,0.18,No action needed,0
1/29/2023 16:00,8.25,25.58,94,0.12,No action needed,0
1/29/2023 17:00,16.93,19.27,79,0.26,Shift heavy operations to off-peak hours.,0.31
1/29/2023 18:00,9.9,24.55,115,0.29,Shift heavy operations to off-peak hours.,0.2
1/29/2023 19:00,8.95,21.93,27,0.14,No action needed,0
1/29/2023 20:00,18.79,16.14,11,0.21,Shift heavy operations to off-peak hours.,0.28
1/29/2023 21:00,10.59,34.86,84,0.21,Shift heavy operations to off-peak hours.,0.16
1/29/2023 22:00,8.26,25.52,76,0.23,Shift heavy operations to off-peak hours.,0.13
1/29/2023 23:00,5.43,28.03,93,0.22,Shift heavy operations to off-peak hours.,0.08
1/30/2023 0:00,16.11,23.29,93,0.14,No action needed,0
1/30/2023 1:00,16.22,29.64,85,0.18,No action needed,0
1/30/2023 2:00,19.36,16.92,147,0.21,Shift heavy operations to off-peak hours.,0.28
1/30/2023 3:00,19.43,27.36,9,0.14,Turn off unnecessary lights in unoccupied areas.,0.08
1/30/2023 4:00,15.18,16,64,0.29,Shift heavy operations to off-peak hours.,0.31
1/30/2023 5:00,19.95,33.79,117,0.1,No action needed,0
1/30/2023 6:00,21.37,24.51,104,0.22,Shift heavy operations to off-peak hours.,0.33
1/30/2023 7:00,5.91,26.03,54,0.18,No action needed,0
1/30/2023 8:00,21.13,16.62,136,0.2,No action needed,0
1/30/2023 9:00,8.88,27.09,123,0.15,No action needed,0
1/30/2023 10:00,5.2,31.83,97,0.16,No action needed,0
1/30/2023 11:00,17.68,19.31,23,0.11,No action needed,0
1/30/2023 12:00,19.45,18.79,17,0.25,Shift heavy operations to off-peak hours.; Investigate devices left on overnight.,0.53
1/30/2023 13:00,22.92,32.46,43,0.21,Reduce HVAC cooling to save energy.; Shift heavy operations to off-peak hours.,0.58
1/30/2023 14:00,12.01,17.64,114,0.16,No action needed,0
1/30/2023 15:00,7.57,26.88,119,0.24,Shift heavy operations to off-peak hours.,0.13
1/30/2023 16:00,23.73,17.45,62,0.21,Shift heavy operations to off-peak hours.,0.35
1/30/2023 17:00,24.55,25.1,138,0.16,Reduce HVAC cooling to save energy.,0.2
1/30/2023 18:00,6.04,23.01,12,0.25,Shift heavy operations to off-peak hours.,0.11
1/30/2023 19:00,8.9,31.88,136,0.13,No action needed,0
1/30/2023 20:00,22.54,16.34,145,0.25,Shift heavy operations to off-peak hours.; Investigate devices left on overnight.,0.62
1/30/2023 21:00,22.61,33.86,53,0.15,Reduce HVAC cooling to save energy.; Investigate devices left on overnight.,0.31
1/30/2023 22:00,11.63,22.56,78,0.2,No action needed,0
1/30/2023 23:00,23.65,21.78,57,0.29,Shift heavy operations to off-peak hours.,0.48
1/31/2023 0:00,22.96,19.42,22,0.2,Investigate devices left on overnight.,0.18
1/31/2023 1:00,7.49,15.34,33,0.28,Shift heavy operations to off-peak hours.,0.15
1/31/2023 2:00,23.99,18.29,62,0.29,Shift heavy operations to off-peak hours.,0.49
1/31/2023 3:00,5.52,27.62,111,0.22,Shift heavy operations to off-peak hours.,0.09
1/31/2023 4:00,20.66,19.71,136,0.17,No action needed,0
1/31/2023 5:00,13.47,31.12,88,0.21,Shift heavy operations to off-peak hours.,0.2
1/31/2023 6:00,13.66,34.75,122,0.26,Shift heavy operations to off-peak hours.,0.25
1/31/2023 7:00,8.76,16.51,127,0.29,Shift heavy operations to off-peak hours.,0.18
1/31/2023 8:00,15.95,15.39,92,0.24,Shift heavy operations to off-peak hours.,0.27
1/31/2023 9:00,6.92,32.68,99,0.16,No action needed,0
1/31/2023 10:00,12.33,19.62,104,0.27,Shift heavy operations to off-peak hours.,0.23
1/31/2023 11:00,13.13,18.94,135,0.24,Shift heavy operations to off-peak hours.,0.22
1/31/2023 12:00,12.34,23.33,61,0.18,No action needed,0
1/31/2023 13:00,5.85,32.49,127,0.27,Shift heavy operations to off-peak hours.,0.11
1/31/2023 14:00,10.3,19.41,75,0.12,No action needed,0
1/31/2023 15:00,23.98,22.54,122,0.25,Shift heavy operations to off-peak hours.; Investigate devices left on overnight.,0.66
1/31/2023 16:00,17.39,32.78,71,0.2,No action needed,0
1/31/2023 17:00,9.77,21.27,140,0.1,No action needed,0
1/31/2023 18:00,24.64,24.63,35,0.14,No action needed,0
1/31/2023 19:00,22.5,33.66,115,0.19,Reduce HVAC cooling to save energy.,0.21
1/31/2023 20:00,24.79,16.56,126,0.27,Shift heavy operations to off-peak hours.,0.47
1/31/2023 21:00,13.21,18.9,27,0.27,Shift heavy operations to off-peak hours.,0.25
1/31/2023 22:00,10.61,16.52,24,0.3,Shift heavy operations to off-peak hours.,0.22
1/31/2023 23:00,23.63,18.27,61,0.15,No action needed,0
2/1/2023 0:00,6.55,18.67,70,0.18,No action needed,0
2/1/2023 1:00,10.39,24.46,33,0.14,No action needed,0
2/1/2023 2:00,21.06,23.61,49,0.17,No action needed,0
2/1/2023 3:00,6.27,33.31,43,0.2,No action needed,0
2/1/2023 4:00,7.43,20.23,87,0.15,No action needed,0
2/1/2023 5:00,14.11,26.56,92,0.28,Shift heavy operations to off-peak hours.; Investigate devices left on overnight.,0.43
2/1/2023 6:00,13,23.36,92,0.27,Shift heavy operations to off-peak hours.,0.25
2/1/2023 7:00,15.98,34.34,89,0.15,No action needed,0
2/1/2023 8:00,6.96,15.72,44,0.18,No action needed,0
2/1/2023 9:00,8.18,25.17,142,0.2,No action needed,0
2/1/2023 10:00,15.6,28.44,100,0.18,No action needed,0
2/1/2023 11:00,17.72,33.97,49,0.25,Shift heavy operations to off-peak hours.,0.31
2/1/2023 12:00,19.13,33.4,56,0.27,Shift heavy operations to off-peak hours.,0.36
2/1/2023 13:00,23.7,25.49,86,0.21,Reduce HVAC cooling to save energy.; Shift heavy operations to off-peak hours.,0.6
2/1/2023 14:00,18.87,28.17,6,0.15,Turn off unnecessary lights in unoccupied areas.,0.08
2/1/2023 15:00,9.51,34.74,94,0.24,Shift heavy operations to off-peak hours.,0.16
2/1/2023 16:00,6.06,29.59,46,0.19,No action needed,0
2/1/2023 17:00,10.24,20.54,25,0.23,Shift heavy operations to off-peak hours.; Investigate devices left on overnight.,0.26
2/1/2023 18:00,12.16,27.24,113,0.24,Shift heavy operations to off-peak hours.,0.2
2/1/2023 19:00,10.55,30.23,10,0.12,No action needed,0
2/1/2023 20:00,8.64,31.52,71,0.16,No action needed,0
2/1/2023 21:00,17.34,18.38,143,0.11,Investigate devices left on overnight.,0.08
2/1/2023 22:00,21.62,33.86,94,0.24,Reduce HVAC cooling to save energy.; Shift heavy operations to off-peak hours.,0.62
2/1/2023 23:00,8.74,28.28,82,0.23,Shift heavy operations to off-peak hours.,0.14
2/2/2023 0:00,10.55,26.08,90,0.18,Investigate devices left on overnight.,0.08
2/2/2023 1:00,24.34,31.33,17,0.24,Reduce HVAC cooling to save energy.; Shift heavy operations to off-peak hours.; Investigate devices left on overnight.,0.93
2/2/2023 2:00,18.79,15.81,7,0.16,Turn off unnecessary lights in unoccupied areas.,0.09
2/2/2023 3:00,15.26,22.3,50,0.16,Investigate devices left on overnight.,0.1
2/2/2023 4:00,17.19,31.28,32,0.21,Shift heavy operations to off-peak hours.,0.25
2/2/2023 5:00,19.04,21.01,88,0.19,No action needed,0
2/2/2023 6:00,24.01,28.47,9,0.27,Reduce HVAC cooling to save energy.; Turn off unnecessary lights in unoccupied areas.; Shift heavy operations to off-peak hours.,0.97
2/2/2023 7:00,24.94,16.73,57,0.16,No action needed,0
2/2/2023 8:00,21.39,29.88,30,0.23,Reduce HVAC cooling to save energy.; Shift heavy operations to off-peak hours.; Investigate devices left on overnight.,0.79
2/2/2023 9:00,10.18,24.16,30,0.15,No action needed,0
2/2/2023 10:00,18.95,27.55,59,0.29,Shift heavy operations to off-peak hours.,0.38
2/2/2023 11:00,24.04,31.06,113,0.19,Reduce HVAC cooling to save energy.,0.23
2/2/2023 12:00,6.47,22.71,138,0.26,Shift heavy operations to off-peak hours.,0.12
2/2/2023 13:00,10.31,26.94,21,0.28,Shift heavy operations to off-peak hours.,0.2
2/2/2023 14:00,5.62,29.79,118,0.23,Shift heavy operations to off-peak hours.,0.09
2/2/2023 15:00,11.36,17.69,138,0.13,No action needed,0
2/2/2023 16:00,6.33,25.32,11,0.3,Shift heavy operations to off-peak hours.,0.13
2/2/2023 17:00,11.66,19.77,87,0.12,No action needed,0
2/2/2023 18:00,8.75,27.07,129,0.26,Shift heavy operations to off-peak hours.,0.16
2/2/2023 19:00,24.05,31.76,93,0.3,Reduce HVAC cooling to save energy.; Shift heavy operations to off-peak hours.,0.87
2/2/2023 20:00,22.52,19.73,103,0.29,Shift heavy operations to off-peak hours.,0.46
2/2/2023 21:00,6.2,23.2,104,0.22,Shift heavy operations to off-peak hours.,0.1
2/2/2023 22:00,18.92,18.63,128,0.15,Investigate devices left on overnight.,0.11
2/2/2023 23:00,13.66,33.87,32,0.15,Investigate devices left on overnight.,0.08
2/3/2023 0:00,17.32,20.97,62,0.17,No action needed,0
2/3/2023 1:00,17.2,18.84,11,0.13,No action needed,0
2/3/2023 2:00,21.33,31.3,8,0.22,Reduce HVAC cooling to save energy.; Turn off unnecessary lights in unoccupied areas.; Shift heavy operations to off-peak hours.,0.7
2/3/2023 3:00,16.77,29.36,142,0.21,Shift heavy operations to off-peak hours.,0.25
2/3/2023 4:00,10.63,16.56,127,0.25,Shift heavy operations to off-peak hours.,0.19
2/3/2023 5:00,17.34,32.28,97,0.3,Shift heavy operations to off-peak hours.,0.36
2/3/2023 6:00,5.31,33.2,102,0.21,Shift heavy operations to off-peak hours.,0.08
2/3/2023 7:00,17.18,32.81,125,0.13,No action needed,0
2/3/2023 8:00,12.57,30.78,142,0.19,No action needed,0
2/3/2023 9:00,19.11,31.53,23,0.3,Shift heavy operations to off-peak hours.; Investigate devices left on overnight.,0.63
2/3/2023 10:00,15.2,21.81,100,0.25,Shift heavy operations to off-peak hours.,0.27
2/3/2023 11:00,10.34,23.23,67,0.23,Shift heavy operations to off-peak hours.,0.17
2/3/2023 12:00,23.4,28.4,123,0.15,Reduce HVAC cooling to save energy.,0.18
2/3/2023 13:00,21.33,20.2,59,0.2,Investigate devices left on overnight.,0.17
2/3/2023 14:00,17.49,28.06,21,0.21,Shift heavy operations to off-peak hours.,0.26
2/3/2023 15:00,20.39,30.68,125,0.18,Reduce HVAC cooling to save energy.,0.18
2/3/2023 16:00,7.65,25.31,43,0.23,Shift heavy operations to off-peak hours.,0.12
2/3/2023 17:00,7.92,34.46,80,0.23,Shift heavy operations to off-peak hours.,0.13
2/3/2023 18:00,13.67,33.47,6,0.26,Turn off unnecessary lights in unoccupied areas.; Shift heavy operations to off-peak hours.,0.36
2/3/2023 19:00,24.28,29.64,125,0.16,Reduce HVAC cooling to save energy.,0.19
2/3/2023 20:00,12.46,33.37,29,0.3,Shift heavy operations to off-peak hours.,0.26
2/3/2023 21:00,13.09,27.61,17,0.3,Shift heavy operations to off-peak hours.,0.27
2/3/2023 22:00,21.82,29.43,124,0.3,Reduce HVAC cooling to save energy.; Shift heavy operations to off-peak hours.,0.79
2/3/2023 23:00,13.85,23.72,93,0.18,No action needed,0
2/4/2023 0:00,15.25,16.88,111,0.28,Shift heavy operations to off-peak hours.,0.3
2/4/2023 1:00,23.41,23.4,42,0.24,Shift heavy operations to off-peak hours.,0.39
2/4/2023 2:00,17.34,31.8,14,0.11,No action needed,0
2/4/2023 3:00,20.68,16.61,115,0.25,Shift heavy operations to off-peak hours.,0.36
2/4/2023 4:00,10.94,34.8,67,0.21,Shift heavy operations to off-peak hours.,0.16
2/4/2023 5:00,14.99,25.8,70,0.17,Investigate devices left on overnight.,0.1
2/4/2023 6:00,10.05,19.22,104,0.14,No action needed,0
2/4/2023 7:00,21.24,25.2,80,0.22,Reduce HVAC cooling to save energy.; Shift heavy operations to off-peak hours.,0.56
2/4/2023 8:00,20.15,31.35,65,0.22,Reduce HVAC cooling to save energy.; Shift heavy operations to off-peak hours.,0.53
2/4/2023 9:00,7.58,15.46,115,0.26,Shift heavy operations to off-peak hours.,0.14
2/4/2023 10:00,15.17,23.79,12,0.14,No action needed,0
2/4/2023 11:00,11.83,21.6,33,0.16,No action needed,0
2/4/2023 12:00,14.63,18.1,150,0.16,No action needed,0
2/4/2023 13:00,16.35,29.17,26,0.12,No action needed,0
2/4/2023 14:00,6.76,16.9,102,0.18,No action needed,0
2/4/2023 15:00,22.96,27.74,140,0.15,Reduce HVAC cooling to save energy.,0.17
2/4/2023 16:00,16.55,15.86,143,0.17,No action needed,0
2/4/2023 17:00,10.39,16.83,41,0.29,Shift heavy operations to off-peak hours.,0.21
2/4/2023 18:00,19.15,16.85,37,0.14,No action needed,0
2/4/2023 19:00,7.2,19.25,150,0.19,No action needed,0
2/4/2023 20:00,11.42,16.2,60,0.21,Shift heavy operations to off-peak hours.,0.17
2/4/2023 21:00,16.78,18.2,49,0.14,No action needed,0
2/4/2023 22:00,15.69,15.62,55,0.23,Shift heavy operations to off-peak hours.,0.25
2/4/2023 23:00,12.81,19.19,128,0.1,No action needed,0
2/5/2023 0:00,13.06,23.51,7,0.11,Turn off unnecessary lights in unoccupied areas.; Investigate devices left on overnight.,0.1
2/5/2023 1:00,10.63,31.6,100,0.15,Investigate devices left on overnight.,0.06
2/5/2023 2:00,17.72,28.8,45,0.19,No action needed,0
2/5/2023 3:00,8.91,31.47,60,0.18,No action needed,0
2/5/2023 4:00,16.25,18.18,44,0.22,Shift heavy operations to off-peak hours.; Investigate devices left on overnight.,0.39
2/5/2023 5:00,8.35,15.36,75,0.26,Shift heavy operations to off-peak hours.,0.15
2/5/2023 6:00,18.57,17.97,63,0.25,Shift heavy operations to off-peak hours.,0.32
2/5/2023 7:00,13.52,33.27,119,0.29,Shift heavy operations to off-peak hours.; Investigate devices left on overnight.,0.43
2/5/2023 8:00,14.14,27.96,58,0.17,No action needed,0
2/5/2023 9:00,6.03,34.18,115,0.15,No action needed,0
2/5/2023 10:00,5.22,28.05,148,0.19,No action needed,0
2/5/2023 11:00,9.93,16.23,67,0.2,No action needed,0
2/5/2023 12:00,6.27,30.03,92,0.26,Shift heavy operations to off-peak hours.,0.11
2/5/2023 13:00,10.29,22.94,93,0.2,No action needed,0
2/5/2023 14:00,14.56,32.18,114,0.29,Shift heavy operations to off-peak hours.,0.3
2/5/2023 15:00,22.93,16.28,71,0.19,Investigate devices left on overnight.,0.17
2/5/2023 16:00,14.58,28.63,150,0.23,Shift heavy operations to off-peak hours.,0.23
2/5/2023 17:00,19.77,26.1,77,0.27,Shift heavy operations to off-peak hours.,0.37
2/5/2023 18:00,14.36,21.24,74,0.18,No action needed,0
2/5/2023 19:00,23.77,26.49,56,0.14,Reduce HVAC cooling to save energy.,0.17
2/5/2023 20:00,16.24,17.05,54,0.25,Shift heavy operations to off-peak hours.; Investigate devices left on overnight.,0.45
2/5/2023 21:00,19.76,31.89,136,0.25,Shift heavy operations to off-peak hours.; Investigate devices left on overnight.,0.54
2/5/2023 22:00,22,26.98,31,0.27,Reduce HVAC cooling to save energy.; Shift heavy operations to off-peak hours.,0.71
2/5/2023 23:00,11.31,22.48,6,0.21,Turn off unnecessary lights in unoccupied areas.; Shift heavy operations to off-peak hours.,0.24
2/6/2023 0:00,12.59,33.57,148,0.23,Shift heavy operations to off-peak hours.,0.2
2/6/2023 1:00,20.97,19.55,80,0.17,No action needed,0
2/6/2023 2:00,12.09,23.07,51,0.25,Shift heavy operations to off-peak hours.,0.21
2/6/2023 3:00,14.34,21.77,113,0.23,Shift heavy operations to off-peak hours.,0.23
2/6/2023 4:00,22.61,24.22,86,0.12,No action needed,0
2/6/2023 5:00,14.65,29.19,17,0.14,No action needed,0
2/6/2023 6:00,16.52,23.3,68,0.18,No action needed,0
2/6/2023 7:00,17.59,31.88,32,0.21,Shift heavy operations to off-peak hours.,0.26
2/6/2023 8:00,16.81,19.82,100,0.17,No action needed,0
2/6/2023 9:00,5.95,25.68,109,0.16,No action needed,0
2/6/2023 10:00,14.62,27.69,34,0.2,No action needed,0
2/6/2023 11:00,21.48,28.25,138,0.15,Reduce HVAC cooling to save energy.,0.16
2/6/2023 12:00,16.2,18.84,53,0.22,Shift heavy operations to off-peak hours.,0.25
2/6/2023 13:00,22.77,25.97,50,0.17,Reduce HVAC cooling to save energy.,0.19
2/6/2023 14:00,7.54,20.57,42,0.11,No action needed,0
2/6/2023 15:00,22.48,34.05,57,0.11,Reduce HVAC cooling to save energy.,0.12
2/6/2023 16:00,17.65,16.5,49,0.25,Shift heavy operations to off-peak hours.; Investigate devices left on overnight.,0.49
2/6/2023 17:00,19.45,18.3,115,0.24,Shift heavy operations to off-peak hours.,0.33
2/6/2023 18:00,9.65,24.95,69,0.21,Shift heavy operations to off-peak hours.,0.14
2/6/2023 19:00,5.24,21.99,10,0.16,No action needed,0
2/6/2023 20:00,23.26,17.82,148,0.23,Shift heavy operations to off-peak hours.,0.37
2/6/2023 21:00,10.05,23.8,25,0.28,Shift heavy operations to off-peak hours.,0.2
2/6/2023 22:00,6.55,20.75,88,0.11,No action needed,0
2/6/2023 23:00,8.93,24.27,129,0.1,No action needed,0
2/7/2023 0:00,7.75,33.02,49,0.27,Shift heavy operations to off-peak hours.,0.15
2/7/2023 1:00,17.37,31.36,88,0.18,Investigate devices left on overnight.,0.13
2/7/2023 2:00,24.64,21.46,12,0.26,Shift heavy operations to off-peak hours.,0.45
2/7/2023 3:00,21.08,22.35,87,0.29,Shift heavy operations to off-peak hours.,0.43
2/7/2023 4:00,22.13,17.93,31,0.19,No action needed,0
2/7/2023 5:00,12.37,27.38,59,0.23,Shift heavy operations to off-peak hours.; Investigate devices left on overnight.,0.31
2/7/2023 6:00,21.97,31.08,98,0.13,Reduce HVAC cooling to save energy.,0.14
2/7/2023 7:00,21.6,18.54,134,0.25,Shift heavy operations to off-peak hours.,0.38
2/7/2023 8:00,7.86,21.95,27,0.27,Shift heavy operations to off-peak hours.,0.15
2/7/2023 9:00,20.92,17.83,124,0.26,Shift heavy operations to off-peak hours.,0.38
2/7/2023 10:00,17.93,21.57,38,0.11,No action needed,0
2/7/2023 11:00,23.27,23.76,96,0.21,Shift heavy operations to off-peak hours.; Investigate devices left on overnight.,0.54
2/7/2023 12:00,20.51,17.59,131,0.2,Investigate devices left on overnight.,0.16
2/7/2023 13:00,14.08,26.02,64,0.21,Shift heavy operations to off-peak hours.,0.21
2/7/2023 14:00,13.11,29.38,133,0.12,No action needed,0
2/7/2023 15:00,14.08,18.57,87,0.11,No action needed,0
2/7/2023 16:00,20.32,34.14,150,0.16,Reduce HVAC cooling to save energy.; Investigate devices left on overnight.,0.29
2/7/2023 17:00,11.57,17.59,99,0.17,Investigate devices left on overnight.,0.08
2/7/2023 18:00,10.06,34.07,36,0.16,No action needed,0
2/7/2023 19:00,14.81,20.69,69,0.2,Investigate devices left on overnight.,0.12
2/7/2023 20:00,11.16,31.43,93,0.14,No action needed,0
2/7/2023 21:00,19.3,29.97,138,0.13,No action needed,0
2/7/2023 22:00,5.32,17.42,117,0.16,No action needed,0
2/7/2023 23:00,23.95,28.31,61,0.26,Reduce HVAC cooling to save energy.; Shift heavy operations to off-peak hours.,0.75
2/8/2023 0:00,9.38,18.51,34,0.28,Shift heavy operations to off-peak hours.,0.18
2/8/2023 1:00,10.71,31.44,45,0.18,No action needed,0
2/8/2023 2:00,5.05,21.86,134,0.23,Shift heavy operations to off-peak hours.,0.08
2/8/2023 3:00,23.63,24.46,129,0.24,Shift heavy operations to off-peak hours.,0.4
2/8/2023 4:00,14.8,21.21,39,0.1,No action needed,0
2/8/2023 5:00,9.1,22.22,145,0.18,No action needed,0
2/8/2023 6:00,20.26,32.15,75,0.29,Reduce HVAC cooling to save energy.; Shift heavy operations to off-peak hours.,0.71
2/8/2023 7:00,10.5,26.93,63,0.13,No action needed,0
2/8/2023 8:00,11.5,32.16,76,0.27,Shift heavy operations to off-peak hours.,0.22
2/8/2023 9:00,18.11,26.52,92,0.19,No action needed,0
2/8/2023 10:00,16.51,26.62,33,0.22,Shift heavy operations to off-peak hours.,0.25
2/8/2023 11:00,17.19,27.63,43,0.24,Shift heavy operations to off-peak hours.,0.29
2/8/2023 12:00,13.08,21.61,75,0.27,Shift heavy operations to off-peak hours.,0.25
2/8/2023 13:00,19.01,29.7,107,0.16,No action needed,0
2/8/2023 14:00,14,23.7,89,0.13,No action needed,0
2/8/2023 15:00,21.51,17.45,37,0.1,No action needed,0
2/8/2023 16:00,18.63,15.04,129,0.14,No action needed,0
2/8/2023 17:00,14.89,18.25,130,0.25,Shift heavy operations to off-peak hours.; Investigate devices left on overnight.,0.41
2/8/2023 18:00,21.64,22.07,116,0.19,No action needed,0
2/8/2023 19:00,15.99,15.32,99,0.1,No action needed,0
2/8/2023 20:00,6.27,17.6,32,0.13,No action needed,0
2/8/2023 21:00,14.03,21.58,29,0.29,Shift heavy operations to off-peak hours.,0.28
2/8/2023 22:00,15.54,22.52,95,0.11,Investigate devices left on overnight.,0.07
2/8/2023 23:00,7.14,17.65,116,0.23,Shift heavy operations to off-peak hours.,0.11
2/9/2023 0:00,8.32,29.76,30,0.16,No action needed,0
2/9/2023 1:00,16.29,16.79,86,0.1,No action needed,0
2/9/2023 2:00,19.54,24.94,23,0.25,Shift heavy operations to off-peak hours.,0.34
2/9/2023 3:00,21.04,17.9,49,0.22,Shift heavy operations to off-peak hours.,0.32
2/9/2023 4:00,10.57,18.33,94,0.19,No action needed,0
2/9/2023 5:00,13.92,21.29,21,0.16,No action needed,0
2/9/2023 6:00,22.91,19.32,85,0.11,No action needed,0
2/9/2023 7:00,20.3,21.62,52,0.3,Shift heavy operations to off-peak hours.,0.43
2/9/2023 8:00,6.21,17.32,147,0.2,No action needed,0
2/9/2023 9:00,21.39,17.1,67,0.16,No action needed,0
2/9/2023 10:00,10.22,33.76,16,0.18,No action needed,0
2/9/2023 11:00,20.21,29.7,120,0.19,Reduce HVAC cooling to save energy.,0.19
2/9/2023 12:00,13.91,34.56,50,0.13,No action needed,0
2/9/2023 13:00,19.64,33.82,107,0.12,No action needed,0
2/9/2023 14:00,11.69,22.8,124,0.16,Investigate devices left on overnight.,0.07
2/9/2023 15:00,14.49,22.52,83,0.11,No action needed,0
2/9/2023 16:00,13.82,21.13,9,0.11,Turn off unnecessary lights in unoccupied areas.,0.05
2/9/2023 17:00,8.87,24.64,6,0.18,Turn off unnecessary lights in unoccupied areas.,0.05
2/9/2023 18:00,24.67,21.46,146,0.16,No action needed,0
2/9/2023 19:00,10.56,18.44,105,0.28,Shift heavy operations to off-peak hours.,0.21
2/9/2023 20:00,5.33,33.33,143,0.16,No action needed,0
2/9/2023 21:00,5.58,32.48,136,0.2,No action needed,0
2/9/2023 22:00,21.23,19.41,25,0.3,Shift heavy operations to off-peak hours.; Investigate devices left on overnight.,0.7
2/9/2023 23:00,9.28,29.26,45,0.27,Shift heavy operations to off-peak hours.,0.18
2/10/2023 0:00,8.88,25.3,146,0.29,Shift heavy operations to off-peak hours.,0.18
2/10/2023 1:00,22.72,19.06,72,0.15,No action needed,0
2/10/2023 2:00,17.43,18.92,14,0.2,No action needed,0
2/10/2023 3:00,17.02,15.64,138,0.16,No action needed,0
2/10/2023 4:00,13.54,15,30,0.13,Investigate devices left on overnight.,0.07
2/10/2023 5:00,19.2,20.47,5,0.21,Turn off unnecessary lights in unoccupied areas.; Shift heavy operations to off-peak hours.,0.4
2/10/2023 6:00,19.81,17.48,147,0.27,Shift heavy operations to off-peak hours.,0.37
2/10/2023 7:00,23.31,18.28,96,0.17,Investigate devices left on overnight.,0.16
2/10/2023 8:00,20.12,22.24,75,0.24,Shift heavy operations to off-peak hours.,0.34
2/10/2023 9:00,16.52,21.29,24,0.12,No action needed,0
2/10/2023 10:00,22.22,29.56,91,0.21,Reduce HVAC cooling to save energy.; Shift heavy operations to off-peak hours.,0.56
2/10/2023 11:00,21.32,20.36,25,0.2,No action needed,0
2/10/2023 12:00,9.05,33.88,20,0.11,No action needed,0
2/10/2023 13:00,13.61,18.46,110,0.13,Investigate devices left on overnight.,0.07
2/10/2023 14:00,14.66,32.52,41,0.25,Shift heavy operations to off-peak hours.; Investigate devices left on overnight.,0.4
2/10/2023 15:00,23.28,17.4,18,0.19,Investigate devices left on overnight.,0.18
2/10/2023 16:00,11.87,31.27,121,0.2,No action needed,0
2/10/2023 17:00,22.74,15.31,92,0.21,Shift heavy operations to off-peak hours.,0.33
2/10/2023 18:00,13.3,26.3,148,0.18,No action needed,0
2/10/2023 19:00,19.73,22.85,32,0.19,No action needed,0
2/10/2023 20:00,11.83,24.41,85,0.26,Shift heavy operations to off-peak hours.,0.22
2/10/2023 21:00,21.93,21.65,27,0.24,Shift heavy operations to off-peak hours.,0.37
2/10/2023 22:00,15.54,24.29,67,0.15,No action needed,0
2/10/2023 23:00,22.75,32.07,13,0.23,Reduce HVAC cooling to save energy.; Shift heavy operations to off-peak hours.,0.63
2/11/2023 0:00,8,27.48,115,0.23,Shift heavy operations to off-peak hours.,0.13
2/11/2023 1:00,13.84,25.24,125,0.12,No action needed,0
2/11/2023 2:00,16.22,27.14,145,0.22,Shift heavy operations to off-peak hours.,0.25
2/11/2023 3:00,6.84,28.32,111,0.25,Shift heavy operations to off-peak hours.,0.12
2/11/2023 4:00,20.36,15.32,16,0.24,Shift heavy operations to off-peak hours.,0.34
2/11/2023 5:00,6.17,20.01,71,0.15,No action needed,0
2/11/2023 6:00,19.06,33.81,96,0.23,Shift heavy operations to off-peak hours.,0.31
2/11/2023 7:00,15.56,20.21,37,0.18,No action needed,0
2/11/2023 8:00,23.64,16.95,71,0.12,Investigate devices left on overnight.,0.11
2/11/2023 9:00,21.1,27.65,142,0.25,Reduce HVAC cooling to save energy.; Shift heavy operations to off-peak hours.; Investigate devices left on overnight.,0.84
2/11/2023 10:00,23.62,21.84,5,0.22,Turn off unnecessary lights in unoccupied areas.; Shift heavy operations to off-peak hours.,0.52
2/11/2023 11:00,22.57,23.84,55,0.15,No action needed,0
2/11/2023 12:00,12.02,26.28,105,0.28,Shift heavy operations to off-peak hours.,0.24
2/11/2023 13:00,9.44,34.86,84,0.2,No action needed,0
2/11/2023 14:00,22.88,30.19,78,0.2,Reduce HVAC cooling to save energy.,0.23
2/11/2023 15:00,16.17,19.69,64,0.14,No action needed,0
2/11/2023 16:00,7.55,28.57,92,0.25,Shift heavy operations to off-peak hours.,0.13
2/11/2023 17:00,21.94,30.63,136,0.17,Reduce HVAC cooling to save energy.; Investigate devices left on overnight.,0.34
2/11/2023 18:00,18.73,32.24,93,0.21,Shift heavy operations to off-peak hours.,0.28
2/11/2023 19:00,16.92,23.06,32,0.19,No action needed,0
2/11/2023 20:00,10.33,23.92,40,0.1,Investigate devices left on overnight.,0.04
2/11/2023 21:00,15.23,23.46,73,0.17,No action needed,0
2/11/2023 22:00,9.36,32.88,24,0.17,No action needed,0
2/11/2023 23:00,15.99,19.71,89,0.24,Shift heavy operations to off-peak hours.,0.27
2/12/2023 0:00,11.88,32.25,115,0.19,No action needed,0
2/12/2023 1:00,22.54,17.13,16,0.26,Shift heavy operations to off-peak hours.,0.41
2/12/2023 2:00,16.47,32.7,77,0.28,Shift heavy operations to off-peak hours.,0.32
2/12/2023 3:00,7.77,24.34,108,0.28,Shift heavy operations to off-peak hours.,0.15
2/12/2023 4:00,13.62,18.39,23,0.21,Shift heavy operations to off-peak hours.; Investigate devices left on overnight.,0.31
2/12/2023 5:00,6.93,33.43,30,0.11,No action needed,0
2/12/2023 6:00,13.83,30.97,103,0.24,Shift heavy operations to off-peak hours.; Investigate devices left on overnight.,0.37
2/12/2023 7:00,24.6,18.25,148,0.29,Shift heavy operations to off-peak hours.,0.5
2/12/2023 8:00,10.11,31.69,46,0.12,No action needed,0
2/12/2023 9:00,24.31,22.54,37,0.24,Shift heavy operations to off-peak hours.,0.41
2/12/2023 10:00,21.07,28.18,100,0.12,Reduce HVAC cooling to save energy.; Investigate devices left on overnight.,0.23
2/12/2023 11:00,11.38,33.78,14,0.18,No action needed,0
2/12/2023 12:00,11.09,21.86,95,0.17,Investigate devices left on overnight.,0.08
2/12/2023 13:00,14.36,30.28,32,0.11,No action needed,0
2/12/2023 14:00,14.02,16.11,87,0.16,No action needed,0
2/12/2023 15:00,11.39,16.63,78,0.16,No action needed,0
2/12/2023 16:00,10.79,21.42,70,0.12,Investigate devices left on overnight.,0.05
2/12/2023 17:00,10.89,21.3,70,0.17,No action needed,0
2/12/2023 18:00,15.1,19.78,53,0.13,No action needed,0
2/12/2023 19:00,12.95,15.14,71,0.19,No action needed,0
2/12/2023 20:00,21.67,17.46,137,0.12,No action needed,0
2/12/2023 21:00,5.74,28.85,149,0.27,Shift heavy operations to off-peak hours.,0.11
2/12/2023 22:00,10.6,20.94,89,0.24,Shift heavy operations to off-peak hours.,0.18
2/12/2023 23:00,24.72,19.52,104,0.22,Shift heavy operations to off-peak hours.,0.38
2/13/2023 0:00,16.27,32.31,110,0.25,Shift heavy operations to off-peak hours.,0.28
2/13/2023 1:00,7.68,17.32,115,0.15,No action needed,0
2/13/2023 2:00,8.23,16.46,109,0.21,Shift heavy operations to off-peak hours.,0.12
2/13/2023 3:00,16.41,22.28,137,0.26,Shift heavy operations to off-peak hours.,0.3
2/13/2023 4:00,14.34,20.57,149,0.24,Shift heavy operations to off-peak hours.,0.24
2/13/2023 5:00,16.88,20.04,111,0.29,Shift heavy operations to off-peak hours.,0.34
2/13/2023 6:00,16.1,26.41,17,0.27,Shift heavy operations to off-peak hours.,0.3
2/13/2023 7:00,17.13,30.05,5,0.16,Turn off unnecessary lights in unoccupied areas.,0.08
2/13/2023 8:00,17.92,34.92,76,0.25,Shift heavy operations to off-peak hours.; Investigate devices left on overnight.,0.49
2/13/2023 9:00,6.28,23,119,0.25,Shift heavy operations to off-peak hours.,0.11
2/13/2023 10:00,6.09,29.07,46,0.29,Shift heavy operations to off-peak hours.,0.12
2/13/2023 11:00,20.03,17.27,37,0.13,No action needed,0
2/13/2023 12:00,10.44,34.58,128,0.15,No action needed,0
2/13/2023 13:00,20.82,21.25,37,0.26,Shift heavy operations to off-peak hours.,0.38
2/13/2023 14:00,6.91,19.94,111,0.27,Shift heavy operations to off-peak hours.,0.13
2/13/2023 15:00,5.57,33.8,12,0.13,No action needed,0
2/13/2023 16:00,6.41,29.22,67,0.1,No action needed,0
2/13/2023 17:00,22.5,24.2,66,0.24,Shift heavy operations to off-peak hours.,0.38
2/13/2023 18:00,18.49,20.81,6,0.18,Turn off unnecessary lights in unoccupied areas.,0.1
2/13/2023 19:00,22.6,31.07,12,0.28,Reduce HVAC cooling to save energy.; Shift heavy operations to off-peak hours.,0.76
2/13/2023 20:00,8.08,34.58,107,0.14,No action needed,0
2/13/2023 21:00,18.58,32.65,26,0.18,No action needed,0
2/13/2023 22:00,8.27,24.68,59,0.14,No action needed,0
2/13/2023 23:00,15.26,29.33,86,0.26,Shift heavy operations to off-peak hours.; Investigate devices left on overnight.,0.44
2/14/2023 0:00,10.79,22.7,80,0.29,Shift heavy operations to off-peak hours.,0.22
2/14/2023 1:00,6.84,31.08,121,0.21,Shift heavy operations to off-peak hours.,0.1
2/14/2023 2:00,9.2,27.02,65,0.18,No action needed,0
2/14/2023 3:00,8.67,26.61,86,0.18,No action needed,0
2/14/2023 4:00,11.53,32.12,58,0.1,No action needed,0
2/14/2023 5:00,6.71,34.96,82,0.21,Shift heavy operations to off-peak hours.,0.1
2/14/2023 6:00,23.67,15.12,138,0.15,No action needed,0
2/14/2023 7:00,13.71,25.68,83,0.3,Shift heavy operations to off-peak hours.,0.29
2/14/2023 8:00,24.25,19.11,133,0.26,Shift heavy operations to off-peak hours.,0.44
2/14/2023 9:00,5.14,16.72,48,0.24,Shift heavy operations to off-peak hours.,0.09
2/14/2023 10:00,14.38,18.44,53,0.28,Shift heavy operations to off-peak hours.,0.28
2/14/2023 11:00,6.89,18.15,48,0.21,Shift heavy operations to off-peak hours.,0.1
2/14/2023 12:00,15.5,27.15,44,0.24,Shift heavy operations to off-peak hours.,0.26
2/14/2023 13:00,18.92,27.78,32,0.16,No action needed,0
2/14/2023 14:00,16.53,29.68,32,0.21,Shift heavy operations to off-peak hours.,0.24
2/14/2023 15:00,15.59,20.27,99,0.26,Shift heavy operations to off-peak hours.,0.28
2/14/2023 16:00,12.76,16.83,136,0.23,Shift heavy operations to off-peak hours.; Investigate devices left on overnight.,0.32
2/14/2023 17:00,20.67,24.64,20,0.18,No action needed,0
2/14/2023 18:00,7.07,29.91,72,0.14,No action needed,0
2/14/2023 19:00,20.41,17.1,10,0.29,Shift heavy operations to off-peak hours.; Investigate devices left on overnight.,0.65
2/14/2023 20:00,15.18,15.3,102,0.16,Investigate devices left on overnight.,0.1
2/14/2023 21:00,5.92,21.29,117,0.13,No action needed,0
2/14/2023 22:00,18.93,15.05,7,0.25,Turn off unnecessary lights in unoccupied areas.; Shift heavy operations to off-peak hours.,0.47
2/14/2023 23:00,17.11,32.58,28,0.22,Shift heavy operations to off-peak hours.; Investigate devices left on overnight.,0.41
2/15/2023 0:00,15.73,23.19,106,0.25,Shift heavy operations to off-peak hours.,0.28
2/15/2023 1:00,20.13,19.61,79,0.22,Shift heavy operations to off-peak hours.,0.31
2/15/2023 2:00,7.13,16.95,62,0.13,No action needed,0
2/15/2023 3:00,15.91,34.44,41,0.28,Shift heavy operations to off-peak hours.,0.31
2/15/2023 4:00,7.46,34.62,92,0.25,Shift heavy operations to off-peak hours.,0.13
2/15/2023 5:00,24.83,25.25,9,0.15,Reduce HVAC cooling to save energy.; Turn off unnecessary lights in unoccupied areas.,0.3
2/15/2023 6:00,20.72,32.42,101,0.27,Reduce HVAC cooling to save energy.; Shift heavy operations to off-peak hours.,0.67
2/15/2023 7:00,20.89,33.99,93,0.17,Reduce HVAC cooling to save energy.,0.18
2/15/2023 8:00,6.35,21.08,60,0.15,No action needed,0
2/15/2023 9:00,9.61,33.55,67,0.24,Shift heavy operations to off-peak hours.,0.16
2/15/2023 10:00,12.99,31.21,122,0.25,Shift heavy operations to off-peak hours.,0.23
2/15/2023 11:00,18.63,16.2,110,0.29,Shift heavy operations to off-peak hours.,0.38
2/15/2023 12:00,23.03,22.01,81,0.18,No action needed,0
2/15/2023 13:00,23.87,25.98,14,0.14,Reduce HVAC cooling to save energy.; Investigate devices left on overnight.,0.3
2/15/2023 14:00,23.85,33.71,143,0.17,Reduce HVAC cooling to save energy.; Investigate devices left on overnight.,0.36
2/15/2023 15:00,18.5,15.1,65,0.16,No action needed,0
2/15/2023 16:00,13.49,18.28,92,0.11,No action needed,0
2/15/2023 17:00,16.6,34.03,108,0.16,Investigate devices left on overnight.,0.11
2/15/2023 18:00,5.25,25.43,54,0.12,No action needed,0
2/15/2023 19:00,8.01,15.48,120,0.17,No action needed,0
2/15/2023 20:00,18.6,21.82,81,0.21,Shift heavy operations to off-peak hours.; Investigate devices left on overnight.,0.43
2/15/2023 21:00,16.05,30.58,106,0.1,No action needed,0
2/15/2023 22:00,18.05,29.64,76,0.27,Shift heavy operations to off-peak hours.,0.34
2/15/2023 23:00,17.67,32.49,101,0.16,No action needed,0
2/16/2023 0:00,6.04,33.91,73,0.27,Shift heavy operations to off-peak hours.,0.11
2/16/2023 1:00,6.89,22.21,74,0.24,Shift heavy operations to off-peak hours.,0.12
2/16/2023 2:00,23.58,26.86,68,0.21,Reduce HVAC cooling to save energy.; Shift heavy operations to off-peak hours.; Investigate devices left on overnight.,0.79
2/16/2023 3:00,12.89,22.26,150,0.18,No action needed,0
2/16/2023 4:00,21.15,19.22,141,0.24,Shift heavy operations to off-peak hours.,0.36
2/16/2023 5:00,19.39,29.89,150,0.11,No action needed,0
2/16/2023 6:00,8.17,31.09,149,0.15,No action needed,0
2/16/2023 7:00,17.8,19.17,143,0.1,Investigate devices left on overnight.,0.07
2/16/2023 8:00,19.46,15.65,133,0.15,No action needed,0
2/16/2023 9:00,11.59,33.5,149,0.17,No action needed,0
2/16/2023 10:00,7.53,31.25,84,0.1,No action needed,0
2/16/2023 11:00,13.59,16.86,97,0.26,Shift heavy operations to off-peak hours.,0.25
2/16/2023 12:00,22.77,26.47,95,0.12,Reduce HVAC cooling to save energy.; Investigate devices left on overnight.,0.25
2/16/2023 13:00,16.45,25.39,62,0.18,No action needed,0
2/16/2023 14:00,23.98,30.82,94,0.26,Reduce HVAC cooling to save energy.; Shift heavy operations to off-peak hours.,0.75
2/16/2023 15:00,16.06,25.36,62,0.27,Shift heavy operations to off-peak hours.,0.3
2/16/2023 16:00,19.38,27.04,141,0.23,Shift heavy operations to off-peak hours.,0.31
2/16/2023 17:00,9.91,15.93,89,0.24,Shift heavy operations to off-peak hours.,0.17
2/16/2023 18:00,12.05,28.31,117,0.16,No action needed,0
2/16/2023 19:00,23.41,21.02,91,0.13,No action needed,0
2/16/2023 20:00,17.41,18.54,60,0.14,No action needed,0
2/16/2023 21:00,5,18.31,21,0.12,No action needed,0
2/16/2023 22:00,19.22,29.67,18,0.23,Shift heavy operations to off-peak hours.,0.31
2/16/2023 23:00,10.78,32.57,44,0.2,No action needed,0
2/17/2023 0:00,11.19,34.54,97,0.17,Investigate devices left on overnight.,0.08
2/17/2023 1:00,22.04,26.46,42,0.23,Reduce HVAC cooling to save energy.; Shift heavy operations to off-peak hours.,0.61
2/17/2023 2:00,8.41,15.81,22,0.1,No action needed,0
2/17/2023 3:00,9.42,19.85,25,0.24,Shift heavy operations to off-peak hours.,0.16
2/17/2023 4:00,15.32,28.27,44,0.26,Shift heavy operations to off-peak hours.,0.28
2/17/2023 5:00,21.85,34.46,102,0.15,Reduce HVAC cooling to save energy.,0.16
2/17/2023 6:00,21.12,25.23,34,0.16,Reduce HVAC cooling to save energy.,0.17
2/17/2023 7:00,13.19,31.15,101,0.24,Shift heavy operations to off-peak hours.,0.22
2/17/2023 8:00,17.41,31.58,61,0.22,Shift heavy operations to off-peak hours.,0.27
2/17/2023 9:00,13.05,17.39,134,0.21,Shift heavy operations to off-peak hours.,0.19
2/17/2023 10:00,20.78,17.8,150,0.29,Shift heavy operations to off-peak hours.; Investigate devices left on overnight.,0.66
2/17/2023 11:00,19.04,18.86,9,0.1,Turn off unnecessary lights in unoccupied areas.; Investigate devices left on overnight.,0.13
2/17/2023 12:00,7.05,16.38,109,0.2,No action needed,0
2/17/2023 13:00,14.11,23.21,106,0.29,Shift heavy operations to off-peak hours.; Investigate devices left on overnight.,0.45
2/17/2023 14:00,12.53,28.05,8,0.3,Turn off unnecessary lights in unoccupied areas.; Shift heavy operations to off-peak hours.,0.38
2/17/2023 15:00,21.06,23.02,123,0.21,Shift heavy operations to off-peak hours.; Investigate devices left on overnight.,0.49
2/17/2023 16:00,20.52,30.06,132,0.14,Reduce HVAC cooling to save energy.; Investigate devices left on overnight.,0.26
2/17/2023 17:00,14.3,29.97,74,0.27,Shift heavy operations to off-peak hours.,0.27
2/17/2023 18:00,16.58,30.7,72,0.24,Shift heavy operations to off-peak hours.; Investigate devices left on overnight.,0.44
2/17/2023 19:00,8.83,21.6,17,0.24,Shift heavy operations to off-peak hours.,0.15
2/17/2023 20:00,18.51,24.41,73,0.25,Shift heavy operations to off-peak hours.; Investigate devices left on overnight.,0.51
2/17/2023 21:00,12.64,27.14,108,0.27,Shift heavy operations to off-peak hours.,0.24
2/17/2023 22:00,5.26,29.43,28,0.11,No action needed,0
2/17/2023 23:00,13.09,29.05,26,0.14,No action needed,0
2/18/2023 0:00,9.31,29.38,114,0.27,Shift heavy operations to off-peak hours.,0.18
2/18/2023 1:00,13.17,18.65,36,0.15,No action needed,0
2/18/2023 2:00,23.94,32.48,10,0.29,Reduce HVAC cooling to save energy.; Shift heavy operations to off-peak hours.,0.83
2/18/2023 3:00,10.83,23.8,33,0.23,Shift heavy operations to off-peak hours.,0.17
2/18/2023 4:00,17.69,29.51,81,0.2,No action needed,0
2/18/2023 5:00,9.48,25.07,19,0.23,Shift heavy operations to off-peak hours.,0.15
2/18/2023 6:00,15.86,29.46,121,0.14,No action needed,0
2/18/2023 7:00,20.93,19.58,53,0.24,Shift heavy operations to off-peak hours.,0.35
2/18/2023 8:00,23.62,32.61,127,0.12,Reduce HVAC cooling to save energy.; Investigate devices left on overnight.,0.26
2/18/2023 9:00,17.31,19.05,148,0.14,No action needed,0
2/18/2023 10:00,6.49,22.03,84,0.25,Shift heavy operations to off-peak hours.,0.11
2/18/2023 11:00,6.21,17.04,98,0.21,Shift heavy operations to off-peak hours.,0.09
2/18/2023 12:00,14.25,27.79,76,0.27,Shift heavy operations to off-peak hours.,0.27
2/18/2023 13:00,5.12,31.34,150,0.18,No action needed,0
2/18/2023 14:00,21.15,30.69,47,0.13,Reduce HVAC cooling to save energy.,0.14
2/18/2023 15:00,13.6,30.3,129,0.15,No action needed,0
2/18/2023 16:00,9.49,27.69,59,0.29,Shift heavy operations to off-peak hours.,0.19
2/18/2023 17:00,17.6,30.88,148,0.24,Shift heavy operations to off-peak hours.,0.3
2/18/2023 18:00,9.49,24.87,119,0.14,No action needed,0
2/18/2023 19:00,6.91,17.9,113,0.2,No action needed,0
2/18/2023 20:00,12.13,16.09,82,0.17,No action needed,0
2/18/2023 21:00,8.07,16.95,133,0.19,No action needed,0
2/18/2023 22:00,7.88,30.2,34,0.23,Shift heavy operations to off-peak hours.,0.13
2/18/2023 23:00,15.61,18.59,127,0.22,Shift heavy operations to off-peak hours.,0.24
2/19/2023 0:00,20.31,30.42,142,0.19,Reduce HVAC cooling to save energy.,0.19
2/19/2023 1:00,19.03,32.41,84,0.14,No action needed,0
2/19/2023 2:00,12.86,15.8,32,0.18,Investigate devices left on overnight.,0.09
2/19/2023 3:00,18.82,17.35,8,0.3,Turn off unnecessary lights in unoccupied areas.; Shift heavy operations to off-peak hours.; Investigate devices left on overnight.,0.79
2/19/2023 4:00,24.89,32.97,7,0.24,Reduce HVAC cooling to save energy.; Turn off unnecessary lights in unoccupied areas.; Shift heavy operations to off-peak hours.,0.9
2/19/2023 5:00,11.84,27.3,28,0.12,No action needed,0
2/19/2023 6:00,14.46,30.7,68,0.26,Shift heavy operations to off-peak hours.,0.26
2/19/2023 7:00,21.28,29.14,130,0.13,Reduce HVAC cooling to save energy.,0.14
2/19/2023 8:00,12.65,33.41,61,0.22,Shift heavy operations to off-peak hours.,0.19
2/19/2023 9:00,5.29,27.76,56,0.18,No action needed,0
2/19/2023 10:00,6.16,28.47,116,0.27,Shift heavy operations to off-peak hours.,0.12
2/19/2023 11:00,17.52,24.61,35,0.27,Shift heavy operations to off-peak hours.,0.33
2/19/2023 12:00,10.28,25.02,11,0.18,No action needed,0
2/19/2023 13:00,5.35,25.88,76,0.15,No action needed,0
2/19/2023 14:00,15.55,18.67,43,0.19,No action needed,0
2/19/2023 15:00,10.96,20.55,62,0.21,Shift heavy operations to off-peak hours.,0.16
2/19/2023 16:00,20.51,31.15,37,0.1,Reduce HVAC cooling to save energy.,0.1
2/19/2023 17:00,22.84,15.44,114,0.23,Shift heavy operations to off-peak hours.; Investigate devices left on overnight.,0.58
2/19/2023 18:00,14.1,32.62,79,0.14,No action needed,0
2/19/2023 19:00,14.05,18.7,81,0.25,Shift heavy operations to off-peak hours.,0.25
2/19/2023 20:00,7.65,19.77,68,0.24,Shift heavy operations to off-peak hours.,0.13
2/19/2023 21:00,7.11,17.43,16,0.17,No action needed,0
2/19/2023 22:00,15.36,32.85,39,0.24,Shift heavy operations to off-peak hours.,0.26
2/19/2023 23:00,16.3,16.57,121,0.12,Investigate devices left on overnight.,0.08
2/20/2023 0:00,8.78,31.96,40,0.18,No action needed,0
2/20/2023 1:00,12,29.58,62,0.13,No action needed,0
2/20/2023 2:00,5.57,30.13,121,0.17,No action needed,0
2/20/2023 3:00,10.09,20.29,114,0.12,Investigate devices left on overnight.,0.05
2/20/2023 4:00,18.3,29.83,16,0.27,Shift heavy operations to off-peak hours.,0.35
2/20/2023 5:00,17.49,25.26,89,0.26,Shift heavy operations to off-peak hours.,0.32
2/20/2023 6:00,15.42,33.37,47,0.13,No action needed,0
2/20/2023 7:00,11.58,32.53,32,0.2,No action needed,0
2/20/2023 8:00,9.01,28.59,22,0.14,No action needed,0
2/20/2023 9:00,6.65,23.29,41,0.14,No action needed,0
2/20/2023 10:00,21.42,24.69,103,0.21,Shift heavy operations to off-peak hours.,0.31
2/20/2023 11:00,23.29,15.84,104,0.25,Shift heavy operations to off-peak hours.,0.41
2/20/2023 12:00,19.31,18.83,20,0.14,No action needed,0
2/20/2023 13:00,18.97,34.21,59,0.2,No action needed,0
2/20/2023 14:00,22.16,23.3,53,0.28,Shift heavy operations to off-peak hours.,0.43
2/20/2023 15:00,14.04,22.07,50,0.3,Shift heavy operations to off-peak hours.,0.29
2/20/2023 16:00,22.28,23.04,142,0.14,No action needed,0
2/20/2023 17:00,23.99,22.69,64,0.15,No action needed,0
2/20/2023 18:00,5.62,15.85,80,0.2,No action needed,0
2/20/2023 19:00,10.75,24.86,140,0.1,No action needed,0
2/20/2023 20:00,8.47,20.35,96,0.14,No action needed,0
2/20/2023 21:00,15.02,16.2,68,0.12,Investigate devices left on overnight.,0.07
2/20/2023 22:00,6.66,28.78,146,0.18,No action needed,0
2/20/2023 23:00,20.31,21.34,138,0.12,No action needed,0
2/21/2023 0:00,17.15,29.94,83,0.14,No action needed,0
2/21/2023 1:00,5.27,23.43,150,0.29,Shift heavy operations to off-peak hours.,0.11
2/21/2023 2:00,17.65,22.34,11,0.17,No action needed,0
2/21/2023 3:00,21.26,25.01,60,0.19,Reduce HVAC cooling to save energy.; Investigate devices left on overnight.,0.36
2/21/2023 4:00,20.4,23.56,53,0.19,No action needed,0
2/21/2023 5:00,10.48,16.15,7,0.12,Turn off unnecessary lights in unoccupied areas.,0.04
2/21/2023 6:00,13.96,29.43,33,0.13,No action needed,0
2/21/2023 7:00,17.51,31.99,5,0.28,Turn off unnecessary lights in unoccupied areas.; Shift heavy operations to off-peak hours.,0.49
2/21/2023 8:00,14.63,33.96,7,0.29,Turn off unnecessary lights in unoccupied areas.; Shift heavy operations to off-peak hours.,0.42
2/21/2023 9:00,19.14,25.86,8,0.22,Turn off unnecessary lights in unoccupied areas.; Shift heavy operations to off-peak hours.,0.42
2/21/2023 10:00,20.31,26.06,51,0.22,Reduce HVAC cooling to save energy.; Shift heavy operations to off-peak hours.,0.54
2/21/2023 11:00,24.57,33.97,137,0.14,Reduce HVAC cooling to save energy.,0.17
2/21/2023 12:00,8.52,18.28,116,0.17,No action needed,0
2/21/2023 13:00,15.59,24.71,146,0.24,Shift heavy operations to off-peak hours.,0.26
2/21/2023 14:00,14.05,22.69,121,0.18,No action needed,0
2/21/2023 15:00,8.5,26.49,6,0.12,Turn off unnecessary lights in unoccupied areas.,0.03
2/21/2023 16:00,24.96,19.58,101,0.22,Shift heavy operations to off-peak hours.,0.38
2/21/2023 17:00,16.81,16.96,104,0.14,No action needed,0
2/21/2023 18:00,11.42,27.62,99,0.19,No action needed,0
2/21/2023 19:00,12.09,27.08,42,0.18,No action needed,0
2/21/2023 20:00,20.9,27.08,91,0.27,Reduce HVAC cooling to save energy.; Shift heavy operations to off-peak hours.,0.68
2/21/2023 21:00,13.25,18.73,75,0.11,Investigate devices left on overnight.,0.06
2/21/2023 22:00,24.09,28.69,5,0.18,Reduce HVAC cooling to save energy.; Turn off unnecessary lights in unoccupied areas.,0.35
2/21/2023 23:00,15.9,33.32,118,0.21,Shift heavy operations to off-peak hours.,0.23
2/22/2023 0:00,21.04,28.12,89,0.18,Reduce HVAC cooling to save energy.,0.19
2/22/2023 1:00,11.67,33.2,133,0.1,No action needed,0
2/22/2023 2:00,17.07,15.08,117,0.14,No action needed,0
2/22/2023 3:00,22.38,25.25,97,0.21,Reduce HVAC cooling to save energy.; Shift heavy operations to off-peak hours.; Investigate devices left on overnight.,0.75
2/22/2023 4:00,7.04,28.14,11,0.24,Shift heavy operations to off-peak hours.,0.12
2/22/2023 5:00,7.37,24.09,142,0.24,Shift heavy operations to off-peak hours.,0.12
2/22/2023 6:00,6.83,17.31,93,0.27,Shift heavy operations to off-peak hours.,0.13
2/22/2023 7:00,6.8,15.4,13,0.26,Shift heavy operations to off-peak hours.,0.12
2/22/2023 8:00,14.49,19.88,90,0.12,Investigate devices left on overnight.,0.07
2/22/2023 9:00,18.3,33.96,119,0.26,Shift heavy operations to off-peak hours.,0.33
2/22/2023 10:00,15.12,21.26,133,0.22,Shift heavy operations to off-peak hours.,0.23
2/22/2023 11:00,10.76,25.37,63,0.17,No action needed,0
2/22/2023 12:00,7.16,27.53,50,0.17,No action needed,0
2/22/2023 13:00,16.36,27.52,23,0.19,No action needed,0
2/22/2023 14:00,21.71,22.15,103,0.13,No action needed,0
2/22/2023 15:00,20.19,27.93,81,0.2,Reduce HVAC cooling to save energy.; Investigate devices left on overnight.,0.36
2/22/2023 16:00,6.93,31.13,80,0.21,Shift heavy operations to off-peak hours.,0.1
2/22/2023 17:00,23.22,21.69,135,0.19,No action needed,0
2/22/2023 18:00,10.75,18.15,7,0.24,Turn off unnecessary lights in unoccupied areas.; Shift heavy operations to off-peak hours.,0.26
2/22/2023 19:00,10.44,33.8,13,0.23,Shift heavy operations to off-peak hours.,0.17
2/22/2023 20:00,12.2,32.03,88,0.18,No action needed,0
2/22/2023 21:00,17.21,15.95,13,0.21,Shift heavy operations to off-peak hours.,0.25
2/22/2023 22:00,11.45,34.47,8,0.2,Turn off unnecessary lights in unoccupied areas.,0.07
2/22/2023 23:00,23.3,19.16,36,0.25,Shift heavy operations to off-peak hours.; Investigate devices left on overnight.,0.64
2/23/2023 0:00,7.73,34.08,129,0.16,No action needed,0
2/23/2023 1:00,16.66,20.59,90,0.15,No action needed,0
2/23/2023 2:00,19.08,31.73,69,0.18,No action needed,0
2/23/2023 3:00,20.52,20.56,50,0.25,Shift heavy operations to off-peak hours.,0.36
2/23/2023 4:00,16.82,15.29,35,0.23,Shift heavy operations to off-peak hours.,0.27
2/23/2023 5:00,13.79,21.97,108,0.29,Shift heavy operations to off-peak hours.,0.28
2/23/2023 6:00,5,27.07,46,0.25,Shift heavy operations to off-peak hours.,0.09
2/23/2023 7:00,24.66,20.77,137,0.18,No action needed,0
2/23/2023 8:00,24.21,19.54,48,0.19,No action needed,0
2/23/2023 9:00,13.45,21.12,16,0.13,No action needed,0
2/23/2023 10:00,22.77,27.4,50,0.28,Reduce HVAC cooling to save energy.; Shift heavy operations to off-peak hours.; Investigate devices left on overnight.,1.02
2/23/2023 11:00,8.77,32.03,71,0.22,Shift heavy operations to off-peak hours.,0.14
2/23/2023 12:00,20.73,19.79,129,0.21,Shift heavy operations to off-peak hours.; Investigate devices left on overnight.,0.48
2/23/2023 13:00,20.05,16.46,66,0.17,No action needed,0
2/23/2023 14:00,17.99,33.2,114,0.29,Shift heavy operations to off-peak hours.,0.37
2/23/2023 15:00,13.95,30.64,72,0.2,No action needed,0
2/23/2023 16:00,9.11,33.91,50,0.22,Shift heavy operations to off-peak hours.,0.14
2/23/2023 17:00,16.67,33.26,28,0.23,Shift heavy operations to off-peak hours.,0.27
2/23/2023 18:00,14.43,22.16,114,0.21,Shift heavy operations to off-peak hours.,0.21
2/23/2023 19:00,8.84,21.54,58,0.14,No action needed,0
2/23/2023 20:00,18.43,34.75,146,0.25,Shift heavy operations to off-peak hours.,0.32
2/23/2023 21:00,23.06,21.44,94,0.24,Shift heavy operations to off-peak hours.,0.39
2/23/2023 22:00,16.33,24.95,121,0.28,Shift heavy operations to off-peak hours.,0.32
2/23/2023 23:00,14.51,34.93,81,0.1,No action needed,0
2/24/2023 0:00,17.14,19.31,119,0.13,No action needed,0
2/24/2023 1:00,17.49,27.89,9,0.17,Turn off unnecessary lights in unoccupied areas.,0.09
2/24/2023 2:00,22.92,30.38,98,0.28,Reduce HVAC cooling to save energy.; Shift heavy operations to off-peak hours.,0.77
2/24/2023 3:00,6.09,17.59,91,0.2,No action needed,0
2/24/2023 4:00,7.45,33.34,101,0.27,Shift heavy operations to off-peak hours.,0.14
2/24/2023 5:00,10.04,15.9,98,0.14,No action needed,0
2/24/2023 6:00,14.88,18.46,55,0.11,No action needed,0
2/24/2023 7:00,13.07,24.18,6,0.3,Turn off unnecessary lights in unoccupied areas.; Shift heavy operations to off-peak hours.,0.39
2/24/2023 8:00,14.91,22.22,144,0.19,No action needed,0
2/24/2023 9:00,11.03,34.68,114,0.28,Shift heavy operations to off-peak hours.; Investigate devices left on overnight.,0.34
2/24/2023 10:00,15.29,28.86,40,0.22,Shift heavy operations to off-peak hours.,0.24
2/24/2023 11:00,12.97,22.42,78,0.17,Investigate devices left on overnight.,0.09
2/24/2023 12:00,18.44,15.95,136,0.17,Investigate devices left on overnight.,0.13
2/24/2023 13:00,9.82,22.17,31,0.2,No action needed,0
2/24/2023 14:00,14.95,29.58,118,0.19,No action needed,0
2/24/2023 15:00,10.26,17.69,95,0.18,No action needed,0
2/24/2023 16:00,24.55,22,138,0.14,No action needed,0
2/24/2023 17:00,22.83,33.44,103,0.24,Reduce HVAC cooling to save energy.; Shift heavy operations to off-peak hours.; Investigate devices left on overnight.,0.88
2/24/2023 18:00,19.59,32,67,0.3,Shift heavy operations to off-peak hours.; Investigate devices left on overnight.,0.65
2/24/2023 19:00,5.99,16.92,32,0.13,No action needed,0
2/24/2023 20:00,10.63,22.62,124,0.12,No action needed,0
2/24/2023 21:00,24.91,25.19,24,0.21,Reduce HVAC cooling to save energy.; Shift heavy operations to off-peak hours.; Investigate devices left on overnight.,0.84
2/24/2023 22:00,9.4,29.74,119,0.23,Shift heavy operations to off-peak hours.,0.15
2/24/2023 23:00,16.27,17.99,97,0.24,Shift heavy operations to off-peak hours.; Investigate devices left on overnight.,0.43
2/25/2023 0:00,21.32,15.69,19,0.18,No action needed,0
2/25/2023 1:00,24.96,23.52,122,0.13,No action needed,0
2/25/2023 2:00,14.04,15.83,123,0.21,Shift heavy operations to off-peak hours.,0.21
2/25/2023 3:00,12.04,15.75,8,0.16,Turn off unnecessary lights in unoccupied areas.,0.06
2/25/2023 4:00,24.2,18.11,15,0.29,Shift heavy operations to off-peak hours.,0.49
2/25/2023 5:00,13.82,32.94,50,0.24,Shift heavy operations to off-peak hours.,0.23
2/25/2023 6:00,8.43,30.4,127,0.2,No action needed,0
2/25/2023 7:00,11.04,17.37,59,0.26,Shift heavy operations to off-peak hours.; Investigate devices left on overnight.,0.32
2/25/2023 8:00,11.09,22.19,47,0.29,Shift heavy operations to off-peak hours.,0.23
2/25/2023 9:00,19.57,16.11,101,0.1,No action needed,0
2/25/2023 10:00,17.12,33.16,126,0.24,Shift heavy operations to off-peak hours.,0.29
2/25/2023 11:00,23.5,25.53,66,0.17,Reduce HVAC cooling to save energy.; Investigate devices left on overnight.,0.36
2/25/2023 12:00,14.98,32.42,97,0.2,No action needed,0
2/25/2023 13:00,17.39,34.86,73,0.23,Shift heavy operations to off-peak hours.,0.28
2/25/2023 14:00,19.31,19.73,44,0.11,No action needed,0
2/25/2023 15:00,23.66,22.41,79,0.29,Shift heavy operations to off-peak hours.,0.48
2/25/2023 16:00,10.52,28.13,103,0.27,Shift heavy operations to off-peak hours.,0.2
2/25/2023 17:00,19.4,23.53,62,0.25,Shift heavy operations to off-peak hours.; Investigate devices left on overnight.,0.53
2/25/2023 18:00,19.6,33.33,19,0.29,Shift heavy operations to off-peak hours.,0.4
2/25/2023 19:00,16.35,23.29,42,0.14,No action needed,0
2/25/2023 20:00,21.51,16.02,26,0.27,Shift heavy operations to off-peak hours.,0.41
2/25/2023 21:00,19,32.16,59,0.26,Shift heavy operations to off-peak hours.; Investigate devices left on overnight.,0.54
2/25/2023 22:00,8.08,22.44,126,0.18,No action needed,0
2/25/2023 23:00,23.88,28.64,63,0.16,Reduce HVAC cooling to save energy.,0.19
2/26/2023 0:00,23.69,31.8,25,0.25,Reduce HVAC cooling to save energy.; Shift heavy operations to off-peak hours.; Investigate devices left on overnight.,0.95
2/26/2023 1:00,6.15,19.36,133,0.2,No action needed,0
2/26/2023 2:00,5.97,18.85,149,0.24,Shift heavy operations to off-peak hours.,0.1
2/26/2023 3:00,9.58,15.9,75,0.17,No action needed,0
2/26/2023 4:00,9.97,25.81,14,0.18,No action needed,0
2/26/2023 5:00,14.61,21.04,145,0.28,Shift heavy operations to off-peak hours.; Investigate devices left on overnight.,0.45
2/26/2023 6:00,8.42,22.97,103,0.16,No action needed,0
2/26/2023 7:00,17.17,30.08,49,0.11,No action needed,0
2/26/2023 8:00,15.95,31.79,45,0.1,Investigate devices left on overnight.,0.06
2/26/2023 9:00,5.27,34.81,146,0.22,Shift heavy operations to off-peak hours.,0.08
2/26/2023 10:00,5.25,23.83,110,0.2,No action needed,0
2/26/2023 11:00,16.04,30.61,94,0.28,Shift heavy operations to off-peak hours.,0.31
2/26/2023 12:00,10.16,16.04,65,0.2,No action needed,0
2/26/2023 13:00,11.47,18.08,87,0.12,No action needed,0
2/26/2023 14:00,10.97,34.65,62,0.22,Shift heavy operations to off-peak hours.; Investigate devices left on overnight.,0.27
2/26/2023 15:00,12.47,34.45,41,0.21,Shift heavy operations to off-peak hours.; Investigate devices left on overnight.,0.29
2/26/2023 16:00,9.69,15.38,148,0.21,Shift heavy operations to off-peak hours.,0.14
2/26/2023 17:00,11.57,24.62,107,0.15,No action needed,0
2/26/2023 18:00,12.15,33.75,35,0.21,Shift heavy operations to off-peak hours.; Investigate devices left on overnight.,0.28
2/26/2023 19:00,5.25,26.61,76,0.16,No action needed,0
2/26/2023 20:00,22.18,18.54,33,0.18,No action needed,0
2/26/2023 21:00,8.42,18,146,0.13,No action needed,0
2/26/2023 22:00,10.34,25.9,23,0.11,No action needed,0
2/26/2023 23:00,7.1,32.04,106,0.27,Shift heavy operations to off-peak hours.,0.13
2/27/2023 0:00,21.92,24.18,94,0.27,Shift heavy operations to off-peak hours.,0.41
2/27/2023 1:00,6.3,25.7,22,0.15,No action needed,0
2/27/2023 2:00,14.72,16.66,44,0.12,No action needed,0
2/27/2023 3:00,22.86,21.21,54,0.21,Shift heavy operations to off-peak hours.,0.34
2/27/2023 4:00,7.96,15.87,87,0.15,No action needed,0
2/27/2023 5:00,22.23,18.63,18,0.24,Shift heavy operations to off-peak hours.,0.37
2/27/2023 6:00,17.74,24.45,133,0.27,Shift heavy operations to off-peak hours.; Investigate devices left on overnight.,0.53
2/27/2023 7:00,14.52,15.64,11,0.25,Shift heavy operations to off-peak hours.,0.25
2/27/2023 8:00,17.74,18.48,129,0.26,Shift heavy operations to off-peak hours.; Investigate devices left on overnight.,0.51
2/27/2023 9:00,19.92,16.02,147,0.16,No action needed,0
2/27/2023 10:00,16.72,23.35,137,0.21,Shift heavy operations to off-peak hours.; Investigate devices left on overnight.,0.39
2/27/2023 11:00,8.39,15.47,85,0.11,No action needed,0
2/27/2023 12:00,19.95,15.57,83,0.22,Shift heavy operations to off-peak hours.,0.31
2/27/2023 13:00,15.43,26.21,99,0.24,Shift heavy operations to off-peak hours.; Investigate devices left on overnight.,0.41
2/27/2023 14:00,15.09,32.2,28,0.2,No action needed,0
2/27/2023 15:00,8.39,16.62,134,0.12,No action needed,0
2/27/2023 16:00,13.11,33.33,5,0.3,Turn off unnecessary lights in unoccupied areas.; Shift heavy operations to off-peak hours.,0.39
2/27/2023 17:00,6.11,24.09,70,0.2,No action needed,0
2/27/2023 18:00,7.34,22.89,43,0.22,Shift heavy operations to off-peak hours.,0.11
2/27/2023 19:00,5.42,34.4,6,0.2,Turn off unnecessary lights in unoccupied areas.,0.03
2/27/2023 20:00,19.92,21.91,24,0.11,No action needed,0
2/27/2023 21:00,20.18,17.99,111,0.12,Investigate devices left on overnight.,0.1
2/27/2023 22:00,5.28,29.06,131,0.13,No action needed,0
2/27/2023 23:00,17.78,30.85,43,0.24,Shift heavy operations to off-peak hours.; Investigate devices left on overnight.,0.47
2/28/2023 0:00,9.55,32.71,25,0.18,No action needed,0
2/28/2023 1:00,5.9,16.5,112,0.21,Shift heavy operations to off-peak hours.,0.09
2/28/2023 2:00,14.36,15.22,139,0.22,Shift heavy operations to off-peak hours.,0.22
2/28/2023 3:00,9.31,26.42,91,0.11,No action needed,0
2/28/2023 4:00,14.13,34.04,131,0.11,No action needed,0
2/28/2023 5:00,20.66,22.07,128,0.28,Shift heavy operations to off-peak hours.,0.4
2/28/2023 6:00,8.05,26.11,30,0.17,No action needed,0
2/28/2023 7:00,23.92,20.88,48,0.29,Shift heavy operations to off-peak hours.,0.49
2/28/2023 8:00,6.33,18.01,150,0.19,No action needed,0
2/28/2023 9:00,18.03,21.2,138,0.16,No action needed,0
2/28/2023 10:00,24.56,20.3,21,0.13,Investigate devices left on overnight.,0.13
2/28/2023 11:00,13.29,20.04,121,0.26,Shift heavy operations to off-peak hours.,0.24
2/28/2023 12:00,17.63,23.51,39,0.14,No action needed,0
2/28/2023 13:00,23.89,26.14,12,0.11,Reduce HVAC cooling to save energy.,0.13
2/28/2023 14:00,19.37,30.72,59,0.11,No action needed,0
2/28/2023 15:00,6.24,21.96,67,0.1,No action needed,0
2/28/2023 16:00,18.24,19.27,84,0.11,No action needed,0
2/28/2023 17:00,11.22,15.05,143,0.26,Shift heavy operations to off-peak hours.,0.2
2/28/2023 18:00,17.64,24.77,64,0.22,Shift heavy operations to off-peak hours.; Investigate devices left on overnight.,0.43
2/28/2023 19:00,17.31,15.36,130,0.18,No action needed,0
2/28/2023 20:00,22.34,15.96,44,0.26,Shift heavy operations to off-peak hours.,0.41
2/28/2023 21:00,24.5,30.92,106,0.19,Reduce HVAC cooling to save energy.,0.23
2/28/2023 22:00,15.67,27.38,123,0.1,Investigate devices left on overnight.,0.06
2/28/2023 23:00,13.75,21.56,111,0.17,Investigate devices left on overnight.,0.09
3/1/2023 0:00,12.61,31.34,135,0.29,Shift heavy operations to off-peak hours.,0.26
3/1/2023 1:00,17.16,16.41,16,0.27,Shift heavy operations to off-peak hours.; Investigate devices left on overnight.,0.51
3/1/2023 2:00,22.68,24.27,147,0.28,Shift heavy operations to off-peak hours.,0.44
3/1/2023 3:00,9.73,16.21,71,0.29,Shift heavy operations to off-peak hours.,0.2
3/1/2023 4:00,8.3,23.06,9,0.29,Turn off unnecessary lights in unoccupied areas.; Shift heavy operations to off-peak hours.,0.24
3/1/2023 5:00,10.09,29.43,117,0.13,No action needed,0
3/1/2023 6:00,7.96,23.59,53,0.27,Shift heavy operations to off-peak hours.,0.15
3/1/2023 7:00,13.49,32.89,76,0.28,Shift heavy operations to off-peak hours.,0.26
3/1/2023 8:00,7.66,26.79,35,0.18,No action needed,0
3/1/2023 9:00,11.98,19.3,47,0.17,No action needed,0
3/1/2023 10:00,5.78,28.41,72,0.15,No action needed,0
3/1/2023 11:00,19.41,32.73,130,0.14,No action needed,0
3/1/2023 12:00,20.17,15.99,49,0.29,Shift heavy operations to off-peak hours.,0.41
3/1/2023 13:00,5.75,31.69,66,0.21,Shift heavy operations to off-peak hours.,0.08
3/1/2023 14:00,13.75,31.82,54,0.1,No action needed,0
3/1/2023 15:00,16.03,28.04,146,0.2,No action needed,0
3/1/2023 16:00,24.62,31.32,84,0.24,Reduce HVAC cooling to save energy.; Shift heavy operations to off-peak hours.; Investigate devices left on overnight.,0.95
3/1/2023 17:00,10.69,32.89,68,0.15,Investigate devices left on overnight.,0.06
3/1/2023 18:00,5.05,20.45,22,0.12,No action needed,0
3/1/2023 19:00,22.43,29.53,72,0.29,Reduce HVAC cooling to save energy.; Shift heavy operations to off-peak hours.; Investigate devices left on overnight.,1.04
3/1/2023 20:00,11.96,28.61,149,0.26,Shift heavy operations to off-peak hours.; Investigate devices left on overnight.,0.34
3/1/2023 21:00,15.14,26.39,17,0.11,No action needed,0
3/1/2023 22:00,24.71,15.87,103,0.28,Shift heavy operations to off-peak hours.,0.48
3/1/2023 23:00,16.05,31.2,140,0.18,No action needed,0
3/2/2023 0:00,18.7,22.43,95,0.17,Investigate devices left on overnight.,0.13
3/2/2023 1:00,14.27,27.93,114,0.24,Shift heavy operations to off-peak hours.,0.24
3/2/2023 2:00,19.07,29.07,36,0.29,Shift heavy operations to off-peak hours.,0.39
3/2/2023 3:00,22.48,16.34,76,0.2,No action needed,0
3/2/2023 4:00,9.34,15.57,67,0.28,Shift heavy operations to off-peak hours.,0.18
3/2/2023 5:00,6.62,30.16,19,0.26,Shift heavy operations to off-peak hours.,0.12
3/2/2023 6:00,6.96,28.32,146,0.11,No action needed,0
3/2/2023 7:00,6.11,19.06,50,0.24,Shift heavy operations to off-peak hours.,0.1
3/2/2023 8:00,21.48,26.97,76,0.16,Reduce HVAC cooling to save energy.; Investigate devices left on overnight.,0.31
3/2/2023 9:00,15.67,23.65,71,0.23,Shift heavy operations to off-peak hours.,0.25
3/2/2023 10:00,24.75,27.4,118,0.13,Reduce HVAC cooling to save energy.,0.16
3/2/2023 11:00,16.63,19.49,75,0.26,Shift heavy operations to off-peak hours.,0.3
3/2/2023 12:00,23.13,24.29,109,0.25,Shift heavy operations to off-peak hours.,0.4
3/2/2023 13:00,14.8,19.65,83,0.15,No action needed,0
3/2/2023 14:00,10.41,28.06,117,0.2,No action needed,0
3/2/2023 15:00,6.02,25.31,30,0.2,No action needed,0
3/2/2023 16:00,12.66,28.55,115,0.15,No action needed,0
3/2/2023 17:00,23.92,18.21,51,0.18,Investigate devices left on overnight.,0.17
3/2/2023 18:00,5.66,33.96,138,0.2,No action needed,0
3/2/2023 19:00,23.49,26.98,94,0.28,Reduce HVAC cooling to save energy.; Shift heavy operations to off-peak hours.,0.79
3/2/2023 20:00,20.12,24.71,39,0.27,Shift heavy operations to off-peak hours.,0.38
3/2/2023 21:00,21.56,19.64,60,0.21,Shift heavy operations to off-peak hours.; Investigate devices left on overnight.,0.5
3/2/2023 22:00,15.39,32.83,32,0.26,Shift heavy operations to off-peak hours.,0.28
3/2/2023 23:00,15.4,31.07,136,0.27,Shift heavy operations to off-peak hours.,0.29
3/3/2023 0:00,13.47,32.92,26,0.22,Shift heavy operations to off-peak hours.; Investigate devices left on overnight.,0.33
3/3/2023 1:00,5.51,29.43,124,0.14,No action needed,0
3/3/2023 2:00,6.07,20.92,15,0.28,Shift heavy operations to off-peak hours.,0.12
3/3/2023 3:00,23.91,25.67,135,0.15,Reduce HVAC cooling to save energy.,0.18
3/3/2023 4:00,22.86,15.55,147,0.11,Investigate devices left on overnight.,0.1
3/3/2023 5:00,12.46,30.55,138,0.29,Shift heavy operations to off-peak hours.; Investigate devices left on overnight.,0.4
3/3/2023 6:00,23.48,17.93,93,0.13,Investigate devices left on overnight.,0.12
3/3/2023 7:00,12.04,32.52,51,0.23,Shift heavy operations to off-peak hours.,0.19
3/3/2023 8:00,12.62,33.44,135,0.21,Shift heavy operations to off-peak hours.; Investigate devices left on overnight.,0.29
3/3/2023 9:00,21.45,32.94,10,0.18,Reduce HVAC cooling to save energy.,0.19
3/3/2023 10:00,5.35,21.66,89,0.24,Shift heavy operations to off-peak hours.,0.09
3/3/2023 11:00,7.81,23.67,70,0.27,Shift heavy operations to off-peak hours.,0.15
3/3/2023 12:00,24.12,15.71,124,0.27,Shift heavy operations to off-peak hours.,0.46
3/3/2023 13:00,11.35,27.69,53,0.29,Shift heavy operations to off-peak hours.,0.23
3/3/2023 14:00,24.1,23.96,54,0.2,No action needed,0
3/3/2023 15:00,7.28,33.17,21,0.12,No action needed,0
3/3/2023 16:00,19.32,24.21,69,0.18,Investigate devices left on overnight.,0.14
3/3/2023 17:00,18.73,26.3,59,0.15,Investigate devices left on overnight.,0.11
3/3/2023 18:00,11.2,33.19,71,0.26,Shift heavy operations to off-peak hours.,0.2
3/3/2023 19:00,12.18,18.97,109,0.14,No action needed,0
3/3/2023 20:00,9.31,20.18,46,0.1,No action needed,0
3/3/2023 21:00,17.48,26.28,65,0.2,No action needed,0
3/3/2023 22:00,12.56,32.65,32,0.17,No action needed,0
3/3/2023 23:00,23.92,29.29,50,0.11,Reduce HVAC cooling to save energy.,0.13
3/4/2023 0:00,16.51,32.72,62,0.28,Shift heavy operations to off-peak hours.,0.32
3/4/2023 1:00,6.67,33.22,40,0.14,No action needed,0
3/4/2023 2:00,24.43,27.1,31,0.24,Reduce HVAC cooling to save energy.; Shift heavy operations to off-peak hours.,0.7
3/4/2023 3:00,16.93,33.82,128,0.23,Shift heavy operations to off-peak hours.,0.27
3/4/2023 4:00,20.76,27.82,26,0.26,Reduce HVAC cooling to save energy.; Shift heavy operations to off-peak hours.,0.65
3/4/2023 5:00,7.41,21.41,84,0.26,Shift heavy operations to off-peak hours.,0.13
3/4/2023 6:00,14.12,34.67,83,0.26,Shift heavy operations to off-peak hours.,0.26
3/4/2023 7:00,12.43,19.29,96,0.22,Shift heavy operations to off-peak hours.; Investigate devices left on overnight.,0.3
3/4/2023 8:00,11.95,27.06,17,0.28,Shift heavy operations to off-peak hours.; Investigate devices left on overnight.,0.37
3/4/2023 9:00,9.51,26.15,116,0.19,No action needed,0
3/4/2023 10:00,14.85,35,65,0.2,No action needed,0
3/4/2023 11:00,22.57,23.49,31,0.15,Investigate devices left on overnight.,0.14
3/4/2023 12:00,10.11,16.14,41,0.27,Shift heavy operations to off-peak hours.,0.19
3/4/2023 13:00,11.85,30.71,147,0.15,No action needed,0
3/4/2023 14:00,23.74,34.63,61,0.26,Reduce HVAC cooling to save energy.; Shift heavy operations to off-peak hours.,0.74
3/4/2023 15:00,21.58,29.98,48,0.29,Reduce HVAC cooling to save energy.; Shift heavy operations to off-peak hours.,0.75
3/4/2023 16:00,12.28,18.13,13,0.11,Investigate devices left on overnight.,0.05
3/4/2023 17:00,21.87,29.66,149,0.27,Reduce HVAC cooling to save energy.; Shift heavy operations to off-peak hours.,0.71
3/4/2023 18:00,6.67,17.8,150,0.12,No action needed,0
3/4/2023 19:00,14.69,23.51,102,0.13,No action needed,0
3/4/2023 20:00,17.83,18.55,42,0.14,No action needed,0
3/4/2023 21:00,10.41,22.7,132,0.19,No action needed,0
3/4/2023 22:00,17.07,20.13,109,0.22,Shift heavy operations to off-peak hours.,0.26
3/4/2023 23:00,14.5,26.32,142,0.23,Shift heavy operations to off-peak hours.,0.23
3/5/2023 0:00,10.27,34.95,70,0.18,No action needed,0
3/5/2023 1:00,13.62,34.09,94,0.19,No action needed,0
3/5/2023 2:00,23.11,25.91,8,0.17,Reduce HVAC cooling to save energy.; Turn off unnecessary lights in unoccupied areas.,0.31
3/5/2023 3:00,22.35,24.26,149,0.18,No action needed,0
3/5/2023 4:00,23,31.24,141,0.24,Reduce HVAC cooling to save energy.; Shift heavy operations to off-peak hours.,0.66
3/5/2023 5:00,24.47,20.79,97,0.11,No action needed,0
3/5/2023 6:00,11.04,30.92,67,0.11,No action needed,0
3/5/2023 7:00,9.26,33.57,63,0.21,Shift heavy operations to off-peak hours.,0.14
3/5/2023 8:00,18.15,27.08,37,0.28,Shift heavy operations to off-peak hours.,0.36
3/5/2023 9:00,11.01,34.29,58,0.11,Investigate devices left on overnight.,0.05
3/5/2023 10:00,14.18,28.88,124,0.3,Shift heavy operations to off-peak hours.,0.3
3/5/2023 11:00,20.91,24.3,144,0.29,Shift heavy operations to off-peak hours.; Investigate devices left on overnight.,0.67
3/5/2023 12:00,21.25,16.59,98,0.12,No action needed,0
3/5/2023 13:00,10.64,15.89,50,0.2,Investigate devices left on overnight.,0.09
3/5/2023 14:00,8.22,21.89,34,0.12,No action needed,0
3/5/2023 15:00,10.48,17.96,64,0.25,Shift heavy operations to off-peak hours.,0.18
3/5/2023 16:00,16.62,26.18,131,0.17,No action needed,0
3/5/2023 17:00,21.45,32.84,46,0.22,Reduce HVAC cooling to save energy.; Shift heavy operations to off-peak hours.,0.57
3/5/2023 18:00,6.35,34.21,100,0.14,No action needed,0
3/5/2023 19:00,9.11,31.59,102,0.2,No action needed,0
3/5/2023 20:00,20.94,24.59,118,0.3,Shift heavy operations to off-peak hours.; Investigate devices left on overnight.,0.69
3/5/2023 21:00,15.08,26.22,115,0.12,No action needed,0
3/5/2023 22:00,24.49,15.91,149,0.27,Shift heavy operations to off-peak hours.; Investigate devices left on overnight.,0.73
3/5/2023 23:00,22.32,32.26,5,0.29,Reduce HVAC cooling to save energy.; Turn off unnecessary lights in unoccupied areas.; Shift heavy operations to off-peak hours.,0.97
3/6/2023 0:00,6.36,21.19,135,0.14,No action needed,0
3/6/2023 1:00,5.01,22.89,100,0.29,Shift heavy operations to off-peak hours.,0.1
3/6/2023 2:00,14.22,17.2,36,0.26,Shift heavy operations to off-peak hours.,0.26
3/6/2023 3:00,9.92,24.58,82,0.2,No action needed,0
3/6/2023 4:00,17.61,19.1,96,0.2,Investigate devices left on overnight.,0.14
3/6/2023 5:00,20.83,18.37,75,0.27,Shift heavy operations to off-peak hours.,0.39
3/6/2023 6:00,13.94,23.56,149,0.12,Investigate devices left on overnight.,0.07
3/6/2023 7:00,23.68,15.04,143,0.1,No action needed,0
3/6/2023 8:00,20.19,23.72,110,0.17,No action needed,0
3/6/2023 9:00,21.79,31.95,59,0.29,Reduce HVAC cooling to save energy.; Shift heavy operations to off-peak hours.,0.76
3/6/2023 10:00,10.77,21.18,11,0.11,No action needed,0
3/6/2023 11:00,8.88,19.42,139,0.1,No action needed,0
3/6/2023 12:00,14.41,17.89,48,0.22,Shift heavy operations to off-peak hours.,0.22
3/6/2023 13:00,6.12,18.21,72,0.26,Shift heavy operations to off-peak hours.,0.11
3/6/2023 14:00,20.76,30.7,93,0.23,Reduce HVAC cooling to save energy.; Shift heavy operations to off-peak hours.,0.57
3/6/2023 15:00,19.59,31.91,120,0.17,No action needed,0
3/6/2023 16:00,15.57,19.29,72,0.15,No action needed,0
3/6/2023 17:00,10.07,29.74,68,0.12,No action needed,0
3/6/2023 18:00,24.68,16.15,64,0.11,No action needed,0
3/6/2023 19:00,16.48,28.31,50,0.28,Shift heavy operations to off-peak hours.; Investigate devices left on overnight.,0.51
3/6/2023 20:00,12.27,33.13,133,0.11,No action needed,0
3/6/2023 21:00,20.98,15.8,150,0.3,Shift heavy operations to off-peak hours.; Investigate devices left on overnight.,0.69
3/6/2023 22:00,12.81,27.26,91,0.12,No action needed,0
3/6/2023 23:00,16.84,22.6,76,0.2,No action needed,0
3/7/2023 0:00,22.23,17.66,9,0.15,Turn off unnecessary lights in unoccupied areas.,0.1
3/7/2023 1:00,21.87,34.2,128,0.15,Reduce HVAC cooling to save energy.,0.16
3/7/2023 2:00,16.93,22.85,27,0.23,Shift heavy operations to off-peak hours.; Investigate devices left on overnight.,0.43
3/7/2023 3:00,17.78,23.8,93,0.21,Shift heavy operations to off-peak hours.,0.26
3/7/2023 4:00,10.44,29.19,5,0.24,Turn off unnecessary lights in unoccupied areas.; Shift heavy operations to off-peak hours.,0.25
3/7/2023 5:00,12.96,20.24,120,0.15,No action needed,0
3/7/2023 6:00,16.73,24.32,14,0.16,No action needed,0
3/7/2023 7:00,20.14,22.98,47,0.12,Investigate devices left on overnight.,0.1
3/7/2023 8:00,9.14,18.09,80,0.16,No action needed,0
3/7/2023 9:00,13.11,23.88,94,0.28,Shift heavy operations to off-peak hours.,0.26
3/7/2023 10:00,17.28,18.54,38,0.2,No action needed,0
3/7/2023 11:00,9.06,34.7,144,0.18,No action needed,0
3/7/2023 12:00,12.58,30.5,55,0.24,Shift heavy operations to off-peak hours.,0.21
3/7/2023 13:00,9.47,24.83,19,0.18,No action needed,0
3/7/2023 14:00,21.74,30.56,81,0.14,Reduce HVAC cooling to save energy.,0.15
3/7/2023 15:00,24.23,23.96,83,0.19,No action needed,0
3/7/2023 16:00,24.33,22.8,58,0.28,Shift heavy operations to off-peak hours.; Investigate devices left on overnight.,0.75
3/7/2023 17:00,20.03,27.41,69,0.26,Reduce HVAC cooling to save energy.; Shift heavy operations to off-peak hours.,0.62
3/7/2023 18:00,24.1,22.35,14,0.17,No action needed,0
3/7/2023 19:00,18.6,22.58,69,0.19,No action needed,0
3/7/2023 20:00,20.92,33.54,149,0.3,Reduce HVAC cooling to save energy.; Shift heavy operations to off-peak hours.,0.75
3/7/2023 21:00,15.17,21.45,75,0.13,Investigate devices left on overnight.,0.08
3/7/2023 22:00,12.13,30.59,77,0.3,Shift heavy operations to off-peak hours.,0.25
3/7/2023 23:00,15.49,23.31,108,0.27,Shift heavy operations to off-peak hours.,0.29
3/8/2023 0:00,17.93,31.37,118,0.22,Shift heavy operations to off-peak hours.,0.28
3/8/2023 1:00,10.05,16.53,83,0.19,No action needed,0
3/8/2023 2:00,10.99,31.58,30,0.29,Shift heavy operations to off-peak hours.,0.22
3/8/2023 3:00,17.34,26.41,112,0.24,Shift heavy operations to off-peak hours.,0.29
3/8/2023 4:00,9.46,18.6,5,0.14,Turn off unnecessary lights in unoccupied areas.,0.04
3/8/2023 5:00,24.24,22.33,50,0.26,Shift heavy operations to off-peak hours.,0.44
3/8/2023 6:00,23.19,22.55,66,0.27,Shift heavy operations to off-peak hours.,0.44
3/8/2023 7:00,22.01,30.42,140,0.23,Reduce HVAC cooling to save energy.; Shift heavy operations to off-peak hours.,0.61
3/8/2023 8:00,8.95,21.18,42,0.16,No action needed,0
3/8/2023 9:00,24.92,16,83,0.13,Investigate devices left on overnight.,0.13
3/8/2023 10:00,15.6,33.12,24,0.18,Investigate devices left on overnight.,0.11
3/8/2023 11:00,11.89,24.4,43,0.19,No action needed,0
3/8/2023 12:00,22.16,31.42,112,0.25,Reduce HVAC cooling to save energy.; Shift heavy operations to off-peak hours.; Investigate devices left on overnight.,0.89
3/8/2023 13:00,22.57,23.54,93,0.19,Investigate devices left on overnight.,0.17
3/8/2023 14:00,12.13,23.07,135,0.23,Shift heavy operations to off-peak hours.,0.2
3/8/2023 15:00,23.46,31.64,26,0.23,Reduce HVAC cooling to save energy.; Shift heavy operations to off-peak hours.,0.65
3/8/2023 16:00,14.16,19.97,30,0.2,No action needed,0
3/8/2023 17:00,9.38,29.58,122,0.1,No action needed,0
3/8/2023 18:00,6.16,22.35,55,0.2,No action needed,0
3/8/2023 19:00,12.95,30.1,117,0.27,Shift heavy operations to off-peak hours.,0.24
3/8/2023 20:00,10.55,24.33,5,0.29,Turn off unnecessary lights in unoccupied areas.; Shift heavy operations to off-peak hours.; Investigate devices left on overnight.,0.43
3/8/2023 21:00,15.5,21.29,111,0.29,Shift heavy operations to off-peak hours.,0.31
3/8/2023 22:00,17.87,27.21,58,0.2,No action needed,0
3/8/2023 23:00,11.74,25.78,89,0.1,Investigate devices left on overnight.,0.05
3/9/2023 0:00,20.17,21.04,141,0.24,Shift heavy operations to off-peak hours.,0.34
3/9/2023 1:00,13.44,24.26,14,0.12,Investigate devices left on overnight.,0.06
3/9/2023 2:00,6.83,31.69,21,0.28,Shift heavy operations to off-peak hours.,0.13
3/9/2023 3:00,15.89,20.71,147,0.1,No action needed,0
3/9/2023 4:00,11.65,21.7,73,0.24,Shift heavy operations to off-peak hours.,0.2
3/9/2023 5:00,7.57,29.03,131,0.21,Shift heavy operations to off-peak hours.,0.11
3/9/2023 6:00,13.84,26.95,15,0.29,Shift heavy operations to off-peak hours.,0.28
3/9/2023 7:00,6.36,30.08,33,0.12,No action needed,0
3/9/2023 8:00,24.93,32.1,113,0.3,Reduce HVAC cooling to save energy.; Shift heavy operations to off-peak hours.,0.9
3/9/2023 9:00,24.96,15.55,99,0.25,Shift heavy operations to off-peak hours.,0.44
3/9/2023 10:00,17.98,21.07,21,0.3,Shift heavy operations to off-peak hours.,0.38
3/9/2023 11:00,18.71,15.78,50,0.28,Shift heavy operations to off-peak hours.,0.37
3/9/2023 12:00,10.88,30.45,35,0.26,Shift heavy operations to off-peak hours.,0.2
3/9/2023 13:00,5.35,15.81,131,0.1,No action needed,0
3/9/2023 14:00,19.46,26.6,116,0.2,No action needed,0
3/9/2023 15:00,18.73,31.43,29,0.2,No action needed,0
3/9/2023 16:00,7.96,17.34,41,0.17,No action needed,0
3/9/2023 17:00,16.94,28.23,91,0.2,No action needed,0
3/9/2023 18:00,15.15,19.96,28,0.15,No action needed,0
3/9/2023 19:00,6.32,25.11,95,0.28,Shift heavy operations to off-peak hours.,0.12
3/9/2023 20:00,19.67,23.35,136,0.29,Shift heavy operations to off-peak hours.,0.4
3/9/2023 21:00,13.41,20.86,131,0.2,No action needed,0
3/9/2023 22:00,11.33,30.38,66,0.2,No action needed,0
3/9/2023 23:00,7.93,24.7,145,0.11,No action needed,0
3/10/2023 0:00,17.46,34.42,115,0.26,Shift heavy operations to off-peak hours.,0.32
3/10/2023 1:00,5.4,18.76,150,0.11,No action needed,0
3/10/2023 2:00,15.33,16.78,116,0.27,Shift heavy operations to off-peak hours.; Investigate devices left on overnight.,0.46
3/10/2023 3:00,23.89,28.75,41,0.15,Reduce HVAC cooling to save energy.,0.18
3/10/2023 4:00,7.85,26.58,35,0.12,No action needed,0
3/10/2023 5:00,19.06,27.99,99,0.2,No action needed,0
3/10/2023 6:00,13.84,16.51,120,0.18,No action needed,0
3/10/2023 7:00,22.38,28.32,124,0.27,Reduce HVAC cooling to save energy.; Shift heavy operations to off-peak hours.; Investigate devices left on overnight.,0.97
3/10/2023 8:00,18.53,30.16,121,0.16,Investigate devices left on overnight.,0.12
3/10/2023 9:00,19.56,27.54,11,0.11,No action needed,0
3/10/2023 10:00,13.3,21.63,110,0.17,No action needed,0
3/10/2023 11:00,6.16,28.74,95,0.23,Shift heavy operations to off-peak hours.,0.1
3/10/2023 12:00,19.4,17.12,12,0.2,No action needed,0
3/10/2023 13:00,13.15,27.61,39,0.18,No action needed,0
3/10/2023 14:00,20.04,24.35,119,0.25,Shift heavy operations to off-peak hours.,0.35
3/10/2023 15:00,16.17,17.78,21,0.19,No action needed,0
3/10/2023 16:00,21.27,29.36,112,0.22,Reduce HVAC cooling to save energy.; Shift heavy operations to off-peak hours.; Investigate devices left on overnight.,0.75
3/10/2023 17:00,5.73,16.56,67,0.11,No action needed,0
3/10/2023 18:00,13.05,18.89,23,0.23,Shift heavy operations to off-peak hours.,0.21
3/10/2023 19:00,17.64,23.01,22,0.27,Shift heavy operations to off-peak hours.; Investigate devices left on overnight.,0.52
3/10/2023 20:00,24.43,25.28,109,0.25,Reduce HVAC cooling to save energy.; Shift heavy operations to off-peak hours.,0.73
3/10/2023 21:00,22.86,17.17,94,0.26,Shift heavy operations to off-peak hours.,0.42
3/10/2023 22:00,16.77,25.47,14,0.27,Shift heavy operations to off-peak hours.,0.32
3/10/2023 23:00,16.87,25.99,89,0.1,No action needed,0
3/11/2023 0:00,9.73,23.74,42,0.28,Shift heavy operations to off-peak hours.,0.19
3/11/2023 1:00,14.4,20.63,21,0.18,No action needed,0
3/11/2023 2:00,9.83,21.6,50,0.17,No action needed,0
3/11/2023 3:00,20.81,15.78,90,0.28,Shift heavy operations to off-peak hours.,0.41
3/11/2023 4:00,9.91,28.8,66,0.16,No action needed,0
3/11/2023 5:00,14.54,28.66,106,0.25,Shift heavy operations to off-peak hours.; Investigate devices left on overnight.,0.4
3/11/2023 6:00,17.25,20.39,117,0.19,Investigate devices left on overnight.,0.13
3/11/2023 7:00,6.72,24.37,137,0.17,No action needed,0
3/11/2023 8:00,11.48,34.48,49,0.11,No action needed,0
3/11/2023 9:00,5.91,32.76,149,0.11,No action needed,0
3/11/2023 10:00,5.35,17.03,57,0.24,Shift heavy operations to off-peak hours.,0.09
3/11/2023 11:00,5.06,24.99,70,0.14,No action needed,0
3/11/2023 12:00,13.74,28.06,19,0.26,Shift heavy operations to off-peak hours.,0.25
3/11/2023 13:00,13.99,29.64,83,0.16,No action needed,0
3/11/2023 14:00,19.07,23.79,82,0.14,No action needed,0
3/11/2023 15:00,23.68,16.2,75,0.14,No action needed,0
3/11/2023 16:00,17.52,26.16,109,0.25,Shift heavy operations to off-peak hours.; Investigate devices left on overnight.,0.48
3/11/2023 17:00,7.14,21.41,22,0.27,Shift heavy operations to off-peak hours.,0.13
3/11/2023 18:00,11.04,32.71,79,0.25,Shift heavy operations to off-peak hours.,0.19
3/11/2023 19:00,16.94,23.27,135,0.24,Shift heavy operations to off-peak hours.,0.28
3/11/2023 20:00,5.11,24.61,129,0.15,No action needed,0
3/11/2023 21:00,18.97,20.43,145,0.17,No action needed,0
3/11/2023 22:00,12.03,17.34,150,0.19,No action needed,0
3/11/2023 23:00,12.52,16.68,62,0.28,Shift heavy operations to off-peak hours.,0.25
3/12/2023 0:00,6.32,31.21,142,0.1,No action needed,0
3/12/2023 1:00,24.82,17.54,77,0.21,Shift heavy operations to off-peak hours.,0.36
3/12/2023 2:00,22.7,20.41,95,0.18,No action needed,0
3/12/2023 3:00,9.67,27.42,91,0.24,Shift heavy operations to off-peak hours.,0.16
3/12/2023 4:00,5.35,19.4,55,0.27,Shift heavy operations to off-peak hours.,0.1
3/12/2023 5:00,14.82,33,41,0.28,Shift heavy operations to off-peak hours.,0.29
3/12/2023 6:00,21.12,19.36,21,0.23,Shift heavy operations to off-peak hours.; Investigate devices left on overnight.,0.53
3/12/2023 7:00,14.56,15.58,102,0.16,No action needed,0
3/12/2023 8:00,22.64,18.54,109,0.16,No action needed,0
3/12/2023 9:00,17.97,28.41,83,0.16,No action needed,0
3/12/2023 10:00,22.34,31.22,144,0.29,Reduce HVAC cooling to save energy.; Shift heavy operations to off-peak hours.,0.78
3/12/2023 11:00,21.29,31.94,117,0.22,Reduce HVAC cooling to save energy.; Shift heavy operations to off-peak hours.,0.56
3/12/2023 12:00,15.12,34.28,60,0.2,Investigate devices left on overnight.,0.12
3/12/2023 13:00,10.8,26.11,149,0.11,Investigate devices left on overnight.,0.05
3/12/2023 14:00,5.88,22.49,62,0.16,No action needed,0
3/12/2023 15:00,14.78,20.87,109,0.18,No action needed,0
3/12/2023 16:00,12.66,24.34,58,0.23,Shift heavy operations to off-peak hours.,0.2
3/12/2023 17:00,20.9,18.34,121,0.23,Shift heavy operations to off-peak hours.,0.34
3/12/2023 18:00,10.44,25.17,22,0.14,No action needed,0
3/12/2023 19:00,13.69,26.04,73,0.17,No action needed,0
3/12/2023 20:00,8.28,15.66,98,0.14,No action needed,0
3/12/2023 21:00,8.65,33.98,31,0.26,Shift heavy operations to off-peak hours.,0.16
3/12/2023 22:00,5.03,20.02,18,0.22,Shift heavy operations to off-peak hours.,0.08
3/12/2023 23:00,18.23,24.39,89,0.28,Shift heavy operations to off-peak hours.,0.36
3/13/2023 0:00,15.26,20.38,99,0.11,No action needed,0
3/13/2023 1:00,21.54,30.9,22,0.21,Reduce HVAC cooling to save energy.; Shift heavy operations to off-peak hours.; Investigate devices left on overnight.,0.72
3/13/2023 2:00,24.66,20.43,135,0.21,Shift heavy operations to off-peak hours.,0.36
3/13/2023 3:00,15.9,21.67,46,0.11,No action needed,0
3/13/2023 4:00,24.97,25.23,56,0.17,Reduce HVAC cooling to save energy.,0.21
3/13/2023 5:00,21.53,21.92,98,0.17,No action needed,0
3/13/2023 6:00,17.72,23.34,142,0.16,No action needed,0
3/13/2023 7:00,14.53,22.01,15,0.21,Shift heavy operations to off-peak hours.,0.21
3/13/2023 8:00,15.71,33.58,29,0.2,No action needed,0
3/13/2023 9:00,13.84,27.21,73,0.13,Investigate devices left on overnight.,0.07
3/13/2023 10:00,17.19,26.47,72,0.3,Shift heavy operations to off-peak hours.; Investigate devices left on overnight.,0.57
3/13/2023 11:00,11.64,34.86,90,0.19,No action needed,0
3/13/2023 12:00,23.31,18.29,25,0.11,No action needed,0
3/13/2023 13:00,20.41,15.67,121,0.12,Investigate devices left on overnight.,0.1
3/13/2023 14:00,20.71,18.03,142,0.26,Shift heavy operations to off-peak hours.; Investigate devices left on overnight.,0.59
3/13/2023 15:00,15.14,25.21,95,0.14,No action needed,0
3/13/2023 16:00,18.08,30.65,37,0.22,Shift heavy operations to off-peak hours.; Investigate devices left on overnight.,0.44
3/13/2023 17:00,7.75,33.19,83,0.22,Shift heavy operations to off-peak hours.,0.12
3/13/2023 18:00,20.9,27.2,46,0.25,Reduce HVAC cooling to save energy.; Shift heavy operations to off-peak hours.,0.63
3/13/2023 19:00,14.28,32.03,69,0.28,Shift heavy operations to off-peak hours.,0.28
3/13/2023 20:00,23.19,34.31,61,0.18,Reduce HVAC cooling to save energy.; Investigate devices left on overnight.,0.38
3/13/2023 21:00,20.86,20.4,33,0.17,Investigate devices left on overnight.,0.14
3/13/2023 22:00,12.98,31.83,91,0.2,No action needed,0
3/13/2023 23:00,5.49,29.26,94,0.28,Shift heavy operations to off-peak hours.,0.11
3/14/2023 0:00,6.89,20.12,112,0.11,No action needed,0
3/14/2023 1:00,14.61,21.93,33,0.19,No action needed,0
3/14/2023 2:00,18.6,19.48,26,0.22,Shift heavy operations to off-peak hours.,0.29
3/14/2023 3:00,22.67,26.18,134,0.19,Reduce HVAC cooling to save energy.; Investigate devices left on overnight.,0.39
3/14/2023 4:00,19.38,15.58,27,0.19,No action needed,0
3/14/2023 5:00,8.23,26.9,113,0.27,Shift heavy operations to off-peak hours.,0.16
3/14/2023 6:00,6.3,32.39,60,0.14,No action needed,0
3/14/2023 7:00,17.28,22.62,90,0.1,No action needed,0
3/14/2023 8:00,18.68,28.54,143,0.17,No action needed,0
3/14/2023 9:00,9.95,23.22,18,0.13,No action needed,0
3/14/2023 10:00,14.22,33.76,103,0.18,No action needed,0
3/14/2023 11:00,21.1,21.08,8,0.28,Turn off unnecessary lights in unoccupied areas.; Shift heavy operations to off-peak hours.,0.59
3/14/2023 12:00,9.16,33.41,69,0.2,No action needed,0
3/14/2023 13:00,6.45,17.37,109,0.29,Shift heavy operations to off-peak hours.,0.13
3/14/2023 14:00,21.08,28.25,65,0.13,Reduce HVAC cooling to save energy.,0.14
3/14/2023 15:00,12.9,28.91,92,0.26,Shift heavy operations to off-peak hours.,0.23
3/14/2023 16:00,10.4,28.45,91,0.13,Investigate devices left on overnight.,0.05
3/14/2023 17:00,23.86,20.47,39,0.23,Shift heavy operations to off-peak hours.,0.38
3/14/2023 18:00,15.45,20.11,138,0.24,Shift heavy operations to off-peak hours.,0.26
3/14/2023 19:00,9.31,22.82,115,0.26,Shift heavy operations to off-peak hours.,0.17
3/14/2023 20:00,24.28,19.52,87,0.19,Investigate devices left on overnight.,0.18
3/14/2023 21:00,5.05,29.51,41,0.18,No action needed,0
3/14/2023 22:00,18.87,22.27,99,0.27,Shift heavy operations to off-peak hours.,0.36
3/14/2023 23:00,18.26,18.39,35,0.27,Shift heavy operations to off-peak hours.,0.35
3/15/2023 0:00,15.33,32.64,137,0.28,Shift heavy operations to off-peak hours.; Investigate devices left on overnight.,0.47
3/15/2023 1:00,17.77,16.42,146,0.18,No action needed,0
3/15/2023 2:00,11.81,26.57,91,0.23,Shift heavy operations to off-peak hours.,0.19
3/15/2023 3:00,5.13,21.68,149,0.19,No action needed,0
3/15/2023 4:00,10.17,34.9,44,0.13,No action needed,0
3/15/2023 5:00,19.94,18.87,64,0.12,No action needed,0
3/15/2023 6:00,17.38,33.15,38,0.22,Shift heavy operations to off-peak hours.,0.27
3/15/2023 7:00,18.36,27.81,91,0.21,Shift heavy operations to off-peak hours.,0.27
3/15/2023 8:00,13.04,16.09,67,0.21,Shift heavy operations to off-peak hours.,0.19
3/15/2023 9:00,5.41,25.06,33,0.24,Shift heavy operations to off-peak hours.,0.09
3/15/2023 10:00,18.64,34.38,107,0.12,Investigate devices left on overnight.,0.09
3/15/2023 11:00,9.28,29.33,39,0.28,Shift heavy operations to off-peak hours.,0.18
3/15/2023 12:00,12.93,23.09,14,0.11,No action needed,0
3/15/2023 13:00,23.66,33.31,41,0.14,Reduce HVAC cooling to save energy.; Investigate devices left on overnight.,0.3
3/15/2023 14:00,14.36,28.94,102,0.13,No action needed,0
3/15/2023 15:00,21.49,27.08,120,0.26,Reduce HVAC cooling to save energy.; Shift heavy operations to off-peak hours.,0.67
3/15/2023 16:00,17.5,28.27,51,0.28,Shift heavy operations to off-peak hours.; Investigate devices left on overnight.,0.54
3/15/2023 17:00,22.3,17.22,44,0.14,No action needed,0
3/15/2023 18:00,15.81,18.54,137,0.19,No action needed,0
3/15/2023 19:00,13.64,15.09,94,0.22,Shift heavy operations to off-peak hours.,0.21
3/15/2023 20:00,17.7,19.89,146,0.2,No action needed,0
3/15/2023 21:00,13.72,15.59,135,0.13,No action needed,0
3/15/2023 22:00,14.02,16.54,81,0.12,No action needed,0
3/15/2023 23:00,13.91,22.29,57,0.22,Shift heavy operations to off-peak hours.,0.21
3/16/2023 0:00,6.92,20.53,45,0.25,Shift heavy operations to off-peak hours.,0.12
3/16/2023 1:00,14.06,34.64,83,0.2,No action needed,0
3/16/2023 2:00,12.62,27.39,55,0.29,Shift heavy operations to off-peak hours.,0.26
3/16/2023 3:00,14.43,21.72,71,0.19,Investigate devices left on overnight.,0.11
3/16/2023 4:00,5.97,25.01,103,0.12,No action needed,0
3/16/2023 5:00,13.42,26.89,137,0.13,Investigate devices left on overnight.,0.07
3/16/2023 6:00,22.76,30.06,150,0.3,Reduce HVAC cooling to save energy.; Shift heavy operations to off-peak hours.,0.82
3/16/2023 7:00,6.4,32.42,112,0.14,No action needed,0
3/16/2023 8:00,12.57,30.3,120,0.13,No action needed,0
3/16/2023 9:00,17.08,25.16,147,0.16,No action needed,0
3/16/2023 10:00,22.84,27.9,122,0.13,Reduce HVAC cooling to save energy.,0.15
3/16/2023 11:00,15.02,19.88,64,0.23,Shift heavy operations to off-peak hours.,0.24
3/16/2023 12:00,13.12,15.96,50,0.28,Shift heavy operations to off-peak hours.,0.26
3/16/2023 13:00,18.54,19.95,35,0.12,Investigate devices left on overnight.,0.09
3/16/2023 14:00,13.8,25.82,105,0.23,Shift heavy operations to off-peak hours.; Investigate devices left on overnight.,0.35
3/16/2023 15:00,8.97,21.74,24,0.27,Shift heavy operations to off-peak hours.,0.17
3/16/2023 16:00,16.91,24.26,70,0.16,No action needed,0
3/16/2023 17:00,12.92,31.89,138,0.19,No action needed,0
3/16/2023 18:00,13.02,18.38,49,0.16,No action needed,0
3/16/2023 19:00,10.17,21.84,97,0.15,Investigate devices left on overnight.,0.06
3/16/2023 20:00,18.17,19,139,0.16,No action needed,0
3/16/2023 21:00,14.65,18.99,129,0.12,No action needed,0
3/16/2023 22:00,24.57,21.18,12,0.14,No action needed,0
3/16/2023 23:00,15.34,22.13,40,0.18,No action needed,0
3/17/2023 0:00,24.21,32.48,13,0.22,Reduce HVAC cooling to save energy.; Shift heavy operations to off-peak hours.,0.64
3/17/2023 1:00,10.79,19.62,108,0.27,Shift heavy operations to off-peak hours.,0.2
3/17/2023 2:00,5.97,15.91,39,0.11,No action needed,0
3/17/2023 3:00,16.36,27.89,84,0.2,Investigate devices left on overnight.,0.13
3/17/2023 4:00,8.16,30.63,37,0.26,Shift heavy operations to off-peak hours.,0.15
3/17/2023 5:00,10.58,23.36,46,0.3,Shift heavy operations to off-peak hours.,0.22
3/17/2023 6:00,14.78,26.96,9,0.1,Turn off unnecessary lights in unoccupied areas.; Investigate devices left on overnight.,0.1
3/17/2023 7:00,7.54,22.94,44,0.17,No action needed,0
3/17/2023 8:00,7.41,16.6,41,0.15,No action needed,0
3/17/2023 9:00,8.2,22.11,146,0.15,No action needed,0
3/17/2023 10:00,18.4,21.16,31,0.23,Shift heavy operations to off-peak hours.,0.3
3/17/2023 11:00,16.53,27.77,119,0.29,Shift heavy operations to off-peak hours.,0.34
3/17/2023 12:00,21.28,15.39,41,0.24,Shift heavy operations to off-peak hours.,0.36
3/17/2023 13:00,6.6,20.3,123,0.27,Shift heavy operations to off-peak hours.,0.12
3/17/2023 14:00,16.05,18.82,103,0.27,Shift heavy operations to off-peak hours.,0.3
3/17/2023 15:00,21.14,32.02,65,0.11,Reduce HVAC cooling to save energy.,0.12
3/17/2023 16:00,15.38,20.28,112,0.19,No action needed,0
3/17/2023 17:00,8.39,25.3,122,0.16,No action needed,0
3/17/2023 18:00,6.29,17.22,5,0.23,Turn off unnecessary lights in unoccupied areas.; Shift heavy operations to off-peak hours.,0.14
3/17/2023 19:00,6.86,20.75,129,0.15,No action needed,0
3/17/2023 20:00,10.12,19.24,30,0.22,Shift heavy operations to off-peak hours.; Investigate devices left on overnight.,0.24
3/17/2023 21:00,5.02,33.69,59,0.28,Shift heavy operations to off-peak hours.,0.1
3/17/2023 22:00,15.5,21.48,35,0.23,Shift heavy operations to off-peak hours.,0.25
3/17/2023 23:00,18.07,24.2,24,0.22,Shift heavy operations to off-peak hours.,0.28
3/18/2023 0:00,9.85,21.73,130,0.25,Shift heavy operations to off-peak hours.,0.17
3/18/2023 1:00,24.33,29.88,121,0.11,Reduce HVAC cooling to save energy.,0.13
3/18/2023 2:00,8.64,25.75,111,0.17,No action needed,0
3/18/2023 3:00,11.22,31.62,105,0.22,Shift heavy operations to off-peak hours.; Investigate devices left on overnight.,0.27
3/18/2023 4:00,20.79,22.03,76,0.12,Investigate devices left on overnight.,0.1
3/18/2023 5:00,15.97,16.81,49,0.27,Shift heavy operations to off-peak hours.,0.3
3/18/2023 6:00,5.79,15.08,6,0.3,Turn off unnecessary lights in unoccupied areas.; Shift heavy operations to off-peak hours.,0.17
3/18/2023 7:00,20.04,29.84,135,0.18,Reduce HVAC cooling to save energy.; Investigate devices left on overnight.,0.32
3/18/2023 8:00,8.63,24.39,107,0.24,Shift heavy operations to off-peak hours.,0.14
3/18/2023 9:00,15.32,32.12,52,0.14,No action needed,0
3/18/2023 10:00,6.95,15.57,46,0.11,No action needed,0
3/18/2023 11:00,14.4,17.31,73,0.13,Investigate devices left on overnight.,0.07
3/18/2023 12:00,5.14,32.22,150,0.23,Shift heavy operations to off-peak hours.,0.08
3/18/2023 13:00,6.88,28.65,122,0.21,Shift heavy operations to off-peak hours.,0.1
3/18/2023 14:00,9.11,28,85,0.26,Shift heavy operations to off-peak hours.,0.17
3/18/2023 15:00,19.33,18.34,31,0.29,Shift heavy operations to off-peak hours.,0.39
3/18/2023 16:00,9.6,30.96,134,0.11,No action needed,0
3/18/2023 17:00,8.24,17.01,149,0.21,Shift heavy operations to off-peak hours.,0.12
3/18/2023 18:00,21.63,25.42,21,0.25,Reduce HVAC cooling to save energy.; Shift heavy operations to off-peak hours.,0.65
3/18/2023 19:00,11.56,30.7,47,0.22,Shift heavy operations to off-peak hours.,0.18
3/18/2023 20:00,15.38,31.83,6,0.17,Turn off unnecessary lights in unoccupied areas.,0.08
3/18/2023 21:00,5.42,31.66,56,0.17,No action needed,0
3/18/2023 22:00,18.47,24.6,28,0.11,No action needed,0
3/18/2023 23:00,13.89,31.55,18,0.18,No action needed,0
3/19/2023 0:00,13.39,26.37,70,0.17,Investigate devices left on overnight.,0.09
3/19/2023 1:00,7.9,25.72,111,0.11,No action needed,0
3/19/2023 2:00,20.25,17.42,75,0.12,No action needed,0
3/19/2023 3:00,22.78,33.59,38,0.17,Reduce HVAC cooling to save energy.,0.19
3/19/2023 4:00,24.89,18.87,6,0.21,Turn off unnecessary lights in unoccupied areas.; Shift heavy operations to off-peak hours.; Investigate devices left on overnight.,0.73
3/19/2023 5:00,18.47,24.02,81,0.11,No action needed,0
3/19/2023 6:00,14.35,21.75,34,0.21,Shift heavy operations to off-peak hours.,0.21
3/19/2023 7:00,12.99,30.88,57,0.26,Shift heavy operations to off-peak hours.,0.24
3/19/2023 8:00,13.67,17.97,34,0.12,No action needed,0
3/19/2023 9:00,16.1,21.46,135,0.16,No action needed,0
3/19/2023 10:00,10.7,33.25,99,0.29,Shift heavy operations to off-peak hours.,0.22
3/19/2023 11:00,22.92,21.22,137,0.15,No action needed,0
3/19/2023 12:00,19.96,15.47,85,0.23,Shift heavy operations to off-peak hours.,0.32
3/19/2023 13:00,16.5,25.78,137,0.12,Investigate devices left on overnight.,0.08
3/19/2023 14:00,7.42,25.29,20,0.25,Shift heavy operations to off-peak hours.,0.13
3/19/2023 15:00,24.76,24.75,39,0.17,No action needed,0
3/19/2023 16:00,18.83,24.96,60,0.12,No action needed,0
3/19/2023 17:00,19.24,26.87,29,0.22,Shift heavy operations to off-peak hours.,0.3
3/19/2023 18:00,15.92,28.79,76,0.11,No action needed,0
3/19/2023 19:00,8.93,15.43,111,0.27,Shift heavy operations to off-peak hours.,0.17
3/19/2023 20:00,14.97,31.72,67,0.22,Shift heavy operations to off-peak hours.,0.23
3/19/2023 21:00,18.02,16.01,25,0.25,Shift heavy operations to off-peak hours.,0.32
3/19/2023 22:00,20.43,18.52,79,0.11,No action needed,0
3/19/2023 23:00,23.82,34.35,148,0.21,Reduce HVAC cooling to save energy.; Shift heavy operations to off-peak hours.; Investigate devices left on overnight.,0.8
3/20/2023 0:00,16.36,30.64,48,0.21,Shift heavy operations to off-peak hours.,0.24
3/20/2023 1:00,16.45,32.54,52,0.2,No action needed,0
3/20/2023 2:00,9.45,19.57,133,0.3,Shift heavy operations to off-peak hours.,0.2
3/20/2023 3:00,10.79,19.85,123,0.1,No action needed,0
3/20/2023 4:00,11.22,31.52,95,0.25,Shift heavy operations to off-peak hours.,0.2
3/20/2023 5:00,19.73,30.8,20,0.14,No action needed,0
3/20/2023 6:00,19.52,27.96,146,0.21,Shift heavy operations to off-peak hours.,0.29
3/20/2023 7:00,14.19,26.85,87,0.16,Investigate devices left on overnight.,0.09
3/20/2023 8:00,6.12,24.52,115,0.22,Shift heavy operations to off-peak hours.,0.09
3/20/2023 9:00,8.32,17.71,17,0.22,Shift heavy operations to off-peak hours.,0.13
3/20/2023 10:00,11.47,34.35,62,0.16,No action needed,0
3/20/2023 11:00,24.59,27.67,101,0.16,Reduce HVAC cooling to save energy.,0.2
3/20/2023 12:00,8.54,15.9,123,0.21,Shift heavy operations to off-peak hours.,0.13
3/20/2023 13:00,18.11,30.47,27,0.17,No action needed,0
3/20/2023 14:00,21.09,17.63,115,0.24,Shift heavy operations to off-peak hours.; Investigate devices left on overnight.,0.56
3/20/2023 15:00,5.44,31.9,51,0.14,No action needed,0
3/20/2023 16:00,20.62,28.08,130,0.2,Reduce HVAC cooling to save energy.,0.21
3/20/2023 17:00,24.57,23.12,102,0.25,Shift heavy operations to off-peak hours.,0.43
3/20/2023 18:00,9,21.03,112,0.11,No action needed,0
3/20/2023 19:00,18.9,23.95,141,0.15,No action needed,0
3/20/2023 20:00,19.38,17.29,58,0.27,Shift heavy operations to off-peak hours.,0.37
3/20/2023 21:00,19.12,19.64,128,0.26,Shift heavy operations to off-peak hours.,0.35
3/20/2023 22:00,15.06,17.35,141,0.24,Shift heavy operations to off-peak hours.,0.25
3/20/2023 23:00,13.5,19.14,5,0.17,Turn off unnecessary lights in unoccupied areas.,0.07
3/21/2023 0:00,9.63,25.7,125,0.28,Shift heavy operations to off-peak hours.,0.19
3/21/2023 1:00,15.73,28.97,13,0.16,No action needed,0
3/21/2023 2:00,15.1,19.2,53,0.18,No action needed,0
3/21/2023 3:00,24.39,34.89,116,0.22,Reduce HVAC cooling to save energy.; Shift heavy operations to off-peak hours.,0.64
3/21/2023 4:00,7.27,34.94,37,0.28,Shift heavy operations to off-peak hours.,0.14
3/21/2023 5:00,18.04,16.19,115,0.29,Shift heavy operations to off-peak hours.,0.37
3/21/2023 6:00,15.81,30.44,27,0.12,No action needed,0
3/21/2023 7:00,19.25,28.59,51,0.15,Investigate devices left on overnight.,0.12
3/21/2023 8:00,7.58,25.57,66,0.26,Shift heavy operations to off-peak hours.,0.14
3/21/2023 9:00,17.94,15.4,136,0.15,No action needed,0
3/21/2023 10:00,7.84,21.89,112,0.15,No action needed,0
3/21/2023 11:00,13.93,33.87,17,0.16,Investigate devices left on overnight.,0.09
3/21/2023 12:00,19.44,23.55,89,0.28,Shift heavy operations to off-peak hours.,0.38
3/21/2023 13:00,16.35,29.16,119,0.25,Shift heavy operations to off-peak hours.; Investigate devices left on overnight.,0.45
3/21/2023 14:00,7.08,33.95,32,0.27,Shift heavy operations to off-peak hours.,0.13
3/21/2023 15:00,23.17,21.96,116,0.14,No action needed,0
3/21/2023 16:00,12.49,32.17,43,0.14,No action needed,0
3/21/2023 17:00,18.3,19.49,35,0.24,Shift heavy operations to off-peak hours.,0.31
3/21/2023 18:00,10.67,18.88,144,0.25,Shift heavy operations to off-peak hours.,0.19
3/21/2023 19:00,23.26,33.09,86,0.25,Reduce HVAC cooling to save energy.; Shift heavy operations to off-peak hours.,0.7
3/21/2023 20:00,20.4,31.5,112,0.16,Reduce HVAC cooling to save energy.,0.16
3/21/2023 21:00,8.22,23.48,76,0.21,Shift heavy operations to off-peak hours.,0.12
3/21/2023 22:00,12.83,17.6,125,0.16,No action needed,0
3/21/2023 23:00,17.18,29.16,69,0.2,No action needed,0
3/22/2023 0:00,24.29,24.18,121,0.1,No action needed,0
3/22/2023 1:00,8.54,23.89,65,0.24,Shift heavy operations to off-peak hours.,0.14
3/22/2023 2:00,23.56,26.26,57,0.23,Reduce HVAC cooling to save energy.; Shift heavy operations to off-peak hours.,0.65
3/22/2023 3:00,16.24,33.51,143,0.27,Shift heavy operations to off-peak hours.,0.31
3/22/2023 4:00,5.5,34.79,56,0.21,Shift heavy operations to off-peak hours.,0.08
3/22/2023 5:00,6.42,28.48,133,0.13,No action needed,0
3/22/2023 6:00,9.86,19.92,43,0.13,No action needed,0
3/22/2023 7:00,23,25.52,102,0.12,Reduce HVAC cooling to save energy.,0.14
3/22/2023 8:00,15.8,21.35,125,0.17,Investigate devices left on overnight.,0.11
3/22/2023 9:00,9.58,34.77,55,0.1,No action needed,0
3/22/2023 10:00,14.02,21.44,81,0.14,No action needed,0
3/22/2023 11:00,11.82,15.61,51,0.19,No action needed,0
3/22/2023 12:00,8.97,33.31,127,0.23,Shift heavy operations to off-peak hours.,0.14
3/22/2023 13:00,13.91,21.98,15,0.26,Shift heavy operations to off-peak hours.; Investigate devices left on overnight.,0.4
3/22/2023 14:00,5.81,21.7,76,0.23,Shift heavy operations to off-peak hours.,0.09
3/22/2023 15:00,18.82,28.26,82,0.29,Shift heavy operations to off-peak hours.; Investigate devices left on overnight.,0.6
3/22/2023 16:00,7.01,30.46,86,0.3,Shift heavy operations to off-peak hours.,0.15
3/22/2023 17:00,10.97,33.81,123,0.12,No action needed,0
3/22/2023 18:00,21.66,31.33,73,0.29,Reduce HVAC cooling to save energy.; Shift heavy operations to off-peak hours.,0.75
3/22/2023 19:00,18.38,21.38,51,0.16,No action needed,0
3/22/2023 20:00,8.55,33.29,78,0.13,No action needed,0
3/22/2023 21:00,20.31,19.39,68,0.1,No action needed,0
3/22/2023 22:00,9.46,31.49,93,0.26,Shift heavy operations to off-peak hours.,0.17
3/22/2023 23:00,18.39,19.42,130,0.14,No action needed,0
3/23/2023 0:00,13.36,27.22,53,0.13,Investigate devices left on overnight.,0.07
3/23/2023 1:00,14.71,18.26,11,0.3,Shift heavy operations to off-peak hours.,0.31
3/23/2023 2:00,12.83,23.77,60,0.23,Shift heavy operations to off-peak hours.,0.21
3/23/2023 3:00,13.77,27.88,79,0.12,No action needed,0
3/23/2023 4:00,13.83,18.54,102,0.17,No action needed,0
3/23/2023 5:00,18.07,18.56,146,0.21,Shift heavy operations to off-peak hours.,0.27
3/23/2023 6:00,11.51,25.06,36,0.18,No action needed,0
3/23/2023 7:00,5.12,28.49,11,0.16,No action needed,0
3/23/2023 8:00,13.79,26.34,92,0.25,Shift heavy operations to off-peak hours.,0.24
3/23/2023 9:00,13.36,31.94,7,0.16,Turn off unnecessary lights in unoccupied areas.,0.06
3/23/2023 10:00,6.25,30.69,67,0.27,Shift heavy operations to off-peak hours.,0.12
3/23/2023 11:00,23.28,34.91,132,0.13,Reduce HVAC cooling to save energy.,0.15
3/23/2023 12:00,19.14,28.2,149,0.13,No action needed,0
3/23/2023 13:00,14.41,24.64,40,0.18,No action needed,0
3/23/2023 14:00,9.36,25.78,52,0.14,No action needed,0
3/23/2023 15:00,18.18,17.25,62,0.18,Investigate devices left on overnight.,0.13
3/23/2023 16:00,8.24,16.8,51,0.11,No action needed,0
3/23/2023 17:00,24.12,27.89,56,0.15,Reduce HVAC cooling to save energy.,0.18
3/23/2023 18:00,18.89,25.23,112,0.18,No action needed,0
3/23/2023 19:00,24.49,31.86,59,0.15,Reduce HVAC cooling to save energy.,0.18
3/23/2023 20:00,9.24,34.26,116,0.2,No action needed,0
3/23/2023 21:00,21.76,31.11,12,0.19,Reduce HVAC cooling to save energy.,0.21
3/23/2023 22:00,18.48,18.45,100,0.15,No action needed,0
3/23/2023 23:00,5.36,23.92,39,0.25,Shift heavy operations to off-peak hours.,0.09
3/24/2023 0:00,9.61,31.93,145,0.18,No action needed,0
3/24/2023 1:00,20.78,32.37,100,0.27,Reduce HVAC cooling to save energy.; Shift heavy operations to off-peak hours.,0.67
3/24/2023 2:00,11.1,22.57,86,0.26,Shift heavy operations to off-peak hours.; Investigate devices left on overnight.,0.32
3/24/2023 3:00,8.05,33.88,102,0.13,No action needed,0
3/24/2023 4:00,5.87,22.46,126,0.26,Shift heavy operations to off-peak hours.,0.11
3/24/2023 5:00,21.96,18.6,150,0.25,Shift heavy operations to off-peak hours.; Investigate devices left on overnight.,0.6
3/24/2023 6:00,19.14,21.69,71,0.18,No action needed,0
3/24/2023 7:00,8.64,21.75,54,0.29,Shift heavy operations to off-peak hours.,0.18
3/24/2023 8:00,14.2,19.35,140,0.25,Shift heavy operations to off-peak hours.,0.25
3/24/2023 9:00,5.29,15.03,62,0.28,Shift heavy operations to off-peak hours.,0.1
3/24/2023 10:00,9.26,25.74,29,0.11,No action needed,0
3/24/2023 11:00,12.04,17.65,33,0.2,No action needed,0
3/24/2023 12:00,17.4,20.53,23,0.13,No action needed,0
3/24/2023 13:00,12.8,25.31,22,0.25,Shift heavy operations to off-peak hours.,0.22
3/24/2023 14:00,13.17,18.15,105,0.13,No action needed,0
3/24/2023 15:00,17.27,16.89,5,0.21,Turn off unnecessary lights in unoccupied areas.; Shift heavy operations to off-peak hours.,0.36
3/24/2023 16:00,8.79,27.4,65,0.11,No action needed,0
3/24/2023 17:00,14.7,19.91,41,0.17,Investigate devices left on overnight.,0.1
3/24/2023 18:00,15.76,15.5,73,0.25,Shift heavy operations to off-peak hours.,0.28
3/24/2023 19:00,8.49,32.94,18,0.23,Shift heavy operations to off-peak hours.,0.14
3/24/2023 20:00,9.8,28.81,82,0.21,Shift heavy operations to off-peak hours.,0.14
3/24/2023 21:00,18.77,27.44,35,0.1,No action needed,0
3/24/2023 22:00,8.82,20.81,147,0.18,No action needed,0
3/24/2023 23:00,5.31,31.64,49,0.14,No action needed,0
3/25/2023 0:00,15.32,29.28,73,0.26,Shift heavy operations to off-peak hours.,0.28
3/25/2023 1:00,18.76,28.93,85,0.28,Shift heavy operations to off-peak hours.,0.37
3/25/2023 2:00,18.76,31.01,73,0.18,No action needed,0
3/25/2023 3:00,19.16,26.82,39,0.22,Shift heavy operations to off-peak hours.,0.3
3/25/2023 4:00,11.64,34.63,104,0.19,No action needed,0
3/25/2023 5:00,14.26,26.4,84,0.19,No action needed,0
3/25/2023 6:00,20.88,34,138,0.21,Reduce HVAC cooling to save energy.; Shift heavy operations to off-peak hours.,0.53
3/25/2023 7:00,10.89,23.96,140,0.26,Shift heavy operations to off-peak hours.,0.2
3/25/2023 8:00,19.06,15.35,37,0.11,No action needed,0
3/25/2023 9:00,14.51,34.53,147,0.14,No action needed,0
3/25/2023 10:00,11.8,15.82,91,0.23,Shift heavy operations to off-peak hours.,0.19
3/25/2023 11:00,23.05,18.48,41,0.17,No action needed,0
3/25/2023 12:00,7.14,27.29,26,0.1,No action needed,0
3/25/2023 13:00,24.82,17.92,133,0.11,Investigate devices left on overnight.,0.11
3/25/2023 14:00,6.76,20.89,32,0.23,Shift heavy operations to off-peak hours.,0.11
3/25/2023 15:00,6.06,26.34,137,0.1,No action needed,0
3/25/2023 16:00,12.35,25.04,33,0.16,No action needed,0
3/25/2023 17:00,7.54,18.57,11,0.2,No action needed,0
3/25/2023 18:00,16.65,21.73,55,0.25,Shift heavy operations to off-peak hours.,0.29
3/25/2023 19:00,19.85,15.23,49,0.17,Investigate devices left on overnight.,0.13
3/25/2023 20:00,14.65,15.14,49,0.13,No action needed,0
3/25/2023 21:00,21.61,20.59,96,0.2,No action needed,0
3/25/2023 22:00,11.97,18.84,86,0.2,No action needed,0
3/25/2023 23:00,15.59,22.45,76,0.21,Shift heavy operations to off-peak hours.,0.23
3/26/2023 0:00,11.18,32.36,38,0.12,Investigate devices left on overnight.,0.05
3/26/2023 1:00,7.41,25.9,18,0.15,No action needed,0
3/26/2023 2:00,15.98,26.73,36,0.22,Shift heavy operations to off-peak hours.,0.25
3/26/2023 3:00,9.76,18.14,145,0.29,Shift heavy operations to off-peak hours.,0.2
3/26/2023 4:00,18.15,32.46,41,0.15,No action needed,0
3/26/2023 5:00,10.62,24.25,30,0.28,Shift heavy operations to off-peak hours.,0.21
3/26/2023 6:00,7.85,17.01,85,0.14,No action needed,0
3/26/2023 7:00,13.57,25.23,133,0.18,No action needed,0
3/26/2023 8:00,24.76,28.94,58,0.17,Reduce HVAC cooling to save energy.,0.21
3/26/2023 9:00,23.35,21.01,101,0.1,No action needed,0
3/26/2023 10:00,6.56,32.87,14,0.11,No action needed,0
3/26/2023 11:00,18.7,31.42,41,0.15,No action needed,0
3/26/2023 12:00,20.65,29.12,8,0.15,Reduce HVAC cooling to save energy.; Turn off unnecessary lights in unoccupied areas.,0.25
3/26/2023 13:00,10.55,25.74,23,0.11,No action needed,0
3/26/2023 14:00,19.66,17.53,83,0.28,Shift heavy operations to off-peak hours.; Investigate devices left on overnight.,0.61
3/26/2023 15:00,18.98,22.98,129,0.22,Shift heavy operations to off-peak hours.,0.29
3/26/2023 16:00,19.29,21,9,0.19,Turn off unnecessary lights in unoccupied areas.,0.11
3/26/2023 17:00,9.52,23.11,61,0.11,No action needed,0
3/26/2023 18:00,6.55,27.5,83,0.14,No action needed,0
3/26/2023 19:00,15.95,23.11,19,0.16,No action needed,0
3/26/2023 20:00,11.55,33.73,145,0.17,No action needed,0
3/26/2023 21:00,9.65,25.99,40,0.29,Shift heavy operations to off-peak hours.,0.2
3/26/2023 22:00,15.14,28.32,64,0.2,No action needed,0
3/26/2023 23:00,9.4,17.41,76,0.27,Shift heavy operations to off-peak hours.,0.18
3/27/2023 0:00,21.32,34.17,128,0.2,Reduce HVAC cooling to save energy.,0.21
3/27/2023 1:00,21.26,17.45,56,0.18,No action needed,0
3/27/2023 2:00,6.7,17.68,39,0.22,Shift heavy operations to off-peak hours.,0.1
3/27/2023 3:00,8.91,31.29,53,0.11,No action needed,0
3/27/2023 4:00,23.18,17.8,29,0.26,Shift heavy operations to off-peak hours.,0.42
3/27/2023 5:00,14.4,20.84,25,0.21,Shift heavy operations to off-peak hours.,0.21
3/27/2023 6:00,13.71,34.95,11,0.3,Shift heavy operations to off-peak hours.; Investigate devices left on overnight.,0.45
3/27/2023 7:00,8.09,30.38,109,0.25,Shift heavy operations to off-peak hours.,0.14
3/27/2023 8:00,6.17,23,85,0.16,No action needed,0
3/27/2023 9:00,17.31,19.82,18,0.25,Shift heavy operations to off-peak hours.,0.3
3/27/2023 10:00,5.25,28.97,89,0.21,Shift heavy operations to off-peak hours.,0.08
3/27/2023 11:00,10.39,17.72,57,0.19,No action needed,0
3/27/2023 12:00,17.02,24.63,76,0.14,Investigate devices left on overnight.,0.1
3/27/2023 13:00,6.51,28.19,11,0.16,No action needed,0
3/27/2023 14:00,12.23,25.11,62,0.15,No action needed,0
3/27/2023 15:00,5.17,17.46,20,0.28,Shift heavy operations to off-peak hours.,0.1
3/27/2023 16:00,16.61,21.85,54,0.12,No action needed,0
3/27/2023 17:00,13.82,33.84,50,0.19,No action needed,0
3/27/2023 18:00,9.56,26.15,105,0.26,Shift heavy operations to off-peak hours.,0.17
3/27/2023 19:00,15.48,33.62,53,0.2,No action needed,0
3/27/2023 20:00,23.41,22.95,131,0.24,Shift heavy operations to off-peak hours.,0.39
3/27/2023 21:00,5.53,30.47,27,0.18,No action needed,0
3/27/2023 22:00,24.3,26.9,102,0.14,Reduce HVAC cooling to save energy.,0.17
3/27/2023 23:00,13.08,26.31,96,0.13,No action needed,0
3/28/2023 0:00,8.65,34.54,130,0.29,Shift heavy operations to off-peak hours.,0.18
3/28/2023 1:00,11.47,16.84,86,0.26,Shift heavy operations to off-peak hours.,0.21
3/28/2023 2:00,17.82,34.88,12,0.29,Shift heavy operations to off-peak hours.,0.36
3/28/2023 3:00,7.54,15.99,122,0.18,No action needed,0
3/28/2023 4:00,22.49,15.41,26,0.26,Shift heavy operations to off-peak hours.; Investigate devices left on overnight.,0.64
3/28/2023 5:00,11.49,21.2,17,0.12,No action needed,0
3/28/2023 6:00,10.59,32.71,89,0.23,Shift heavy operations to off-peak hours.,0.17
3/28/2023 7:00,5.55,16.39,131,0.27,Shift heavy operations to off-peak hours.,0.1
3/28/2023 8:00,24.56,25.82,138,0.18,Reduce HVAC cooling to save energy.,0.22
3/28/2023 9:00,8.77,26.67,80,0.23,Shift heavy operations to off-peak hours.,0.14
3/28/2023 10:00,15.99,19.4,81,0.24,Shift heavy operations to off-peak hours.,0.27
3/28/2023 11:00,17.9,18.61,27,0.17,No action needed,0
3/28/2023 12:00,19.08,19.28,88,0.27,Shift heavy operations to off-peak hours.; Investigate devices left on overnight.,0.57
3/28/2023 13:00,23.35,27.17,77,0.24,Reduce HVAC cooling to save energy.; Shift heavy operations to off-peak hours.,0.67
3/28/2023 14:00,6.69,32.27,34,0.18,No action needed,0
3/28/2023 15:00,23.92,28.42,121,0.16,Reduce HVAC cooling to save energy.,0.19
3/28/2023 16:00,8.61,20.52,80,0.19,No action needed,0
3/28/2023 17:00,5.1,26.34,57,0.14,No action needed,0
3/28/2023 18:00,12.01,17.97,121,0.14,No action needed,0
3/28/2023 19:00,7.17,25.86,90,0.26,Shift heavy operations to off-peak hours.,0.13
3/28/2023 20:00,22.09,22.15,133,0.15,No action needed,0
3/28/2023 21:00,23.53,17.59,108,0.29,Shift heavy operations to off-peak hours.,0.48
3/28/2023 22:00,19.68,17.82,144,0.1,No action needed,0
3/28/2023 23:00,8.42,20.62,18,0.13,No action needed,0
3/29/2023 0:00,11.89,22.92,130,0.16,No action needed,0
3/29/2023 1:00,21.2,27.62,26,0.26,Reduce HVAC cooling to save energy.; Shift heavy operations to off-peak hours.,0.66
3/29/2023 2:00,5.79,34.28,107,0.22,Shift heavy operations to off-peak hours.,0.09
3/29/2023 3:00,7.34,24.72,123,0.15,No action needed,0
3/29/2023 4:00,10.88,21.08,111,0.29,Shift heavy operations to off-peak hours.; Investigate devices left on overnight.,0.35
3/29/2023 5:00,5.44,28.73,69,0.27,Shift heavy operations to off-peak hours.,0.1
3/29/2023 6:00,17.33,15.17,11,0.24,Shift heavy operations to off-peak hours.,0.29
3/29/2023 7:00,7,28.88,91,0.15,No action needed,0
3/29/2023 8:00,12.31,17.38,14,0.29,Shift heavy operations to off-peak hours.,0.25
3/29/2023 9:00,14.21,17.12,66,0.24,Shift heavy operations to off-peak hours.; Investigate devices left on overnight.,0.38
3/29/2023 10:00,21.1,23.07,19,0.27,Shift heavy operations to off-peak hours.,0.4
3/29/2023 11:00,24.28,18.64,95,0.21,Shift heavy operations to off-peak hours.; Investigate devices left on overnight.,0.56
3/29/2023 12:00,9.07,20.79,107,0.29,Shift heavy operations to off-peak hours.,0.18
3/29/2023 13:00,9.57,19.41,25,0.2,No action needed,0
3/29/2023 14:00,7.04,26.56,149,0.27,Shift heavy operations to off-peak hours.,0.13
3/29/2023 15:00,7.83,29.68,15,0.2,No action needed,0
3/29/2023 16:00,23.28,31.47,53,0.14,Reduce HVAC cooling to save energy.,0.16
3/29/2023 17:00,7.86,32.84,71,0.21,Shift heavy operations to off-peak hours.,0.12
3/29/2023 18:00,13,33.92,41,0.14,No action needed,0
3/29/2023 19:00,18.38,23.7,57,0.19,Investigate devices left on overnight.,0.14
3/29/2023 20:00,22.37,23.74,84,0.12,No action needed,0
3/29/2023 21:00,21.91,26.64,121,0.17,Reduce HVAC cooling to save energy.,0.19
3/29/2023 22:00,19.31,21.64,25,0.3,Shift heavy operations to off-peak hours.,0.41
3/29/2023 23:00,8.89,17.01,79,0.26,Shift heavy operations to off-peak hours.,0.16
3/30/2023 0:00,9.77,25.17,53,0.1,No action needed,0
3/30/2023 1:00,14.76,19.88,53,0.15,No action needed,0
3/30/2023 2:00,24.75,26.5,117,0.19,Reduce HVAC cooling to save energy.,0.24
3/30/2023 3:00,18.52,29.03,18,0.27,Shift heavy operations to off-peak hours.,0.35
3/30/2023 4:00,24.31,20.45,119,0.24,Shift heavy operations to off-peak hours.; Investigate devices left on overnight.,0.64
3/30/2023 5:00,15.13,31.91,144,0.11,Investigate devices left on overnight.,0.07
3/30/2023 6:00,5.02,28.23,134,0.29,Shift heavy operations to off-peak hours.,0.1
3/30/2023 7:00,21.63,27.83,21,0.17,Reduce HVAC cooling to save energy.,0.18
3/30/2023 8:00,12.85,18.64,123,0.2,No action needed,0
3/30/2023 9:00,21.57,33.98,145,0.11,Reduce HVAC cooling to save energy.; Investigate devices left on overnight.,0.21
3/30/2023 10:00,21.11,19.77,84,0.17,Investigate devices left on overnight.,0.14
3/30/2023 11:00,13.84,22.38,59,0.24,Shift heavy operations to off-peak hours.,0.23
3/30/2023 12:00,5.55,23.22,101,0.15,No action needed,0
3/30/2023 13:00,24.03,25.13,97,0.27,Reduce HVAC cooling to save energy.; Shift heavy operations to off-peak hours.,0.78
3/30/2023 14:00,22.62,25.94,32,0.17,Reduce HVAC cooling to save energy.,0.19
3/30/2023 15:00,19.17,28.28,65,0.18,No action needed,0
3/30/2023 16:00,16.46,18.07,108,0.14,No action needed,0
3/30/2023 17:00,8.18,15.93,79,0.19,No action needed,0
3/30/2023 18:00,8.49,31.5,21,0.16,No action needed,0
3/30/2023 19:00,22.48,15.6,143,0.2,No action needed,0
3/30/2023 20:00,8.24,32.23,18,0.24,Shift heavy operations to off-peak hours.,0.14
3/30/2023 21:00,16.43,25.94,94,0.26,Shift heavy operations to off-peak hours.,0.3
3/30/2023 22:00,16.81,31.95,111,0.22,Shift heavy operations to off-peak hours.,0.26
3/30/2023 23:00,20.61,18.78,64,0.23,Shift heavy operations to off-peak hours.,0.33
3/31/2023 0:00,21.04,30.74,107,0.24,Reduce HVAC cooling to save energy.; Shift heavy operations to off-peak hours.; Investigate devices left on overnight.,0.81
3/31/2023 1:00,19.54,29.32,33,0.18,No action needed,0
3/31/2023 2:00,12.86,31.91,116,0.14,No action needed,0
3/31/2023 3:00,17.73,31.8,55,0.28,Shift heavy operations to off-peak hours.,0.35
3/31/2023 4:00,10.33,19.71,51,0.27,Shift heavy operations to off-peak hours.,0.2
3/31/2023 5:00,24.33,24.54,147,0.29,Shift heavy operations to off-peak hours.,0.49
3/31/2023 6:00,5.4,33.5,109,0.19,No action needed,0
3/31/2023 7:00,8.24,18.55,23,0.19,No action needed,0
3/31/2023 8:00,14.56,32.77,136,0.13,Investigate devices left on overnight.,0.08
3/31/2023 9:00,21.71,24.82,61,0.1,No action needed,0
3/31/2023 10:00,18.89,15.83,137,0.19,No action needed,0
3/31/2023 11:00,14.12,34.34,66,0.19,No action needed,0
3/31/2023 12:00,19.02,24.5,132,0.16,No action needed,0
3/31/2023 13:00,23.87,24.17,9,0.11,Turn off unnecessary lights in unoccupied areas.,0.08
3/31/2023 14:00,23.28,16.68,124,0.12,Investigate devices left on overnight.,0.11
3/31/2023 15:00,12.27,29.29,100,0.12,No action needed,0
3/31/2023 16:00,22.43,34.81,137,0.21,Reduce HVAC cooling to save energy.; Shift heavy operations to off-peak hours.,0.57
3/31/2023 17:00,10.39,25.74,71,0.14,No action needed,0
3/31/2023 18:00,11.77,21.19,46,0.3,Shift heavy operations to off-peak hours.; Investigate devices left on overnight.,0.39
3/31/2023 19:00,6.69,21.35,24,0.21,Shift heavy operations to off-peak hours.,0.1
3/31/2023 20:00,13.12,28.43,85,0.25,Shift heavy operations to off-peak hours.,0.23
3/31/2023 21:00,6.88,32.75,66,0.17,No action needed,0
3/31/2023 22:00,17.51,21.3,40,0.15,Investigate devices left on overnight.,0.11
3/31/2023 23:00,21.22,28.07,56,0.29,Reduce HVAC cooling to save energy.; Shift heavy operations to off-peak hours.,0.74
4/1/2023 0:00,22.74,25.61,11,0.21,Reduce HVAC cooling to save energy.; Shift heavy operations to off-peak hours.,0.57
4/1/2023 1:00,23.74,17.35,96,0.21,Shift heavy operations to off-peak hours.,0.35
4/1/2023 2:00,8.88,26.29,93,0.16,No action needed,0
4/1/2023 3:00,24.05,18.74,95,0.17,Investigate devices left on overnight.,0.16
4/1/2023 4:00,18.61,23.2,57,0.1,No action needed,0
4/1/2023 5:00,24.43,16.66,9,0.21,Turn off unnecessary lights in unoccupied areas.; Shift heavy operations to off-peak hours.,0.51
4/1/2023 6:00,18.83,24.24,139,0.16,Investigate devices left on overnight.,0.12
4/1/2023 7:00,15.03,17.01,49,0.16,Investigate devices left on overnight.,0.1
4/1/2023 8:00,14.97,30.75,82,0.1,Investigate devices left on overnight.,0.06
4/1/2023 9:00,10.88,18.02,11,0.23,Shift heavy operations to off-peak hours.; Investigate devices left on overnight.,0.28
4/1/2023 10:00,19.26,24.3,20,0.11,Investigate devices left on overnight.,0.08
4/1/2023 11:00,12.47,25.88,118,0.29,Shift heavy operations to off-peak hours.,0.25
4/1/2023 12:00,21.61,16.94,124,0.29,Shift heavy operations to off-peak hours.,0.44
4/1/2023 13:00,9.37,21.45,25,0.13,No action needed,0
4/1/2023 14:00,12.04,16.38,6,0.13,Turn off unnecessary lights in unoccupied areas.,0.05
4/1/2023 15:00,7.03,28.97,62,0.1,No action needed,0
4/1/2023 16:00,6.51,28.35,75,0.23,Shift heavy operations to off-peak hours.,0.1
4/1/2023 17:00,21.55,34.42,75,0.15,Reduce HVAC cooling to save energy.; Investigate devices left on overnight.,0.29
4/1/2023 18:00,24.52,26.34,12,0.2,Reduce HVAC cooling to save energy.,0.25
4/1/2023 19:00,20.77,34.74,62,0.17,Reduce HVAC cooling to save energy.; Investigate devices left on overnight.,0.32
4/1/2023 20:00,16.85,34.24,26,0.19,Investigate devices left on overnight.,0.13
4/1/2023 21:00,22.51,18.24,81,0.2,No action needed,0
4/1/2023 22:00,21.23,23.28,42,0.24,Shift heavy operations to off-peak hours.; Investigate devices left on overnight.,0.56
4/1/2023 23:00,13.4,32.86,39,0.29,Shift heavy operations to off-peak hours.,0.27
4/2/2023 0:00,15.91,22.35,104,0.23,Shift heavy operations to off-peak hours.,0.26
4/2/2023 1:00,18.06,20.33,93,0.14,No action needed,0
4/2/2023 2:00,11.92,25.41,79,0.23,Shift heavy operations to off-peak hours.,0.19
4/2/2023 3:00,11.55,26.98,75,0.14,No action needed,0
4/2/2023 4:00,12.59,31.47,78,0.28,Shift heavy operations to off-peak hours.; Investigate devices left on overnight.,0.39
4/2/2023 5:00,24.76,15.1,45,0.2,No action needed,0
4/2/2023 6:00,5.2,26.69,110,0.25,Shift heavy operations to off-peak hours.,0.09
4/2/2023 7:00,10.38,19,124,0.27,Shift heavy operations to off-peak hours.; Investigate devices left on overnight.,0.31
4/2/2023 8:00,15.34,33.75,100,0.19,No action needed,0
4/2/2023 9:00,15.3,32.79,91,0.23,Shift heavy operations to off-peak hours.,0.25
4/2/2023 10:00,18.42,19.75,45,0.3,Shift heavy operations to off-peak hours.,0.39
4/2/2023 11:00,22.38,28.95,17,0.27,Reduce HVAC cooling to save energy.; Shift heavy operations to off-peak hours.,0.73
4/2/2023 12:00,12.15,31.62,32,0.14,Investigate devices left on overnight.,0.07
4/2/2023 13:00,7.59,27.14,143,0.19,No action needed,0
4/2/2023 14:00,12.63,29.7,148,0.17,No action needed,0
4/2/2023 15:00,23.47,17.41,65,0.29,Shift heavy operations to off-peak hours.,0.48
4/2/2023 16:00,10.86,20.02,140,0.23,Shift heavy operations to off-peak hours.; Investigate devices left on overnight.,0.27
4/2/2023 17:00,7.42,26.02,8,0.19,Turn off unnecessary lights in unoccupied areas.,0.04
4/2/2023 18:00,16.81,29.93,60,0.18,Investigate devices left on overnight.,0.12
4/2/2023 19:00,22.44,18.19,34,0.11,No action needed,0
4/2/2023 20:00,6.01,29.45,84,0.19,No action needed,0
4/2/2023 21:00,17.75,30.83,97,0.17,No action needed,0
4/2/2023 22:00,22.24,17.72,82,0.17,No action needed,0
4/2/2023 23:00,24.21,17.49,38,0.19,No action needed,0
4/3/2023 0:00,8.7,34.85,135,0.17,No action needed,0
4/3/2023 1:00,13.53,24.4,100,0.16,Investigate devices left on overnight.,0.09
4/3/2023 2:00,17.5,34.22,101,0.13,No action needed,0
4/3/2023 3:00,5.14,18.57,134,0.3,Shift heavy operations to off-peak hours.,0.11
4/3/2023 4:00,7.73,17.49,32,0.26,Shift heavy operations to off-peak hours.,0.14
4/3/2023 5:00,10.62,25.65,139,0.18,No action needed,0
4/3/2023 6:00,15.06,15.82,141,0.12,No action needed,0
4/3/2023 7:00,9.35,20.57,9,0.28,Turn off unnecessary lights in unoccupied areas.; Shift heavy operations to off-peak hours.,0.26
4/3/2023 8:00,15.88,34.86,90,0.26,Shift heavy operations to off-peak hours.; Investigate devices left on overnight.,0.45
4/3/2023 9:00,11.34,23.49,93,0.15,Investigate devices left on overnight.,0.07
4/3/2023 10:00,19.55,24.67,69,0.24,Shift heavy operations to off-peak hours.,0.33
4/3/2023 11:00,14.03,17.04,123,0.22,Shift heavy operations to off-peak hours.,0.22
4/3/2023 12:00,9.47,24.9,21,0.15,No action needed,0
4/3/2023 13:00,13.28,32.75,145,0.2,No action needed,0
4/3/2023 14:00,20.89,21.45,135,0.26,Shift heavy operations to off-peak hours.,0.38
4/3/2023 15:00,10.51,19.27,119,0.25,Shift heavy operations to off-peak hours.; Investigate devices left on overnight.,0.29
4/3/2023 16:00,22.67,22.73,48,0.19,No action needed,0
4/3/2023 17:00,22.13,27.88,18,0.19,Reduce HVAC cooling to save energy.,0.21
4/3/2023 18:00,11.22,21.4,18,0.15,No action needed,0
4/3/2023 19:00,17.65,31.31,112,0.21,Shift heavy operations to off-peak hours.,0.26
4/3/2023 20:00,6.86,32.77,38,0.18,No action needed,0
4/3/2023 21:00,17.84,30.93,52,0.27,Shift heavy operations to off-peak hours.; Investigate devices left on overnight.,0.53
4/3/2023 22:00,23.11,33.09,81,0.19,Reduce HVAC cooling to save energy.,0.22
4/3/2023 23:00,11.09,17.93,89,0.17,No action needed,0
4/4/2023 0:00,5.44,15.15,124,0.23,Shift heavy operations to off-peak hours.,0.09
4/4/2023 1:00,16.61,18.03,89,0.13,No action needed,0
4/4/2023 2:00,20.24,25.93,31,0.22,Reduce HVAC cooling to save energy.; Shift heavy operations to off-peak hours.; Investigate devices left on overnight.,0.71
4/4/2023 3:00,17.15,33.99,15,0.27,Shift heavy operations to off-peak hours.; Investigate devices left on overnight.,0.51
4/4/2023 4:00,10.28,26.89,98,0.22,Shift heavy operations to off-peak hours.,0.16
4/4/2023 5:00,15.46,16.56,18,0.17,No action needed,0
4/4/2023 6:00,9.41,26.29,45,0.17,No action needed,0
4/4/2023 7:00,12.33,20.85,22,0.19,No action needed,0
4/4/2023 8:00,14.03,22.61,141,0.25,Shift heavy operations to off-peak hours.,0.25
4/4/2023 9:00,19.28,24.82,22,0.29,Shift heavy operations to off-peak hours.,0.39
4/4/2023 10:00,10.61,17.65,5,0.13,Turn off unnecessary lights in unoccupied areas.; Investigate devices left on overnight.,0.1
4/4/2023 11:00,6.76,31.93,47,0.21,Shift heavy operations to off-peak hours.,0.1
4/4/2023 12:00,21.21,21.24,19,0.1,No action needed,0
4/4/2023 13:00,18.12,31.32,82,0.19,No action needed,0
4/4/2023 14:00,19.31,22.85,53,0.22,Shift heavy operations to off-peak hours.,0.3
4/4/2023 15:00,12.1,16.84,120,0.15,No action needed,0
4/4/2023 16:00,18.32,15.82,102,0.14,No action needed,0
4/4/2023 17:00,9.02,28.97,116,0.14,No action needed,0
4/4/2023 18:00,19.78,18.26,61,0.15,No action needed,0
4/4/2023 19:00,24.37,19.08,84,0.12,No action needed,0
4/4/2023 20:00,7.53,16.62,53,0.2,No action needed,0
4/4/2023 21:00,21.41,29.12,145,0.27,Reduce HVAC cooling to save energy.; Shift heavy operations to off-peak hours.,0.69
4/4/2023 22:00,17.82,27.84,27,0.15,No action needed,0
4/4/2023 23:00,20.58,27.51,101,0.14,Reduce HVAC cooling to save energy.; Investigate devices left on overnight.,0.26
4/5/2023 0:00,5.1,15.75,128,0.17,No action needed,0
4/5/2023 1:00,15.91,25.92,119,0.13,Investigate devices left on overnight.,0.08
4/5/2023 2:00,10.95,26.74,107,0.26,Shift heavy operations to off-peak hours.,0.2
4/5/2023 3:00,19.47,24.07,121,0.19,No action needed,0
4/5/2023 4:00,16.76,30.68,86,0.2,No action needed,0
4/5/2023 5:00,15.89,32.36,110,0.25,Shift heavy operations to off-peak hours.,0.28
4/5/2023 6:00,14.61,17.43,50,0.11,No action needed,0
4/5/2023 7:00,19.68,31.38,42,0.12,No action needed,0
4/5/2023 8:00,11.9,32.78,11,0.1,No action needed,0
4/5/2023 9:00,9.43,29.41,64,0.12,No action needed,0
4/5/2023 10:00,6.01,26.16,133,0.18,No action needed,0
4/5/2023 11:00,10.28,22.98,84,0.17,No action needed,0
4/5/2023 12:00,24.47,15.91,38,0.24,Shift heavy operations to off-peak hours.,0.41
4/5/2023 13:00,15.59,20.73,88,0.25,Shift heavy operations to off-peak hours.,0.27
4/5/2023 14:00,10.94,32.27,136,0.16,No action needed,0
4/5/2023 15:00,7.58,26.56,110,0.18,No action needed,0
4/5/2023 16:00,16.26,17.47,97,0.15,No action needed,0
4/5/2023 17:00,8.53,15.13,23,0.25,Shift heavy operations to off-peak hours.,0.15
4/5/2023 18:00,17.95,16.08,6,0.29,Turn off unnecessary lights in unoccupied areas.; Shift heavy operations to off-peak hours.,0.52
4/5/2023 19:00,19.1,19.69,17,0.18,No action needed,0
4/5/2023 20:00,18.24,24.17,55,0.15,No action needed,0
4/5/2023 21:00,11.04,21.89,30,0.2,Investigate devices left on overnight.,0.09
4/5/2023 22:00,21.07,33.05,101,0.14,Reduce HVAC cooling to save energy.,0.15
4/5/2023 23:00,16.57,23.95,131,0.26,Shift heavy operations to off-peak hours.,0.3
4/6/2023 0:00,5.84,26.85,9,0.16,Turn off unnecessary lights in unoccupied areas.,0.03
4/6/2023 1:00,13.9,18.35,9,0.3,Turn off unnecessary lights in unoccupied areas.; Shift heavy operations to off-peak hours.; Investigate devices left on overnight.,0.58
4/6/2023 2:00,23.13,15.6,136,0.26,Shift heavy operations to off-peak hours.,0.42
4/6/2023 3:00,11.62,25.56,28,0.19,No action needed,0
4/6/2023 4:00,11.28,33.16,110,0.29,Shift heavy operations to off-peak hours.,0.23
4/6/2023 5:00,10.3,31.74,132,0.19,Investigate devices left on overnight.,0.08
4/6/2023 6:00,20.17,19.31,47,0.21,Shift heavy operations to off-peak hours.,0.3
4/6/2023 7:00,18.45,31.02,123,0.19,No action needed,0
4/6/2023 8:00,11.93,23.65,15,0.29,Shift heavy operations to off-peak hours.,0.24
4/6/2023 9:00,8.46,21.29,38,0.22,Shift heavy operations to off-peak hours.,0.13
4/6/2023 10:00,24.42,21.07,38,0.3,Shift heavy operations to off-peak hours.,0.51
4/6/2023 11:00,12.63,27.5,86,0.23,Shift heavy operations to off-peak hours.,0.2
4/6/2023 12:00,20.19,32.74,75,0.11,Reduce HVAC cooling to save energy.,0.11
4/6/2023 13:00,15.95,32.9,46,0.29,Shift heavy operations to off-peak hours.,0.32
4/6/2023 14:00,24.3,16.45,96,0.26,Shift heavy operations to off-peak hours.,0.44
4/6/2023 15:00,23,30.46,90,0.18,Reduce HVAC cooling to save energy.,0.21
4/6/2023 16:00,17.76,15.3,35,0.17,Investigate devices left on overnight.,0.12
4/6/2023 17:00,18.01,34.35,63,0.1,No action needed,0
4/6/2023 18:00,23.38,19.13,92,0.25,Shift heavy operations to off-peak hours.; Investigate devices left on overnight.,0.64
4/6/2023 19:00,22.02,26.52,59,0.24,Reduce HVAC cooling to save energy.; Shift heavy operations to off-peak hours.,0.63
4/6/2023 20:00,17.99,15.49,128,0.13,No action needed,0
4/6/2023 21:00,12.87,24.35,5,0.28,Turn off unnecessary lights in unoccupied areas.; Shift heavy operations to off-peak hours.,0.36
4/6/2023 22:00,23.26,17.68,128,0.21,Shift heavy operations to off-peak hours.,0.34
4/6/2023 23:00,7.76,15.77,138,0.27,Shift heavy operations to off-peak hours.,0.15
4/7/2023 0:00,18.68,26.25,124,0.24,Shift heavy operations to off-peak hours.,0.31
4/7/2023 1:00,14.92,27.56,136,0.19,No action needed,0
4/7/2023 2:00,18.25,31.09,32,0.27,Shift heavy operations to off-peak hours.,0.34
4/7/2023 3:00,11.09,30.37,65,0.19,Investigate devices left on overnight.,0.08
4/7/2023 4:00,5.97,29.84,112,0.27,Shift heavy operations to off-peak hours.,0.11
4/7/2023 5:00,11.08,23.9,113,0.14,No action needed,0
4/7/2023 6:00,6.1,16.38,130,0.18,No action needed,0
4/7/2023 7:00,18.14,24.3,95,0.23,Shift heavy operations to off-peak hours.,0.29
4/7/2023 8:00,23.17,21.77,114,0.28,Shift heavy operations to off-peak hours.,0.45
4/7/2023 9:00,18.67,28.29,146,0.21,Shift heavy operations to off-peak hours.; Investigate devices left on overnight.,0.43
4/7/2023 10:00,13.35,18.96,57,0.16,No action needed,0
4/7/2023 11:00,13.16,28.48,103,0.27,Shift heavy operations to off-peak hours.,0.25
4/7/2023 12:00,21.16,25.94,117,0.14,Reduce HVAC cooling to save energy.,0.15
4/7/2023 13:00,6.24,17.9,30,0.18,No action needed,0
4/7/2023 14:00,7.92,21.83,98,0.21,Shift heavy operations to off-peak hours.,0.12
4/7/2023 15:00,9.73,26.7,49,0.13,No action needed,0
4/7/2023 16:00,19.47,30.46,148,0.14,No action needed,0
4/7/2023 17:00,24.46,25.68,80,0.19,Reduce HVAC cooling to save energy.,0.23
4/7/2023 18:00,15.87,27.07,27,0.26,Shift heavy operations to off-peak hours.,0.29
4/7/2023 19:00,7.24,26.11,65,0.29,Shift heavy operations to off-peak hours.,0.15
4/7/2023 20:00,19.9,22.36,8,0.16,Turn off unnecessary lights in unoccupied areas.,0.1
4/7/2023 21:00,12.1,22.07,90,0.14,No action needed,0
4/7/2023 22:00,9.63,29.09,133,0.15,No action needed,0
4/7/2023 23:00,8.05,26.93,127,0.14,No action needed,0
4/8/2023 0:00,6.64,19.41,5,0.15,Turn off unnecessary lights in unoccupied areas.,0.03
4/8/2023 1:00,8.56,17.04,134,0.14,No action needed,0
4/8/2023 2:00,11.04,27.95,89,0.11,Investigate devices left on overnight.,0.05
4/8/2023 3:00,22.86,22.79,27,0.25,Shift heavy operations to off-peak hours.,0.4
4/8/2023 4:00,18.53,26.58,32,0.13,No action needed,0
4/8/2023 5:00,5.86,32.74,93,0.17,No action needed,0
4/8/2023 6:00,12.51,25.92,53,0.21,Shift heavy operations to off-peak hours.,0.18
4/8/2023 7:00,6.41,27.28,110,0.14,No action needed,0
4/8/2023 8:00,7.97,23.8,118,0.15,No action needed,0
4/8/2023 9:00,8.4,25.8,135,0.27,Shift heavy operations to off-peak hours.,0.16
4/8/2023 10:00,10.72,18.28,99,0.28,Shift heavy operations to off-peak hours.,0.21
4/8/2023 11:00,10.13,21.48,87,0.16,No action needed,0
4/8/2023 12:00,10.92,21.82,140,0.3,Shift heavy operations to off-peak hours.,0.23
4/8/2023 13:00,8.37,26.8,124,0.2,No action needed,0
4/8/2023 14:00,6.76,23.95,35,0.23,Shift heavy operations to off-peak hours.,0.11
4/8/2023 15:00,18.89,31.36,130,0.3,Shift heavy operations to off-peak hours.,0.4
4/8/2023 16:00,13.41,23.94,8,0.16,Turn off unnecessary lights in unoccupied areas.,0.06
4/8/2023 17:00,24.11,31.33,40,0.19,Reduce HVAC cooling to save energy.; Investigate devices left on overnight.,0.41
4/8/2023 18:00,19.53,29.04,57,0.16,No action needed,0
4/8/2023 19:00,24.41,34.69,122,0.25,Reduce HVAC cooling to save energy.; Shift heavy operations to off-peak hours.; Investigate devices left on overnight.,0.98
4/8/2023 20:00,11.33,16.32,114,0.27,Shift heavy operations to off-peak hours.,0.21
4/8/2023 21:00,21.91,30.74,35,0.19,Reduce HVAC cooling to save energy.,0.21
4/8/2023 22:00,13.07,30.7,39,0.11,No action needed,0
4/8/2023 23:00,13.64,30.22,88,0.14,No action needed,0
4/9/2023 0:00,15.68,32.12,25,0.23,Shift heavy operations to off-peak hours.,0.25
4/9/2023 1:00,16.9,23.02,47,0.29,Shift heavy operations to off-peak hours.,0.34
4/9/2023 2:00,13.59,29.83,120,0.27,Shift heavy operations to off-peak hours.,0.26
4/9/2023 3:00,18.8,34.84,132,0.1,Investigate devices left on overnight.,0.08
4/9/2023 4:00,17.91,15.36,44,0.23,Shift heavy operations to off-peak hours.,0.29
4/9/2023 5:00,14,17.55,38,0.17,No action needed,0
4/9/2023 6:00,11.71,22.19,26,0.28,Shift heavy operations to off-peak hours.,0.23
4/9/2023 7:00,24.64,21.36,52,0.11,No action needed,0
4/9/2023 8:00,19.56,20.34,127,0.27,Shift heavy operations to off-peak hours.,0.37
4/9/2023 9:00,13.68,34.32,99,0.18,No action needed,0
4/9/2023 10:00,14.86,16.93,83,0.19,No action needed,0
4/9/2023 11:00,13.73,22,62,0.16,No action needed,0
4/9/2023 12:00,14.49,34.09,70,0.1,No action needed,0
4/9/2023 13:00,18.89,34.91,106,0.12,No action needed,0
4/9/2023 14:00,12.5,27.48,96,0.18,No action needed,0
4/9/2023 15:00,7.56,31.31,32,0.23,Shift heavy operations to off-peak hours.,0.12
4/9/2023 16:00,7.1,30.05,113,0.25,Shift heavy operations to off-peak hours.,0.12
4/9/2023 17:00,8.78,34.89,13,0.25,Shift heavy operations to off-peak hours.,0.15
4/9/2023 18:00,6.05,15.32,119,0.17,No action needed,0
4/9/2023 19:00,18.21,19.81,94,0.21,Shift heavy operations to off-peak hours.,0.27
4/9/2023 20:00,12.1,32.55,115,0.14,No action needed,0
4/9/2023 21:00,13.31,23.85,40,0.17,No action needed,0
4/9/2023 22:00,23.11,33.87,6,0.23,Reduce HVAC cooling to save energy.; Turn off unnecessary lights in unoccupied areas.; Shift heavy operations to off-peak hours.,0.8
4/9/2023 23:00,18.51,23.11,93,0.28,Shift heavy operations to off-peak hours.,0.36
4/10/2023 0:00,24.64,27.56,108,0.21,Reduce HVAC cooling to save energy.; Shift heavy operations to off-peak hours.,0.62
4/10/2023 1:00,15.48,26.28,62,0.25,Shift heavy operations to off-peak hours.,0.27
4/10/2023 2:00,14.94,23.21,97,0.23,Shift heavy operations to off-peak hours.; Investigate devices left on overnight.,0.38
4/10/2023 3:00,22.64,34.6,72,0.22,Reduce HVAC cooling to save energy.; Shift heavy operations to off-peak hours.,0.6
4/10/2023 4:00,8.66,16.89,138,0.15,No action needed,0
4/10/2023 5:00,22.13,21.86,8,0.19,Turn off unnecessary lights in unoccupied areas.,0.13
4/10/2023 6:00,12.09,28.97,31,0.19,No action needed,0
4/10/2023 7:00,16.65,25.2,12,0.11,No action needed,0
4/10/2023 8:00,7.7,23.55,88,0.17,No action needed,0
4/10/2023 9:00,20.22,32.87,19,0.23,Reduce HVAC cooling to save energy.; Shift heavy operations to off-peak hours.,0.56
4/10/2023 10:00,16.09,15.82,130,0.18,Investigate devices left on overnight.,0.12
4/10/2023 11:00,21.41,30.33,6,0.3,Reduce HVAC cooling to save energy.; Turn off unnecessary lights in unoccupied areas.; Shift heavy operations to off-peak hours.,0.96
4/10/2023 12:00,21.91,22.86,7,0.22,Turn off unnecessary lights in unoccupied areas.; Shift heavy operations to off-peak hours.,0.48
4/10/2023 13:00,21.04,21.7,36,0.27,Shift heavy operations to off-peak hours.,0.4
4/10/2023 14:00,24.64,24.29,132,0.23,Shift heavy operations to off-peak hours.,0.4
4/10/2023 15:00,22.53,19.73,122,0.26,Shift heavy operations to off-peak hours.,0.41
4/10/2023 16:00,14.5,20.42,93,0.26,Shift heavy operations to off-peak hours.; Investigate devices left on overnight.,0.41
4/10/2023 17:00,22.21,24.25,24,0.19,Investigate devices left on overnight.,0.17
4/10/2023 18:00,10.86,33.97,49,0.21,Shift heavy operations to off-peak hours.; Investigate devices left on overnight.,0.25
4/10/2023 19:00,20.85,16.59,118,0.29,Shift heavy operations to off-peak hours.,0.42
4/10/2023 20:00,18.84,31.47,44,0.29,Shift heavy operations to off-peak hours.,0.38
4/10/2023 21:00,10.49,29.51,20,0.28,Shift heavy operations to off-peak hours.; Investigate devices left on overnight.,0.32
4/10/2023 22:00,15.23,20.21,47,0.22,Shift heavy operations to off-peak hours.,0.23
4/10/2023 23:00,7.08,20.64,91,0.28,Shift heavy operations to off-peak hours.,0.14
4/11/2023 0:00,8.61,32.96,92,0.19,No action needed,0
4/11/2023 1:00,10.36,17.49,128,0.18,No action needed,0
4/11/2023 2:00,16.07,22.78,77,0.24,Shift heavy operations to off-peak hours.,0.27
4/11/2023 3:00,17.18,24.64,27,0.26,Shift heavy operations to off-peak hours.; Investigate devices left on overnight.,0.49
4/11/2023 4:00,19.34,34.39,136,0.24,Shift heavy operations to off-peak hours.,0.32
4/11/2023 5:00,17.84,15.73,74,0.21,Shift heavy operations to off-peak hours.,0.26
4/11/2023 6:00,20.75,24.67,13,0.28,Shift heavy operations to off-peak hours.,0.41
4/11/2023 7:00,17.78,34.53,84,0.23,Shift heavy operations to off-peak hours.,0.29
4/11/2023 8:00,22.37,20.52,104,0.2,No action needed,0
4/11/2023 9:00,20.26,23.64,87,0.16,Investigate devices left on overnight.,0.13
4/11/2023 10:00,23.14,29.32,86,0.14,Reduce HVAC cooling to save energy.; Investigate devices left on overnight.,0.29
4/11/2023 11:00,13.01,32.24,44,0.15,No action needed,0
4/11/2023 12:00,11.02,19.52,24,0.11,No action needed,0
4/11/2023 13:00,17.88,23.26,79,0.26,Shift heavy operations to off-peak hours.,0.33
4/11/2023 14:00,24.04,17.66,102,0.18,No action needed,0
4/11/2023 15:00,16.91,31.57,136,0.11,Investigate devices left on overnight.,0.07
4/11/2023 16:00,16.99,21.41,134,0.23,Shift heavy operations to off-peak hours.; Investigate devices left on overnight.,0.43
4/11/2023 17:00,13.27,23.63,121,0.23,Shift heavy operations to off-peak hours.; Investigate devices left on overnight.,0.34
4/11/2023 18:00,16.9,27,50,0.26,Shift heavy operations to off-peak hours.,0.31
4/11/2023 19:00,17.95,29.17,149,0.18,No action needed,0
4/11/2023 20:00,12.79,22.61,40,0.23,Shift heavy operations to off-peak hours.,0.21
4/11/2023 21:00,19.69,17.44,19,0.17,No action needed,0
4/11/2023 22:00,20.3,25.91,136,0.28,Reduce HVAC cooling to save energy.; Shift heavy operations to off-peak hours.,0.68
4/11/2023 23:00,18.92,20.41,29,0.1,No action needed,0
4/12/2023 0:00,7.77,18.15,18,0.12,No action needed,0
4/12/2023 1:00,9.62,32.8,129,0.21,Shift heavy operations to off-peak hours.,0.14
4/12/2023 2:00,22.68,25.84,5,0.19,Reduce HVAC cooling to save energy.; Turn off unnecessary lights in unoccupied areas.; Investigate devices left on overnight.,0.52
4/12/2023 3:00,6.75,17.05,30,0.27,Shift heavy operations to off-peak hours.,0.13
4/12/2023 4:00,22.59,25.61,75,0.14,Reduce HVAC cooling to save energy.,0.16
4/12/2023 5:00,7.91,27.3,138,0.18,No action needed,0
4/12/2023 6:00,23.5,23.76,87,0.12,No action needed,0
4/12/2023 7:00,18,25.64,136,0.1,No action needed,0
4/12/2023 8:00,17.3,32.96,72,0.18,No action needed,0
4/12/2023 9:00,19.49,15.6,91,0.28,Shift heavy operations to off-peak hours.,0.38
4/12/2023 10:00,11.08,22.05,85,0.14,Investigate devices left on overnight.,0.06
4/12/2023 11:00,9.94,34.88,102,0.24,Shift heavy operations to off-peak hours.,0.17
4/12/2023 12:00,8.88,29.36,117,0.24,Shift heavy operations to off-peak hours.,0.15
4/12/2023 13:00,6.92,27.4,115,0.27,Shift heavy operations to off-peak hours.,0.13
4/12/2023 14:00,18.42,26.38,65,0.1,Investigate devices left on overnight.,0.07
4/12/2023 15:00,23.74,25.4,73,0.23,Reduce HVAC cooling to save energy.; Shift heavy operations to off-peak hours.,0.66
4/12/2023 16:00,21.54,32.62,113,0.13,Reduce HVAC cooling to save energy.,0.14
4/12/2023 17:00,14.48,22.47,33,0.12,No action needed,0
4/12/2023 18:00,20.28,17.9,107,0.14,No action needed,0
4/12/2023 19:00,22.24,33.28,26,0.21,Reduce HVAC cooling to save energy.; Shift heavy operations to off-peak hours.,0.56
4/12/2023 20:00,18.04,30.92,80,0.23,Shift heavy operations to off-peak hours.,0.29
4/12/2023 21:00,12.15,25.91,97,0.27,Shift heavy operations to off-peak hours.,0.23
4/12/2023 22:00,11.87,21.92,97,0.26,Shift heavy operations to off-peak hours.,0.22
4/12/2023 23:00,15.74,23.03,124,0.23,Shift heavy operations to off-peak hours.,0.25
4/13/2023 0:00,12.73,16.38,19,0.27,Shift heavy operations to off-peak hours.,0.24
4/13/2023 1:00,12.64,24.55,33,0.12,Investigate devices left on overnight.,0.06
4/13/2023 2:00,22.81,24.42,8,0.28,Turn off unnecessary lights in unoccupied areas.; Shift heavy operations to off-peak hours.,0.64
4/13/2023 3:00,9.82,34.36,5,0.16,Turn off unnecessary lights in unoccupied areas.,0.05
4/13/2023 4:00,20.2,27.89,32,0.14,Reduce HVAC cooling to save energy.,0.14
4/13/2023 5:00,19.87,19.05,120,0.29,Shift heavy operations to off-peak hours.; Investigate devices left on overnight.,0.63
4/13/2023 6:00,9.37,31.33,51,0.14,No action needed,0
4/13/2023 7:00,14.57,33.98,109,0.25,Shift heavy operations to off-peak hours.; Investigate devices left on overnight.,0.4
4/13/2023 8:00,21.99,28.45,87,0.22,Reduce HVAC cooling to save energy.; Shift heavy operations to off-peak hours.,0.58
4/13/2023 9:00,10.27,27.2,71,0.17,No action needed,0
4/13/2023 10:00,24.34,25.14,28,0.22,Reduce HVAC cooling to save energy.; Shift heavy operations to off-peak hours.; Investigate devices left on overnight.,0.86
4/13/2023 11:00,6.14,19.02,145,0.24,Shift heavy operations to off-peak hours.,0.1
4/13/2023 12:00,16.45,22.42,23,0.11,Investigate devices left on overnight.,0.07
4/13/2023 13:00,19.75,15.54,137,0.13,No action needed,0
4/13/2023 14:00,14.89,23.6,65,0.27,Shift heavy operations to off-peak hours.; Investigate devices left on overnight.,0.44
4/13/2023 15:00,14.73,30.06,102,0.26,Shift heavy operations to off-peak hours.; Investigate devices left on overnight.,0.42
4/13/2023 16:00,17.94,23.81,81,0.14,No action needed,0
4/13/2023 17:00,15.31,19.31,66,0.27,Shift heavy operations to off-peak hours.,0.29
4/13/2023 18:00,6.59,32.49,113,0.13,No action needed,0
4/13/2023 19:00,23.52,26.3,148,0.18,Reduce HVAC cooling to save energy.,0.21
4/13/2023 20:00,20.11,28.97,136,0.16,Reduce HVAC cooling to save energy.,0.16
4/13/2023 21:00,22.09,21.7,148,0.21,Shift heavy operations to off-peak hours.; Investigate devices left on overnight.,0.51
4/13/2023 22:00,12.02,26.45,148,0.19,No action needed,0
4/13/2023 23:00,9.85,22.39,10,0.13,No action needed,0
4/14/2023 0:00,13.98,17,146,0.27,Shift heavy operations to off-peak hours.,0.26
4/14/2023 1:00,6.48,23.53,48,0.23,Shift heavy operations to off-peak hours.,0.1
4/14/2023 2:00,13.16,26.74,55,0.23,Shift heavy operations to off-peak hours.,0.21
4/14/2023 3:00,9.59,33.35,29,0.17,No action needed,0
4/14/2023 4:00,15.69,17.65,75,0.26,Shift heavy operations to off-peak hours.; Investigate devices left on overnight.,0.45
4/14/2023 5:00,5.16,33.88,38,0.1,No action needed,0
4/14/2023 6:00,7.5,25.64,103,0.24,Shift heavy operations to off-peak hours.,0.13
4/14/2023 7:00,14.08,29.85,22,0.11,No action needed,0
4/14/2023 8:00,6.55,27.93,99,0.16,No action needed,0
4/14/2023 9:00,10.08,15.72,132,0.18,No action needed,0
4/14/2023 10:00,22.97,32.58,90,0.11,Reduce HVAC cooling to save energy.,0.13
4/14/2023 11:00,11.14,19.93,67,0.23,Shift heavy operations to off-peak hours.,0.18
4/14/2023 12:00,24.69,31.95,62,0.14,Reduce HVAC cooling to save energy.; Investigate devices left on overnight.,0.31
4/14/2023 13:00,9.13,25.64,34,0.17,No action needed,0
4/14/2023 14:00,10.37,25.04,127,0.11,No action needed,0
4/14/2023 15:00,5.44,32.48,133,0.21,Shift heavy operations to off-peak hours.,0.08
4/14/2023 16:00,18.75,17.17,34,0.23,Shift heavy operations to off-peak hours.,0.3
4/14/2023 17:00,5.3,19.26,94,0.13,No action needed,0
4/14/2023 18:00,7.7,20.81,149,0.2,No action needed,0
4/14/2023 19:00,15.48,29.61,77,0.2,No action needed,0
4/14/2023 20:00,23.4,26.56,123,0.26,Reduce HVAC cooling to save energy.; Shift heavy operations to off-peak hours.,0.73
4/14/2023 21:00,18.04,34.38,84,0.28,Shift heavy operations to off-peak hours.,0.35
4/14/2023 22:00,11.32,20.46,49,0.1,Investigate devices left on overnight.,0.05
4/14/2023 23:00,12.29,29.85,138,0.12,No action needed,0
4/15/2023 0:00,14.51,18.34,83,0.23,Shift heavy operations to off-peak hours.,0.23
4/15/2023 1:00,13.58,27.95,42,0.19,Investigate devices left on overnight.,0.1
4/15/2023 2:00,22.38,34.65,22,0.25,Reduce HVAC cooling to save energy.; Shift heavy operations to off-peak hours.,0.67
4/15/2023 3:00,10.8,22.42,85,0.18,No action needed,0
4/15/2023 4:00,14.19,26.79,76,0.12,No action needed,0
4/15/2023 5:00,19.83,32.25,47,0.17,No action needed,0
4/15/2023 6:00,10.14,16.74,82,0.23,Shift heavy operations to off-peak hours.,0.16
4/15/2023 7:00,20.76,30.08,103,0.22,Reduce HVAC cooling to save energy.; Shift heavy operations to off-peak hours.; Investigate devices left on overnight.,0.73
4/15/2023 8:00,18.31,31.17,50,0.19,No action needed,0
4/15/2023 9:00,14.84,15.1,126,0.24,Shift heavy operations to off-peak hours.; Investigate devices left on overnight.,0.39
4/15/2023 10:00,18.42,23.23,55,0.24,Shift heavy operations to off-peak hours.,0.31
4/15/2023 11:00,20.19,32.93,132,0.25,Reduce HVAC cooling to save energy.; Shift heavy operations to off-peak hours.,0.61
4/15/2023 12:00,7.15,32.59,38,0.12,No action needed,0
4/15/2023 13:00,15.29,15.63,65,0.12,No action needed,0
4/15/2023 14:00,19.08,23.04,70,0.26,Shift heavy operations to off-peak hours.,0.35
4/15/2023 15:00,18.48,26.2,90,0.18,No action needed,0
4/15/2023 16:00,14.43,26.08,98,0.12,No action needed,0
4/15/2023 17:00,17.49,30.18,102,0.27,Shift heavy operations to off-peak hours.,0.33
4/15/2023 18:00,20.13,22.78,119,0.13,No action needed,0
4/15/2023 19:00,8.86,16.56,144,0.24,Shift heavy operations to off-peak hours.,0.15
4/15/2023 20:00,18.89,27.11,64,0.12,Investigate devices left on overnight.,0.09
4/15/2023 21:00,17.45,33.2,105,0.19,No action needed,0
4/15/2023 22:00,5.55,25.1,105,0.22,Shift heavy operations to off-peak hours.,0.09
4/15/2023 23:00,7.05,27.34,109,0.2,No action needed,0
4/16/2023 0:00,7.03,28.83,41,0.16,No action needed,0
4/16/2023 1:00,23.35,27.92,59,0.1,Reduce HVAC cooling to save energy.,0.12
4/16/2023 2:00,21.75,34.61,85,0.14,Reduce HVAC cooling to save energy.; Investigate devices left on overnight.,0.27
4/16/2023 3:00,6.83,33.98,44,0.22,Shift heavy operations to off-peak hours.,0.11
4/16/2023 4:00,20.73,22.67,65,0.17,No action needed,0
4/16/2023 5:00,13.98,32.38,5,0.22,Turn off unnecessary lights in unoccupied areas.; Shift heavy operations to off-peak hours.,0.31
4/16/2023 6:00,7,19,76,0.18,No action needed,0
4/16/2023 7:00,11.94,26.46,58,0.21,Shift heavy operations to off-peak hours.,0.18
4/16/2023 8:00,9.34,21.6,52,0.13,No action needed,0
4/16/2023 9:00,17.73,19.57,125,0.11,No action needed,0
4/16/2023 10:00,8.38,25.44,63,0.3,Shift heavy operations to off-peak hours.,0.18
4/16/2023 11:00,21.63,26.37,13,0.16,Reduce HVAC cooling to save energy.; Investigate devices left on overnight.,0.31
4/16/2023 12:00,21.3,21.92,68,0.21,Shift heavy operations to off-peak hours.,0.31
4/16/2023 13:00,12.82,25.4,139,0.22,Shift heavy operations to off-peak hours.,0.2
4/16/2023 14:00,19.17,28.6,101,0.18,No action needed,0
4/16/2023 15:00,11.87,20.07,39,0.27,Shift heavy operations to off-peak hours.,0.22
4/16/2023 16:00,14.86,32.95,113,0.19,No action needed,0
4/16/2023 17:00,5.59,29.6,127,0.12,No action needed,0
4/16/2023 18:00,16.47,30.3,79,0.23,Shift heavy operations to off-peak hours.,0.27
4/16/2023 19:00,11.81,15.39,78,0.23,Shift heavy operations to off-peak hours.,0.19
4/16/2023 20:00,23.93,24.02,67,0.29,Shift heavy operations to off-peak hours.,0.49
4/16/2023 21:00,16.81,33.95,75,0.17,No action needed,0
4/16/2023 22:00,7.09,23.32,100,0.1,No action needed,0
4/16/2023 23:00,19.39,21.09,48,0.22,Shift heavy operations to off-peak hours.; Investigate devices left on overnight.,0.47
4/17/2023 0:00,6.34,16.75,17,0.16,No action needed,0
4/17/2023 1:00,17.66,22.92,31,0.11,No action needed,0
4/17/2023 2:00,8.72,20.8,18,0.26,Shift heavy operations to off-peak hours.,0.16
4/17/2023 3:00,23.28,26,37,0.25,Reduce HVAC cooling to save energy.; Shift heavy operations to off-peak hours.; Investigate devices left on overnight.,0.93
4/17/2023 4:00,11.75,23.26,27,0.23,Shift heavy operations to off-peak hours.; Investigate devices left on overnight.,0.3
4/17/2023 5:00,7.86,29.51,27,0.2,No action needed,0
4/17/2023 6:00,11,24.23,105,0.22,Shift heavy operations to off-peak hours.,0.17
4/17/2023 7:00,23.93,29.05,53,0.19,Reduce HVAC cooling to save energy.,0.23
4/17/2023 8:00,22.93,31.09,75,0.14,Reduce HVAC cooling to save energy.,0.16
4/17/2023 9:00,14.66,23.29,59,0.18,Investigate devices left on overnight.,0.11
4/17/2023 10:00,6.96,19.59,32,0.3,Shift heavy operations to off-peak hours.,0.15
4/17/2023 11:00,11.99,18.75,28,0.15,No action needed,0
4/17/2023 12:00,8.89,18.47,106,0.15,No action needed,0
4/17/2023 13:00,9.02,26.36,100,0.19,No action needed,0
4/17/2023 14:00,9.97,22.31,107,0.15,No action needed,0
4/17/2023 15:00,23.11,31.25,34,0.11,Reduce HVAC cooling to save energy.,0.13
4/17/2023 16:00,21.73,28.46,74,0.23,Reduce HVAC cooling to save energy.; Shift heavy operations to off-peak hours.; Investigate devices left on overnight.,0.8
4/17/2023 17:00,5.76,33.28,112,0.25,Shift heavy operations to off-peak hours.,0.1
4/17/2023 18:00,5.06,18.26,110,0.13,No action needed,0
4/17/2023 19:00,5.43,30.11,70,0.26,Shift heavy operations to off-peak hours.,0.1
4/17/2023 20:00,18,16.44,86,0.14,Investigate devices left on overnight.,0.1
4/17/2023 21:00,20.99,33.85,129,0.22,Reduce HVAC cooling to save energy.; Shift heavy operations to off-peak hours.,0.55
4/17/2023 22:00,18.24,20.5,76,0.25,Shift heavy operations to off-peak hours.,0.32
4/17/2023 23:00,24.98,25.37,50,0.27,Reduce HVAC cooling to save energy.; Shift heavy operations to off-peak hours.,0.81
4/18/2023 0:00,20.81,16.51,58,0.15,No action needed,0
4/18/2023 1:00,20.1,19.08,149,0.26,Shift heavy operations to off-peak hours.,0.37
4/18/2023 2:00,22.91,26.21,9,0.1,Reduce HVAC cooling to save energy.; Turn off unnecessary lights in unoccupied areas.,0.18
4/18/2023 3:00,21.41,20.52,60,0.1,No action needed,0
4/18/2023 4:00,16.77,29.12,105,0.28,Shift heavy operations to off-peak hours.,0.33
4/18/2023 5:00,20.57,28.84,143,0.23,Reduce HVAC cooling to save energy.; Shift heavy operations to off-peak hours.,0.57
4/18/2023 6:00,9.73,19.24,113,0.18,No action needed,0
4/18/2023 7:00,13.93,27.73,48,0.22,Shift heavy operations to off-peak hours.; Investigate devices left on overnight.,0.34
4/18/2023 8:00,14.26,20.66,123,0.13,No action needed,0
4/18/2023 9:00,10.28,28.44,124,0.14,Investigate devices left on overnight.,0.06
4/18/2023 10:00,23.02,30.63,142,0.19,Reduce HVAC cooling to save energy.,0.22
4/18/2023 11:00,9.27,32.73,37,0.21,Shift heavy operations to off-peak hours.,0.14
4/18/2023 12:00,7.31,32.81,103,0.18,No action needed,0
4/18/2023 13:00,9.35,26.75,79,0.13,No action needed,0
4/18/2023 14:00,16.57,26.65,39,0.22,Shift heavy operations to off-peak hours.,0.26
4/18/2023 15:00,6.17,29.38,57,0.3,Shift heavy operations to off-peak hours.,0.13
4/18/2023 16:00,15.42,23.8,47,0.23,Shift heavy operations to off-peak hours.,0.25
4/18/2023 17:00,20.94,17.82,49,0.23,Shift heavy operations to off-peak hours.,0.34
4/18/2023 18:00,12,31.39,77,0.11,No action needed,0
4/18/2023 19:00,7.08,23.15,15,0.11,No action needed,0
4/18/2023 20:00,12.53,33.2,81,0.11,No action needed,0
4/18/2023 21:00,7.58,33.96,48,0.22,Shift heavy operations to off-peak hours.,0.12
4/18/2023 22:00,24.2,28.41,118,0.25,Reduce HVAC cooling to save energy.; Shift heavy operations to off-peak hours.,0.73
4/18/2023 23:00,8.14,33.26,36,0.21,Shift heavy operations to off-peak hours.,0.12
4/19/2023 0:00,13.06,30.92,138,0.17,No action needed,0
4/19/2023 1:00,24.86,24,61,0.11,No action needed,0
4/19/2023 2:00,18.78,32.95,56,0.26,Shift heavy operations to off-peak hours.; Investigate devices left on overnight.,0.54
4/19/2023 3:00,15.37,24.29,110,0.15,No action needed,0
4/19/2023 4:00,16.74,23.09,150,0.17,No action needed,0
4/19/2023 5:00,7.78,32.5,111,0.26,Shift heavy operations to off-peak hours.,0.14
4/19/2023 6:00,5.99,15.07,92,0.28,Shift heavy operations to off-peak hours.,0.12
4/19/2023 7:00,18.14,29.13,68,0.17,No action needed,0
4/19/2023 8:00,12.71,28.69,9,0.11,Turn off unnecessary lights in unoccupied areas.,0.04
4/19/2023 9:00,9.29,26.34,88,0.12,No action needed,0
4/19/2023 10:00,12.72,28.72,67,0.21,Shift heavy operations to off-peak hours.,0.19
4/19/2023 11:00,22.78,33.15,35,0.11,Reduce HVAC cooling to save energy.; Investigate devices left on overnight.,0.23
4/19/2023 12:00,23.78,22.86,111,0.19,No action needed,0
4/19/2023 13:00,21.86,30.49,54,0.22,Reduce HVAC cooling to save energy.; Shift heavy operations to off-peak hours.,0.58
4/19/2023 14:00,8.83,34.62,128,0.15,No action needed,0
4/19/2023 15:00,7.19,26.05,46,0.25,Shift heavy operations to off-peak hours.,0.13
4/19/2023 16:00,9.07,25.55,50,0.13,No action needed,0
4/19/2023 17:00,19.43,28.55,129,0.11,No action needed,0
4/19/2023 18:00,13.58,16.79,6,0.23,Turn off unnecessary lights in unoccupied areas.; Shift heavy operations to off-peak hours.,0.31
4/19/2023 19:00,7.34,16.13,126,0.13,No action needed,0
4/19/2023 20:00,21.45,21.42,83,0.18,No action needed,0
4/19/2023 21:00,13.12,29.31,66,0.27,Shift heavy operations to off-peak hours.; Investigate devices left on overnight.,0.39
4/19/2023 22:00,15.4,25.52,41,0.16,No action needed,0
4/19/2023 23:00,22.61,17.15,45,0.22,Shift heavy operations to off-peak hours.,0.35
4/20/2023 0:00,22.68,18.7,79,0.26,Shift heavy operations to off-peak hours.; Investigate devices left on overnight.,0.65
4/20/2023 1:00,15.21,24.4,67,0.22,Shift heavy operations to off-peak hours.,0.23
4/20/2023 2:00,10.42,15.72,81,0.2,No action needed,0
4/20/2023 3:00,17.78,27.73,148,0.24,Shift heavy operations to off-peak hours.; Investigate devices left on overnight.,0.47
4/20/2023 4:00,14.14,29.1,110,0.26,Shift heavy operations to off-peak hours.,0.26
4/20/2023 5:00,16.44,15.44,45,0.21,Shift heavy operations to off-peak hours.,0.24
4/20/2023 6:00,10.71,17.58,7,0.19,Turn off unnecessary lights in unoccupied areas.,0.06
4/20/2023 7:00,19.09,18.02,101,0.24,Shift heavy operations to off-peak hours.,0.32
4/20/2023 8:00,18.38,32.27,149,0.28,Shift heavy operations to off-peak hours.,0.36
4/20/2023 9:00,6.23,28.67,107,0.18,No action needed,0
4/20/2023 10:00,16.36,28.21,143,0.26,Shift heavy operations to off-peak hours.,0.3
4/20/2023 11:00,22.38,17.94,42,0.18,No action needed,0
4/20/2023 12:00,10.11,22.63,36,0.22,Shift heavy operations to off-peak hours.,0.16
4/20/2023 13:00,24.14,24.34,5,0.11,Turn off unnecessary lights in unoccupied areas.; Investigate devices left on overnight.,0.19
4/20/2023 14:00,15.88,23.1,13,0.15,Investigate devices left on overnight.,0.1
4/20/2023 15:00,23.45,26.83,84,0.15,Reduce HVAC cooling to save energy.,0.18
4/20/2023 16:00,15.47,28.7,135,0.1,No action needed,0
4/20/2023 17:00,18.86,21.41,44,0.3,Shift heavy operations to off-peak hours.,0.4
4/20/2023 18:00,18.04,28.21,55,0.21,Shift heavy operations to off-peak hours.,0.27
4/20/2023 19:00,23.1,28.67,144,0.18,Reduce HVAC cooling to save energy.,0.21
4/20/2023 20:00,23.86,34.89,80,0.21,Reduce HVAC cooling to save energy.; Shift heavy operations to off-peak hours.; Investigate devices left on overnight.,0.8
4/20/2023 21:00,17.72,33.6,31,0.21,Shift heavy operations to off-peak hours.,0.26
4/20/2023 22:00,6.83,34.5,52,0.24,Shift heavy operations to off-peak hours.,0.11
4/20/2023 23:00,11.43,22.63,35,0.3,Shift heavy operations to off-peak hours.,0.24
4/21/2023 0:00,17.01,23.83,51,0.24,Shift heavy operations to off-peak hours.,0.29
4/21/2023 1:00,15.83,32.1,88,0.14,No action needed,0
4/21/2023 2:00,12.44,32.87,86,0.23,Shift heavy operations to off-peak hours.; Investigate devices left on overnight.,0.31
4/21/2023 3:00,6.5,33.03,6,0.18,Turn off unnecessary lights in unoccupied areas.,0.04
4/21/2023 4:00,13,16.62,62,0.28,Shift heavy operations to off-peak hours.; Investigate devices left on overnight.,0.4
4/21/2023 5:00,19.47,32.74,35,0.15,No action needed,0
4/21/2023 6:00,14.32,30.45,77,0.2,Investigate devices left on overnight.,0.11
4/21/2023 7:00,6.17,27.65,58,0.12,No action needed,0
4/21/2023 8:00,12.53,32.34,86,0.25,Shift heavy operations to off-peak hours.,0.22
4/21/2023 9:00,14.19,15.95,129,0.2,No action needed,0
4/21/2023 10:00,12.27,32.53,93,0.19,Investigate devices left on overnight.,0.09
4/21/2023 11:00,17.89,29.49,28,0.13,No action needed,0
4/21/2023 12:00,24.54,32.54,12,0.24,Reduce HVAC cooling to save energy.; Shift heavy operations to off-peak hours.,0.71
4/21/2023 13:00,9.62,24.65,22,0.28,Shift heavy operations to off-peak hours.,0.19
4/21/2023 14:00,14.55,18.75,91,0.26,Shift heavy operations to off-peak hours.; Investigate devices left on overnight.,0.42
4/21/2023 15:00,20.06,24.01,125,0.27,Shift heavy operations to off-peak hours.,0.38
4/21/2023 16:00,9.51,27.28,137,0.22,Shift heavy operations to off-peak hours.,0.15
4/21/2023 17:00,16.51,19.8,137,0.25,Shift heavy operations to off-peak hours.,0.29
4/21/2023 18:00,24.61,28.03,63,0.17,Reduce HVAC cooling to save energy.,0.21
4/21/2023 19:00,6.17,34.51,16,0.17,No action needed,0
4/21/2023 20:00,17.96,19.9,61,0.2,No action needed,0
4/21/2023 21:00,19.81,16.52,117,0.2,Investigate devices left on overnight.,0.16
4/21/2023 22:00,11.53,24.24,79,0.14,No action needed,0
4/21/2023 23:00,15.73,17.01,41,0.28,Shift heavy operations to off-peak hours.,0.31
4/22/2023 0:00,20.09,31.44,44,0.29,Reduce HVAC cooling to save energy.; Shift heavy operations to off-peak hours.,0.7
4/22/2023 1:00,7.02,27.13,50,0.13,No action needed,0
4/22/2023 2:00,17.61,30.34,75,0.21,Shift heavy operations to off-peak hours.,0.26
4/22/2023 3:00,15.14,28.99,41,0.17,No action needed,0
4/22/2023 4:00,14.91,22.97,127,0.12,No action needed,0
4/22/2023 5:00,6.77,23.3,87,0.23,Shift heavy operations to off-peak hours.,0.11
4/22/2023 6:00,13.73,31.98,18,0.27,Shift heavy operations to off-peak hours.,0.26
4/22/2023 7:00,16.73,19.34,25,0.24,Shift heavy operations to off-peak hours.; Investigate devices left on overnight.,0.44
4/22/2023 8:00,5.98,21.19,59,0.1,No action needed,0
4/22/2023 9:00,12.03,25.73,57,0.15,No action needed,0
4/22/2023 10:00,12.53,18.61,107,0.19,Investigate devices left on overnight.,0.1
4/22/2023 11:00,5.72,29.1,96,0.24,Shift heavy operations to off-peak hours.,0.1
4/22/2023 12:00,23.53,17.91,38,0.25,Shift heavy operations to off-peak hours.,0.41
4/22/2023 13:00,24.09,29.14,102,0.12,Reduce HVAC cooling to save energy.,0.14
4/22/2023 14:00,5.83,33.28,64,0.14,No action needed,0
4/22/2023 15:00,21.31,34.61,64,0.22,Reduce HVAC cooling to save energy.; Shift heavy operations to off-peak hours.; Investigate devices left on overnight.,0.75
4/22/2023 16:00,5.5,15.43,35,0.11,No action needed,0
4/22/2023 17:00,14.9,27.71,20,0.25,Shift heavy operations to off-peak hours.,0.26
4/22/2023 18:00,10.41,34.43,40,0.27,Shift heavy operations to off-peak hours.,0.2
4/22/2023 19:00,20.65,20.26,128,0.16,No action needed,0
4/22/2023 20:00,13.21,21.93,18,0.14,No action needed,0
4/22/2023 21:00,8.3,19.97,48,0.18,No action needed,0
4/22/2023 22:00,8.45,18.68,28,0.11,No action needed,0
4/22/2023 23:00,12.98,28.1,25,0.14,No action needed,0
4/23/2023 0:00,12.23,30.95,80,0.28,Shift heavy operations to off-peak hours.,0.24
4/23/2023 1:00,11.97,28.31,108,0.13,No action needed,0
4/23/2023 2:00,5.13,29.47,9,0.16,Turn off unnecessary lights in unoccupied areas.,0.02
4/23/2023 3:00,23.79,23.22,22,0.2,Investigate devices left on overnight.,0.19
4/23/2023 4:00,11.52,17.06,46,0.23,Shift heavy operations to off-peak hours.; Investigate devices left on overnight.,0.29
4/23/2023 5:00,14.99,29.56,51,0.1,No action needed,0
4/23/2023 6:00,10.52,24.34,124,0.29,Shift heavy operations to off-peak hours.,0.21
4/23/2023 7:00,19.27,33.37,32,0.23,Shift heavy operations to off-peak hours.,0.31
4/23/2023 8:00,16.97,20.09,8,0.13,Turn off unnecessary lights in unoccupied areas.; Investigate devices left on overnight.,0.15
4/23/2023 9:00,13.84,26.91,125,0.27,Shift heavy operations to off-peak hours.,0.26
4/23/2023 10:00,18.44,33.63,103,0.16,No action needed,0
4/23/2023 11:00,5.49,23.85,108,0.18,No action needed,0
4/23/2023 12:00,13.61,32.53,36,0.15,No action needed,0
4/23/2023 13:00,24.26,23.44,123,0.19,No action needed,0
4/23/2023 14:00,22.26,16.64,89,0.27,Shift heavy operations to off-peak hours.; Investigate devices left on overnight.,0.66
4/23/2023 15:00,15.97,32.05,84,0.16,No action needed,0
4/23/2023 16:00,6.93,25.26,11,0.18,No action needed,0
4/23/2023 17:00,7.52,32.22,32,0.21,Shift heavy operations to off-peak hours.,0.11
4/23/2023 18:00,5.6,31.26,62,0.26,Shift heavy operations to off-peak hours.,0.1
4/23/2023 19:00,20.04,33.25,87,0.25,Reduce HVAC cooling to save energy.; Shift heavy operations to off-peak hours.,0.6
4/23/2023 20:00,23.81,32.06,115,0.21,Reduce HVAC cooling to save energy.; Shift heavy operations to off-peak hours.,0.6
4/23/2023 21:00,19.11,33.98,48,0.26,Shift heavy operations to off-peak hours.,0.35
4/23/2023 22:00,23.54,21.88,36,0.16,Investigate devices left on overnight.,0.15
4/23/2023 23:00,13.99,25.39,147,0.29,Shift heavy operations to off-peak hours.,0.28
4/24/2023 0:00,21.26,18.88,84,0.26,Shift heavy operations to off-peak hours.; Investigate devices left on overnight.,0.61
4/24/2023 1:00,18.66,27.86,142,0.15,No action needed,0
4/24/2023 2:00,10.63,29.44,138,0.16,No action needed,0
4/24/2023 3:00,24.32,24.64,5,0.12,Turn off unnecessary lights in unoccupied areas.,0.09
4/24/2023 4:00,6.91,24.33,35,0.27,Shift heavy operations to off-peak hours.,0.13
4/24/2023 5:00,9.1,29.55,104,0.15,No action needed,0
4/24/2023 6:00,18.46,24.88,98,0.16,No action needed,0
4/24/2023 7:00,5.12,29.84,90,0.28,Shift heavy operations to off-peak hours.,0.1
4/24/2023 8:00,18.71,25.6,125,0.13,No action needed,0
4/24/2023 9:00,20.1,20.97,5,0.16,Turn off unnecessary lights in unoccupied areas.; Investigate devices left on overnight.,0.23
4/24/2023 10:00,11.6,27.74,71,0.19,No action needed,0
4/24/2023 11:00,6.92,21.49,96,0.23,Shift heavy operations to off-peak hours.,0.11
4/24/2023 12:00,16.99,28.65,98,0.25,Shift heavy operations to off-peak hours.,0.3
4/24/2023 13:00,21.75,32.75,33,0.13,Reduce HVAC cooling to save energy.,0.14
4/24/2023 14:00,20.06,24.11,134,0.22,Shift heavy operations to off-peak hours.,0.31
4/24/2023 15:00,6.97,22.13,25,0.12,No action needed,0
4/24/2023 16:00,9.48,25.5,87,0.29,Shift heavy operations to off-peak hours.,0.19
4/24/2023 17:00,21.92,17.39,46,0.23,Shift heavy operations to off-peak hours.,0.35
4/24/2023 18:00,7.69,21.93,130,0.27,Shift heavy operations to off-peak hours.,0.15
4/24/2023 19:00,17.57,23.34,142,0.26,Shift heavy operations to off-peak hours.,0.32
4/24/2023 20:00,23.96,34.22,12,0.16,Reduce HVAC cooling to save energy.; Investigate devices left on overnight.,0.35
4/24/2023 21:00,7.63,16.11,143,0.19,No action needed,0
4/24/2023 22:00,18.78,21.49,115,0.19,No action needed,0
4/24/2023 23:00,22.91,32.07,7,0.15,Reduce HVAC cooling to save energy.; Turn off unnecessary lights in unoccupied areas.,0.27
4/25/2023 0:00,13.96,20.94,91,0.29,Shift heavy operations to off-peak hours.,0.28
4/25/2023 1:00,17.69,25.08,131,0.2,No action needed,0
4/25/2023 2:00,18.97,32.47,50,0.19,Investigate devices left on overnight.,0.14
4/25/2023 3:00,19.79,15.44,95,0.12,No action needed,0
4/25/2023 4:00,16.93,23.66,113,0.14,Investigate devices left on overnight.,0.09
4/25/2023 5:00,8.94,32.45,138,0.24,Shift heavy operations to off-peak hours.,0.15
4/25/2023 6:00,5.45,20.2,63,0.22,Shift heavy operations to off-peak hours.,0.08
4/25/2023 7:00,14.63,15.46,60,0.16,No action needed,0
4/25/2023 8:00,20.5,20.59,82,0.14,No action needed,0
4/25/2023 9:00,21.67,31.52,38,0.12,Reduce HVAC cooling to save energy.,0.13
4/25/2023 10:00,12.61,18.7,93,0.14,No action needed,0
4/25/2023 11:00,6.82,33.95,100,0.12,No action needed,0
4/25/2023 12:00,12.78,23.95,116,0.23,Shift heavy operations to off-peak hours.,0.21
4/25/2023 13:00,11.44,15.29,33,0.16,No action needed,0
4/25/2023 14:00,15.36,34.66,90,0.21,Shift heavy operations to off-peak hours.,0.23
4/25/2023 15:00,21.67,33.43,95,0.24,Reduce HVAC cooling to save energy.; Shift heavy operations to off-peak hours.; Investigate devices left on overnight.,0.83
4/25/2023 16:00,7.72,23.01,118,0.13,No action needed,0
4/25/2023 17:00,14.37,18.02,63,0.11,No action needed,0
4/25/2023 18:00,18.66,33.61,138,0.15,No action needed,0
4/25/2023 19:00,21.19,24.14,38,0.24,Shift heavy operations to off-peak hours.,0.36
4/25/2023 20:00,8.92,27.1,102,0.13,No action needed,0
4/25/2023 21:00,5.63,29.95,102,0.19,No action needed,0
4/25/2023 22:00,23.76,26.17,74,0.1,Reduce HVAC cooling to save energy.; Investigate devices left on overnight.,0.21
4/25/2023 23:00,11.18,23.41,135,0.29,Shift heavy operations to off-peak hours.,0.23
4/26/2023 0:00,10.5,29.09,111,0.21,Shift heavy operations to off-peak hours.,0.15
4/26/2023 1:00,8.17,20.41,132,0.28,Shift heavy operations to off-peak hours.,0.16
4/26/2023 2:00,13.7,22.18,100,0.13,No action needed,0
4/26/2023 3:00,21.94,31.83,129,0.12,Reduce HVAC cooling to save energy.,0.13
4/26/2023 4:00,18.5,16.84,118,0.1,No action needed,0
4/26/2023 5:00,16.99,27.25,150,0.27,Shift heavy operations to off-peak hours.,0.32
4/26/2023 6:00,8.19,34.4,144,0.26,Shift heavy operations to off-peak hours.,0.15
4/26/2023 7:00,11.46,28.4,78,0.1,No action needed,0
4/26/2023 8:00,15.88,32.36,12,0.25,Shift heavy operations to off-peak hours.,0.28
4/26/2023 9:00,12.01,29.34,36,0.22,Shift heavy operations to off-peak hours.,0.18
4/26/2023 10:00,12.07,26.86,62,0.13,No action needed,0
4/26/2023 11:00,9.62,17.77,21,0.13,No action needed,0
4/26/2023 12:00,22.23,30.69,108,0.19,Reduce HVAC cooling to save energy.; Investigate devices left on overnight.,0.38
4/26/2023 13:00,18.83,30.15,148,0.14,No action needed,0
4/26/2023 14:00,13.04,29.77,149,0.21,Shift heavy operations to off-peak hours.,0.19
4/26/2023 15:00,15.58,29.46,14,0.18,No action needed,0
4/26/2023 16:00,16.74,34.01,97,0.16,No action needed,0
4/26/2023 17:00,7.38,34.98,9,0.3,Turn off unnecessary lights in unoccupied areas.; Shift heavy operations to off-peak hours.,0.22
4/26/2023 18:00,8.79,17.64,75,0.25,Shift heavy operations to off-peak hours.,0.15
4/26/2023 19:00,17.95,29.44,54,0.13,No action needed,0
4/26/2023 20:00,9.89,23.69,146,0.16,No action needed,0
4/26/2023 21:00,7.48,28.91,52,0.28,Shift heavy operations to off-peak hours.,0.15
4/26/2023 22:00,22.56,24.28,50,0.22,Shift heavy operations to off-peak hours.; Investigate devices left on overnight.,0.55
4/26/2023 23:00,7.29,16.31,94,0.26,Shift heavy operations to off-peak hours.,0.13
4/27/2023 0:00,14.79,23.82,14,0.16,Investigate devices left on overnight.,0.09
4/27/2023 1:00,10.32,23.3,23,0.14,No action needed,0
4/27/2023 2:00,8.67,31.92,150,0.22,Shift heavy operations to off-peak hours.,0.13
4/27/2023 3:00,15.96,31.08,53,0.24,Shift heavy operations to off-peak hours.; Investigate devices left on overnight.,0.42
4/27/2023 4:00,11.1,26.89,26,0.24,Shift heavy operations to off-peak hours.,0.19
4/27/2023 5:00,10.54,34.41,97,0.1,No action needed,0
4/27/2023 6:00,8.26,31.2,145,0.23,Shift heavy operations to off-peak hours.,0.13
4/27/2023 7:00,21.81,16.85,79,0.29,Shift heavy operations to off-peak hours.,0.44
4/27/2023 8:00,12.93,28.7,118,0.29,Shift heavy operations to off-peak hours.,0.26
4/27/2023 9:00,14.38,22.08,33,0.13,Investigate devices left on overnight.,0.07
4/27/2023 10:00,5.69,30.11,102,0.15,No action needed,0
4/27/2023 11:00,21.5,16.78,109,0.27,Shift heavy operations to off-peak hours.,0.41
4/27/2023 12:00,13.49,20.18,84,0.12,No action needed,0
4/27/2023 13:00,10.86,25.28,32,0.22,Shift heavy operations to off-peak hours.,0.17
4/27/2023 14:00,23.87,25.13,9,0.29,Reduce HVAC cooling to save energy.; Turn off unnecessary lights in unoccupied areas.; Shift heavy operations to off-peak hours.,1.04
4/27/2023 15:00,20.57,21.95,53,0.16,No action needed,0
4/27/2023 16:00,13.74,23.17,133,0.29,Shift heavy operations to off-peak hours.,0.28
4/27/2023 17:00,16.3,30.14,22,0.17,Investigate devices left on overnight.,0.11
4/27/2023 18:00,20.57,20.98,22,0.25,Shift heavy operations to off-peak hours.,0.36
4/27/2023 19:00,20.66,16.89,10,0.26,Shift heavy operations to off-peak hours.; Investigate devices left on overnight.,0.59
4/27/2023 20:00,9.04,15.76,82,0.23,Shift heavy operations to off-peak hours.,0.15
4/27/2023 21:00,20.97,15.89,103,0.29,Shift heavy operations to off-peak hours.,0.43
4/27/2023 22:00,6.71,27.57,75,0.15,No action needed,0
4/27/2023 23:00,5.9,32.02,18,0.2,No action needed,0
4/28/2023 0:00,22.06,20.57,124,0.13,No action needed,0
4/28/2023 1:00,22.62,17.15,146,0.18,No action needed,0
4/28/2023 2:00,12.94,31.88,43,0.16,No action needed,0
4/28/2023 3:00,9.65,17.53,100,0.13,No action needed,0
4/28/2023 4:00,13.45,24.65,55,0.11,No action needed,0
4/28/2023 5:00,24.31,17.04,119,0.18,No action needed,0
4/28/2023 6:00,11.64,21.93,61,0.19,No action needed,0
4/28/2023 7:00,11.88,22.97,57,0.21,Shift heavy operations to off-peak hours.,0.17
4/28/2023 8:00,6.28,20.49,136,0.16,No action needed,0
4/28/2023 9:00,7.72,27.68,100,0.22,Shift heavy operations to off-peak hours.,0.12
4/28/2023 10:00,24.29,28.69,140,0.23,Reduce HVAC cooling to save energy.; Shift heavy operations to off-peak hours.,0.67
4/28/2023 11:00,19.22,17.4,144,0.27,Shift heavy operations to off-peak hours.,0.36
4/28/2023 12:00,12.35,28.78,75,0.11,No action needed,0
4/28/2023 13:00,7.25,27.63,104,0.19,No action needed,0
4/28/2023 14:00,10.39,26.66,49,0.3,Shift heavy operations to off-peak hours.,0.22
4/28/2023 15:00,16.23,24.64,107,0.27,Shift heavy operations to off-peak hours.,0.31
4/28/2023 16:00,12.14,27.11,86,0.24,Shift heavy operations to off-peak hours.,0.2
4/28/2023 17:00,17.83,19.91,32,0.29,Shift heavy operations to off-peak hours.,0.36
4/28/2023 18:00,22.77,23.95,82,0.23,Shift heavy operations to off-peak hours.,0.37
4/28/2023 19:00,14.74,21.25,79,0.28,Shift heavy operations to off-peak hours.,0.29
4/28/2023 20:00,10.05,25.47,13,0.23,Shift heavy operations to off-peak hours.,0.16
4/28/2023 21:00,6.47,16.71,42,0.25,Shift heavy operations to off-peak hours.,0.11
4/28/2023 22:00,14.75,24.5,115,0.28,Shift heavy operations to off-peak hours.,0.29
4/28/2023 23:00,6.19,25.24,81,0.27,Shift heavy operations to off-peak hours.,0.12
4/29/2023 0:00,11.59,34.16,76,0.25,Shift heavy operations to off-peak hours.,0.2
4/29/2023 1:00,21.79,32.28,150,0.19,Reduce HVAC cooling to save energy.,0.21
4/29/2023 2:00,13.58,34.22,92,0.27,Shift heavy operations to off-peak hours.,0.26
4/29/2023 3:00,22.25,21.05,53,0.11,No action needed,0
4/29/2023 4:00,20.9,27.07,16,0.18,Reduce HVAC cooling to save energy.; Investigate devices left on overnight.,0.34
4/29/2023 5:00,5.3,23.14,76,0.26,Shift heavy operations to off-peak hours.,0.1
4/29/2023 6:00,19.78,29.74,126,0.22,Shift heavy operations to off-peak hours.,0.3
4/29/2023 7:00,10.65,18.78,11,0.29,Shift heavy operations to off-peak hours.,0.22
4/29/2023 8:00,18.93,21.38,98,0.12,No action needed,0
4/29/2023 9:00,22.38,22.47,57,0.21,Shift heavy operations to off-peak hours.,0.33
4/29/2023 10:00,16.18,33.12,22,0.21,Shift heavy operations to off-peak hours.; Investigate devices left on overnight.,0.37
4/29/2023 11:00,21.16,15.43,43,0.12,No action needed,0
4/29/2023 12:00,5.47,30.93,83,0.14,No action needed,0
4/29/2023 13:00,21.7,18.97,28,0.22,Shift heavy operations to off-peak hours.,0.33
4/29/2023 14:00,9.91,29.93,132,0.27,Shift heavy operations to off-peak hours.,0.19
4/29/2023 15:00,22.14,33.21,139,0.17,Reduce HVAC cooling to save energy.,0.19
4/29/2023 16:00,11.36,25.79,103,0.11,No action needed,0
4/29/2023 17:00,5.19,18.05,111,0.2,No action needed,0
4/29/2023 18:00,20.82,17.89,123,0.24,Shift heavy operations to off-peak hours.,0.35
4/29/2023 19:00,12.66,29.06,127,0.23,Shift heavy operations to off-peak hours.,0.2
4/29/2023 20:00,9.89,32.34,74,0.17,No action needed,0
4/29/2023 21:00,18.18,30.66,122,0.17,No action needed,0
4/29/2023 22:00,18.42,16.12,106,0.2,No action needed,0
4/29/2023 23:00,13.71,29.48,74,0.28,Shift heavy operations to off-peak hours.,0.27
4/30/2023 0:00,21.05,15.74,86,0.23,Shift heavy operations to off-peak hours.,0.34
4/30/2023 1:00,23.53,17.95,31,0.15,No action needed,0
4/30/2023 2:00,21.13,19.09,75,0.23,Shift heavy operations to off-peak hours.,0.34
4/30/2023 3:00,9.63,34.59,142,0.2,No action needed,0
4/30/2023 4:00,16.68,20.73,105,0.23,Shift heavy operations to off-peak hours.,0.27
4/30/2023 5:00,11.63,30.35,62,0.15,Investigate devices left on overnight.,0.07
4/30/2023 6:00,11.96,31.12,23,0.25,Shift heavy operations to off-peak hours.,0.21
4/30/2023 7:00,12.24,34.47,14,0.12,Investigate devices left on overnight.,0.06
4/30/2023 8:00,5,18.96,5,0.24,Shift heavy operations to off-peak hours.,0.08
4/30/2023 9:00,21.51,29.24,82,0.18,Reduce HVAC cooling to save energy.; Investigate devices left on overnight.,0.35
4/30/2023 10:00,5.71,30.77,105,0.29,Shift heavy operations to off-peak hours.,0.12
4/30/2023 11:00,18.09,21.71,104,0.23,Shift heavy operations to off-peak hours.,0.29
4/30/2023 12:00,19.59,24.03,98,0.27,Shift heavy operations to off-peak hours.,0.37
4/30/2023 13:00,9.27,25.19,130,0.27,Shift heavy operations to off-peak hours.,0.18
4/30/2023 14:00,22.1,30.06,37,0.25,Reduce HVAC cooling to save energy.; Shift heavy operations to off-peak hours.; Investigate devices left on overnight.,0.88
4/30/2023 15:00,21.45,18.44,110,0.16,No action needed,0
4/30/2023 16:00,16.02,22.95,121,0.14,Investigate devices left on overnight.,0.09
4/30/2023 17:00,7.54,16.66,118,0.14,No action needed,0
4/30/2023 18:00,11.37,17.98,19,0.29,Shift heavy operations to off-peak hours.,0.23
4/30/2023 19:00,22.07,21.72,93,0.3,Shift heavy operations to off-peak hours.,0.46
4/30/2023 20:00,24.25,34.92,33,0.22,Reduce HVAC cooling to save energy.; Shift heavy operations to off-peak hours.,0.64
4/30/2023 21:00,13.25,29.16,59,0.23,Shift heavy operations to off-peak hours.,0.21
4/30/2023 22:00,15.08,24.11,50,0.25,Shift heavy operations to off-peak hours.,0.26
4/30/2023 23:00,14.91,20.73,37,0.29,Shift heavy operations to off-peak hours.,0.3
5/1/2023 0:00,11.9,28.56,13,0.16,No action needed,0
5/1/2023 1:00,22.4,25.33,114,0.29,Reduce HVAC cooling to save energy.; Shift heavy operations to off-peak hours.,0.78
5/1/2023 2:00,13.46,32.2,131,0.26,Shift heavy operations to off-peak hours.,0.24
5/1/2023 3:00,11.28,31.44,85,0.12,No action needed,0
5/1/2023 4:00,9.62,26.86,36,0.2,No action needed,0
5/1/2023 5:00,14.09,20.67,132,0.12,No action needed,0
5/1/2023 6:00,17.98,16.03,105,0.27,Shift heavy operations to off-peak hours.,0.34
5/1/2023 7:00,5.8,23.55,96,0.2,No action needed,0
5/1/2023 8:00,17.02,27.78,141,0.23,Shift heavy operations to off-peak hours.,0.27
5/1/2023 9:00,12.18,33.4,109,0.2,Investigate devices left on overnight.,0.1
5/1/2023 10:00,12.02,30.96,14,0.28,Shift heavy operations to off-peak hours.,0.24
5/1/2023 11:00,21.4,29.87,38,0.25,Reduce HVAC cooling to save energy.; Shift heavy operations to off-peak hours.,0.64
5/1/2023 12:00,9.55,20.67,56,0.11,No action needed,0
5/1/2023 13:00,13.77,20.86,148,0.16,No action needed,0
5/1/2023 14:00,20.29,26.44,22,0.14,Reduce HVAC cooling to save energy.,0.14
5/1/2023 15:00,20.76,27.58,86,0.2,Reduce HVAC cooling to save energy.; Investigate devices left on overnight.,0.37
5/1/2023 16:00,13.07,16.02,45,0.3,Shift heavy operations to off-peak hours.; Investigate devices left on overnight.,0.43
5/1/2023 17:00,15.19,29.52,6,0.27,Turn off unnecessary lights in unoccupied areas.; Shift heavy operations to off-peak hours.,0.41
5/1/2023 18:00,20.42,16.64,67,0.17,No action needed,0
5/1/2023 19:00,16.53,25.43,119,0.1,No action needed,0
5/1/2023 20:00,10.56,19.23,102,0.12,No action needed,0
5/1/2023 21:00,14.8,24.64,8,0.24,Turn off unnecessary lights in unoccupied areas.; Shift heavy operations to off-peak hours.,0.36
5/1/2023 22:00,6.97,28.26,20,0.29,Shift heavy operations to off-peak hours.,0.14
5/1/2023 23:00,22.74,22.17,149,0.17,Investigate devices left on overnight.,0.15
5/2/2023 0:00,23.39,23.14,18,0.17,No action needed,0
5/2/2023 1:00,20.8,27.28,150,0.23,Reduce HVAC cooling to save energy.; Shift heavy operations to off-peak hours.,0.57
5/2/2023 2:00,10.67,26.52,91,0.25,Shift heavy operations to off-peak hours.; Investigate devices left on overnight.,0.29
5/2/2023 3:00,11.93,32.14,86,0.14,No action needed,0
5/2/2023 4:00,24.03,15.6,43,0.3,Shift heavy operations to off-peak hours.,0.5
5/2/2023 5:00,21.54,16.03,145,0.22,Shift heavy operations to off-peak hours.,0.33
5/2/2023 6:00,20.79,18.64,44,0.21,Shift heavy operations to off-peak hours.,0.31
5/2/2023 7:00,14.34,28.77,102,0.28,Shift heavy operations to off-peak hours.,0.28
5/2/2023 8:00,10.81,24.57,67,0.27,Shift heavy operations to off-peak hours.; Investigate devices left on overnight.,0.32
5/2/2023 9:00,5.49,22.99,102,0.13,No action needed,0
5/2/2023 10:00,22.96,30.22,125,0.28,Reduce HVAC cooling to save energy.; Shift heavy operations to off-peak hours.,0.77
5/2/2023 11:00,17.29,20.32,50,0.14,No action needed,0
5/2/2023 12:00,16.55,30.9,5,0.22,Turn off unnecessary lights in unoccupied areas.; Shift heavy operations to off-peak hours.,0.36
5/2/2023 13:00,19.51,19.21,36,0.23,Shift heavy operations to off-peak hours.; Investigate devices left on overnight.,0.49
5/2/2023 14:00,16.12,34.56,141,0.13,No action needed,0
5/2/2023 15:00,22.87,19.36,120,0.13,No action needed,0
5/2/2023 16:00,7.9,29.37,6,0.16,Turn off unnecessary lights in unoccupied areas.,0.04
5/2/2023 17:00,23.2,16.3,113,0.24,Shift heavy operations to off-peak hours.,0.39
5/2/2023 18:00,14.3,32.43,91,0.14,No action needed,0
5/2/2023 19:00,16.36,34.49,26,0.2,No action needed,0
5/2/2023 20:00,22.3,22.74,71,0.23,Shift heavy operations to off-peak hours.,0.36
5/2/2023 21:00,20.8,30.49,14,0.21,Reduce HVAC cooling to save energy.; Shift heavy operations to off-peak hours.,0.52
5/2/2023 22:00,5.04,22.2,146,0.2,No action needed,0
5/2/2023 23:00,17.36,32.27,36,0.23,Shift heavy operations to off-peak hours.,0.28
5/3/2023 0:00,9.54,27.93,38,0.14,No action needed,0
5/3/2023 1:00,11.29,32.09,68,0.27,Shift heavy operations to off-peak hours.,0.21
5/3/2023 2:00,11.59,26.16,32,0.15,No action needed,0
5/3/2023 3:00,11.88,25.15,101,0.25,Shift heavy operations to off-peak hours.,0.21
5/3/2023 4:00,14.56,30.06,88,0.29,Shift heavy operations to off-peak hours.,0.3
5/3/2023 5:00,9.89,30.24,19,0.2,No action needed,0
5/3/2023 6:00,13.42,18.28,97,0.15,No action needed,0
5/3/2023 7:00,15.31,26.16,142,0.14,No action needed,0
5/3/2023 8:00,14.04,17.57,128,0.11,Investigate devices left on overnight.,0.06
5/3/2023 9:00,9.76,33.98,118,0.18,No action needed,0
5/3/2023 10:00,16.08,27.84,99,0.2,No action needed,0
5/3/2023 11:00,16.49,24.54,109,0.22,Shift heavy operations to off-peak hours.,0.25
5/3/2023 12:00,10.85,21.79,97,0.14,No action needed,0
5/3/2023 13:00,23,32.72,44,0.28,Reduce HVAC cooling to save energy.; Shift heavy operations to off-peak hours.,0.77
5/3/2023 14:00,16.77,15.35,121,0.13,Investigate devices left on overnight.,0.09
5/3/2023 15:00,15.65,27.85,115,0.29,Shift heavy operations to off-peak hours.,0.32
5/3/2023 16:00,10.85,23.96,146,0.15,No action needed,0
5/3/2023 17:00,7.34,22.79,101,0.29,Shift heavy operations to off-peak hours.,0.15
5/3/2023 18:00,7.66,33.54,109,0.2,No action needed,0
5/3/2023 19:00,14.4,23.06,21,0.1,Investigate devices left on overnight.,0.06
5/3/2023 20:00,20.05,34.98,31,0.22,Reduce HVAC cooling to save energy.; Shift heavy operations to off-peak hours.,0.53
5/3/2023 21:00,13.08,15.09,113,0.23,Shift heavy operations to off-peak hours.,0.21
5/3/2023 22:00,20.05,32.69,11,0.28,Reduce HVAC cooling to save energy.; Shift heavy operations to off-peak hours.; Investigate devices left on overnight.,0.9
5/3/2023 23:00,19.58,27.6,20,0.11,No action needed,0
5/4/2023 0:00,19.41,16.86,47,0.25,Shift heavy operations to off-peak hours.,0.34
5/4/2023 1:00,7.07,30.74,73,0.14,No action needed,0
5/4/2023 2:00,8.42,29.44,126,0.15,No action needed,0
5/4/2023 3:00,21.2,28.53,41,0.28,Reduce HVAC cooling to save energy.; Shift heavy operations to off-peak hours.; Investigate devices left on overnight.,0.95
5/4/2023 4:00,6,22.06,112,0.12,No action needed,0
5/4/2023 5:00,23.44,33.73,90,0.27,Reduce HVAC cooling to save energy.; Shift heavy operations to off-peak hours.,0.76
5/4/2023 6:00,18.24,18.59,133,0.29,Shift heavy operations to off-peak hours.,0.37
5/4/2023 7:00,5.15,22.17,146,0.3,Shift heavy operations to off-peak hours.,0.11
5/4/2023 8:00,15.36,32.29,99,0.15,No action needed,0
5/4/2023 9:00,21.55,34.72,22,0.19,Reduce HVAC cooling to save energy.,0.2
5/4/2023 10:00,18.54,27.87,93,0.14,No action needed,0
5/4/2023 11:00,6.18,31.56,17,0.12,No action needed,0
5/4/2023 12:00,24.34,19.35,53,0.3,Shift heavy operations to off-peak hours.,0.51
5/4/2023 13:00,7.5,17.28,93,0.11,No action needed,0
5/4/2023 14:00,9.11,17.74,97,0.13,No action needed,0
5/4/2023 15:00,16.39,31.35,60,0.16,No action needed,0
5/4/2023 16:00,16.67,33.31,110,0.17,No action needed,0
5/4/2023 17:00,14.92,30,101,0.23,Shift heavy operations to off-peak hours.,0.24
5/4/2023 18:00,12.38,34.53,52,0.23,Shift heavy operations to off-peak hours.,0.2
5/4/2023 19:00,19.19,27.15,19,0.17,No action needed,0
5/4/2023 20:00,17.83,30.75,123,0.28,Shift heavy operations to off-peak hours.; Investigate devices left on overnight.,0.55
5/4/2023 21:00,23.01,17.2,94,0.17,No action needed,0
5/4/2023 22:00,23.11,24.84,30,0.12,No action needed,0
5/4/2023 23:00,12.18,33.17,114,0.19,No action needed,0
5/5/2023 0:00,10.29,27.05,72,0.22,Shift heavy operations to off-peak hours.,0.16
5/5/2023 1:00,6.38,24.04,133,0.24,Shift heavy operations to off-peak hours.,0.11
5/5/2023 2:00,14.59,23.08,150,0.15,No action needed,0
5/5/2023 3:00,24.82,16.17,50,0.22,Shift heavy operations to off-peak hours.,0.38
5/5/2023 4:00,11.45,31.72,80,0.15,No action needed,0
5/5/2023 5:00,22.61,30.81,111,0.19,Reduce HVAC cooling to save energy.,0.21
5/5/2023 6:00,12.49,22.82,131,0.28,Shift heavy operations to off-peak hours.,0.24
5/5/2023 7:00,17.71,22.78,55,0.22,Shift heavy operations to off-peak hours.,0.27
5/5/2023 8:00,7.5,28,98,0.17,No action needed,0
5/5/2023 9:00,6.14,17.84,72,0.28,Shift heavy operations to off-peak hours.,0.12
5/5/2023 10:00,8.18,30.87,138,0.14,No action needed,0
5/5/2023 11:00,18.84,21.44,138,0.21,Shift heavy operations to off-peak hours.,0.28
5/5/2023 12:00,8.62,16.1,56,0.2,No action needed,0
5/5/2023 13:00,24.51,23.06,11,0.1,No action needed,0
5/5/2023 14:00,18.05,19.76,87,0.22,Shift heavy operations to off-peak hours.,0.28
5/5/2023 15:00,15.09,21.22,83,0.16,No action needed,0
5/5/2023 16:00,8.6,19.83,149,0.24,Shift heavy operations to off-peak hours.,0.14
5/5/2023 17:00,16.82,32.49,32,0.16,No action needed,0
5/5/2023 18:00,18.67,17.44,85,0.24,Shift heavy operations to off-peak hours.,0.31
5/5/2023 19:00,15.36,33.36,141,0.12,No action needed,0
5/5/2023 20:00,20.76,32.51,33,0.18,Reduce HVAC cooling to save energy.,0.19
5/5/2023 21:00,20.98,17.5,29,0.15,No action needed,0
5/5/2023 22:00,21.42,18.33,12,0.2,No action needed,0
5/5/2023 23:00,22.01,17.97,24,0.17,Investigate devices left on overnight.,0.15
5/6/2023 0:00,20.9,28.89,95,0.21,Reduce HVAC cooling to save energy.; Shift heavy operations to off-peak hours.,0.53
5/6/2023 1:00,22.29,31.61,145,0.15,Reduce HVAC cooling to save energy.; Investigate devices left on overnight.,0.3
5/6/2023 2:00,20.32,28.57,52,0.11,Reduce HVAC cooling to save energy.,0.11
5/6/2023 3:00,11.06,34.61,16,0.17,Investigate devices left on overnight.,0.08
5/6/2023 4:00,15.03,27.53,65,0.3,Shift heavy operations to off-peak hours.,0.32
5/6/2023 5:00,20.3,34.12,41,0.21,Reduce HVAC cooling to save energy.; Shift heavy operations to off-peak hours.,0.51
5/6/2023 6:00,14.09,20.37,100,0.17,No action needed,0
5/6/2023 7:00,15.58,31.18,124,0.17,No action needed,0
5/6/2023 8:00,19.82,24.3,66,0.22,Shift heavy operations to off-peak hours.,0.31
5/6/2023 9:00,8.32,26.59,64,0.14,No action needed,0
5/6/2023 10:00,9.64,34.38,34,0.12,No action needed,0
5/6/2023 11:00,16.23,20.09,26,0.13,No action needed,0
5/6/2023 12:00,16.2,22.82,65,0.18,No action needed,0
5/6/2023 13:00,5.85,20.39,79,0.25,Shift heavy operations to off-peak hours.,0.1
5/6/2023 14:00,15.89,18.75,132,0.27,Shift heavy operations to off-peak hours.,0.3
5/6/2023 15:00,12.55,23.38,78,0.24,Shift heavy operations to off-peak hours.; Investigate devices left on overnight.,0.33
5/6/2023 16:00,8.19,31.17,118,0.24,Shift heavy operations to off-peak hours.,0.14
5/6/2023 17:00,21.97,27.61,58,0.29,Reduce HVAC cooling to save energy.; Shift heavy operations to off-peak hours.; Investigate devices left on overnight.,1.02
5/6/2023 18:00,15.25,18.33,77,0.22,Shift heavy operations to off-peak hours.; Investigate devices left on overnight.,0.37
5/6/2023 19:00,20.43,21.75,81,0.21,Shift heavy operations to off-peak hours.; Investigate devices left on overnight.,0.47
5/6/2023 20:00,14.65,23.86,53,0.14,Investigate devices left on overnight.,0.08
5/6/2023 21:00,24.89,33.28,114,0.14,Reduce HVAC cooling to save energy.,0.17
5/6/2023 22:00,10.55,16.16,34,0.11,No action needed,0
5/6/2023 23:00,6.02,29.47,91,0.13,No action needed,0
5/7/2023 0:00,12.8,16.29,108,0.27,Shift heavy operations to off-peak hours.,0.24
5/7/2023 1:00,7.4,24.76,52,0.22,Shift heavy operations to off-peak hours.,0.11
5/7/2023 2:00,23.93,31.26,42,0.14,Reduce HVAC cooling to save energy.,0.17
5/7/2023 3:00,8.56,22.37,62,0.12,No action needed,0
5/7/2023 4:00,7.81,31.23,33,0.19,No action needed,0
5/7/2023 5:00,6.27,30.62,77,0.2,No action needed,0
5/7/2023 6:00,23.98,23.39,74,0.16,No action needed,0
5/7/2023 7:00,9.49,23.22,125,0.29,Shift heavy operations to off-peak hours.,0.19
5/7/2023 8:00,6.35,34.65,143,0.12,No action needed,0
5/7/2023 9:00,14.29,18.76,137,0.13,No action needed,0
5/7/2023 10:00,21.31,33.53,62,0.25,Reduce HVAC cooling to save energy.; Shift heavy operations to off-peak hours.; Investigate devices left on overnight.,0.85
5/7/2023 11:00,5.54,25.74,114,0.17,No action needed,0
5/7/2023 12:00,21.23,17.1,67,0.29,Shift heavy operations to off-peak hours.,0.43
5/7/2023 13:00,8.99,25.81,99,0.27,Shift heavy operations to off-peak hours.,0.17
5/7/2023 14:00,11.25,24.13,10,0.15,No action needed,0
5/7/2023 15:00,5.31,31.25,136,0.2,No action needed,0
5/7/2023 16:00,5.65,34.51,133,0.29,Shift heavy operations to off-peak hours.,0.11
5/7/2023 17:00,15.27,28.81,146,0.13,No action needed,0
5/7/2023 18:00,15.24,32.66,89,0.28,Shift heavy operations to off-peak hours.,0.3
5/7/2023 19:00,13.56,24.31,105,0.28,Shift heavy operations to off-peak hours.,0.27
5/7/2023 20:00,18.72,31.61,146,0.22,Shift heavy operations to off-peak hours.,0.29
5/7/2023 21:00,18.59,18.23,79,0.12,No action needed,0
5/7/2023 22:00,15.11,33.72,91,0.15,No action needed,0
5/7/2023 23:00,11.86,16.87,119,0.3,Shift heavy operations to off-peak hours.,0.25
5/8/2023 0:00,22.61,18.76,41,0.15,Investigate devices left on overnight.,0.14
5/8/2023 1:00,7.12,28.41,65,0.18,No action needed,0
5/8/2023 2:00,22.35,22.26,32,0.23,Shift heavy operations to off-peak hours.; Investigate devices left on overnight.,0.57
5/8/2023 3:00,18.03,34.41,55,0.2,No action needed,0
5/8/2023 4:00,10.29,19.41,8,0.22,Turn off unnecessary lights in unoccupied areas.; Shift heavy operations to off-peak hours.,0.23
5/8/2023 5:00,11.66,15.84,80,0.11,No action needed,0
5/8/2023 6:00,9.33,17,141,0.21,Shift heavy operations to off-peak hours.,0.14
5/8/2023 7:00,9.57,24.28,109,0.19,No action needed,0
5/8/2023 8:00,7.55,27.35,128,0.27,Shift heavy operations to off-peak hours.,0.14
5/8/2023 9:00,24.3,22.44,23,0.16,No action needed,0
5/8/2023 10:00,8.63,31.85,85,0.14,No action needed,0
5/8/2023 11:00,11.02,25.37,132,0.19,Investigate devices left on overnight.,0.08
5/8/2023 12:00,16.86,34.51,80,0.2,No action needed,0
5/8/2023 13:00,8.67,32.35,57,0.2,No action needed,0
5/8/2023 14:00,24.82,30.33,137,0.27,Reduce HVAC cooling to save energy.; Shift heavy operations to off-peak hours.,0.8
5/8/2023 15:00,20.7,16.5,113,0.24,Shift heavy operations to off-peak hours.; Investigate devices left on overnight.,0.55
5/8/2023 16:00,5.66,30.57,89,0.22,Shift heavy operations to off-peak hours.,0.09
5/8/2023 17:00,12.35,25.07,45,0.2,No action needed,0
5/8/2023 18:00,23.3,20.39,8,0.14,Turn off unnecessary lights in unoccupied areas.,0.1
5/8/2023 19:00,9.14,20.47,19,0.26,Shift heavy operations to off-peak hours.,0.17
5/8/2023 20:00,12.02,19.46,100,0.25,Shift heavy operations to off-peak hours.,0.21
5/8/2023 21:00,17.73,29.29,127,0.18,No action needed,0
5/8/2023 22:00,8.77,25.7,123,0.2,No action needed,0
5/8/2023 23:00,9.6,20,56,0.15,No action needed,0
5/9/2023 0:00,18.95,24.26,22,0.3,Shift heavy operations to off-peak hours.,0.4
5/9/2023 1:00,14.67,16.58,24,0.22,Shift heavy operations to off-peak hours.,0.23
5/9/2023 2:00,24.81,25.32,148,0.17,Reduce HVAC cooling to save energy.,0.21
5/9/2023 3:00,22.74,20.56,110,0.26,Shift heavy operations to off-peak hours.,0.41
5/9/2023 4:00,10.39,16.4,31,0.19,No action needed,0
5/9/2023 5:00,15.07,19.87,20,0.29,Shift heavy operations to off-peak hours.,0.31
5/9/2023 6:00,19.64,24.65,58,0.14,No action needed,0
5/9/2023 7:00,16.78,21.34,25,0.19,No action needed,0
5/9/2023 8:00,20.78,28.69,140,0.25,Reduce HVAC cooling to save energy.; Shift heavy operations to off-peak hours.,0.62
5/9/2023 9:00,13.9,21.68,114,0.13,No action needed,0
5/9/2023 10:00,17.04,19.3,150,0.2,Investigate devices left on overnight.,0.14
5/9/2023 11:00,21.25,20.28,145,0.14,No action needed,0
5/9/2023 12:00,11.92,15.42,20,0.3,Shift heavy operations to off-peak hours.,0.25
5/9/2023 13:00,12.38,19.82,71,0.18,No action needed,0
5/9/2023 14:00,7.7,24.68,90,0.17,No action needed,0
5/9/2023 15:00,9.01,31.2,34,0.16,No action needed,0
5/9/2023 16:00,9.31,23.74,88,0.28,Shift heavy operations to off-peak hours.,0.18
5/9/2023 17:00,11.48,26.75,27,0.21,Shift heavy operations to off-peak hours.,0.17
5/9/2023 18:00,9.39,31.04,23,0.22,Shift heavy operations to off-peak hours.,0.14
5/9/2023 19:00,14.25,32.11,89,0.27,Shift heavy operations to off-peak hours.,0.27
5/9/2023 20:00,17.22,34.85,49,0.18,No action needed,0
5/9/2023 21:00,21.42,18.69,146,0.26,Shift heavy operations to off-peak hours.,0.39
5/9/2023 22:00,6.07,26.65,5,0.12,Turn off unnecessary lights in unoccupied areas.,0.02
5/9/2023 23:00,19.49,19,72,0.25,Shift heavy operations to off-peak hours.,0.34
5/10/2023 0:00,22.12,29.38,52,0.24,Reduce HVAC cooling to save energy.; Shift heavy operations to off-peak hours.,0.64
5/10/2023 1:00,18.89,30.96,27,0.12,Investigate devices left on overnight.,0.09
5/10/2023 2:00,19.39,26.97,55,0.21,Shift heavy operations to off-peak hours.,0.29
5/10/2023 3:00,11.81,33.27,119,0.29,Shift heavy operations to off-peak hours.,0.24
5/10/2023 4:00,13.89,26.66,48,0.14,Investigate devices left on overnight.,0.08
5/10/2023 5:00,22.79,16.28,56,0.18,No action needed,0
5/10/2023 6:00,16.27,31.41,47,0.27,Shift heavy operations to off-peak hours.; Investigate devices left on overnight.,0.48
5/10/2023 7:00,6.12,20.22,43,0.19,No action needed,0
5/10/2023 8:00,15.77,22.59,50,0.28,Shift heavy operations to off-peak hours.; Investigate devices left on overnight.,0.49
5/10/2023 9:00,5.38,15.32,34,0.27,Shift heavy operations to off-peak hours.,0.1
5/10/2023 10:00,20.28,15.12,141,0.14,No action needed,0
5/10/2023 11:00,12.85,18.06,13,0.14,No action needed,0
5/10/2023 12:00,18.07,20.9,11,0.14,Investigate devices left on overnight.,0.1
5/10/2023 13:00,21.5,27.84,25,0.2,Reduce HVAC cooling to save energy.; Investigate devices left on overnight.,0.39
5/10/2023 14:00,9.09,19.9,50,0.16,No action needed,0
5/10/2023 15:00,18.74,25.13,19,0.11,No action needed,0
5/10/2023 16:00,20.86,22.38,24,0.26,Shift heavy operations to off-peak hours.,0.38
5/10/2023 17:00,24.76,19.97,79,0.26,Shift heavy operations to off-peak hours.,0.45
5/10/2023 18:00,9.4,17.58,112,0.19,No action needed,0
5/10/2023 19:00,8.38,26.64,142,0.22,Shift heavy operations to off-peak hours.,0.13
5/10/2023 20:00,24.37,16.67,129,0.24,Shift heavy operations to off-peak hours.,0.41
5/10/2023 21:00,21.57,16.01,79,0.23,Shift heavy operations to off-peak hours.,0.35
5/10/2023 22:00,6.44,30.29,82,0.13,No action needed,0
5/10/2023 23:00,23.72,32.8,69,0.17,Reduce HVAC cooling to save energy.,0.2
5/11/2023 0:00,24.85,16.54,97,0.18,Investigate devices left on overnight.,0.18
5/11/2023 1:00,8.36,34.37,127,0.16,No action needed,0
5/11/2023 2:00,7.35,23.35,82,0.18,No action needed,0
5/11/2023 3:00,13.35,25.83,112,0.12,Investigate devices left on overnight.,0.06
5/11/2023 4:00,11.02,19.01,21,0.15,No action needed,0
5/11/2023 5:00,7.14,24.8,78,0.23,Shift heavy operations to off-peak hours.,0.11
5/11/2023 6:00,5.12,33.8,113,0.29,Shift heavy operations to off-peak hours.,0.1
5/11/2023 7:00,19.58,27.56,135,0.22,Shift heavy operations to off-peak hours.,0.3
5/11/2023 8:00,14.8,21.88,89,0.13,No action needed,0
5/11/2023 9:00,22.77,27.76,56,0.26,Reduce HVAC cooling to save energy.; Shift heavy operations to off-peak hours.,0.71
5/11/2023 10:00,9.13,34.65,53,0.12,No action needed,0
5/11/2023 11:00,18.78,23.29,47,0.12,Investigate devices left on overnight.,0.09
5/11/2023 12:00,5.57,24.78,50,0.22,Shift heavy operations to off-peak hours.,0.09
5/11/2023 13:00,7.22,21.04,40,0.18,No action needed,0
5/11/2023 14:00,19.32,17.04,57,0.28,Shift heavy operations to off-peak hours.,0.38
5/11/2023 15:00,11.48,28.03,148,0.24,Shift heavy operations to off-peak hours.,0.19
5/11/2023 16:00,10.43,22.48,81,0.11,No action needed,0
5/11/2023 17:00,13.65,18.09,101,0.14,No action needed,0
5/11/2023 18:00,16.65,33.53,58,0.11,No action needed,0
5/11/2023 19:00,11.28,21.72,72,0.23,Shift heavy operations to off-peak hours.,0.18
5/11/2023 20:00,20.36,19.1,16,0.23,Shift heavy operations to off-peak hours.; Investigate devices left on overnight.,0.52
5/11/2023 21:00,7.65,19.48,115,0.1,No action needed,0
5/11/2023 22:00,11.02,23.6,125,0.17,No action needed,0
5/11/2023 23:00,8.38,29.35,66,0.2,No action needed,0
5/12/2023 0:00,7.17,16.03,25,0.25,Shift heavy operations to off-peak hours.,0.13
5/12/2023 1:00,20.61,31.74,121,0.11,Reduce HVAC cooling to save energy.,0.11
5/12/2023 2:00,8.04,28.42,58,0.17,No action needed,0
5/12/2023 3:00,23.83,17.49,95,0.25,Shift heavy operations to off-peak hours.; Investigate devices left on overnight.,0.66
5/12/2023 4:00,11.92,28.43,106,0.27,Shift heavy operations to off-peak hours.,0.23
5/12/2023 5:00,5.4,31.04,67,0.12,No action needed,0
5/12/2023 6:00,14.02,31.9,109,0.26,Shift heavy operations to off-peak hours.,0.26
5/12/2023 7:00,5.49,32.45,126,0.13,No action needed,0
5/12/2023 8:00,19.13,24.01,91,0.24,Shift heavy operations to off-peak hours.,0.32
5/12/2023 9:00,18.08,29.31,92,0.15,No action needed,0
5/12/2023 10:00,11.98,15.48,7,0.12,Turn off unnecessary lights in unoccupied areas.,0.04
5/12/2023 11:00,14.88,21.33,136,0.11,Investigate devices left on overnight.,0.07
5/12/2023 12:00,24.27,24.95,92,0.22,Shift heavy operations to off-peak hours.,0.37
5/12/2023 13:00,5.48,17.24,142,0.25,Shift heavy operations to off-peak hours.,0.1
5/12/2023 14:00,11.1,22.48,107,0.24,Shift heavy operations to off-peak hours.; Investigate devices left on overnight.,0.29
5/12/2023 15:00,15.47,34.91,12,0.24,Shift heavy operations to off-peak hours.,0.26
5/12/2023 16:00,19.41,27.99,30,0.25,Shift heavy operations to off-peak hours.,0.34
5/12/2023 17:00,5.75,16.24,120,0.2,No action needed,0
5/12/2023 18:00,23.72,28.44,94,0.11,Reduce HVAC cooling to save energy.,0.13
5/12/2023 19:00,20.16,22.25,40,0.11,No action needed,0
5/12/2023 20:00,11.76,27.53,22,0.15,No action needed,0
5/12/2023 21:00,17,34,102,0.21,Shift heavy operations to off-peak hours.,0.25
5/12/2023 22:00,23.41,25.9,102,0.12,Reduce HVAC cooling to save energy.,0.14
5/12/2023 23:00,21.16,26.44,7,0.12,Reduce HVAC cooling to save energy.; Turn off unnecessary lights in unoccupied areas.; Investigate devices left on overnight.,0.3
5/13/2023 0:00,16.61,32.64,129,0.2,No action needed,0
5/13/2023 1:00,24.03,34.94,98,0.27,Reduce HVAC cooling to save energy.; Shift heavy operations to off-peak hours.,0.78
5/13/2023 2:00,15.31,19.2,107,0.14,Investigate devices left on overnight.,0.09
5/13/2023 3:00,22.46,29.72,69,0.16,Reduce HVAC cooling to save energy.,0.18
5/13/2023 4:00,24.56,15.48,75,0.13,No action needed,0
5/13/2023 5:00,15.85,26.48,147,0.22,Shift heavy operations to off-peak hours.,0.24
5/13/2023 6:00,16.88,22.2,78,0.22,Shift heavy operations to off-peak hours.,0.26
5/13/2023 7:00,22.71,31.62,143,0.13,Reduce HVAC cooling to save energy.,0.15
5/13/2023 8:00,10.61,16.91,85,0.29,Shift heavy operations to off-peak hours.,0.22
5/13/2023 9:00,17.24,23.91,61,0.27,Shift heavy operations to off-peak hours.,0.33
5/13/2023 10:00,13.9,32.85,89,0.21,Shift heavy operations to off-peak hours.,0.2
5/13/2023 11:00,18.8,22.25,89,0.25,Shift heavy operations to off-peak hours.,0.33
5/13/2023 12:00,22.84,16.12,6,0.16,Turn off unnecessary lights in unoccupied areas.,0.11
5/13/2023 13:00,18.16,28.58,87,0.2,No action needed,0
5/13/2023 14:00,19.72,29.61,94,0.21,Shift heavy operations to off-peak hours.,0.29
5/13/2023 15:00,15.1,21.79,36,0.22,Shift heavy operations to off-peak hours.,0.23
5/13/2023 16:00,14.24,20.17,36,0.22,Shift heavy operations to off-peak hours.,0.22
5/13/2023 17:00,12.07,31.44,32,0.25,Shift heavy operations to off-peak hours.,0.21
5/13/2023 18:00,12.28,30.81,10,0.13,No action needed,0
5/13/2023 19:00,20.6,26.15,128,0.27,Reduce HVAC cooling to save energy.; Shift heavy operations to off-peak hours.,0.67
5/13/2023 20:00,10.27,22.55,128,0.28,Shift heavy operations to off-peak hours.; Investigate devices left on overnight.,0.32
5/13/2023 21:00,5.8,26.63,107,0.13,No action needed,0
5/13/2023 22:00,14,29.73,142,0.28,Shift heavy operations to off-peak hours.; Investigate devices left on overnight.,0.43
5/13/2023 23:00,17.91,15.19,88,0.17,No action needed,0
5/14/2023 0:00,19.67,31.36,42,0.24,Shift heavy operations to off-peak hours.,0.33
5/14/2023 1:00,8.42,22.1,100,0.3,Shift heavy operations to off-peak hours.,0.18
5/14/2023 2:00,20.43,26.99,146,0.19,Reduce HVAC cooling to save energy.,0.19
5/14/2023 3:00,23.92,26.47,131,0.13,Reduce HVAC cooling to save energy.,0.16
5/14/2023 4:00,13.41,26.61,35,0.17,No action needed,0
5/14/2023 5:00,12.64,26.57,46,0.29,Shift heavy operations to off-peak hours.,0.26
5/14/2023 6:00,24.43,15.65,77,0.18,No action needed,0
5/14/2023 7:00,15.47,15.19,105,0.22,Shift heavy operations to off-peak hours.,0.24
5/14/2023 8:00,11.08,19.52,99,0.12,No action needed,0
5/14/2023 9:00,7.68,33.76,114,0.2,No action needed,0
5/14/2023 10:00,9.06,20.29,42,0.18,No action needed,0
5/14/2023 11:00,8.99,22.59,120,0.3,Shift heavy operations to off-peak hours.,0.19
5/14/2023 12:00,12.06,34.41,94,0.25,Shift heavy operations to off-peak hours.,0.21
5/14/2023 13:00,18.72,20.1,89,0.2,No action needed,0
5/14/2023 14:00,16.81,28.84,62,0.27,Shift heavy operations to off-peak hours.,0.32
5/14/2023 15:00,11.04,17.78,99,0.14,Investigate devices left on overnight.,0.06
5/14/2023 16:00,14.24,24.96,18,0.16,Investigate devices left on overnight.,0.09
5/14/2023 17:00,21.54,28.09,20,0.21,Reduce HVAC cooling to save energy.; Shift heavy operations to off-peak hours.,0.54
5/14/2023 18:00,19.31,32.12,52,0.25,Shift heavy operations to off-peak hours.,0.34
5/14/2023 19:00,5.02,29.81,117,0.27,Shift heavy operations to off-peak hours.,0.09
5/14/2023 20:00,14.41,20.97,63,0.16,No action needed,0
5/14/2023 21:00,7.47,26.58,47,0.16,No action needed,0
5/14/2023 22:00,23.09,21.15,69,0.11,Investigate devices left on overnight.,0.1
5/14/2023 23:00,24.86,20.63,139,0.21,Shift heavy operations to off-peak hours.,0.37
5/15/2023 0:00,19.61,20.38,80,0.29,Shift heavy operations to off-peak hours.; Investigate devices left on overnight.,0.63
5/15/2023 1:00,18.14,29.06,127,0.16,No action needed,0
5/15/2023 2:00,15.22,19.93,28,0.17,No action needed,0
5/15/2023 3:00,17.43,25.39,103,0.29,Shift heavy operations to off-peak hours.,0.35
5/15/2023 4:00,24.13,30.51,44,0.18,Reduce HVAC cooling to save energy.,0.22
5/15/2023 5:00,24.8,15.11,8,0.24,Turn off unnecessary lights in unoccupied areas.; Shift heavy operations to off-peak hours.,0.6
5/15/2023 6:00,12.01,28.02,92,0.28,Shift heavy operations to off-peak hours.,0.24
5/15/2023 7:00,14.49,33.05,41,0.22,Shift heavy operations to off-peak hours.,0.22
5/15/2023 8:00,8.26,26.89,101,0.17,No action needed,0
5/15/2023 9:00,16.65,30.52,127,0.27,Shift heavy operations to off-peak hours.,0.31
5/15/2023 10:00,8.22,17.39,103,0.18,No action needed,0
5/15/2023 11:00,19.93,23.73,101,0.19,No action needed,0
5/15/2023 12:00,23.16,28.29,99,0.13,Reduce HVAC cooling to save energy.; Investigate devices left on overnight.,0.27
5/15/2023 13:00,12.06,16.45,95,0.18,No action needed,0
5/15/2023 14:00,17.81,22.35,26,0.25,Shift heavy operations to off-peak hours.,0.31
5/15/2023 15:00,24.73,33.01,116,0.24,Reduce HVAC cooling to save energy.; Shift heavy operations to off-peak hours.,0.71
5/15/2023 16:00,24.41,15.33,59,0.22,Shift heavy operations to off-peak hours.,0.38
5/15/2023 17:00,11.07,19.26,14,0.27,Shift heavy operations to off-peak hours.,0.21
5/15/2023 18:00,10.45,18.88,107,0.18,Investigate devices left on overnight.,0.08
5/15/2023 19:00,15.78,27.8,81,0.21,Shift heavy operations to off-peak hours.,0.23
5/15/2023 20:00,12.41,26.23,10,0.12,No action needed,0
5/15/2023 21:00,15.1,26.31,108,0.16,No action needed,0
5/15/2023 22:00,17.81,23.01,130,0.29,Shift heavy operations to off-peak hours.; Investigate devices left on overnight.,0.57
5/15/2023 23:00,13.9,20.16,68,0.17,No action needed,0
5/16/2023 0:00,5.16,28.27,69,0.25,Shift heavy operations to off-peak hours.,0.09
5/16/2023 1:00,18.67,33.82,29,0.12,No action needed,0
5/16/2023 2:00,6.39,25.32,47,0.13,No action needed,0
5/16/2023 3:00,9.61,34.44,55,0.25,Shift heavy operations to off-peak hours.,0.17
5/16/2023 4:00,18.41,29.34,49,0.24,Shift heavy operations to off-peak hours.,0.31
5/16/2023 5:00,14.23,17.25,93,0.17,No action needed,0
5/16/2023 6:00,20.54,21.04,85,0.17,No action needed,0
5/16/2023 7:00,12.06,28.55,84,0.23,Shift heavy operations to off-peak hours.,0.19
5/16/2023 8:00,13.49,32.67,41,0.2,Investigate devices left on overnight.,0.11
5/16/2023 9:00,14.94,18.94,115,0.3,Shift heavy operations to off-peak hours.,0.31
5/16/2023 10:00,6.33,25.05,9,0.14,Turn off unnecessary lights in unoccupied areas.,0.03
5/16/2023 11:00,15.2,34.73,24,0.22,Shift heavy operations to off-peak hours.,0.23
5/16/2023 12:00,10.05,34.61,145,0.12,No action needed,0
5/16/2023 13:00,8.63,25.43,111,0.27,Shift heavy operations to off-peak hours.,0.16
5/16/2023 14:00,12.36,26.71,52,0.19,No action needed,0
5/16/2023 15:00,17.42,24.64,20,0.17,Investigate devices left on overnight.,0.12
5/16/2023 16:00,6,24.72,6,0.3,Turn off unnecessary lights in unoccupied areas.; Shift heavy operations to off-peak hours.,0.18
5/16/2023 17:00,22.41,16.31,143,0.22,Shift heavy operations to off-peak hours.,0.35
5/16/2023 18:00,17.47,24.51,59,0.16,No action needed,0
5/16/2023 19:00,23.57,28.67,83,0.2,Reduce HVAC cooling to save energy.,0.24
5/16/2023 20:00,21.66,16.68,129,0.18,No action needed,0
5/16/2023 21:00,21.84,29.85,90,0.21,Reduce HVAC cooling to save energy.; Shift heavy operations to off-peak hours.; Investigate devices left on overnight.,0.73
5/16/2023 22:00,11.4,24.49,135,0.14,Investigate devices left on overnight.,0.06
5/16/2023 23:00,19.49,31.15,144,0.19,No action needed,0
5/17/2023 0:00,18.84,34.12,9,0.15,Turn off unnecessary lights in unoccupied areas.,0.08
5/17/2023 1:00,12.6,30.71,127,0.3,Shift heavy operations to off-peak hours.,0.26
5/17/2023 2:00,13.59,25.2,117,0.18,No action needed,0
5/17/2023 3:00,9.79,30.63,60,0.13,No action needed,0
5/17/2023 4:00,16.9,23.32,21,0.11,No action needed,0
5/17/2023 5:00,16.44,24.09,127,0.17,No action needed,0
5/17/2023 6:00,21.43,33.68,123,0.18,Reduce HVAC cooling to save energy.,0.19
5/17/2023 7:00,24.7,15.51,65,0.27,Shift heavy operations to off-peak hours.,0.47
5/17/2023 8:00,14.01,32.44,6,0.17,Turn off unnecessary lights in unoccupied areas.,0.07
5/17/2023 9:00,23.47,31.04,126,0.12,Reduce HVAC cooling to save energy.; Investigate devices left on overnight.,0.25
5/17/2023 10:00,9.27,30.2,98,0.22,Shift heavy operations to off-peak hours.,0.14
5/17/2023 11:00,5.75,24.06,70,0.11,No action needed,0
5/17/2023 12:00,21.52,34.87,66,0.25,Reduce HVAC cooling to save energy.; Shift heavy operations to off-peak hours.; Investigate devices left on overnight.,0.86
5/17/2023 13:00,12.32,22.69,148,0.24,Shift heavy operations to off-peak hours.,0.21
5/17/2023 14:00,5.32,33.71,60,0.27,Shift heavy operations to off-peak hours.,0.1
5/17/2023 15:00,8.3,22.06,145,0.17,No action needed,0
5/17/2023 16:00,12.95,31.53,127,0.16,Investigate devices left on overnight.,0.08
5/17/2023 17:00,16.52,16.84,146,0.12,Investigate devices left on overnight.,0.08
5/17/2023 18:00,15.06,33.12,110,0.17,No action needed,0
5/17/2023 19:00,24.42,15.24,100,0.14,No action needed,0
5/17/2023 20:00,7.62,23.91,125,0.17,No action needed,0
5/17/2023 21:00,23.72,33.84,45,0.12,Reduce HVAC cooling to save energy.; Investigate devices left on overnight.,0.26
5/17/2023 22:00,10.81,16.6,67,0.23,Shift heavy operations to off-peak hours.; Investigate devices left on overnight.,0.27
5/17/2023 23:00,12.89,21.23,137,0.17,Investigate devices left on overnight.,0.09
5/18/2023 0:00,23.03,23.88,121,0.2,Investigate devices left on overnight.,0.18
5/18/2023 1:00,6.89,30.21,117,0.25,Shift heavy operations to off-peak hours.,0.12
5/18/2023 2:00,11.17,23.22,49,0.15,No action needed,0
5/18/2023 3:00,15.09,19.35,50,0.27,Shift heavy operations to off-peak hours.,0.29
5/18/2023 4:00,7.35,25.77,73,0.29,Shift heavy operations to off-peak hours.,0.15
5/18/2023 5:00,10.1,28.83,141,0.24,Shift heavy operations to off-peak hours.,0.17
5/18/2023 6:00,18.39,27.81,51,0.18,No action needed,0
5/18/2023 7:00,11.45,26.13,141,0.21,Shift heavy operations to off-peak hours.,0.17
5/18/2023 8:00,14.25,22.23,60,0.12,No action needed,0
5/18/2023 9:00,6.31,26.53,92,0.16,No action needed,0
5/18/2023 10:00,16.51,26.79,31,0.2,No action needed,0
5/18/2023 11:00,12.56,25.01,136,0.1,No action needed,0
5/18/2023 12:00,16.39,23.29,120,0.15,Investigate devices left on overnight.,0.1
5/18/2023 13:00,6.34,33.25,120,0.18,No action needed,0
5/18/2023 14:00,13.42,16.86,123,0.24,Shift heavy operations to off-peak hours.,0.23
5/18/2023 15:00,15.2,27.1,115,0.22,Shift heavy operations to off-peak hours.; Investigate devices left on overnight.,0.37
5/18/2023 16:00,8.18,25.51,101,0.24,Shift heavy operations to off-peak hours.,0.14
5/18/2023 17:00,13.5,20.68,108,0.17,No action needed,0
5/18/2023 18:00,16.83,15.22,55,0.12,Investigate devices left on overnight.,0.08
5/18/2023 19:00,16.06,33.13,123,0.27,Shift heavy operations to off-peak hours.,0.3
5/18/2023 20:00,11.16,26.71,129,0.28,Shift heavy operations to off-peak hours.,0.22
5/18/2023 21:00,18.51,33.29,143,0.2,Investigate devices left on overnight.,0.15
5/18/2023 22:00,21.31,21.29,50,0.11,No action needed,0
5/18/2023 23:00,10.06,18.3,80,0.23,Shift heavy operations to off-peak hours.,0.16
5/19/2023 0:00,20.96,32.92,23,0.24,Reduce HVAC cooling to save energy.; Shift heavy operations to off-peak hours.,0.6
5/19/2023 1:00,8.67,23.03,115,0.19,No action needed,0
5/19/2023 2:00,21.67,34.12,112,0.19,Reduce HVAC cooling to save energy.,0.21
5/19/2023 3:00,10.63,25.42,139,0.27,Shift heavy operations to off-peak hours.,0.2
5/19/2023 4:00,17.86,34.01,110,0.28,Shift heavy operations to off-peak hours.,0.35
5/19/2023 5:00,17.93,29.76,79,0.18,No action needed,0
5/19/2023 6:00,24.81,30.21,20,0.13,Reduce HVAC cooling to save energy.,0.16
5/19/2023 7:00,21.25,20.95,8,0.23,Turn off unnecessary lights in unoccupied areas.; Shift heavy operations to off-peak hours.; Investigate devices left on overnight.,0.68
5/19/2023 8:00,18.19,34.41,73,0.15,No action needed,0
5/19/2023 9:00,20.29,20.65,61,0.28,Shift heavy operations to off-peak hours.,0.4
5/19/2023 10:00,17.34,30.64,126,0.25,Shift heavy operations to off-peak hours.,0.3
5/19/2023 11:00,21.99,17.89,87,0.2,No action needed,0
5/19/2023 12:00,20.12,15.33,40,0.29,Shift heavy operations to off-peak hours.; Investigate devices left on overnight.,0.64
5/19/2023 13:00,12.68,31.19,111,0.27,Shift heavy operations to off-peak hours.; Investigate devices left on overnight.,0.38
5/19/2023 14:00,21.58,28.38,121,0.25,Reduce HVAC cooling to save energy.; Shift heavy operations to off-peak hours.,0.65
5/19/2023 15:00,13.67,19.48,99,0.19,No action needed,0
5/19/2023 16:00,6.7,20.3,67,0.26,Shift heavy operations to off-peak hours.,0.12
5/19/2023 17:00,5.98,15.93,91,0.28,Shift heavy operations to off-peak hours.,0.12
5/19/2023 18:00,19.21,28.95,58,0.18,Investigate devices left on overnight.,0.14
5/19/2023 19:00,19.5,30.96,25,0.15,No action needed,0
5/19/2023 20:00,23.65,32.99,133,0.12,Reduce HVAC cooling to save energy.; Investigate devices left on overnight.,0.26
5/19/2023 21:00,15.07,34.78,16,0.17,Investigate devices left on overnight.,0.1
5/19/2023 22:00,21.4,17.23,49,0.24,Shift heavy operations to off-peak hours.,0.36
5/19/2023 23:00,13.78,33.09,57,0.25,Shift heavy operations to off-peak hours.; Investigate devices left on overnight.,0.38
5/20/2023 0:00,10.03,24.67,22,0.11,No action needed,0
5/20/2023 1:00,13.1,22.95,11,0.29,Shift heavy operations to off-peak hours.; Investigate devices left on overnight.,0.42
5/20/2023 2:00,12.02,22.72,102,0.23,Shift heavy operations to off-peak hours.; Investigate devices left on overnight.,0.3
5/20/2023 3:00,5.14,20.8,60,0.16,No action needed,0
5/20/2023 4:00,8.97,20.29,47,0.29,Shift heavy operations to off-peak hours.,0.18
5/20/2023 5:00,20.49,27.04,30,0.26,Reduce HVAC cooling to save energy.; Shift heavy operations to off-peak hours.,0.64
5/20/2023 6:00,5.37,18.76,22,0.3,Shift heavy operations to off-peak hours.,0.11
5/20/2023 7:00,11.93,21.18,112,0.17,Investigate devices left on overnight.,0.08
5/20/2023 8:00,5,33.23,108,0.11,No action needed,0
5/20/2023 9:00,17.27,15.72,29,0.19,No action needed,0
5/20/2023 10:00,14.01,28.44,48,0.27,Shift heavy operations to off-peak hours.,0.26
5/20/2023 11:00,8.75,17.5,148,0.18,No action needed,0
5/20/2023 12:00,14.11,17.85,97,0.24,Shift heavy operations to off-peak hours.; Investigate devices left on overnight.,0.37
5/20/2023 13:00,20.84,22.32,31,0.2,No action needed,0
5/20/2023 14:00,13,32.79,99,0.11,Investigate devices left on overnight.,0.06
5/20/2023 15:00,13.82,28.31,134,0.2,No action needed,0
5/20/2023 16:00,12.41,23.85,109,0.24,Shift heavy operations to off-peak hours.,0.21
5/20/2023 17:00,6.85,31.34,73,0.19,No action needed,0
5/20/2023 18:00,17.77,31.73,39,0.1,No action needed,0
5/20/2023 19:00,16.98,22.67,122,0.13,No action needed,0
5/20/2023 20:00,23.71,26.14,121,0.12,Reduce HVAC cooling to save energy.,0.14
5/20/2023 21:00,11.02,18.97,35,0.22,Shift heavy operations to off-peak hours.; Investigate devices left on overnight.,0.27
5/20/2023 22:00,15.11,32.38,142,0.18,No action needed,0
5/20/2023 23:00,21.68,31.48,24,0.26,Reduce HVAC cooling to save energy.; Shift heavy operations to off-peak hours.; Investigate devices left on overnight.,0.9
5/21/2023 0:00,5.25,30.43,107,0.28,Shift heavy operations to off-peak hours.,0.1
5/21/2023 1:00,11.13,22.15,146,0.18,Investigate devices left on overnight.,0.08
5/21/2023 2:00,17.98,28.33,31,0.11,No action needed,0
5/21/2023 3:00,6.89,27.23,113,0.17,No action needed,0
5/21/2023 4:00,13.23,16.65,78,0.19,No action needed,0
5/21/2023 5:00,15.41,19.09,58,0.25,Shift heavy operations to off-peak hours.; Investigate devices left on overnight.,0.42
5/21/2023 6:00,18.33,22.05,79,0.14,Investigate devices left on overnight.,0.1
5/21/2023 7:00,20.78,21.15,110,0.18,No action needed,0
5/21/2023 8:00,7.37,18.23,11,0.26,Shift heavy operations to off-peak hours.,0.13
5/21/2023 9:00,8.63,16.38,117,0.13,No action needed,0
5/21/2023 10:00,11.22,30.76,66,0.26,Shift heavy operations to off-peak hours.,0.2
5/21/2023 11:00,13.1,17.85,31,0.28,Shift heavy operations to off-peak hours.,0.26
5/21/2023 12:00,21.71,17.01,137,0.18,No action needed,0
5/21/2023 13:00,12.71,27.38,131,0.21,Shift heavy operations to off-peak hours.,0.19
5/21/2023 14:00,21.53,19.53,66,0.13,No action needed,0
5/21/2023 15:00,5.63,25.34,10,0.18,No action needed,0
5/21/2023 16:00,13.81,31.49,93,0.26,Shift heavy operations to off-peak hours.; Investigate devices left on overnight.,0.39
5/21/2023 17:00,6.16,27.47,110,0.2,No action needed,0
5/21/2023 18:00,18.98,24.22,13,0.16,No action needed,0
5/21/2023 19:00,18.92,26.89,12,0.27,Shift heavy operations to off-peak hours.; Investigate devices left on overnight.,0.56
5/21/2023 20:00,11.4,22.13,16,0.12,No action needed,0
5/21/2023 21:00,23.01,29.75,145,0.2,Reduce HVAC cooling to save energy.,0.23
5/21/2023 22:00,19.13,28.89,81,0.25,Shift heavy operations to off-peak hours.; Investigate devices left on overnight.,0.53
5/21/2023 23:00,6.21,22.88,135,0.19,No action needed,0
5/22/2023 0:00,14.56,22.28,33,0.24,Shift heavy operations to off-peak hours.,0.24
5/22/2023 1:00,18.69,20.64,46,0.29,Shift heavy operations to off-peak hours.,0.38
5/22/2023 2:00,9.86,26.14,145,0.15,No action needed,0
5/22/2023 3:00,8.03,33.73,114,0.26,Shift heavy operations to off-peak hours.,0.15
5/22/2023 4:00,9.19,29.39,72,0.21,Shift heavy operations to off-peak hours.,0.14
5/22/2023 5:00,14.68,19.61,112,0.18,No action needed,0
5/22/2023 6:00,13.12,16.57,109,0.24,Shift heavy operations to off-peak hours.,0.22
5/22/2023 7:00,7.23,28.37,121,0.25,Shift heavy operations to off-peak hours.,0.13
5/22/2023 8:00,19.5,19.61,68,0.3,Shift heavy operations to off-peak hours.; Investigate devices left on overnight.,0.64
5/22/2023 9:00,21.12,17.48,15,0.27,Shift heavy operations to off-peak hours.,0.4
5/22/2023 10:00,6.28,26.36,29,0.28,Shift heavy operations to off-peak hours.,0.12
5/22/2023 11:00,8.3,16.87,81,0.2,No action needed,0
5/22/2023 12:00,22.73,32.17,74,0.25,Reduce HVAC cooling to save energy.; Shift heavy operations to off-peak hours.; Investigate devices left on overnight.,0.91
5/22/2023 13:00,14.83,20.41,108,0.21,Shift heavy operations to off-peak hours.,0.22
5/22/2023 14:00,15.49,29.82,127,0.26,Shift heavy operations to off-peak hours.,0.28
5/22/2023 15:00,22.53,23.46,118,0.15,Investigate devices left on overnight.,0.14
5/22/2023 16:00,7.41,28.28,124,0.23,Shift heavy operations to off-peak hours.,0.12
5/22/2023 17:00,11.28,18.33,14,0.13,No action needed,0
5/22/2023 18:00,24.53,17.65,91,0.13,No action needed,0
5/22/2023 19:00,5.2,22.39,17,0.21,Shift heavy operations to off-peak hours.,0.08
5/22/2023 20:00,21.35,33.69,125,0.23,Reduce HVAC cooling to save energy.; Shift heavy operations to off-peak hours.,0.59
5/22/2023 21:00,21.38,34.44,137,0.11,Reduce HVAC cooling to save energy.,0.12
5/22/2023 22:00,24.9,29.1,128,0.11,Reduce HVAC cooling to save energy.,0.14
5/22/2023 23:00,16.54,18.26,35,0.15,No action needed,0
5/23/2023 0:00,11.59,27.12,47,0.11,No action needed,0
5/23/2023 1:00,22.34,19.88,41,0.19,Investigate devices left on overnight.,0.17
5/23/2023 2:00,9.4,33.12,78,0.24,Shift heavy operations to off-peak hours.,0.16
5/23/2023 3:00,22.22,16.49,58,0.24,Shift heavy operations to off-peak hours.,0.37
5/23/2023 4:00,11.78,20.38,133,0.16,No action needed,0
5/23/2023 5:00,13.87,15.86,95,0.26,Shift heavy operations to off-peak hours.,0.25
5/23/2023 6:00,8.2,25.42,20,0.19,No action needed,0
5/23/2023 7:00,16.03,23.33,49,0.24,Shift heavy operations to off-peak hours.,0.27
5/23/2023 8:00,15.65,25.29,18,0.21,Shift heavy operations to off-peak hours.,0.23
5/23/2023 9:00,22.94,32.93,74,0.13,Reduce HVAC cooling to save energy.,0.15
5/23/2023 10:00,19.58,32.39,82,0.19,No action needed,0
5/23/2023 11:00,14.91,21.78,60,0.17,No action needed,0
5/23/2023 12:00,24.44,24.79,69,0.28,Shift heavy operations to off-peak hours.,0.48
5/23/2023 13:00,15.19,20.05,7,0.16,Turn off unnecessary lights in unoccupied areas.,0.07
5/23/2023 14:00,22.79,15.44,22,0.2,No action needed,0
5/23/2023 15:00,17.72,24.42,86,0.18,No action needed,0
5/23/2023 16:00,15.3,27.23,57,0.27,Shift heavy operations to off-peak hours.,0.29
5/23/2023 17:00,16.59,25.84,43,0.11,No action needed,0
5/23/2023 18:00,11.93,25.85,143,0.26,Shift heavy operations to off-peak hours.; Investigate devices left on overnight.,0.34
5/23/2023 19:00,16.7,29.2,81,0.3,Shift heavy operations to off-peak hours.,0.35
5/23/2023 20:00,8.66,22.62,6,0.15,Turn off unnecessary lights in unoccupied areas.,0.04
5/23/2023 21:00,24.01,25.92,34,0.13,Reduce HVAC cooling to save energy.; Investigate devices left on overnight.,0.28
5/23/2023 22:00,23.49,34.98,59,0.18,Reduce HVAC cooling to save energy.; Investigate devices left on overnight.,0.38
5/23/2023 23:00,24.77,30.29,102,0.26,Reduce HVAC cooling to save energy.; Shift heavy operations to off-peak hours.,0.77
5/24/2023 0:00,24.5,19.05,91,0.1,No action needed,0
5/24/2023 1:00,14.24,21.73,71,0.26,Shift heavy operations to off-peak hours.,0.26
5/24/2023 2:00,9.5,32.59,131,0.19,No action needed,0
5/24/2023 3:00,21.33,27.56,67,0.12,Reduce HVAC cooling to save energy.,0.13
5/24/2023 4:00,16.94,33.11,9,0.25,Turn off unnecessary lights in unoccupied areas.; Shift heavy operations to off-peak hours.,0.42
5/24/2023 5:00,24.07,30.92,103,0.18,Reduce HVAC cooling to save energy.,0.22
5/24/2023 6:00,20.59,15.36,63,0.14,No action needed,0
5/24/2023 7:00,12.51,34.6,104,0.15,No action needed,0
5/24/2023 8:00,8.17,16.87,145,0.22,Shift heavy operations to off-peak hours.,0.13
5/24/2023 9:00,16.57,32.29,51,0.23,Shift heavy operations to off-peak hours.; Investigate devices left on overnight.,0.42
5/24/2023 10:00,13.49,28.46,25,0.22,Shift heavy operations to off-peak hours.,0.21
5/24/2023 11:00,20.68,21.9,18,0.26,Shift heavy operations to off-peak hours.,0.38
5/24/2023 12:00,24.4,19.2,148,0.11,No action needed,0
5/24/2023 13:00,22.52,30.68,94,0.12,Reduce HVAC cooling to save energy.,0.14
5/24/2023 14:00,21.32,33.31,13,0.18,Reduce HVAC cooling to save energy.,0.19
5/24/2023 15:00,5.26,15.63,35,0.14,No action needed,0
5/24/2023 16:00,21.89,31.56,26,0.29,Reduce HVAC cooling to save energy.; Shift heavy operations to off-peak hours.,0.76
5/24/2023 17:00,7.69,24.4,87,0.28,Shift heavy operations to off-peak hours.,0.15
5/24/2023 18:00,13.33,24.01,85,0.19,No action needed,0
5/24/2023 19:00,10.99,22.33,143,0.27,Shift heavy operations to off-peak hours.,0.21
5/24/2023 20:00,13.85,26.56,87,0.24,Shift heavy operations to off-peak hours.,0.23
5/24/2023 21:00,22.56,33.97,78,0.3,Reduce HVAC cooling to save energy.; Shift heavy operations to off-peak hours.,0.81
5/24/2023 22:00,10.82,21.46,19,0.18,No action needed,0
5/24/2023 23:00,14.61,26.01,124,0.29,Shift heavy operations to off-peak hours.,0.3
5/25/2023 0:00,8.11,23.06,98,0.21,Shift heavy operations to off-peak hours.,0.12
5/25/2023 1:00,19.29,20.49,21,0.29,Shift heavy operations to off-peak hours.; Investigate devices left on overnight.,0.62
5/25/2023 2:00,17.57,15.65,9,0.29,Turn off unnecessary lights in unoccupied areas.; Shift heavy operations to off-peak hours.,0.51
5/25/2023 3:00,13.74,28.26,110,0.16,Investigate devices left on overnight.,0.09
5/25/2023 4:00,23.6,21.19,102,0.15,No action needed,0
5/25/2023 5:00,12.97,34.68,13,0.24,Shift heavy operations to off-peak hours.,0.22
5/25/2023 6:00,20.98,17.46,130,0.21,Shift heavy operations to off-peak hours.,0.31
5/25/2023 7:00,7.38,23.56,132,0.14,No action needed,0
5/25/2023 8:00,19.08,32.27,116,0.11,No action needed,0
5/25/2023 9:00,12.8,20.4,54,0.24,Shift heavy operations to off-peak hours.; Investigate devices left on overnight.,0.34
5/25/2023 10:00,7.35,30.95,125,0.15,No action needed,0
5/25/2023 11:00,8.89,19.64,22,0.26,Shift heavy operations to off-peak hours.,0.16
5/25/2023 12:00,15.45,16.73,71,0.24,Shift heavy operations to off-peak hours.,0.26
5/25/2023 13:00,5.41,23.91,131,0.18,No action needed,0
5/25/2023 14:00,16.92,20.97,109,0.16,No action needed,0
5/25/2023 15:00,16.86,32.75,66,0.18,No action needed,0
5/25/2023 16:00,10.6,18.01,36,0.22,Shift heavy operations to off-peak hours.,0.16
5/25/2023 17:00,13.3,19.37,99,0.23,Shift heavy operations to off-peak hours.; Investigate devices left on overnight.,0.34
5/25/2023 18:00,14.42,15.05,117,0.21,Shift heavy operations to off-peak hours.,0.21
5/25/2023 19:00,16.65,31.56,93,0.29,Shift heavy operations to off-peak hours.,0.34
5/25/2023 20:00,5.08,19.61,133,0.28,Shift heavy operations to off-peak hours.,0.1
5/25/2023 21:00,9.19,23.75,83,0.27,Shift heavy operations to off-peak hours.,0.17
5/25/2023 22:00,18.4,18.12,143,0.21,Shift heavy operations to off-peak hours.,0.27
5/25/2023 23:00,16.25,24.04,53,0.14,No action needed,0
5/26/2023 0:00,6.23,15.51,17,0.17,No action needed,0
5/26/2023 1:00,17.12,19.98,79,0.27,Shift heavy operations to off-peak hours.,0.32
5/26/2023 2:00,20.75,31.15,25,0.16,Reduce HVAC cooling to save energy.,0.17
5/26/2023 3:00,9.43,16.75,8,0.11,Turn off unnecessary lights in unoccupied areas.,0.03
5/26/2023 4:00,15.68,23.27,34,0.29,Shift heavy operations to off-peak hours.; Investigate devices left on overnight.,0.5
5/26/2023 5:00,7.38,18.81,13,0.25,Shift heavy operations to off-peak hours.,0.13
5/26/2023 6:00,18.13,23.9,105,0.23,Shift heavy operations to off-peak hours.,0.29
5/26/2023 7:00,15.57,16.11,52,0.13,No action needed,0
5/26/2023 8:00,24.4,29.26,63,0.27,Reduce HVAC cooling to save energy.; Shift heavy operations to off-peak hours.,0.79
5/26/2023 9:00,13.89,34.86,71,0.14,Investigate devices left on overnight.,0.08
5/26/2023 10:00,8.4,16.45,24,0.18,No action needed,0
5/26/2023 11:00,16.8,21.83,115,0.13,No action needed,0
5/26/2023 12:00,24.24,23.39,86,0.1,No action needed,0
5/26/2023 13:00,8.84,26.79,123,0.17,No action needed,0
5/26/2023 14:00,9.45,15.11,30,0.19,No action needed,0
5/26/2023 15:00,18.61,28.3,22,0.13,No action needed,0
5/26/2023 16:00,14.02,17.79,76,0.25,Shift heavy operations to off-peak hours.,0.25
5/26/2023 17:00,14.41,17.57,98,0.24,Shift heavy operations to off-peak hours.; Investigate devices left on overnight.,0.38
5/26/2023 18:00,10.18,25.11,18,0.19,Investigate devices left on overnight.,0.08
5/26/2023 19:00,21.73,21.7,26,0.12,No action needed,0
5/26/2023 20:00,20.08,20.5,35,0.11,No action needed,0
5/26/2023 21:00,15.86,33.16,52,0.21,Shift heavy operations to off-peak hours.,0.23
5/26/2023 22:00,19.7,19.16,96,0.24,Shift heavy operations to off-peak hours.,0.33
5/26/2023 23:00,8.38,22.22,7,0.19,Turn off unnecessary lights in unoccupied areas.,0.05
5/27/2023 0:00,17.64,28.28,134,0.29,Shift heavy operations to off-peak hours.,0.36
5/27/2023 1:00,8.67,25.95,94,0.16,No action needed,0
5/27/2023 2:00,24.51,29.71,66,0.24,Reduce HVAC cooling to save energy.; Shift heavy operations to off-peak hours.,0.71
5/27/2023 3:00,24.94,30.22,128,0.1,Reduce HVAC cooling to save energy.,0.12
5/27/2023 4:00,24.83,17.12,125,0.29,Shift heavy operations to off-peak hours.,0.5
5/27/2023 5:00,21.48,19.74,96,0.25,Shift heavy operations to off-peak hours.,0.38
5/27/2023 6:00,6.58,22.86,51,0.14,No action needed,0
5/27/2023 7:00,10.27,27.17,17,0.16,No action needed,0
5/27/2023 8:00,15.98,20.89,37,0.18,No action needed,0
5/27/2023 9:00,8.22,25.04,72,0.24,Shift heavy operations to off-peak hours.,0.14
5/27/2023 10:00,5.26,17.06,106,0.21,Shift heavy operations to off-peak hours.,0.08
5/27/2023 11:00,9.35,18.91,20,0.28,Shift heavy operations to off-peak hours.,0.18
5/27/2023 12:00,12.46,30.78,76,0.28,Shift heavy operations to off-peak hours.,0.24
5/27/2023 13:00,8.7,16.02,70,0.24,Shift heavy operations to off-peak hours.,0.15
5/27/2023 14:00,22.66,31.02,10,0.23,Reduce HVAC cooling to save energy.; Shift heavy operations to off-peak hours.,0.63
5/27/2023 15:00,14.54,25.64,98,0.24,Shift heavy operations to off-peak hours.; Investigate devices left on overnight.,0.38
5/27/2023 16:00,12.92,28.9,81,0.28,Shift heavy operations to off-peak hours.,0.25
5/27/2023 17:00,9.24,16.27,107,0.19,No action needed,0
5/27/2023 18:00,14.91,28.31,146,0.17,No action needed,0
5/27/2023 19:00,15.4,19.12,70,0.15,No action needed,0
5/27/2023 20:00,18.92,18.55,66,0.29,Shift heavy operations to off-peak hours.,0.38
5/27/2023 21:00,22.1,16.9,98,0.29,Shift heavy operations to off-peak hours.,0.45
5/27/2023 22:00,19.59,32.76,136,0.17,No action needed,0
5/27/2023 23:00,18.68,16.46,44,0.27,Shift heavy operations to off-peak hours.,0.35
5/28/2023 0:00,17.41,30,88,0.11,No action needed,0
5/28/2023 1:00,13.38,18.45,37,0.15,Investigate devices left on overnight.,0.08
5/28/2023 2:00,17.55,30.77,71,0.13,No action needed,0
5/28/2023 3:00,21.6,23.54,21,0.13,No action needed,0
5/28/2023 4:00,23.19,22.97,54,0.29,Shift heavy operations to off-peak hours.,0.47
5/28/2023 5:00,17.65,20.93,98,0.13,No action needed,0
5/28/2023 6:00,21.72,29.73,91,0.21,Reduce HVAC cooling to save energy.; Shift heavy operations to off-peak hours.,0.55
5/28/2023 7:00,19.52,29.18,107,0.12,No action needed,0
5/28/2023 8:00,7.33,33.01,139,0.11,No action needed,0
5/28/2023 9:00,21.49,24.56,110,0.2,No action needed,0
5/28/2023 10:00,5.41,18.27,135,0.12,No action needed,0
5/28/2023 11:00,7.45,26.59,132,0.15,No action needed,0
5/28/2023 12:00,23.51,26.15,116,0.12,Reduce HVAC cooling to save energy.,0.14
5/28/2023 13:00,22.63,32.95,91,0.23,Reduce HVAC cooling to save energy.; Shift heavy operations to off-peak hours.,0.62
5/28/2023 14:00,14.41,17.35,75,0.28,Shift heavy operations to off-peak hours.,0.28
5/28/2023 15:00,24.53,31.45,142,0.26,Reduce HVAC cooling to save energy.; Shift heavy operations to off-peak hours.; Investigate devices left on overnight.,1.02
5/28/2023 16:00,9.09,20.28,75,0.23,Shift heavy operations to off-peak hours.,0.15
5/28/2023 17:00,5.19,25.08,77,0.18,No action needed,0
5/28/2023 18:00,22.5,18.55,101,0.17,No action needed,0
5/28/2023 19:00,15.18,32.07,110,0.17,No action needed,0
5/28/2023 20:00,24.12,31.13,78,0.12,Reduce HVAC cooling to save energy.,0.14
5/28/2023 21:00,16,20.7,88,0.23,Shift heavy operations to off-peak hours.; Investigate devices left on overnight.,0.4
5/28/2023 22:00,21.75,34.85,66,0.2,Reduce HVAC cooling to save energy.; Investigate devices left on overnight.,0.39
5/28/2023 23:00,20.69,26.95,128,0.19,Reduce HVAC cooling to save energy.,0.2
5/29/2023 0:00,23.65,18.72,62,0.28,Shift heavy operations to off-peak hours.,0.46
5/29/2023 1:00,17.45,15.6,19,0.14,No action needed,0
5/29/2023 2:00,24.32,27.31,134,0.18,Reduce HVAC cooling to save energy.,0.22
5/29/2023 3:00,9.86,17.54,19,0.16,No action needed,0
5/29/2023 4:00,12.74,29.16,150,0.11,No action needed,0
5/29/2023 5:00,8.72,28.66,88,0.2,No action needed,0
5/29/2023 6:00,5.55,25.92,70,0.21,Shift heavy operations to off-peak hours.,0.08
5/29/2023 7:00,8.37,20.52,96,0.2,No action needed,0
5/29/2023 8:00,6.08,18.42,131,0.18,No action needed,0
5/29/2023 9:00,22.27,16.02,73,0.15,No action needed,0
5/29/2023 10:00,20.3,31.9,123,0.22,Reduce HVAC cooling to save energy.; Shift heavy operations to off-peak hours.; Investigate devices left on overnight.,0.71
5/29/2023 11:00,6.33,17.15,18,0.15,No action needed,0
5/29/2023 12:00,23.71,19.75,81,0.19,No action needed,0
5/29/2023 13:00,6.24,31.22,47,0.16,No action needed,0
5/29/2023 14:00,9.19,30.56,83,0.16,No action needed,0
5/29/2023 15:00,19.51,34.39,128,0.29,Shift heavy operations to off-peak hours.,0.4
5/29/2023 16:00,21.1,29.58,113,0.11,Reduce HVAC cooling to save energy.,0.12
5/29/2023 17:00,23.42,23.06,79,0.27,Shift heavy operations to off-peak hours.; Investigate devices left on overnight.,0.7
5/29/2023 18:00,12.92,29.48,62,0.15,No action needed,0
5/29/2023 19:00,9.67,30,123,0.11,No action needed,0
5/29/2023 20:00,16.82,22.25,38,0.27,Shift heavy operations to off-peak hours.,0.32
5/29/2023 21:00,17.46,16.4,114,0.16,No action needed,0
5/29/2023 22:00,23,22.3,140,0.13,No action needed,0
5/29/2023 23:00,12.2,19.12,116,0.19,Investigate devices left on overnight.,0.09
5/30/2023 0:00,9.9,16.54,23,0.29,Shift heavy operations to off-peak hours.,0.2
5/30/2023 1:00,13.52,22.62,98,0.28,Shift heavy operations to off-peak hours.,0.26
5/30/2023 2:00,6,20.32,129,0.2,No action needed,0
5/30/2023 3:00,10.26,32.56,31,0.12,No action needed,0
5/30/2023 4:00,10.82,34.89,6,0.22,Turn off unnecessary lights in unoccupied areas.; Shift heavy operations to off-peak hours.,0.24
5/30/2023 5:00,20.12,22.52,102,0.29,Shift heavy operations to off-peak hours.,0.41
5/30/2023 6:00,18.77,27.2,62,0.29,Shift heavy operations to off-peak hours.,0.38
5/30/2023 7:00,13.39,19.99,89,0.11,No action needed,0
5/30/2023 8:00,12.14,15.56,145,0.17,No action needed,0
5/30/2023 9:00,5.65,17.18,69,0.15,No action needed,0
5/30/2023 10:00,10.11,29.39,58,0.24,Shift heavy operations to off-peak hours.,0.17
5/30/2023 11:00,16.22,19.71,90,0.22,Shift heavy operations to off-peak hours.; Investigate devices left on overnight.,0.39
5/30/2023 12:00,20.82,19.23,30,0.11,No action needed,0
5/30/2023 13:00,9.41,28,86,0.11,No action needed,0
5/30/2023 14:00,8.65,15.69,25,0.25,Shift heavy operations to off-peak hours.,0.15
5/30/2023 15:00,19.46,16.4,65,0.17,No action needed,0
5/30/2023 16:00,15.15,26.76,124,0.13,Investigate devices left on overnight.,0.08
5/30/2023 17:00,15.52,33.78,25,0.1,Investigate devices left on overnight.,0.06
5/30/2023 18:00,17.28,32.79,138,0.23,Shift heavy operations to off-peak hours.; Investigate devices left on overnight.,0.44
5/30/2023 19:00,20.98,33.53,143,0.21,Reduce HVAC cooling to save energy.; Shift heavy operations to off-peak hours.,0.53
5/30/2023 20:00,13.04,21.62,57,0.24,Shift heavy operations to off-peak hours.,0.22
5/30/2023 21:00,19.1,31.49,108,0.28,Shift heavy operations to off-peak hours.,0.37
5/30/2023 22:00,23.3,34.28,13,0.16,Reduce HVAC cooling to save energy.,0.19
5/30/2023 23:00,11.56,20.29,148,0.17,No action needed,0
5/31/2023 0:00,12.93,23.9,18,0.1,Investigate devices left on overnight.,0.05
5/31/2023 1:00,15.89,22.74,94,0.22,Shift heavy operations to off-peak hours.,0.24
5/31/2023 2:00,6.83,27.44,58,0.19,No action needed,0
5/31/2023 3:00,7.31,28.32,18,0.15,No action needed,0
5/31/2023 4:00,14.48,27.02,126,0.14,No action needed,0
5/31/2023 5:00,20.99,25.85,135,0.2,Reduce HVAC cooling to save energy.,0.21
5/31/2023 6:00,6.07,25.04,9,0.28,Turn off unnecessary lights in unoccupied areas.; Shift heavy operations to off-peak hours.,0.17
5/31/2023 7:00,11.19,29.95,48,0.3,Shift heavy operations to off-peak hours.,0.23
5/31/2023 8:00,9.6,34.85,103,0.3,Shift heavy operations to off-peak hours.,0.2
5/31/2023 9:00,8.94,28.83,60,0.28,Shift heavy operations to off-peak hours.,0.18
5/31/2023 10:00,22.26,29.56,141,0.21,Reduce HVAC cooling to save energy.; Shift heavy operations to off-peak hours.; Investigate devices left on overnight.,0.75
5/31/2023 11:00,8.25,25.32,85,0.13,No action needed,0
5/31/2023 12:00,20.58,32.43,136,0.25,Reduce HVAC cooling to save energy.; Shift heavy operations to off-peak hours.,0.62
5/31/2023 13:00,8.64,34.26,7,0.11,Turn off unnecessary lights in unoccupied areas.,0.03
5/31/2023 14:00,12.08,26.06,86,0.27,Shift heavy operations to off-peak hours.; Investigate devices left on overnight.,0.36
5/31/2023 15:00,22.41,24.65,65,0.17,No action needed,0
5/31/2023 16:00,8.81,30.59,88,0.23,Shift heavy operations to off-peak hours.,0.14
5/31/2023 17:00,7.06,25.62,84,0.16,No action needed,0
5/31/2023 18:00,7.55,28.63,27,0.27,Shift heavy operations to off-peak hours.,0.14
5/31/2023 19:00,16.37,20.08,87,0.19,No action needed,0
5/31/2023 20:00,13.15,28.25,92,0.17,Investigate devices left on overnight.,0.09
5/31/2023 21:00,23.59,20.11,50,0.27,Shift heavy operations to off-peak hours.; Investigate devices left on overnight.,0.7
5/31/2023 22:00,18.9,34.77,56,0.12,No action needed,0
5/31/2023 23:00,12.13,33.67,84,0.28,Shift heavy operations to off-peak hours.; Investigate devices left on overnight.,0.37
6/1/2023 0:00,10.18,31.81,131,0.28,Shift heavy operations to off-peak hours.,0.2
6/1/2023 1:00,21.38,32.75,124,0.15,Reduce HVAC cooling to save energy.,0.16
6/1/2023 2:00,12.35,26.5,118,0.11,No action needed,0
6/1/2023 3:00,7.19,28.65,44,0.21,Shift heavy operations to off-peak hours.,0.11
6/1/2023 4:00,14.41,16.51,51,0.12,No action needed,0
6/1/2023 5:00,16.87,21.4,122,0.24,Shift heavy operations to off-peak hours.,0.28
6/1/2023 6:00,12.22,21.7,112,0.3,Shift heavy operations to off-peak hours.,0.26
6/1/2023 7:00,8.84,24,105,0.24,Shift heavy operations to off-peak hours.,0.15
6/1/2023 8:00,23.44,29.83,33,0.13,Reduce HVAC cooling to save energy.,0.15
6/1/2023 9:00,10.07,16.83,52,0.16,No action needed,0
6/1/2023 10:00,16.02,30.12,91,0.1,No action needed,0
6/1/2023 11:00,24.3,16.51,49,0.18,No action needed,0
6/1/2023 12:00,7.07,20.57,65,0.19,No action needed,0
6/1/2023 13:00,24.43,18.22,40,0.24,Shift heavy operations to off-peak hours.,0.41
6/1/2023 14:00,20.85,30.87,17,0.15,Reduce HVAC cooling to save energy.,0.16
6/1/2023 15:00,11.29,21.21,86,0.2,Investigate devices left on overnight.,0.09
6/1/2023 16:00,12.16,33.32,125,0.17,Investigate devices left on overnight.,0.08
6/1/2023 17:00,14.05,23.78,54,0.23,Shift heavy operations to off-peak hours.,0.23
6/1/2023 18:00,15.27,15.85,83,0.11,Investigate devices left on overnight.,0.07
6/1/2023 19:00,20.71,28.82,78,0.24,Reduce HVAC cooling to save energy.; Shift heavy operations to off-peak hours.,0.6
6/1/2023 20:00,23.33,31.46,25,0.11,Reduce HVAC cooling to save energy.,0.13
6/1/2023 21:00,10.77,26.7,82,0.22,Shift heavy operations to off-peak hours.,0.17
6/1/2023 22:00,24.15,25.86,121,0.21,Reduce HVAC cooling to save energy.; Shift heavy operations to off-peak hours.; Investigate devices left on overnight.,0.81
6/1/2023 23:00,10.44,32.19,38,0.13,No action needed,0
6/2/2023 0:00,17.01,21.09,65,0.25,Shift heavy operations to off-peak hours.,0.3
6/2/2023 1:00,19.82,16.86,36,0.22,Shift heavy operations to off-peak hours.,0.31
6/2/2023 2:00,19.83,23.23,103,0.27,Shift heavy operations to off-peak hours.; Investigate devices left on overnight.,0.59
6/2/2023 3:00,18.33,33.6,5,0.24,Turn off unnecessary lights in unoccupied areas.; Shift heavy operations to off-peak hours.,0.44
6/2/2023 4:00,13.4,33.42,45,0.22,Shift heavy operations to off-peak hours.,0.21
6/2/2023 5:00,13.96,23.73,72,0.26,Shift heavy operations to off-peak hours.; Investigate devices left on overnight.,0.4
6/2/2023 6:00,12.58,19.08,24,0.16,No action needed,0
6/2/2023 7:00,12.94,21.63,49,0.27,Shift heavy operations to off-peak hours.,0.24
6/2/2023 8:00,14.07,22.44,141,0.18,Investigate devices left on overnight.,0.1
6/2/2023 9:00,7.79,31.65,116,0.12,No action needed,0
6/2/2023 10:00,12.51,16.08,26,0.13,No action needed,0
6/2/2023 11:00,15.93,21.96,96,0.16,No action needed,0
6/2/2023 12:00,14.87,22.51,80,0.27,Shift heavy operations to off-peak hours.,0.28
6/2/2023 13:00,17.89,26.93,125,0.29,Shift heavy operations to off-peak hours.,0.36
6/2/2023 14:00,19,23.92,42,0.27,Shift heavy operations to off-peak hours.,0.36
6/2/2023 15:00,16.38,27.61,90,0.1,No action needed,0
6/2/2023 16:00,10.99,27.62,86,0.16,No action needed,0
6/2/2023 17:00,14.06,15.84,10,0.26,Shift heavy operations to off-peak hours.,0.26
6/2/2023 18:00,19.16,33.89,63,0.27,Shift heavy operations to off-peak hours.,0.36
6/2/2023 19:00,7.86,20.58,68,0.25,Shift heavy operations to off-peak hours.,0.14
6/2/2023 20:00,24.5,23.65,58,0.24,Shift heavy operations to off-peak hours.,0.41
6/2/2023 21:00,5.16,21.86,66,0.22,Shift heavy operations to off-peak hours.,0.08
6/2/2023 22:00,24.05,28.12,144,0.18,Reduce HVAC cooling to save energy.,0.22
6/2/2023 23:00,16.75,27.91,85,0.16,Investigate devices left on overnight.,0.11
6/3/2023 0:00,23.91,34.97,144,0.22,Reduce HVAC cooling to save energy.; Shift heavy operations to off-peak hours.,0.63
6/3/2023 1:00,15.73,18.12,8,0.1,Turn off unnecessary lights in unoccupied areas.,0.05
6/3/2023 2:00,16.62,17.4,131,0.1,No action needed,0
6/3/2023 3:00,20,28.99,146,0.24,Shift heavy operations to off-peak hours.,0.34
6/3/2023 4:00,6.08,32.09,86,0.13,No action needed,0
6/3/2023 5:00,6.11,32.84,131,0.16,No action needed,0
6/3/2023 6:00,22.83,28.22,131,0.24,Reduce HVAC cooling to save energy.; Shift heavy operations to off-peak hours.,0.66
6/3/2023 7:00,19.04,34.19,145,0.26,Shift heavy operations to off-peak hours.,0.35
6/3/2023 8:00,19.44,24.38,32,0.19,No action needed,0
6/3/2023 9:00,8.39,31.57,57,0.16,No action needed,0
6/3/2023 10:00,12.53,15.75,11,0.22,Shift heavy operations to off-peak hours.; Investigate devices left on overnight.,0.3
6/3/2023 11:00,6.62,28.47,47,0.16,No action needed,0
6/3/2023 12:00,7.87,20.7,71,0.23,Shift heavy operations to off-peak hours.,0.13
6/3/2023 13:00,13.11,17.1,131,0.23,Shift heavy operations to off-peak hours.,0.21
6/3/2023 14:00,7.66,18.55,39,0.13,No action needed,0
6/3/2023 15:00,13.84,24.44,82,0.15,No action needed,0
6/3/2023 16:00,17.41,26.13,11,0.18,No action needed,0
6/3/2023 17:00,18.68,30.6,73,0.24,Shift heavy operations to off-peak hours.; Investigate devices left on overnight.,0.49
6/3/2023 18:00,13.85,16.92,124,0.26,Shift heavy operations to off-peak hours.,0.25
6/3/2023 19:00,6.24,33.83,59,0.13,No action needed,0
6/3/2023 20:00,7.17,15.27,72,0.22,Shift heavy operations to off-peak hours.,0.11
6/3/2023 21:00,20.05,22.72,37,0.21,Shift heavy operations to off-peak hours.,0.29
6/3/2023 22:00,9.64,31.39,23,0.12,No action needed,0
6/3/2023 23:00,20.07,21.06,11,0.21,Shift heavy operations to off-peak hours.,0.3
6/4/2023 0:00,13.36,27.27,107,0.2,No action needed,0
6/4/2023 1:00,6.06,27.12,105,0.29,Shift heavy operations to off-peak hours.,0.12
6/4/2023 2:00,18.83,16.17,34,0.27,Shift heavy operations to off-peak hours.; Investigate devices left on overnight.,0.56
6/4/2023 3:00,17.24,20.84,34,0.17,No action needed,0
6/4/2023 4:00,7.74,26.8,121,0.15,No action needed,0
6/4/2023 5:00,18.54,17.08,10,0.28,Shift heavy operations to off-peak hours.,0.36
6/4/2023 6:00,19.77,32.63,46,0.13,No action needed,0
6/4/2023 7:00,10.76,30.17,72,0.24,Shift heavy operations to off-peak hours.,0.18
6/4/2023 8:00,12.45,17.85,83,0.22,Shift heavy operations to off-peak hours.,0.19
6/4/2023 9:00,14.85,26.68,71,0.28,Shift heavy operations to off-peak hours.,0.29
6/4/2023 10:00,9.9,33.21,57,0.28,Shift heavy operations to off-peak hours.,0.19
6/4/2023 11:00,18.14,29.43,125,0.18,No action needed,0
6/4/2023 12:00,11.59,22.88,140,0.22,Shift heavy operations to off-peak hours.,0.18
6/4/2023 13:00,10.6,26.39,88,0.13,Investigate devices left on overnight.,0.06
6/4/2023 14:00,10.22,33.58,135,0.2,No action needed,0
6/4/2023 15:00,24.69,20.56,62,0.14,No action needed,0
6/4/2023 16:00,22.11,25.82,27,0.16,Reduce HVAC cooling to save energy.,0.18
6/4/2023 17:00,10.64,29.73,116,0.11,No action needed,0
6/4/2023 18:00,14.78,15.38,131,0.13,No action needed,0
6/4/2023 19:00,19.49,33.73,18,0.11,No action needed,0
6/4/2023 20:00,15.68,21.77,29,0.14,No action needed,0
6/4/2023 21:00,17.56,30.03,124,0.16,Investigate devices left on overnight.,0.11
6/4/2023 22:00,19.26,30.11,51,0.26,Shift heavy operations to off-peak hours.,0.35
6/4/2023 23:00,10.38,21.3,145,0.29,Shift heavy operations to off-peak hours.,0.21
6/5/2023 0:00,22.42,26.94,125,0.1,Reduce HVAC cooling to save energy.,0.11
6/5/2023 1:00,13.97,24.06,15,0.13,Investigate devices left on overnight.,0.07
6/5/2023 2:00,12.07,27.95,90,0.26,Shift heavy operations to off-peak hours.,0.22
6/5/2023 3:00,10.57,25.2,99,0.22,Shift heavy operations to off-peak hours.; Investigate devices left on overnight.,0.26
6/5/2023 4:00,22.23,31.54,129,0.28,Reduce HVAC cooling to save energy.; Shift heavy operations to off-peak hours.,0.75
6/5/2023 5:00,8.17,32.13,8,0.16,Turn off unnecessary lights in unoccupied areas.,0.04
6/5/2023 6:00,20.72,26.88,134,0.17,Reduce HVAC cooling to save energy.,0.18
6/5/2023 7:00,7.34,18.15,21,0.16,No action needed,0
6/5/2023 8:00,24.12,16.95,23,0.19,No action needed,0
6/5/2023 9:00,22.62,29.96,14,0.11,Reduce HVAC cooling to save energy.,0.12
6/5/2023 10:00,20.45,33.34,137,0.21,Reduce HVAC cooling to save energy.; Shift heavy operations to off-peak hours.; Investigate devices left on overnight.,0.69
6/5/2023 11:00,10.75,20.03,33,0.24,Shift heavy operations to off-peak hours.,0.18
6/5/2023 12:00,20.65,17.28,117,0.11,No action needed,0
6/5/2023 13:00,18.94,25.55,133,0.12,No action needed,0
6/5/2023 14:00,10.52,27.97,112,0.14,No action needed,0
6/5/2023 15:00,7.22,20.44,5,0.18,Turn off unnecessary lights in unoccupied areas.,0.04
6/5/2023 16:00,20.51,20.28,59,0.14,No action needed,0
6/5/2023 17:00,16.32,25.18,127,0.2,No action needed,0
6/5/2023 18:00,12.43,16.66,39,0.12,No action needed,0
6/5/2023 19:00,6.95,33.91,85,0.14,No action needed,0
6/5/2023 20:00,24.31,30.31,150,0.24,Reduce HVAC cooling to save energy.; Shift heavy operations to off-peak hours.,0.7
6/5/2023 21:00,21.47,21.87,106,0.28,Shift heavy operations to off-peak hours.,0.42
6/5/2023 22:00,17.32,23.66,138,0.25,Shift heavy operations to off-peak hours.,0.3
6/5/2023 23:00,12.58,15.6,45,0.28,Shift heavy operations to off-peak hours.,0.25
6/6/2023 0:00,5.7,33.01,82,0.14,No action needed,0
6/6/2023 1:00,24.7,16.21,18,0.22,Shift heavy operations to off-peak hours.,0.38
6/6/2023 2:00,7.51,28.99,128,0.12,No action needed,0
6/6/2023 3:00,22.72,24.61,115,0.12,No action needed,0
6/6/2023 4:00,18.37,28.9,49,0.27,Shift heavy operations to off-peak hours.; Investigate devices left on overnight.,0.55
6/6/2023 5:00,7.82,19.21,9,0.29,Turn off unnecessary lights in unoccupied areas.; Shift heavy operations to off-peak hours.,0.23
6/6/2023 6:00,8.64,19.84,22,0.3,Shift heavy operations to off-peak hours.,0.18
6/6/2023 7:00,17.13,29.08,60,0.21,Shift heavy operations to off-peak hours.,0.25
6/6/2023 8:00,15.15,18.58,130,0.11,No action needed,0
6/6/2023 9:00,11.25,27.15,80,0.13,No action needed,0
6/6/2023 10:00,15.98,34.76,103,0.21,Shift heavy operations to off-peak hours.,0.23
6/6/2023 11:00,9.35,34.74,114,0.3,Shift heavy operations to off-peak hours.,0.2
6/6/2023 12:00,13.51,24.07,62,0.26,Shift heavy operations to off-peak hours.,0.25
6/6/2023 13:00,24.1,24.03,88,0.15,No action needed,0
6/6/2023 14:00,9.44,28.23,94,0.18,No action needed,0
6/6/2023 15:00,19.34,30.74,9,0.24,Turn off unnecessary lights in unoccupied areas.; Shift heavy operations to off-peak hours.; Investigate devices left on overnight.,0.65
6/6/2023 16:00,16.1,18.9,84,0.15,No action needed,0
6/6/2023 17:00,22.05,26.62,52,0.28,Reduce HVAC cooling to save energy.; Shift heavy operations to off-peak hours.; Investigate devices left on overnight.,0.99
6/6/2023 18:00,14.47,15.24,99,0.23,Shift heavy operations to off-peak hours.,0.23
6/6/2023 19:00,10.41,34.43,21,0.14,No action needed,0
6/6/2023 20:00,14.76,21.47,138,0.26,Shift heavy operations to off-peak hours.,0.27
6/6/2023 21:00,12.6,24.67,33,0.21,Shift heavy operations to off-peak hours.,0.19
6/6/2023 22:00,9.84,15.68,128,0.21,Shift heavy operations to off-peak hours.,0.14
6/6/2023 23:00,24.35,18.61,127,0.28,Shift heavy operations to off-peak hours.; Investigate devices left on overnight.,0.75
6/7/2023 0:00,13.91,29.69,129,0.15,No action needed,0
6/7/2023 1:00,12.35,31.83,105,0.11,No action needed,0
6/7/2023 2:00,20.79,16.99,100,0.23,Shift heavy operations to off-peak hours.,0.33
6/7/2023 3:00,8.54,21.26,47,0.3,Shift heavy operations to off-peak hours.,0.18
6/7/2023 4:00,17.03,24.61,119,0.29,Shift heavy operations to off-peak hours.,0.35
6/7/2023 5:00,20.09,23.1,14,0.12,No action needed,0
6/7/2023 6:00,12.2,27.15,110,0.29,Shift heavy operations to off-peak hours.,0.25
6/7/2023 7:00,10.82,26.28,58,0.16,No action needed,0
6/7/2023 8:00,20.07,21.45,95,0.28,Shift heavy operations to off-peak hours.,0.39
6/7/2023 9:00,23.72,28.2,61,0.28,Reduce HVAC cooling to save energy.; Shift heavy operations to off-peak hours.; Investigate devices left on overnight.,1.06
6/7/2023 10:00,9.03,15.21,146,0.12,No action needed,0
6/7/2023 11:00,12.9,34.23,135,0.26,Shift heavy operations to off-peak hours.; Investigate devices left on overnight.,0.37
6/7/2023 12:00,21.68,30.74,25,0.24,Reduce HVAC cooling to save energy.; Shift heavy operations to off-peak hours.; Investigate devices left on overnight.,0.83
6/7/2023 13:00,9.07,25.48,87,0.25,Shift heavy operations to off-peak hours.,0.16
6/7/2023 14:00,12.76,26.66,49,0.15,No action needed,0
6/7/2023 15:00,23.39,24.81,109,0.18,No action needed,0
6/7/2023 16:00,20.78,24.04,112,0.13,Investigate devices left on overnight.,0.11
6/7/2023 17:00,22.84,21.76,49,0.26,Shift heavy operations to off-peak hours.,0.42
6/7/2023 18:00,21.76,30.52,124,0.2,Reduce HVAC cooling to save energy.; Investigate devices left on overnight.,0.39
6/7/2023 19:00,20.81,15.34,133,0.25,Shift heavy operations to off-peak hours.,0.36
6/7/2023 20:00,16.48,23.92,43,0.21,Shift heavy operations to off-peak hours.,0.24
6/7/2023 21:00,14.34,28.46,71,0.26,Shift heavy operations to off-peak hours.,0.26
6/7/2023 22:00,9.34,30.18,28,0.19,No action needed,0
6/7/2023 23:00,15.08,16.79,58,0.24,Shift heavy operations to off-peak hours.,0.25
6/8/2023 0:00,8.58,30.43,142,0.1,No action needed,0
6/8/2023 1:00,15.78,24.83,61,0.16,No action needed,0
6/8/2023 2:00,15.19,27.57,104,0.18,Investigate devices left on overnight.,0.11
6/8/2023 3:00,21.02,33.4,63,0.16,Reduce HVAC cooling to save energy.,0.17
6/8/2023 4:00,20.39,25.26,99,0.27,Reduce HVAC cooling to save energy.; Shift heavy operations to off-peak hours.; Investigate devices left on overnight.,0.88
6/8/2023 5:00,7.81,29.7,72,0.19,No action needed,0
6/8/2023 6:00,6.92,25.42,150,0.16,No action needed,0
6/8/2023 7:00,8.1,19.08,37,0.27,Shift heavy operations to off-peak hours.,0.15
6/8/2023 8:00,14.53,31.1,16,0.29,Shift heavy operations to off-peak hours.,0.29
6/8/2023 9:00,17.8,29.38,85,0.26,Shift heavy operations to off-peak hours.,0.32
6/8/2023 10:00,14.6,33.63,93,0.27,Shift heavy operations to off-peak hours.,0.28
6/8/2023 11:00,18.95,25.07,83,0.28,Shift heavy operations to off-peak hours.,0.37
6/8/2023 12:00,17.7,15.21,114,0.2,No action needed,0
6/8/2023 13:00,21.02,29.43,78,0.12,Reduce HVAC cooling to save energy.,0.13
6/8/2023 14:00,7.82,18.76,38,0.16,No action needed,0
6/8/2023 15:00,7.54,21.76,128,0.16,No action needed,0
6/8/2023 16:00,22.15,21.28,20,0.27,Shift heavy operations to off-peak hours.,0.42
6/8/2023 17:00,22.72,30.05,66,0.17,Reduce HVAC cooling to save energy.; Investigate devices left on overnight.,0.35
6/8/2023 18:00,10.28,23.1,79,0.26,Shift heavy operations to off-peak hours.,0.19
6/8/2023 19:00,16,25.12,90,0.16,No action needed,0
6/8/2023 20:00,19.16,16.65,48,0.17,Investigate devices left on overnight.,0.13
6/8/2023 21:00,12.77,23.89,116,0.14,No action needed,0
6/8/2023 22:00,8.84,18.52,6,0.19,Turn off unnecessary lights in unoccupied areas.,0.05
6/8/2023 23:00,6.67,33.49,9,0.21,Turn off unnecessary lights in unoccupied areas.; Shift heavy operations to off-peak hours.,0.14
6/9/2023 0:00,20.73,31.8,9,0.23,Reduce HVAC cooling to save energy.; Turn off unnecessary lights in unoccupied areas.; Shift heavy operations to off-peak hours.,0.72
6/9/2023 1:00,20.17,16.55,30,0.11,No action needed,0
6/9/2023 2:00,5.35,22.34,55,0.28,Shift heavy operations to off-peak hours.,0.1
6/9/2023 3:00,21.51,22.29,87,0.1,No action needed,0
6/9/2023 4:00,21.7,22.38,43,0.14,Investigate devices left on overnight.,0.12
6/9/2023 5:00,10.24,23.11,120,0.21,Shift heavy operations to off-peak hours.,0.15
6/9/2023 6:00,14.99,20.77,120,0.22,Shift heavy operations to off-peak hours.,0.23
6/9/2023 7:00,13.17,21.93,12,0.23,Shift heavy operations to off-peak hours.; Investigate devices left on overnight.,0.33
6/9/2023 8:00,6.85,22.73,55,0.27,Shift heavy operations to off-peak hours.,0.13
6/9/2023 9:00,15.73,20.09,24,0.24,Shift heavy operations to off-peak hours.,0.26
6/9/2023 10:00,23.41,32.66,90,0.18,Reduce HVAC cooling to save energy.,0.21
6/9/2023 11:00,21.23,15.97,40,0.12,No action needed,0
6/9/2023 12:00,17.72,19.86,60,0.28,Shift heavy operations to off-peak hours.,0.35
6/9/2023 13:00,23.51,15.42,123,0.27,Shift heavy operations to off-peak hours.,0.44
6/9/2023 14:00,16.73,25.79,42,0.14,No action needed,0
6/9/2023 15:00,6.78,22.86,88,0.14,No action needed,0
6/9/2023 16:00,23.14,23.36,52,0.25,Shift heavy operations to off-peak hours.,0.4
6/9/2023 17:00,6.58,29.9,58,0.25,Shift heavy operations to off-peak hours.,0.12
6/9/2023 18:00,15.69,16.27,105,0.13,No action needed,0
6/9/2023 19:00,8.11,15.56,112,0.29,Shift heavy operations to off-peak hours.,0.16
6/9/2023 20:00,19.72,27.28,12,0.24,Shift heavy operations to off-peak hours.; Investigate devices left on overnight.,0.52
6/9/2023 21:00,21.57,31.65,66,0.21,Reduce HVAC cooling to save energy.; Shift heavy operations to off-peak hours.,0.54
6/9/2023 22:00,13.25,23.74,144,0.25,Shift heavy operations to off-peak hours.,0.23
6/9/2023 23:00,21.6,31.51,85,0.27,Reduce HVAC cooling to save energy.; Shift heavy operations to off-peak hours.,0.7
6/10/2023 0:00,19.77,33.22,147,0.14,No action needed,0
6/10/2023 1:00,5.44,33.09,26,0.15,No action needed,0
6/10/2023 2:00,10.24,26.31,28,0.16,Investigate devices left on overnight.,0.07
6/10/2023 3:00,24.78,34.01,63,0.2,Reduce HVAC cooling to save energy.,0.25
6/10/2023 4:00,24.48,26.74,25,0.26,Reduce HVAC cooling to save energy.; Shift heavy operations to off-peak hours.,0.76
6/10/2023 5:00,22.23,30.59,105,0.27,Reduce HVAC cooling to save energy.; Shift heavy operations to off-peak hours.,0.72
6/10/2023 6:00,11.49,18.7,17,0.15,No action needed,0
6/10/2023 7:00,12.89,33.72,110,0.18,No action needed,0
6/10/2023 8:00,24.47,20.7,87,0.21,Shift heavy operations to off-peak hours.,0.36
6/10/2023 9:00,13.27,27.77,124,0.18,No action needed,0
6/10/2023 10:00,5.88,31.42,12,0.12,No action needed,0
6/10/2023 11:00,23.62,31.51,111,0.29,Reduce HVAC cooling to save energy.; Shift heavy operations to off-peak hours.,0.82
6/10/2023 12:00,19.19,19.63,39,0.23,Shift heavy operations to off-peak hours.,0.31
6/10/2023 13:00,7.22,23.87,57,0.16,No action needed,0
6/10/2023 14:00,18.59,17.47,115,0.2,No action needed,0
6/10/2023 15:00,23.69,31.21,32,0.16,Reduce HVAC cooling to save energy.; Investigate devices left on overnight.,0.34
6/10/2023 16:00,5.07,29.84,105,0.21,Shift heavy operations to off-peak hours.,0.07
6/10/2023 17:00,21.67,22.78,15,0.14,Investigate devices left on overnight.,0.12
6/10/2023 18:00,13.4,18.63,74,0.13,No action needed,0
6/10/2023 19:00,10.81,15.14,134,0.22,Shift heavy operations to off-peak hours.; Investigate devices left on overnight.,0.26
6/10/2023 20:00,19.52,18.1,128,0.13,No action needed,0
6/10/2023 21:00,9.48,19.93,34,0.25,Shift heavy operations to off-peak hours.,0.17
6/10/2023 22:00,20.01,19.82,50,0.29,Shift heavy operations to off-peak hours.,0.41
6/10/2023 23:00,13.64,32.38,66,0.26,Shift heavy operations to off-peak hours.,0.25
6/11/2023 0:00,16.01,32.09,109,0.16,No action needed,0
6/11/2023 1:00,22.83,34.8,56,0.14,Reduce HVAC cooling to save energy.,0.16
6/11/2023 2:00,15.97,17.63,42,0.12,Investigate devices left on overnight.,0.08
6/11/2023 3:00,16.66,17.67,16,0.13,No action needed,0
6/11/2023 4:00,24.86,24.16,68,0.25,Shift heavy operations to off-peak hours.,0.44
6/11/2023 5:00,8.25,32.21,99,0.16,No action needed,0
6/11/2023 6:00,12.04,15.29,74,0.25,Shift heavy operations to off-peak hours.,0.21
6/11/2023 7:00,20.09,27.6,44,0.25,Reduce HVAC cooling to save energy.; Shift heavy operations to off-peak hours.,0.6
6/11/2023 8:00,23.45,21.46,145,0.21,Shift heavy operations to off-peak hours.,0.34
6/11/2023 9:00,15.17,18.92,37,0.22,Shift heavy operations to off-peak hours.,0.23
6/11/2023 10:00,23.46,22.25,135,0.14,No action needed,0
6/11/2023 11:00,12.38,25.01,137,0.3,Shift heavy operations to off-peak hours.,0.26
6/11/2023 12:00,8.73,28.94,24,0.12,No action needed,0
6/11/2023 13:00,24.01,26.45,99,0.18,Reduce HVAC cooling to save energy.,0.22
6/11/2023 14:00,19.54,15.75,41,0.14,No action needed,0
6/11/2023 15:00,10.45,34.4,148,0.25,Shift heavy operations to off-peak hours.,0.18
6/11/2023 16:00,16.18,22.05,25,0.22,Shift heavy operations to off-peak hours.,0.25
6/11/2023 17:00,13.91,22.56,124,0.21,Shift heavy operations to off-peak hours.,0.2
6/11/2023 18:00,11.4,31.77,12,0.15,No action needed,0
6/11/2023 19:00,9.26,21.63,94,0.28,Shift heavy operations to off-peak hours.,0.18
6/11/2023 20:00,12.37,32.77,146,0.23,Shift heavy operations to off-peak hours.,0.2
6/11/2023 21:00,20.89,18.86,130,0.19,No action needed,0
6/11/2023 22:00,22.32,22.07,48,0.12,No action needed,0
6/11/2023 23:00,19.25,28.67,68,0.17,Investigate devices left on overnight.,0.13
6/12/2023 0:00,7.43,33.22,143,0.27,Shift heavy operations to off-peak hours.,0.14
6/12/2023 1:00,19.96,19.47,70,0.15,No action needed,0
6/12/2023 2:00,15.48,30.55,81,0.29,Shift heavy operations to off-peak hours.,0.31
6/12/2023 3:00,18.6,24.36,99,0.12,No action needed,0
6/12/2023 4:00,8.18,17.02,6,0.26,Turn off unnecessary lights in unoccupied areas.; Shift heavy operations to off-peak hours.,0.21
6/12/2023 5:00,24.18,31.02,44,0.19,Reduce HVAC cooling to save energy.; Investigate devices left on overnight.,0.41
6/12/2023 6:00,21.07,28.15,55,0.26,Reduce HVAC cooling to save energy.; Shift heavy operations to off-peak hours.,0.66
6/12/2023 7:00,18.6,17.11,124,0.21,Shift heavy operations to off-peak hours.; Investigate devices left on overnight.,0.43
6/12/2023 8:00,7.37,23.68,66,0.22,Shift heavy operations to off-peak hours.,0.11
6/12/2023 9:00,23.66,25.5,65,0.26,Reduce HVAC cooling to save energy.; Shift heavy operations to off-peak hours.,0.74
6/12/2023 10:00,10.71,22.47,119,0.21,Shift heavy operations to off-peak hours.,0.16
6/12/2023 11:00,8,21.33,79,0.29,Shift heavy operations to off-peak hours.,0.16
6/12/2023 12:00,8.14,19.02,131,0.25,Shift heavy operations to off-peak hours.,0.14
6/12/2023 13:00,17.24,15.07,104,0.24,Shift heavy operations to off-peak hours.,0.29
6/12/2023 14:00,8.68,18.33,138,0.11,No action needed,0
6/12/2023 15:00,13.88,26.54,115,0.2,No action needed,0
6/12/2023 16:00,21.22,30.16,61,0.25,Reduce HVAC cooling to save energy.; Shift heavy operations to off-peak hours.,0.64
6/12/2023 17:00,9.42,22.9,137,0.19,No action needed,0
6/12/2023 18:00,6.68,32.02,75,0.17,No action needed,0
6/12/2023 19:00,8.96,16.29,148,0.17,No action needed,0
6/12/2023 20:00,10.54,18.94,127,0.23,Shift heavy operations to off-peak hours.,0.17
6/12/2023 21:00,17.76,32.71,127,0.14,Investigate devices left on overnight.,0.1
6/12/2023 22:00,23.43,17.72,149,0.2,No action needed,0
6/12/2023 23:00,11.3,20.1,35,0.15,No action needed,0
6/13/2023 0:00,19.22,19.27,81,0.18,No action needed,0
6/13/2023 1:00,18.74,23.41,18,0.24,Shift heavy operations to off-peak hours.,0.31
6/13/2023 2:00,6.06,21.6,120,0.13,No action needed,0
6/13/2023 3:00,15.94,28.26,34,0.22,Shift heavy operations to off-peak hours.; Investigate devices left on overnight.,0.39
6/13/2023 4:00,23.02,22.3,19,0.29,Shift heavy operations to off-peak hours.; Investigate devices left on overnight.,0.73
6/13/2023 5:00,23.9,18.16,82,0.1,No action needed,0
6/13/2023 6:00,11.48,32.77,76,0.14,No action needed,0
6/13/2023 7:00,11.38,34.48,20,0.16,No action needed,0
6/13/2023 8:00,7.36,23.33,29,0.29,Shift heavy operations to off-peak hours.,0.15
6/13/2023 9:00,18.73,30.66,148,0.1,No action needed,0
6/13/2023 10:00,14.55,15.6,116,0.19,No action needed,0
6/13/2023 11:00,8,31.53,90,0.12,No action needed,0
6/13/2023 12:00,20.61,18.32,17,0.28,Shift heavy operations to off-peak hours.,0.4
6/13/2023 13:00,11.47,24.84,86,0.16,No action needed,0
6/13/2023 14:00,7.69,33.01,27,0.22,Shift heavy operations to off-peak hours.,0.12
6/13/2023 15:00,9.97,16.21,13,0.2,No action needed,0
6/13/2023 16:00,7.99,18.53,50,0.19,No action needed,0
6/13/2023 17:00,12.41,34.78,137,0.25,Shift heavy operations to off-peak hours.,0.22
6/13/2023 18:00,12.92,30.69,107,0.21,Shift heavy operations to off-peak hours.,0.19
6/13/2023 19:00,7.69,15.23,14,0.18,No action needed,0
6/13/2023 20:00,17.2,18.14,67,0.13,No action needed,0
6/13/2023 21:00,11.81,17.61,44,0.12,No action needed,0
6/13/2023 22:00,17.37,29.11,61,0.11,Investigate devices left on overnight.,0.08
6/13/2023 23:00,24.82,25.74,67,0.13,Reduce HVAC cooling to save energy.,0.16
6/14/2023 0:00,24.45,28.52,14,0.3,Reduce HVAC cooling to save energy.; Shift heavy operations to off-peak hours.,0.88
6/14/2023 1:00,11.93,32.52,56,0.18,No action needed,0
6/14/2023 2:00,24.6,26.24,63,0.11,Reduce HVAC cooling to save energy.; Investigate devices left on overnight.,0.24
6/14/2023 3:00,19.62,17.33,47,0.27,Shift heavy operations to off-peak hours.,0.37
6/14/2023 4:00,12.24,26.15,82,0.11,Investigate devices left on overnight.,0.05
6/14/2023 5:00,24.81,34.24,51,0.18,Reduce HVAC cooling to save energy.,0.22
6/14/2023 6:00,19.37,25.49,84,0.24,Shift heavy operations to off-peak hours.,0.33
6/14/2023 7:00,16.97,18.45,12,0.16,No action needed,0
6/14/2023 8:00,15.44,18.5,148,0.21,Shift heavy operations to off-peak hours.,0.23
6/14/2023 9:00,14.88,20.91,81,0.23,Shift heavy operations to off-peak hours.,0.24
6/14/2023 10:00,15.28,20.52,58,0.13,No action needed,0
6/14/2023 11:00,8.26,25.62,135,0.16,No action needed,0
6/14/2023 12:00,20.82,32.14,86,0.25,Reduce HVAC cooling to save energy.; Shift heavy operations to off-peak hours.; Investigate devices left on overnight.,0.83
6/14/2023 13:00,9.77,32.97,85,0.21,Shift heavy operations to off-peak hours.,0.14
6/14/2023 14:00,5.96,28.12,141,0.18,No action needed,0
6/14/2023 15:00,12.15,27.79,40,0.29,Shift heavy operations to off-peak hours.,0.25
6/14/2023 16:00,7.53,29.58,56,0.16,No action needed,0
6/14/2023 17:00,13.36,22.03,105,0.24,Shift heavy operations to off-peak hours.; Investigate devices left on overnight.,0.35
6/14/2023 18:00,24.16,22.88,118,0.13,No action needed,0
6/14/2023 19:00,17.24,34.63,94,0.13,No action needed,0
6/14/2023 20:00,6.75,21.9,113,0.22,Shift heavy operations to off-peak hours.,0.1
6/14/2023 21:00,5.21,34.81,144,0.13,No action needed,0
6/14/2023 22:00,9.84,27.68,65,0.25,Shift heavy operations to off-peak hours.,0.17
6/14/2023 23:00,24.55,19.71,87,0.23,Shift heavy operations to off-peak hours.,0.4
6/15/2023 0:00,22.31,19.01,49,0.25,Shift heavy operations to off-peak hours.,0.39
6/15/2023 1:00,23.07,34.88,41,0.17,Reduce HVAC cooling to save energy.,0.2
6/15/2023 2:00,5.65,17.61,130,0.1,No action needed,0
6/15/2023 3:00,22.19,26.12,40,0.28,Reduce HVAC cooling to save energy.; Shift heavy operations to off-peak hours.,0.75
6/15/2023 4:00,8.16,29.5,71,0.11,No action needed,0
6/15/2023 5:00,15.27,23.25,41,0.29,Shift heavy operations to off-peak hours.,0.31
6/15/2023 6:00,17.24,34.61,50,0.1,No action needed,0
6/15/2023 7:00,24.85,30.58,150,0.19,Reduce HVAC cooling to save energy.; Investigate devices left on overnight.,0.42
6/15/2023 8:00,12.86,18.39,138,0.21,Shift heavy operations to off-peak hours.,0.19
6/15/2023 9:00,9.78,33.79,149,0.2,No action needed,0
6/15/2023 10:00,11.42,19.4,107,0.14,No action needed,0
6/15/2023 11:00,16.64,31.92,106,0.14,Investigate devices left on overnight.,0.09
6/15/2023 12:00,20.51,33.64,98,0.21,Reduce HVAC cooling to save energy.; Shift heavy operations to off-peak hours.,0.52
6/15/2023 13:00,13.44,26.58,6,0.26,Turn off unnecessary lights in unoccupied areas.; Shift heavy operations to off-peak hours.,0.35
6/15/2023 14:00,13.12,18.47,136,0.27,Shift heavy operations to off-peak hours.,0.25
6/15/2023 15:00,9.83,21.52,93,0.21,Shift heavy operations to off-peak hours.,0.14
6/15/2023 16:00,19.57,18.43,112,0.2,No action needed,0
6/15/2023 17:00,20.91,15.66,123,0.24,Shift heavy operations to off-peak hours.,0.35
6/15/2023 18:00,9.06,20.94,91,0.25,Shift heavy operations to off-peak hours.,0.16
6/15/2023 19:00,17.77,34.86,77,0.3,Shift heavy operations to off-peak hours.; Investigate devices left on overnight.,0.59
6/15/2023 20:00,21.08,31.99,118,0.2,Reduce HVAC cooling to save energy.; Investigate devices left on overnight.,0.38
6/15/2023 21:00,16.27,17.69,55,0.18,No action needed,0
6/15/2023 22:00,11.46,32.22,117,0.23,Shift heavy operations to off-peak hours.; Investigate devices left on overnight.,0.29
6/15/2023 23:00,24.58,16.11,22,0.19,No action needed,0
6/16/2023 0:00,5.54,33.56,63,0.12,No action needed,0
6/16/2023 1:00,15.15,24.23,62,0.25,Shift heavy operations to off-peak hours.,0.27
6/16/2023 2:00,18.08,29.35,113,0.28,Shift heavy operations to off-peak hours.,0.35
6/16/2023 3:00,17.84,24.21,28,0.13,No action needed,0
6/16/2023 4:00,13.72,26.71,107,0.18,No action needed,0
6/16/2023 5:00,20.89,29.94,78,0.24,Reduce HVAC cooling to save energy.; Shift heavy operations to off-peak hours.,0.6
6/16/2023 6:00,13.57,16.44,89,0.26,Shift heavy operations to off-peak hours.; Investigate devices left on overnight.,0.39
6/16/2023 7:00,20.66,33.67,59,0.15,Reduce HVAC cooling to save energy.,0.15
6/16/2023 8:00,6.78,19.34,24,0.26,Shift heavy operations to off-peak hours.,0.12
6/16/2023 9:00,13.52,16.3,109,0.21,Shift heavy operations to off-peak hours.,0.2
6/16/2023 10:00,17.92,34.56,46,0.17,No action needed,0
6/16/2023 11:00,21.76,33.76,70,0.29,Reduce HVAC cooling to save energy.; Shift heavy operations to off-peak hours.,0.76
6/16/2023 12:00,12.33,19.59,94,0.18,No action needed,0
6/16/2023 13:00,7.2,22.15,102,0.28,Shift heavy operations to off-peak hours.,0.14
6/16/2023 14:00,9.72,31.76,73,0.22,Shift heavy operations to off-peak hours.,0.15
6/16/2023 15:00,9.56,24.41,11,0.18,No action needed,0
6/16/2023 16:00,11.75,28.24,86,0.24,Shift heavy operations to off-peak hours.,0.2
6/16/2023 17:00,21.64,28.21,14,0.12,Reduce HVAC cooling to save energy.,0.13
6/16/2023 18:00,11.61,24.46,56,0.14,No action needed,0
6/16/2023 19:00,8.3,26.96,93,0.21,Shift heavy operations to off-peak hours.,0.12
6/16/2023 20:00,20.25,32.08,105,0.16,Reduce HVAC cooling to save energy.; Investigate devices left on overnight.,0.29
6/16/2023 21:00,13.63,15.96,53,0.22,Shift heavy operations to off-peak hours.; Investigate devices left on overnight.,0.33
6/16/2023 22:00,20.61,19.83,146,0.14,No action needed,0
6/16/2023 23:00,18.1,15.45,119,0.12,No action needed,0
6/17/2023 0:00,16.72,22.27,33,0.28,Shift heavy operations to off-peak hours.,0.33
6/17/2023 1:00,24,25.28,25,0.15,Reduce HVAC cooling to save energy.,0.18
6/17/2023 2:00,22.06,15.1,146,0.16,Investigate devices left on overnight.,0.14
6/17/2023 3:00,23.68,28.23,141,0.29,Reduce HVAC cooling to save energy.; Shift heavy operations to off-peak hours.; Investigate devices left on overnight.,1.1
6/17/2023 4:00,13.76,18.71,65,0.27,Shift heavy operations to off-peak hours.,0.26
6/17/2023 5:00,12.2,19.36,49,0.26,Shift heavy operations to off-peak hours.,0.22
6/17/2023 6:00,14.87,30.46,8,0.14,Turn off unnecessary lights in unoccupied areas.,0.06
6/17/2023 7:00,16.27,25.53,59,0.19,No action needed,0
6/17/2023 8:00,24.49,19.8,50,0.25,Shift heavy operations to off-peak hours.,0.43
6/17/2023 9:00,11.94,32.04,63,0.17,No action needed,0
6/17/2023 10:00,22.47,34.93,66,0.25,Reduce HVAC cooling to save energy.; Shift heavy operations to off-peak hours.; Investigate devices left on overnight.,0.9
6/17/2023 11:00,5.34,25.25,124,0.26,Shift heavy operations to off-peak hours.,0.1
6/17/2023 12:00,20.92,27.84,120,0.16,Reduce HVAC cooling to save energy.,0.17
6/17/2023 13:00,16.68,33.46,112,0.17,No action needed,0
6/17/2023 14:00,21.56,21.26,60,0.27,Shift heavy operations to off-peak hours.; Investigate devices left on overnight.,0.64
6/17/2023 15:00,10.97,26.77,12,0.18,No action needed,0
6/17/2023 16:00,15.06,29.95,123,0.13,Investigate devices left on overnight.,0.08
6/17/2023 17:00,13,18.73,127,0.24,Shift heavy operations to off-peak hours.,0.22
6/17/2023 18:00,18.28,32.23,124,0.21,Shift heavy operations to off-peak hours.,0.27
6/17/2023 19:00,9.02,34.37,139,0.23,Shift heavy operations to off-peak hours.,0.15
6/17/2023 20:00,11.03,33.87,66,0.15,No action needed,0
6/17/2023 21:00,19.04,24.39,86,0.12,No action needed,0
6/17/2023 22:00,16.83,23.15,148,0.27,Shift heavy operations to off-peak hours.,0.32
6/17/2023 23:00,5.42,28.1,82,0.12,No action needed,0
6/18/2023 0:00,16.46,31.15,106,0.11,No action needed,0
6/18/2023 1:00,6.48,24.46,141,0.25,Shift heavy operations to off-peak hours.,0.11
6/18/2023 2:00,24.54,34.32,6,0.11,Reduce HVAC cooling to save energy.; Turn off unnecessary lights in unoccupied areas.,0.22
6/18/2023 3:00,19.8,21.73,25,0.22,Shift heavy operations to off-peak hours.,0.3
6/18/2023 4:00,8.25,17.11,80,0.16,No action needed,0
6/18/2023 5:00,19.15,22.23,32,0.15,No action needed,0
6/18/2023 6:00,18.95,32.69,119,0.22,Shift heavy operations to off-peak hours.; Investigate devices left on overnight.,0.46
6/18/2023 7:00,23.43,29.75,53,0.28,Reduce HVAC cooling to save energy.; Shift heavy operations to off-peak hours.,0.79
6/18/2023 8:00,8.51,24.23,150,0.29,Shift heavy operations to off-peak hours.,0.17
6/18/2023 9:00,11.49,21.15,127,0.11,No action needed,0
6/18/2023 10:00,24.85,33.81,14,0.14,Reduce HVAC cooling to save energy.,0.17
6/18/2023 11:00,8.33,16.26,23,0.27,Shift heavy operations to off-peak hours.,0.16
6/18/2023 12:00,23.59,32.05,22,0.11,Reduce HVAC cooling to save energy.; Investigate devices left on overnight.,0.23
6/18/2023 13:00,10.2,26.62,130,0.13,No action needed,0
6/18/2023 14:00,13.47,21.75,114,0.15,No action needed,0
6/18/2023 15:00,18.8,28.76,114,0.18,No action needed,0
6/18/2023 16:00,22.38,24.97,131,0.28,Shift heavy operations to off-peak hours.; Investigate devices left on overnight.,0.69
6/18/2023 17:00,7.26,19.94,111,0.21,Shift heavy operations to off-peak hours.,0.11
6/18/2023 18:00,24.36,31.26,58,0.19,Reduce HVAC cooling to save energy.,0.23
6/18/2023 19:00,9.57,15.46,92,0.15,No action needed,0
6/18/2023 20:00,17.94,21.6,55,0.23,Shift heavy operations to off-peak hours.,0.29
6/18/2023 21:00,21.59,33.94,106,0.2,Reduce HVAC cooling to save energy.,0.22
6/18/2023 22:00,5.08,17.75,71,0.15,No action needed,0
6/18/2023 23:00,9.61,18.43,92,0.12,No action needed,0
6/19/2023 0:00,6.76,25.59,42,0.21,Shift heavy operations to off-peak hours.,0.1
6/19/2023 1:00,18.56,20.06,57,0.23,Shift heavy operations to off-peak hours.; Investigate devices left on overnight.,0.47
6/19/2023 2:00,19.13,28.49,40,0.23,Shift heavy operations to off-peak hours.,0.31
6/19/2023 3:00,10.39,18.04,52,0.3,Shift heavy operations to off-peak hours.,0.22
6/19/2023 4:00,24.25,27.37,90,0.3,Reduce HVAC cooling to save energy.; Shift heavy operations to off-peak hours.,0.87
6/19/2023 5:00,21.51,32.74,114,0.13,Reduce HVAC cooling to save energy.; Investigate devices left on overnight.,0.25
6/19/2023 6:00,16.36,24.77,86,0.25,Shift heavy operations to off-peak hours.,0.29
6/19/2023 7:00,6.96,21.94,80,0.19,No action needed,0
6/19/2023 8:00,12.53,17.88,81,0.28,Shift heavy operations to off-peak hours.,0.25
6/19/2023 9:00,7.11,23.64,144,0.18,No action needed,0
6/19/2023 10:00,22.33,24.57,102,0.18,No action needed,0
6/19/2023 11:00,5.51,27.01,68,0.27,Shift heavy operations to off-peak hours.,0.1
6/19/2023 12:00,18.04,19.58,101,0.17,No action needed,0
6/19/2023 13:00,7.76,21.2,107,0.16,No action needed,0
6/19/2023 14:00,5.92,29.52,124,0.26,Shift heavy operations to off-peak hours.,0.11
6/19/2023 15:00,22.1,15.6,28,0.11,No action needed,0
6/19/2023 16:00,11.71,26.43,72,0.22,Shift heavy operations to off-peak hours.,0.18
6/19/2023 17:00,21.64,21.72,103,0.15,No action needed,0
6/19/2023 18:00,24.69,15.35,89,0.16,Investigate devices left on overnight.,0.16
6/19/2023 19:00,19.6,28.66,33,0.16,No action needed,0
6/19/2023 20:00,21.65,24,11,0.12,No action needed,0
6/19/2023 21:00,12.56,20.42,24,0.24,Shift heavy operations to off-peak hours.,0.21
6/19/2023 22:00,20.78,16.25,118,0.19,No action needed,0
6/19/2023 23:00,17.36,24.26,114,0.28,Shift heavy operations to off-peak hours.,0.34
6/20/2023 0:00,15.84,25.34,58,0.15,No action needed,0
6/20/2023 1:00,17.38,21.64,128,0.3,Shift heavy operations to off-peak hours.,0.36
6/20/2023 2:00,8.69,31.43,97,0.2,No action needed,0
6/20/2023 3:00,7.46,16.14,99,0.13,No action needed,0
6/20/2023 4:00,5.1,27.86,141,0.15,No action needed,0
6/20/2023 5:00,8.66,17.87,25,0.29,Shift heavy operations to off-peak hours.,0.18
6/20/2023 6:00,22.2,32.04,71,0.14,Reduce HVAC cooling to save energy.; Investigate devices left on overnight.,0.28
6/20/2023 7:00,10.07,27.38,19,0.14,No action needed,0
6/20/2023 8:00,20.23,15.83,102,0.11,Investigate devices left on overnight.,0.09
6/20/2023 9:00,21.81,23.06,86,0.13,No action needed,0
6/20/2023 10:00,12.78,28.86,27,0.16,No action needed,0
6/20/2023 11:00,18.68,27.2,9,0.24,Turn off unnecessary lights in unoccupied areas.; Shift heavy operations to off-peak hours.,0.45
6/20/2023 12:00,17.14,28.04,33,0.26,Shift heavy operations to off-peak hours.,0.31
6/20/2023 13:00,9.52,30.41,62,0.19,No action needed,0
6/20/2023 14:00,15.53,20.99,90,0.28,Shift heavy operations to off-peak hours.,0.3
6/20/2023 15:00,15.74,28.36,111,0.23,Shift heavy operations to off-peak hours.,0.25
6/20/2023 16:00,20.99,22.08,102,0.27,Shift heavy operations to off-peak hours.,0.4
6/20/2023 17:00,24.76,27.47,41,0.19,Reduce HVAC cooling to save energy.,0.24
6/20/2023 18:00,17.81,21.68,147,0.2,No action needed,0
6/20/2023 19:00,21.96,20.49,130,0.17,No action needed,0
6/20/2023 20:00,5.49,17.14,14,0.13,No action needed,0
6/20/2023 21:00,11.99,25.75,63,0.13,No action needed,0
6/20/2023 22:00,14.3,31.9,61,0.18,No action needed,0
6/20/2023 23:00,6.69,24.49,8,0.15,Turn off unnecessary lights in unoccupied areas.,0.03
6/21/2023 0:00,9.44,33.51,90,0.25,Shift heavy operations to off-peak hours.,0.17
6/21/2023 1:00,14.46,20.64,63,0.12,Investigate devices left on overnight.,0.07
6/21/2023 2:00,10.24,32.14,57,0.3,Shift heavy operations to off-peak hours.,0.22
6/21/2023 3:00,11.57,23.37,68,0.1,No action needed,0
6/21/2023 4:00,23.94,16.7,18,0.13,No action needed,0
6/21/2023 5:00,17.73,27.77,101,0.1,No action needed,0
6/21/2023 6:00,20.97,28.21,112,0.11,Reduce HVAC cooling to save energy.,0.12
6/21/2023 7:00,11.88,30.85,30,0.1,No action needed,0
6/21/2023 8:00,15.84,15.94,8,0.14,Turn off unnecessary lights in unoccupied areas.,0.07
6/21/2023 9:00,5.55,34.43,144,0.19,No action needed,0
6/21/2023 10:00,22.91,28.73,86,0.3,Reduce HVAC cooling to save energy.; Shift heavy operations to off-peak hours.,0.82
6/21/2023 11:00,19.48,28.7,147,0.11,Investigate devices left on overnight.,0.09
6/21/2023 12:00,13.6,22.21,20,0.22,Shift heavy operations to off-peak hours.,0.21
6/21/2023 13:00,17.63,20.81,114,0.14,No action needed,0
6/21/2023 14:00,5.01,29.62,48,0.13,No action needed,0
6/21/2023 15:00,14.26,33.92,30,0.28,Shift heavy operations to off-peak hours.,0.28
6/21/2023 16:00,13.5,24.65,16,0.12,No action needed,0
6/21/2023 17:00,14.12,24.12,37,0.26,Shift heavy operations to off-peak hours.; Investigate devices left on overnight.,0.4
6/21/2023 18:00,19.9,15.54,69,0.22,Shift heavy operations to off-peak hours.,0.31
6/21/2023 19:00,23.3,24.72,60,0.11,No action needed,0
6/21/2023 20:00,14.44,29.14,19,0.15,Investigate devices left on overnight.,0.09
6/21/2023 21:00,15.11,32.74,46,0.12,No action needed,0
6/21/2023 22:00,10.16,26.26,112,0.25,Shift heavy operations to off-peak hours.,0.18
6/21/2023 23:00,8.25,23.51,144,0.17,No action needed,0
6/22/2023 0:00,18.21,31.99,95,0.27,Shift heavy operations to off-peak hours.; Investigate devices left on overnight.,0.54
6/22/2023 1:00,17.19,33.12,20,0.25,Shift heavy operations to off-peak hours.,0.3
6/22/2023 2:00,13.65,22.94,68,0.24,Shift heavy operations to off-peak hours.,0.23
6/22/2023 3:00,23.52,17.09,143,0.14,No action needed,0
6/22/2023 4:00,19.61,32.78,25,0.21,Shift heavy operations to off-peak hours.,0.29
6/22/2023 5:00,7.64,16.68,118,0.12,No action needed,0
6/22/2023 6:00,14.79,17.33,141,0.11,No action needed,0
6/22/2023 7:00,9.81,17.65,18,0.17,No action needed,0
6/22/2023 8:00,13.81,34.02,92,0.11,No action needed,0
6/22/2023 9:00,22.76,33.36,96,0.11,Reduce HVAC cooling to save energy.,0.13
6/22/2023 10:00,11.82,31.87,105,0.12,Investigate devices left on overnight.,0.06
6/22/2023 11:00,23.97,25.07,102,0.3,Reduce HVAC cooling to save energy.; Shift heavy operations to off-peak hours.,0.86
6/22/2023 12:00,20.51,19.11,112,0.18,Investigate devices left on overnight.,0.15
6/22/2023 13:00,17.16,30.3,32,0.3,Shift heavy operations to off-peak hours.,0.36
6/22/2023 14:00,11.6,21.71,5,0.11,Turn off unnecessary lights in unoccupied areas.; Investigate devices left on overnight.,0.09
6/22/2023 15:00,9.6,27.49,82,0.2,No action needed,0
6/22/2023 16:00,12.52,32.24,34,0.12,No action needed,0
6/22/2023 17:00,6.96,23.51,90,0.17,No action needed,0
6/22/2023 18:00,16.07,33.76,46,0.21,Shift heavy operations to off-peak hours.,0.24
6/22/2023 19:00,13.67,31.69,70,0.2,No action needed,0
6/22/2023 20:00,5.78,20.12,91,0.2,No action needed,0
6/22/2023 21:00,24.58,29.16,61,0.1,Reduce HVAC cooling to save energy.,0.12
6/22/2023 22:00,5.43,20.89,16,0.28,Shift heavy operations to off-peak hours.,0.11
6/22/2023 23:00,8.75,29.33,42,0.28,Shift heavy operations to off-peak hours.,0.17
6/23/2023 0:00,8.21,18.32,102,0.13,No action needed,0
6/23/2023 1:00,18.8,26.91,125,0.16,No action needed,0
6/23/2023 2:00,9.12,20.17,94,0.3,Shift heavy operations to off-peak hours.,0.19
6/23/2023 3:00,17.19,26.84,75,0.15,No action needed,0
6/23/2023 4:00,11.67,24.55,48,0.12,No action needed,0
6/23/2023 5:00,9.12,28.16,20,0.22,Shift heavy operations to off-peak hours.,0.14
6/23/2023 6:00,9.25,21.23,117,0.12,No action needed,0
6/23/2023 7:00,20.16,19.48,138,0.26,Shift heavy operations to off-peak hours.; Investigate devices left on overnight.,0.58
6/23/2023 8:00,8.44,16.7,36,0.27,Shift heavy operations to off-peak hours.,0.16
6/23/2023 9:00,17.49,27.14,147,0.21,Shift heavy operations to off-peak hours.,0.26
6/23/2023 10:00,11.3,25.44,25,0.11,No action needed,0
6/23/2023 11:00,17.47,28.95,63,0.26,Shift heavy operations to off-peak hours.,0.32
6/23/2023 12:00,23.98,18.71,28,0.21,Shift heavy operations to off-peak hours.,0.35
6/23/2023 13:00,5.9,30.12,36,0.28,Shift heavy operations to off-peak hours.,0.12
6/23/2023 14:00,5.02,23.72,33,0.19,No action needed,0
6/23/2023 15:00,20.72,31.74,8,0.26,Reduce HVAC cooling to save energy.; Turn off unnecessary lights in unoccupied areas.; Shift heavy operations to off-peak hours.; Investigate devices left on overnight.,1.02
6/23/2023 16:00,22.28,17.94,138,0.11,No action needed,0
6/23/2023 17:00,17.43,30.61,148,0.2,No action needed,0
6/23/2023 18:00,13.86,30.41,11,0.1,No action needed,0
6/23/2023 19:00,23.84,15.12,63,0.3,Shift heavy operations to off-peak hours.,0.5
6/23/2023 20:00,9.45,28.92,5,0.26,Turn off unnecessary lights in unoccupied areas.; Shift heavy operations to off-peak hours.,0.25
6/23/2023 21:00,24.23,34.02,60,0.14,Reduce HVAC cooling to save energy.; Investigate devices left on overnight.,0.31
6/23/2023 22:00,23.42,32.26,80,0.21,Reduce HVAC cooling to save energy.; Shift heavy operations to off-peak hours.,0.59
6/23/2023 23:00,5.83,25.1,102,0.19,No action needed,0
6/24/2023 0:00,9.31,18.35,136,0.25,Shift heavy operations to off-peak hours.,0.16
6/24/2023 1:00,8.78,17.88,42,0.12,No action needed,0
6/24/2023 2:00,14.85,22.98,124,0.26,Shift heavy operations to off-peak hours.,0.27
6/24/2023 3:00,18.47,20.8,17,0.18,No action needed,0
6/24/2023 4:00,8.77,22.17,46,0.24,Shift heavy operations to off-peak hours.,0.15
6/24/2023 5:00,10.21,22.1,148,0.11,Investigate devices left on overnight.,0.04
6/24/2023 6:00,8.02,23.08,137,0.12,No action needed,0
6/24/2023 7:00,8.61,19.12,27,0.23,Shift heavy operations to off-peak hours.,0.14
6/24/2023 8:00,23.2,29.7,142,0.14,Reduce HVAC cooling to save energy.; Investigate devices left on overnight.,0.29
6/24/2023 9:00,22.77,22.38,127,0.19,No action needed,0
6/24/2023 10:00,7.44,15.53,143,0.19,No action needed,0
6/24/2023 11:00,18.27,26.79,143,0.15,No action needed,0
6/24/2023 12:00,8.24,32.72,20,0.2,No action needed,0
6/24/2023 13:00,7.82,17,104,0.2,No action needed,0
6/24/2023 14:00,14.39,19.76,69,0.25,Shift heavy operations to off-peak hours.,0.25
6/24/2023 15:00,23.96,21.54,118,0.14,No action needed,0
6/24/2023 16:00,9.76,32.29,21,0.24,Shift heavy operations to off-peak hours.,0.16
6/24/2023 17:00,7.41,17.29,111,0.21,Shift heavy operations to off-peak hours.,0.11
6/24/2023 18:00,6.27,27.14,30,0.3,Shift heavy operations to off-peak hours.,0.13
6/24/2023 19:00,14.83,19.84,14,0.24,Shift heavy operations to off-peak hours.,0.25
6/24/2023 20:00,23.38,17.47,132,0.26,Shift heavy operations to off-peak hours.; Investigate devices left on overnight.,0.67
6/24/2023 21:00,23.61,31.35,149,0.3,Reduce HVAC cooling to save energy.; Shift heavy operations to off-peak hours.,0.85
6/24/2023 22:00,24.03,21.16,79,0.11,No action needed,0
6/24/2023 23:00,12.66,16.96,132,0.25,Shift heavy operations to off-peak hours.,0.22
6/25/2023 0:00,10.01,32.33,127,0.25,Shift heavy operations to off-peak hours.,0.18
6/25/2023 1:00,23.77,20.66,108,0.27,Shift heavy operations to off-peak hours.,0.45
6/25/2023 2:00,20.86,18.26,138,0.27,Shift heavy operations to off-peak hours.,0.39
6/25/2023 3:00,18.32,29.93,89,0.24,Shift heavy operations to off-peak hours.,0.31
6/25/2023 4:00,11.68,30.11,41,0.26,Shift heavy operations to off-peak hours.; Investigate devices left on overnight.,0.33
6/25/2023 5:00,24.56,17.01,80,0.19,No action needed,0
6/25/2023 6:00,15.98,21.24,148,0.17,No action needed,0
6/25/2023 7:00,6.17,27.64,37,0.19,No action needed,0
6/25/2023 8:00,7.07,29.25,100,0.26,Shift heavy operations to off-peak hours.,0.13
6/25/2023 9:00,21.58,31.76,113,0.29,Reduce HVAC cooling to save energy.; Shift heavy operations to off-peak hours.; Investigate devices left on overnight.,1
6/25/2023 10:00,6.69,30.27,23,0.12,No action needed,0
6/25/2023 11:00,16.57,29.61,122,0.23,Shift heavy operations to off-peak hours.,0.27
6/25/2023 12:00,19.15,31.92,141,0.16,No action needed,0
6/25/2023 13:00,24.95,28.47,42,0.19,Reduce HVAC cooling to save energy.,0.24
6/25/2023 14:00,10.78,27.84,61,0.1,No action needed,0
6/25/2023 15:00,13.43,22.11,44,0.22,Shift heavy operations to off-peak hours.,0.21
6/25/2023 16:00,23.11,25.69,46,0.16,Reduce HVAC cooling to save energy.,0.18
6/25/2023 17:00,6.51,19.7,13,0.17,No action needed,0
6/25/2023 18:00,17,20.29,57,0.12,No action needed,0
6/25/2023 19:00,15.83,30.64,70,0.11,No action needed,0
6/25/2023 20:00,22.94,28.46,27,0.24,Reduce HVAC cooling to save energy.; Shift heavy operations to off-peak hours.,0.66
6/25/2023 21:00,11.99,25.96,5,0.17,Turn off unnecessary lights in unoccupied areas.,0.06
6/25/2023 22:00,12.99,33.31,7,0.29,Turn off unnecessary lights in unoccupied areas.; Shift heavy operations to off-peak hours.,0.38
6/25/2023 23:00,12.39,26.06,120,0.19,No action needed,0
6/26/2023 0:00,18.69,32.52,33,0.12,No action needed,0
6/26/2023 1:00,13.43,30.64,11,0.2,No action needed,0
6/26/2023 2:00,11.73,28.93,120,0.15,No action needed,0
6/26/2023 3:00,12.17,24.66,10,0.25,Shift heavy operations to off-peak hours.,0.21
6/26/2023 4:00,11.08,31.7,47,0.2,No action needed,0
6/26/2023 5:00,10.92,29.74,78,0.14,No action needed,0
6/26/2023 6:00,17.51,31.06,105,0.19,No action needed,0
6/26/2023 7:00,23.32,27.75,99,0.29,Reduce HVAC cooling to save energy.; Shift heavy operations to off-peak hours.,0.81
6/26/2023 8:00,13.12,25.47,87,0.18,No action needed,0
6/26/2023 9:00,24.46,25.04,77,0.29,Reduce HVAC cooling to save energy.; Shift heavy operations to off-peak hours.,0.85
6/26/2023 10:00,10.34,32.67,5,0.24,Turn off unnecessary lights in unoccupied areas.; Shift heavy operations to off-peak hours.,0.25
6/26/2023 11:00,18.21,31.91,35,0.13,No action needed,0
6/26/2023 12:00,15.63,28.91,101,0.26,Shift heavy operations to off-peak hours.; Investigate devices left on overnight.,0.45
6/26/2023 13:00,14.41,25.28,64,0.21,Shift heavy operations to off-peak hours.,0.21
6/26/2023 14:00,8.65,29.74,24,0.18,No action needed,0
6/26/2023 15:00,16.23,28.53,45,0.14,No action needed,0
6/26/2023 16:00,12.25,24.87,38,0.26,Shift heavy operations to off-peak hours.; Investigate devices left on overnight.,0.35
6/26/2023 17:00,6.55,19.37,57,0.27,Shift heavy operations to off-peak hours.,0.12
6/26/2023 18:00,8.54,20.3,55,0.17,No action needed,0
6/26/2023 19:00,20.62,17.55,11,0.13,No action needed,0
6/26/2023 20:00,6.04,31.42,104,0.24,Shift heavy operations to off-peak hours.,0.1
6/26/2023 21:00,5.2,33.27,117,0.27,Shift heavy operations to off-peak hours.,0.1
6/26/2023 22:00,14.27,22.35,78,0.23,Shift heavy operations to off-peak hours.,0.23
6/26/2023 23:00,6.09,18.13,127,0.14,No action needed,0
6/27/2023 0:00,13.37,28.57,133,0.15,No action needed,0
6/27/2023 1:00,6.99,23.13,145,0.25,Shift heavy operations to off-peak hours.,0.12
6/27/2023 2:00,14.04,19.79,66,0.28,Shift heavy operations to off-peak hours.,0.28
6/27/2023 3:00,18.21,22.62,116,0.26,Shift heavy operations to off-peak hours.; Investigate devices left on overnight.,0.52
6/27/2023 4:00,14.29,25.36,124,0.23,Shift heavy operations to off-peak hours.,0.23
6/27/2023 5:00,21.19,18.03,7,0.2,Turn off unnecessary lights in unoccupied areas.,0.13
6/27/2023 6:00,6.1,30.9,131,0.26,Shift heavy operations to off-peak hours.,0.11
6/27/2023 7:00,20.44,15.37,35,0.22,Shift heavy operations to off-peak hours.,0.31
6/27/2023 8:00,15.83,27.67,12,0.15,No action needed,0
6/27/2023 9:00,22.64,34.59,106,0.25,Reduce HVAC cooling to save energy.; Shift heavy operations to off-peak hours.,0.68
6/27/2023 10:00,13.54,34.59,81,0.19,No action needed,0
6/27/2023 11:00,13.77,17.26,107,0.11,Investigate devices left on overnight.,0.06
6/27/2023 12:00,10.56,16.53,83,0.2,No action needed,0
6/27/2023 13:00,18.03,27.85,52,0.25,Shift heavy operations to off-peak hours.,0.32
6/27/2023 14:00,9.04,22.78,55,0.3,Shift heavy operations to off-peak hours.,0.19
6/27/2023 15:00,20.53,34.66,22,0.16,Reduce HVAC cooling to save energy.; Investigate devices left on overnight.,0.3
6/27/2023 16:00,6.99,33.59,44,0.17,No action needed,0
6/27/2023 17:00,22.08,31.37,135,0.28,Reduce HVAC cooling to save energy.; Shift heavy operations to off-peak hours.; Investigate devices left on overnight.,0.99
6/27/2023 18:00,8.78,22.22,100,0.24,Shift heavy operations to off-peak hours.,0.15
6/27/2023 19:00,7.67,28.1,30,0.16,No action needed,0
6/27/2023 20:00,12.7,19.63,34,0.11,No action needed,0
6/27/2023 21:00,10.96,28.16,13,0.15,No action needed,0
6/27/2023 22:00,18.62,31.98,39,0.12,No action needed,0
6/27/2023 23:00,6.25,22.77,143,0.12,No action needed,0
6/28/2023 0:00,9.23,16.09,76,0.19,No action needed,0
6/28/2023 1:00,17.61,34.87,18,0.24,Shift heavy operations to off-peak hours.,0.3
6/28/2023 2:00,12.74,21.91,102,0.11,No action needed,0
6/28/2023 3:00,13.59,26.91,150,0.21,Shift heavy operations to off-peak hours.,0.2
6/28/2023 4:00,21.44,20.02,140,0.27,Shift heavy operations to off-peak hours.,0.41
6/28/2023 5:00,20.64,23.03,7,0.21,Turn off unnecessary lights in unoccupied areas.; Shift heavy operations to off-peak hours.,0.43
6/28/2023 6:00,18.39,23.76,70,0.18,Investigate devices left on overnight.,0.13
6/28/2023 7:00,12.21,31.79,103,0.14,No action needed,0
6/28/2023 8:00,24.6,25.08,143,0.12,Reduce HVAC cooling to save energy.,0.15
6/28/2023 9:00,9.32,26.73,61,0.29,Shift heavy operations to off-peak hours.,0.19
6/28/2023 10:00,7.15,28.85,80,0.18,No action needed,0
6/28/2023 11:00,8.31,33.44,28,0.16,No action needed,0
6/28/2023 12:00,9.21,31.87,41,0.16,No action needed,0
6/28/2023 13:00,17.5,22,15,0.16,Investigate devices left on overnight.,0.11
6/28/2023 14:00,11.94,28.3,107,0.27,Shift heavy operations to off-peak hours.,0.23
6/28/2023 15:00,7.78,29.79,145,0.26,Shift heavy operations to off-peak hours.,0.14
6/28/2023 16:00,19.62,15.13,120,0.25,Shift heavy operations to off-peak hours.,0.34
6/28/2023 17:00,8.19,32.58,36,0.25,Shift heavy operations to off-peak hours.,0.14
6/28/2023 18:00,15.52,19.27,15,0.17,No action needed,0
6/28/2023 19:00,13,15.4,123,0.25,Shift heavy operations to off-peak hours.,0.23
6/28/2023 20:00,14.25,26.9,134,0.17,Investigate devices left on overnight.,0.1
6/28/2023 21:00,22.2,18.43,76,0.22,Shift heavy operations to off-peak hours.,0.34
6/28/2023 22:00,11.86,27.59,23,0.26,Shift heavy operations to off-peak hours.; Investigate devices left on overnight.,0.34
6/28/2023 23:00,14.73,19.76,33,0.18,No action needed,0
6/29/2023 0:00,17.56,19.07,76,0.25,Shift heavy operations to off-peak hours.; Investigate devices left on overnight.,0.48
6/29/2023 1:00,21.62,20.68,28,0.28,Shift heavy operations to off-peak hours.,0.42
6/29/2023 2:00,12.08,17.04,108,0.11,No action needed,0
6/29/2023 3:00,5.53,20.65,92,0.14,No action needed,0
6/29/2023 4:00,19.82,26.81,82,0.19,Investigate devices left on overnight.,0.15
6/29/2023 5:00,9.61,21.22,60,0.21,Shift heavy operations to off-peak hours.,0.14
6/29/2023 6:00,5.35,16.56,37,0.11,No action needed,0
6/29/2023 7:00,20.97,22.96,124,0.21,Shift heavy operations to off-peak hours.; Investigate devices left on overnight.,0.48
6/29/2023 8:00,5.06,18.65,57,0.26,Shift heavy operations to off-peak hours.,0.09
6/29/2023 9:00,21.32,15.4,145,0.24,Shift heavy operations to off-peak hours.,0.36
6/29/2023 10:00,18.45,22.57,47,0.14,Investigate devices left on overnight.,0.1
6/29/2023 11:00,19.31,32.74,88,0.29,Shift heavy operations to off-peak hours.,0.39
6/29/2023 12:00,5.51,17.52,131,0.2,No action needed,0
6/29/2023 13:00,12.01,31.37,13,0.18,No action needed,0
6/29/2023 14:00,18.25,16.84,136,0.24,Shift heavy operations to off-peak hours.,0.31
6/29/2023 15:00,22.34,27.36,121,0.13,Reduce HVAC cooling to save energy.,0.15
6/29/2023 16:00,15.07,22.58,144,0.13,Investigate devices left on overnight.,0.08
6/29/2023 17:00,12.77,27.29,54,0.29,Shift heavy operations to off-peak hours.; Investigate devices left on overnight.,0.41
6/29/2023 18:00,9.99,32.35,150,0.12,No action needed,0
6/29/2023 19:00,24.16,24.87,102,0.13,Investigate devices left on overnight.,0.13
6/29/2023 20:00,8.52,21.38,147,0.2,No action needed,0
6/29/2023 21:00,18.86,18.57,55,0.12,No action needed,0
6/29/2023 22:00,21.58,24.57,113,0.28,Shift heavy operations to off-peak hours.,0.42
6/29/2023 23:00,17.59,31.08,32,0.25,Shift heavy operations to off-peak hours.,0.31
6/30/2023 0:00,18.53,32.21,121,0.17,No action needed,0
6/30/2023 1:00,21.31,32.76,33,0.21,Reduce HVAC cooling to save energy.; Shift heavy operations to off-peak hours.,0.54
6/30/2023 2:00,14.66,17.93,63,0.3,Shift heavy operations to off-peak hours.,0.31
6/30/2023 3:00,10.06,23.71,59,0.19,Investigate devices left on overnight.,0.08
6/30/2023 4:00,22.38,19.43,139,0.17,No action needed,0
6/30/2023 5:00,10.32,24.68,88,0.19,No action needed,0
6/30/2023 6:00,17.68,27.89,60,0.12,No action needed,0
6/30/2023 7:00,13.91,24.03,65,0.25,Shift heavy operations to off-peak hours.; Investigate devices left on overnight.,0.38
6/30/2023 8:00,18.62,22.53,9,0.27,Turn off unnecessary lights in unoccupied areas.; Shift heavy operations to off-peak hours.,0.5
6/30/2023 9:00,16.6,31.26,115,0.19,No action needed,0
6/30/2023 10:00,22.69,19.17,100,0.16,No action needed,0
6/30/2023 11:00,8.22,33.28,64,0.28,Shift heavy operations to off-peak hours.,0.16
6/30/2023 12:00,21.46,22.19,74,0.17,No action needed,0
6/30/2023 13:00,10.67,16.79,49,0.12,No action needed,0
6/30/2023 14:00,13.09,32.22,51,0.29,Shift heavy operations to off-peak hours.,0.27
6/30/2023 15:00,9.31,33.04,136,0.19,No action needed,0
6/30/2023 16:00,12.85,26.44,89,0.22,Shift heavy operations to off-peak hours.,0.2
6/30/2023 17:00,22.04,22.52,40,0.13,Investigate devices left on overnight.,0.11
6/30/2023 18:00,8.9,27.93,128,0.21,Shift heavy operations to off-peak hours.,0.13
6/30/2023 19:00,20.54,34.33,47,0.26,Reduce HVAC cooling to save energy.; Shift heavy operations to off-peak hours.,0.64
6/30/2023 20:00,8.73,21.88,51,0.13,No action needed,0
6/30/2023 21:00,24.72,27.82,108,0.28,Reduce HVAC cooling to save energy.; Shift heavy operations to off-peak hours.,0.83
6/30/2023 22:00,15.22,34.64,107,0.14,No action needed,0
6/30/2023 23:00,24.96,21.5,61,0.18,No action needed,0
7/1/2023 0:00,7.63,24.88,94,0.24,Shift heavy operations to off-peak hours.,0.13
7/1/2023 1:00,14.45,32.82,34,0.29,Shift heavy operations to off-peak hours.,0.29
7/1/2023 2:00,24.37,23.96,116,0.21,Shift heavy operations to off-peak hours.,0.36
7/1/2023 3:00,16.28,23.49,109,0.17,No action needed,0
7/1/2023 4:00,7.53,23.78,94,0.15,No action needed,0
7/1/2023 5:00,6.69,15.69,135,0.18,No action needed,0
7/1/2023 6:00,6.79,25.92,132,0.18,No action needed,0
7/1/2023 7:00,23.02,34.71,138,0.24,Reduce HVAC cooling to save energy.; Shift heavy operations to off-peak hours.; Investigate devices left on overnight.,0.88
7/1/2023 8:00,11.89,31.85,139,0.28,Shift heavy operations to off-peak hours.,0.23
7/1/2023 9:00,11.37,26.37,69,0.2,No action needed,0
7/1/2023 10:00,19.54,16.99,114,0.16,No action needed,0
7/1/2023 11:00,6.71,19.53,31,0.17,No action needed,0
7/1/2023 12:00,24.38,28.77,42,0.23,Reduce HVAC cooling to save energy.; Shift heavy operations to off-peak hours.; Investigate devices left on overnight.,0.9
7/1/2023 13:00,15.08,20.42,96,0.16,No action needed,0
7/1/2023 14:00,20.23,25.91,43,0.23,Reduce HVAC cooling to save energy.; Shift heavy operations to off-peak hours.,0.56
7/1/2023 15:00,8.38,21.2,124,0.17,No action needed,0
7/1/2023 16:00,18.2,18.37,20,0.13,No action needed,0
7/1/2023 17:00,24.83,15.1,143,0.18,Investigate devices left on overnight.,0.18
7/1/2023 18:00,20.21,22.3,141,0.12,No action needed,0
7/1/2023 19:00,8.8,32.05,65,0.17,No action needed,0
7/1/2023 20:00,9.97,16.4,41,0.17,No action needed,0
7/1/2023 21:00,15.04,33.72,8,0.23,Turn off unnecessary lights in unoccupied areas.; Shift heavy operations to off-peak hours.,0.35
7/1/2023 22:00,21.17,17.09,36,0.12,Investigate devices left on overnight.,0.1
7/1/2023 23:00,9.96,23.98,29,0.3,Shift heavy operations to off-peak hours.,0.21
7/2/2023 0:00,15.33,21.1,82,0.16,No action needed,0
7/2/2023 1:00,14.56,21.49,89,0.17,No action needed,0
7/2/2023 2:00,20.25,31.65,59,0.16,Reduce HVAC cooling to save energy.,0.16
7/2/2023 3:00,22.34,30.09,78,0.22,Reduce HVAC cooling to save energy.; Shift heavy operations to off-peak hours.,0.59
7/2/2023 4:00,6.26,26.55,30,0.27,Shift heavy operations to off-peak hours.,0.12
7/2/2023 5:00,9.31,27.84,112,0.11,No action needed,0
7/2/2023 6:00,18,32.82,66,0.23,Shift heavy operations to off-peak hours.,0.29
7/2/2023 7:00,24.71,19.92,29,0.28,Shift heavy operations to off-peak hours.,0.48
7/2/2023 8:00,18.35,34.96,21,0.26,Shift heavy operations to off-peak hours.,0.33
7/2/2023 9:00,18.38,23.22,85,0.22,Shift heavy operations to off-peak hours.,0.28
7/2/2023 10:00,5.14,31.83,99,0.1,No action needed,0
7/2/2023 11:00,21.15,32.68,31,0.3,Reduce HVAC cooling to save energy.; Shift heavy operations to off-peak hours.,0.76
7/2/2023 12:00,6.97,29.5,29,0.18,No action needed,0
7/2/2023 13:00,9.62,25.05,36,0.12,No action needed,0
7/2/2023 14:00,15.94,33.45,32,0.11,No action needed,0
7/2/2023 15:00,20.59,25.26,74,0.2,Reduce HVAC cooling to save energy.,0.21
7/2/2023 16:00,24.2,18.49,98,0.17,No action needed,0
7/2/2023 17:00,15.04,32.48,73,0.21,Shift heavy operations to off-peak hours.,0.22
7/2/2023 18:00,20.8,31.05,45,0.27,Reduce HVAC cooling to save energy.; Shift heavy operations to off-peak hours.,0.67
7/2/2023 19:00,20.57,23.18,22,0.27,Shift heavy operations to off-peak hours.; Investigate devices left on overnight.,0.61
7/2/2023 20:00,5.45,25.92,21,0.17,No action needed,0
7/2/2023 21:00,23.12,24.82,68,0.29,Shift heavy operations to off-peak hours.; Investigate devices left on overnight.,0.74
7/2/2023 22:00,17.72,31.06,123,0.16,No action needed,0
7/2/2023 23:00,13.78,22.68,82,0.11,Investigate devices left on overnight.,0.06
7/3/2023 0:00,13.84,30.59,47,0.12,Investigate devices left on overnight.,0.07
7/3/2023 1:00,7.15,26.02,133,0.27,Shift heavy operations to off-peak hours.,0.14
7/3/2023 2:00,23.57,30.11,49,0.22,Reduce HVAC cooling to save energy.; Shift heavy operations to off-peak hours.,0.62
7/3/2023 3:00,22.96,26.67,150,0.22,Reduce HVAC cooling to save energy.; Shift heavy operations to off-peak hours.,0.61
7/3/2023 4:00,23.55,21.62,51,0.19,Investigate devices left on overnight.,0.18
7/3/2023 5:00,19.96,27.73,77,0.27,Shift heavy operations to off-peak hours.,0.38
7/3/2023 6:00,15.63,30.85,25,0.26,Shift heavy operations to off-peak hours.,0.28
7/3/2023 7:00,6.08,19.13,100,0.22,Shift heavy operations to off-peak hours.,0.09
7/3/2023 8:00,22.04,23.27,59,0.17,No action needed,0
7/3/2023 9:00,22.77,31.54,142,0.15,Reduce HVAC cooling to save energy.,0.17
7/3/2023 10:00,18.21,16.87,92,0.18,Investigate devices left on overnight.,0.13
7/3/2023 11:00,20.56,15.04,28,0.12,No action needed,0
7/3/2023 12:00,13.59,26.18,129,0.29,Shift heavy operations to off-peak hours.,0.28
7/3/2023 13:00,11.51,26.04,64,0.18,No action needed,0
7/3/2023 14:00,15.04,34.25,55,0.22,Shift heavy operations to off-peak hours.,0.23
7/3/2023 15:00,12.2,30.84,150,0.14,No action needed,0
7/3/2023 16:00,16.4,15.84,137,0.28,Shift heavy operations to off-peak hours.,0.32
7/3/2023 17:00,12.63,22.03,147,0.3,Shift heavy operations to off-peak hours.,0.27
7/3/2023 18:00,17.85,15.65,132,0.13,No action needed,0
7/3/2023 19:00,12.52,17.15,18,0.11,No action needed,0
7/3/2023 20:00,17.07,34.77,92,0.25,Shift heavy operations to off-peak hours.,0.3
7/3/2023 21:00,7.93,19.32,51,0.16,No action needed,0
7/3/2023 22:00,8.31,30.2,52,0.25,Shift heavy operations to off-peak hours.,0.15
7/3/2023 23:00,11.21,27.1,116,0.28,Shift heavy operations to off-peak hours.,0.22
7/4/2023 0:00,14.46,20.04,120,0.27,Shift heavy operations to off-peak hours.,0.27
7/4/2023 1:00,23.85,23.96,35,0.23,Shift heavy operations to off-peak hours.,0.38
7/4/2023 2:00,19.58,18.82,121,0.3,Shift heavy operations to off-peak hours.; Investigate devices left on overnight.,0.65
7/4/2023 3:00,12.39,33.12,58,0.25,Shift heavy operations to off-peak hours.,0.22
7/4/2023 4:00,24.9,15.21,92,0.26,Shift heavy operations to off-peak hours.; Investigate devices left on overnight.,0.71
7/4/2023 5:00,21.94,21.89,113,0.21,Shift heavy operations to off-peak hours.,0.32
7/4/2023 6:00,13.74,28.18,116,0.25,Shift heavy operations to off-peak hours.,0.24
7/4/2023 7:00,17.82,26.38,53,0.18,Investigate devices left on overnight.,0.13
7/4/2023 8:00,17.65,28.72,145,0.11,No action needed,0
7/4/2023 9:00,14.54,20,68,0.14,No action needed,0
7/4/2023 10:00,9.11,32.02,45,0.26,Shift heavy operations to off-peak hours.,0.17
7/4/2023 11:00,10.72,15.76,53,0.25,Shift heavy operations to off-peak hours.,0.19
7/4/2023 12:00,14.48,33.51,117,0.24,Shift heavy operations to off-peak hours.,0.24
7/4/2023 13:00,10.76,28.03,54,0.23,Shift heavy operations to off-peak hours.,0.17
7/4/2023 14:00,11.36,34.65,81,0.23,Shift heavy operations to off-peak hours.,0.18
7/4/2023 15:00,8.27,31.14,28,0.13,No action needed,0
7/4/2023 16:00,16.17,24.72,69,0.27,Shift heavy operations to off-peak hours.,0.31
7/4/2023 17:00,15.91,18.47,103,0.26,Shift heavy operations to off-peak hours.; Investigate devices left on overnight.,0.46
7/4/2023 18:00,9.23,21.91,129,0.15,No action needed,0
7/4/2023 19:00,8.94,21.44,139,0.18,No action needed,0
7/4/2023 20:00,22.77,19.47,59,0.28,Shift heavy operations to off-peak hours.; Investigate devices left on overnight.,0.7
7/4/2023 21:00,19.81,24.17,77,0.12,No action needed,0
7/4/2023 22:00,15.16,23.75,84,0.28,Shift heavy operations to off-peak hours.,0.3
7/4/2023 23:00,17.32,20.24,20,0.12,No action needed,0
7/5/2023 0:00,20.79,28.9,146,0.15,Reduce HVAC cooling to save energy.,0.16
7/5/2023 1:00,11.66,25.06,112,0.22,Shift heavy operations to off-peak hours.,0.18
7/5/2023 2:00,17,28.14,34,0.12,No action needed,0
7/5/2023 3:00,10.77,33.88,8,0.2,Turn off unnecessary lights in unoccupied areas.,0.06
7/5/2023 4:00,15,27.59,88,0.16,No action needed,0
7/5/2023 5:00,24.88,33.26,33,0.16,Reduce HVAC cooling to save energy.,0.2
7/5/2023 6:00,21.5,15.06,85,0.13,No action needed,0
7/5/2023 7:00,20.99,25.36,65,0.12,Reduce HVAC cooling to save energy.,0.13
7/5/2023 8:00,7.12,26.71,23,0.13,No action needed,0
7/5/2023 9:00,21.15,24.82,41,0.16,No action needed,0
7/5/2023 10:00,20.28,16.96,5,0.12,Turn off unnecessary lights in unoccupied areas.,0.07
7/5/2023 11:00,15.57,31.32,101,0.11,No action needed,0
7/5/2023 12:00,5.91,23.73,18,0.17,No action needed,0
7/5/2023 13:00,7.02,25.67,46,0.13,No action needed,0
7/5/2023 14:00,23.11,32.83,8,0.21,Reduce HVAC cooling to save energy.; Turn off unnecessary lights in unoccupied areas.; Shift heavy operations to off-peak hours.,0.73
7/5/2023 15:00,11.2,25.24,120,0.22,Shift heavy operations to off-peak hours.,0.17
7/5/2023 16:00,21.31,18.41,85,0.28,Shift heavy operations to off-peak hours.; Investigate devices left on overnight.,0.66
7/5/2023 17:00,8.13,18.47,104,0.23,Shift heavy operations to off-peak hours.,0.13
7/5/2023 18:00,21.04,31.61,104,0.27,Reduce HVAC cooling to save energy.; Shift heavy operations to off-peak hours.,0.68
7/5/2023 19:00,23.11,33.05,91,0.23,Reduce HVAC cooling to save energy.; Shift heavy operations to off-peak hours.,0.64
7/5/2023 20:00,11.72,16.43,48,0.22,Shift heavy operations to off-peak hours.,0.18
7/5/2023 21:00,8.68,22.03,112,0.27,Shift heavy operations to off-peak hours.,0.16
7/5/2023 22:00,17.29,20.09,79,0.21,Shift heavy operations to off-peak hours.,0.25
7/5/2023 23:00,13.1,29.69,143,0.29,Shift heavy operations to off-peak hours.,0.27
7/6/2023 0:00,14.59,16.49,12,0.16,Investigate devices left on overnight.,0.09
7/6/2023 1:00,8.24,19.12,116,0.28,Shift heavy operations to off-peak hours.,0.16
7/6/2023 2:00,6.83,18.09,128,0.16,No action needed,0
7/6/2023 3:00,9.14,31.22,143,0.12,No action needed,0
7/6/2023 4:00,21.87,26.97,31,0.16,Reduce HVAC cooling to save energy.,0.17
7/6/2023 5:00,17.16,24.19,144,0.22,Shift heavy operations to off-peak hours.,0.26
7/6/2023 6:00,22.12,22.08,59,0.17,No action needed,0
7/6/2023 7:00,14.35,33.31,98,0.27,Shift heavy operations to off-peak hours.,0.27
7/6/2023 8:00,17.6,18.05,124,0.12,Investigate devices left on overnight.,0.08
7/6/2023 9:00,13.14,28.14,56,0.14,Investigate devices left on overnight.,0.07
7/6/2023 10:00,11.07,28.32,23,0.23,Shift heavy operations to off-peak hours.,0.18
7/6/2023 11:00,14.98,29.4,115,0.13,No action needed,0
7/6/2023 12:00,6.41,17.6,32,0.14,No action needed,0
7/6/2023 13:00,21.54,25.38,13,0.13,Reduce HVAC cooling to save energy.; Investigate devices left on overnight.,0.25
7/6/2023 14:00,19.69,24.5,115,0.28,Shift heavy operations to off-peak hours.; Investigate devices left on overnight.,0.61
7/6/2023 15:00,15.85,27.45,109,0.13,No action needed,0
7/6/2023 16:00,18.91,28.8,118,0.13,No action needed,0
7/6/2023 17:00,10.22,19.25,17,0.28,Shift heavy operations to off-peak hours.,0.2
7/6/2023 18:00,10.8,28.99,103,0.18,No action needed,0
7/6/2023 19:00,15.7,31.51,78,0.17,No action needed,0
7/6/2023 20:00,6.26,28.12,128,0.17,No action needed,0
7/6/2023 21:00,10.77,28.93,12,0.22,Shift heavy operations to off-peak hours.; Investigate devices left on overnight.,0.26
7/6/2023 22:00,5.18,22.32,71,0.29,Shift heavy operations to off-peak hours.,0.11
7/6/2023 23:00,22.68,31.13,133,0.11,Reduce HVAC cooling to save energy.,0.12
7/7/2023 0:00,15.48,16.45,79,0.26,Shift heavy operations to off-peak hours.,0.28
7/7/2023 1:00,16.64,28.6,96,0.23,Shift heavy operations to off-peak hours.,0.27
7/7/2023 2:00,23,27.25,66,0.13,Reduce HVAC cooling to save energy.; Investigate devices left on overnight.,0.27
7/7/2023 3:00,9.17,19.3,82,0.23,Shift heavy operations to off-peak hours.,0.15
7/7/2023 4:00,7.3,19.79,12,0.23,Shift heavy operations to off-peak hours.,0.12
7/7/2023 5:00,20.79,30.75,67,0.14,Reduce HVAC cooling to save energy.,0.15
7/7/2023 6:00,9.82,22.7,117,0.22,Shift heavy operations to off-peak hours.,0.15
7/7/2023 7:00,18.79,34.91,115,0.28,Shift heavy operations to off-peak hours.; Investigate devices left on overnight.,0.58
7/7/2023 8:00,16.31,26.63,42,0.15,No action needed,0
7/7/2023 9:00,24.49,15.55,98,0.16,No action needed,0
7/7/2023 10:00,11.94,32.36,101,0.25,Shift heavy operations to off-peak hours.,0.21
7/7/2023 11:00,6.09,19.43,73,0.17,No action needed,0
7/7/2023 12:00,22.28,22.99,55,0.23,Shift heavy operations to off-peak hours.,0.36
7/7/2023 13:00,23.27,29.22,105,0.15,Reduce HVAC cooling to save energy.,0.17
7/7/2023 14:00,20.46,24.81,11,0.11,No action needed,0
7/7/2023 15:00,18.39,25.39,70,0.1,No action needed,0
7/7/2023 16:00,7.12,19.37,94,0.13,No action needed,0
7/7/2023 17:00,23.52,33.81,115,0.28,Reduce HVAC cooling to save energy.; Shift heavy operations to off-peak hours.,0.79
7/7/2023 18:00,8.66,24.34,66,0.19,No action needed,0
7/7/2023 19:00,6.32,27.56,42,0.17,No action needed,0
7/7/2023 20:00,9.24,18.45,77,0.11,No action needed,0
7/7/2023 21:00,15.2,17.17,36,0.28,Shift heavy operations to off-peak hours.,0.3
7/7/2023 22:00,21.87,32.97,20,0.25,Reduce HVAC cooling to save energy.; Shift heavy operations to off-peak hours.,0.66
7/7/2023 23:00,16.41,29.88,64,0.15,No action needed,0
7/8/2023 0:00,22.28,22.58,38,0.22,Shift heavy operations to off-peak hours.; Investigate devices left on overnight.,0.54
7/8/2023 1:00,7.35,19.89,135,0.21,Shift heavy operations to off-peak hours.,0.11
7/8/2023 2:00,13.7,23.46,50,0.2,Investigate devices left on overnight.,0.11
7/8/2023 3:00,24.33,31.71,119,0.2,Reduce HVAC cooling to save energy.,0.24
7/8/2023 4:00,23.44,17.83,46,0.2,No action needed,0
7/8/2023 5:00,9.68,32.28,40,0.2,No action needed,0
7/8/2023 6:00,6.09,34,96,0.2,No action needed,0
7/8/2023 7:00,14.25,15.48,127,0.28,Shift heavy operations to off-peak hours.,0.28
7/8/2023 8:00,13.21,30.4,121,0.17,No action needed,0
7/8/2023 9:00,7.96,31.3,111,0.19,No action needed,0
7/8/2023 10:00,6.94,22.35,16,0.15,No action needed,0
7/8/2023 11:00,17,27.58,42,0.19,No action needed,0
7/8/2023 12:00,12.73,17.89,43,0.29,Shift heavy operations to off-peak hours.; Investigate devices left on overnight.,0.41
7/8/2023 13:00,13.53,32.73,45,0.18,No action needed,0
7/8/2023 14:00,8.94,21.87,149,0.28,Shift heavy operations to off-peak hours.,0.18
7/8/2023 15:00,14.68,21.04,23,0.13,No action needed,0
7/8/2023 16:00,7.61,34.45,110,0.23,Shift heavy operations to off-peak hours.,0.12
7/8/2023 17:00,22,32.61,89,0.15,Reduce HVAC cooling to save energy.,0.17
7/8/2023 18:00,7.19,16.15,63,0.11,No action needed,0
7/8/2023 19:00,13.51,32.46,150,0.23,Shift heavy operations to off-peak hours.,0.22
7/8/2023 20:00,16.19,31.12,22,0.16,No action needed,0
7/8/2023 21:00,13.95,31.28,142,0.25,Shift heavy operations to off-peak hours.,0.24
7/8/2023 22:00,14.85,19.42,61,0.22,Shift heavy operations to off-peak hours.; Investigate devices left on overnight.,0.36
7/8/2023 23:00,12.03,31.74,71,0.23,Shift heavy operations to off-peak hours.; Investigate devices left on overnight.,0.3
7/9/2023 0:00,6.38,17.14,88,0.16,No action needed,0
7/9/2023 1:00,6.91,23.68,122,0.16,No action needed,0
7/9/2023 2:00,5.55,19.03,85,0.24,Shift heavy operations to off-peak hours.,0.09
7/9/2023 3:00,14.69,19.73,63,0.21,Shift heavy operations to off-peak hours.; Investigate devices left on overnight.,0.34
7/9/2023 4:00,5.81,17.31,102,0.14,No action needed,0
7/9/2023 5:00,13.72,20.62,72,0.2,No action needed,0
7/9/2023 6:00,7.28,18.14,53,0.21,Shift heavy operations to off-peak hours.,0.11
7/9/2023 7:00,9.67,33.63,58,0.22,Shift heavy operations to off-peak hours.,0.15
7/9/2023 8:00,6.03,25.21,10,0.12,No action needed,0
7/9/2023 9:00,19.05,22.48,25,0.11,Investigate devices left on overnight.,0.08
7/9/2023 10:00,5.52,25.49,122,0.27,Shift heavy operations to off-peak hours.,0.1
7/9/2023 11:00,11.68,30.85,18,0.13,Investigate devices left on overnight.,0.06
7/9/2023 12:00,10.62,28.07,84,0.29,Shift heavy operations to off-peak hours.,0.22
7/9/2023 13:00,5.88,33.07,38,0.25,Shift heavy operations to off-peak hours.,0.1
7/9/2023 14:00,13.55,23.84,47,0.26,Shift heavy operations to off-peak hours.,0.25
7/9/2023 15:00,6.24,17.94,56,0.23,Shift heavy operations to off-peak hours.,0.1
7/9/2023 16:00,11.04,19.06,60,0.15,No action needed,0
7/9/2023 17:00,9.38,29.93,85,0.12,No action needed,0
7/9/2023 18:00,7.05,25.3,130,0.29,Shift heavy operations to off-peak hours.,0.14
7/9/2023 19:00,18.05,16.84,82,0.21,Shift heavy operations to off-peak hours.,0.27
7/9/2023 20:00,22.41,15.54,147,0.16,No action needed,0
7/9/2023 21:00,9.28,31.26,70,0.22,Shift heavy operations to off-peak hours.,0.14
7/9/2023 22:00,22.84,27.92,128,0.27,Reduce HVAC cooling to save energy.; Shift heavy operations to off-peak hours.; Investigate devices left on overnight.,0.99
7/9/2023 23:00,17.02,16.78,21,0.12,No action needed,0
7/10/2023 0:00,15.73,19.34,88,0.16,Investigate devices left on overnight.,0.1
7/10/2023 1:00,19.45,19.39,89,0.13,No action needed,0
7/10/2023 2:00,17.2,16.69,23,0.27,Shift heavy operations to off-peak hours.; Investigate devices left on overnight.,0.51
7/10/2023 3:00,15.96,21.74,62,0.11,No action needed,0
7/10/2023 4:00,11.94,31.38,122,0.15,No action needed,0
7/10/2023 5:00,8.71,21.27,58,0.23,Shift heavy operations to off-peak hours.,0.14
7/10/2023 6:00,22.82,25.86,103,0.25,Reduce HVAC cooling to save energy.; Shift heavy operations to off-peak hours.,0.68
7/10/2023 7:00,20.98,15.8,50,0.14,No action needed,0
7/10/2023 8:00,12.19,22.19,92,0.22,Shift heavy operations to off-peak hours.,0.19
7/10/2023 9:00,17.15,28.25,56,0.1,Investigate devices left on overnight.,0.07
7/10/2023 10:00,11.27,21.65,35,0.25,Shift heavy operations to off-peak hours.,0.2
7/10/2023 11:00,23.6,21.82,88,0.2,No action needed,0
7/10/2023 12:00,12.73,27.47,65,0.11,No action needed,0
7/10/2023 13:00,15.23,27.9,32,0.15,No action needed,0
7/10/2023 14:00,11.58,24.82,132,0.12,No action needed,0
7/10/2023 15:00,8.07,17.3,136,0.2,No action needed,0
7/10/2023 16:00,8.84,15.99,94,0.28,Shift heavy operations to off-peak hours.,0.17
7/10/2023 17:00,19.1,25.68,40,0.12,No action needed,0
7/10/2023 18:00,11.43,20.29,117,0.28,Shift heavy operations to off-peak hours.,0.22
7/10/2023 19:00,17.01,20.3,110,0.23,Shift heavy operations to off-peak hours.,0.27
7/10/2023 20:00,16.89,20.4,114,0.22,Shift heavy operations to off-peak hours.; Investigate devices left on overnight.,0.41
7/10/2023 21:00,5.64,31.51,74,0.13,No action needed,0
7/10/2023 22:00,14.13,16.08,108,0.21,Shift heavy operations to off-peak hours.,0.21
7/10/2023 23:00,23.3,29.17,84,0.2,Reduce HVAC cooling to save energy.,0.23
7/11/2023 0:00,23.11,16.25,116,0.24,Shift heavy operations to off-peak hours.; Investigate devices left on overnight.,0.61
7/11/2023 1:00,21.13,32.74,5,0.17,Reduce HVAC cooling to save energy.; Turn off unnecessary lights in unoccupied areas.,0.29
7/11/2023 2:00,20.89,16.02,103,0.29,Shift heavy operations to off-peak hours.,0.42
7/11/2023 3:00,13.65,19.54,82,0.27,Shift heavy operations to off-peak hours.,0.26
7/11/2023 4:00,18.4,15.64,9,0.27,Turn off unnecessary lights in unoccupied areas.; Shift heavy operations to off-peak hours.,0.5
7/11/2023 5:00,11.85,19.81,56,0.18,No action needed,0
7/11/2023 6:00,5.9,28.43,35,0.1,No action needed,0
7/11/2023 7:00,18.63,28.06,98,0.25,Shift heavy operations to off-peak hours.,0.33
7/11/2023 8:00,11.1,20.2,129,0.28,Shift heavy operations to off-peak hours.,0.22
7/11/2023 9:00,6.54,28.74,137,0.24,Shift heavy operations to off-peak hours.,0.11
7/11/2023 10:00,21.58,25.59,120,0.27,Reduce HVAC cooling to save energy.; Shift heavy operations to off-peak hours.,0.7
7/11/2023 11:00,24.27,22.33,11,0.24,Shift heavy operations to off-peak hours.,0.41
7/11/2023 12:00,17.93,21.15,21,0.22,Shift heavy operations to off-peak hours.; Investigate devices left on overnight.,0.43
7/11/2023 13:00,24.03,21.97,40,0.29,Shift heavy operations to off-peak hours.,0.49
7/11/2023 14:00,5.35,27.31,116,0.23,Shift heavy operations to off-peak hours.,0.09
7/11/2023 15:00,8.21,33.94,93,0.19,No action needed,0
7/11/2023 16:00,11.08,31.53,19,0.26,Shift heavy operations to off-peak hours.,0.2
7/11/2023 17:00,17.25,19.91,44,0.12,No action needed,0
7/11/2023 18:00,23.2,26.36,87,0.13,Reduce HVAC cooling to save energy.,0.15
7/11/2023 19:00,6.73,26.66,17,0.27,Shift heavy operations to off-peak hours.,0.13
7/11/2023 20:00,7.62,16.27,85,0.15,No action needed,0
7/11/2023 21:00,11.14,34.44,90,0.11,Investigate devices left on overnight.,0.05
7/11/2023 22:00,20.72,15.1,108,0.17,Investigate devices left on overnight.,0.14
7/11/2023 23:00,24,31.84,55,0.2,Reduce HVAC cooling to save energy.,0.24
7/12/2023 0:00,20.47,17.26,29,0.27,Shift heavy operations to off-peak hours.; Investigate devices left on overnight.,0.61
7/12/2023 1:00,5.19,16.75,129,0.14,No action needed,0
7/12/2023 2:00,8.23,15.97,21,0.11,No action needed,0
7/12/2023 3:00,10.04,16.21,87,0.21,Shift heavy operations to off-peak hours.,0.15
7/12/2023 4:00,23.04,26.07,25,0.19,Reduce HVAC cooling to save energy.,0.22
7/12/2023 5:00,19.47,32.78,102,0.21,Shift heavy operations to off-peak hours.,0.29
7/12/2023 6:00,9.78,31.02,125,0.21,Shift heavy operations to off-peak hours.,0.14
7/12/2023 7:00,8.5,30.99,30,0.19,No action needed,0
7/12/2023 8:00,6.49,28.3,46,0.25,Shift heavy operations to off-peak hours.,0.11
7/12/2023 9:00,13.73,31.97,27,0.28,Shift heavy operations to off-peak hours.; Investigate devices left on overnight.,0.42
7/12/2023 10:00,5.98,25.81,110,0.2,No action needed,0
7/12/2023 11:00,18.15,23.27,66,0.12,No action needed,0
7/12/2023 12:00,24.6,26.57,119,0.21,Reduce HVAC cooling to save energy.; Shift heavy operations to off-peak hours.,0.62
7/12/2023 13:00,23.94,32.58,29,0.3,Reduce HVAC cooling to save energy.; Shift heavy operations to off-peak hours.,0.86
7/12/2023 14:00,14.04,19.53,8,0.27,Turn off unnecessary lights in unoccupied areas.; Shift heavy operations to off-peak hours.,0.38
7/12/2023 15:00,16.11,30.21,128,0.12,No action needed,0
7/12/2023 16:00,14.02,24.78,16,0.15,No action needed,0
7/12/2023 17:00,12.95,18.83,131,0.21,Shift heavy operations to off-peak hours.; Investigate devices left on overnight.,0.3
7/12/2023 18:00,16.89,28.08,62,0.14,No action needed,0
7/12/2023 19:00,9.94,16.35,78,0.28,Shift heavy operations to off-peak hours.,0.19
7/12/2023 20:00,9.3,33.81,46,0.12,No action needed,0
7/12/2023 21:00,22.88,32.32,31,0.18,Reduce HVAC cooling to save energy.; Investigate devices left on overnight.,0.37
7/12/2023 22:00,17.19,33.17,129,0.19,No action needed,0
7/12/2023 23:00,11.28,18.08,36,0.28,Shift heavy operations to off-peak hours.,0.22
7/13/2023 0:00,10.79,18.64,109,0.23,Shift heavy operations to off-peak hours.; Investigate devices left on overnight.,0.27
7/13/2023 1:00,24.84,16,93,0.15,No action needed,0
7/13/2023 2:00,10.97,30.83,53,0.23,Shift heavy operations to off-peak hours.,0.18
7/13/2023 3:00,20.4,18.67,70,0.1,No action needed,0
7/13/2023 4:00,18.6,27.45,78,0.15,No action needed,0
7/13/2023 5:00,22.89,34.76,11,0.28,Reduce HVAC cooling to save energy.; Shift heavy operations to off-peak hours.; Investigate devices left on overnight.,1.03
7/13/2023 6:00,24.7,34.93,65,0.29,Reduce HVAC cooling to save energy.; Shift heavy operations to off-peak hours.; Investigate devices left on overnight.,1.15
7/13/2023 7:00,12.83,30.52,69,0.13,No action needed,0
7/13/2023 8:00,22.74,23.24,94,0.26,Shift heavy operations to off-peak hours.,0.41
7/13/2023 9:00,20.22,21.83,123,0.24,Shift heavy operations to off-peak hours.,0.34
7/13/2023 10:00,10.67,15.01,118,0.18,Investigate devices left on overnight.,0.08
7/13/2023 11:00,5.42,22.65,71,0.21,Shift heavy operations to off-peak hours.,0.08
7/13/2023 12:00,18.29,18.74,85,0.29,Shift heavy operations to off-peak hours.,0.37
7/13/2023 13:00,16.54,28.93,84,0.13,No action needed,0
7/13/2023 14:00,20.08,23.43,62,0.28,Shift heavy operations to off-peak hours.,0.39
7/13/2023 15:00,24.2,17.72,106,0.13,No action needed,0
7/13/2023 16:00,8.98,20.46,34,0.13,No action needed,0
7/13/2023 17:00,17.05,17.48,8,0.13,Turn off unnecessary lights in unoccupied areas.; Investigate devices left on overnight.,0.16
7/13/2023 18:00,11.47,32.46,46,0.23,Shift heavy operations to off-peak hours.,0.18
7/13/2023 19:00,17.32,15.95,35,0.26,Shift heavy operations to off-peak hours.,0.32
7/13/2023 20:00,21.8,21.15,42,0.22,Shift heavy operations to off-peak hours.,0.34
7/13/2023 21:00,22.47,29.26,145,0.15,Reduce HVAC cooling to save energy.; Investigate devices left on overnight.,0.3
7/13/2023 22:00,21.04,24.83,103,0.24,Shift heavy operations to off-peak hours.,0.35
7/13/2023 23:00,9.89,25.36,101,0.1,No action needed,0
7/14/2023 0:00,12,33.6,66,0.11,No action needed,0
7/14/2023 1:00,6.12,17.41,127,0.3,Shift heavy operations to off-peak hours.,0.13
7/14/2023 2:00,19.6,21.89,19,0.2,No action needed,0
7/14/2023 3:00,9.5,32.39,61,0.27,Shift heavy operations to off-peak hours.,0.18
7/14/2023 4:00,10.61,24.37,142,0.22,Shift heavy operations to off-peak hours.,0.16
7/14/2023 5:00,8.83,22.51,113,0.24,Shift heavy operations to off-peak hours.,0.15
7/14/2023 6:00,16.35,21.68,53,0.17,No action needed,0
7/14/2023 7:00,7.64,33.68,119,0.2,No action needed,0
7/14/2023 8:00,6.95,34.9,78,0.26,Shift heavy operations to off-peak hours.,0.13
7/14/2023 9:00,23.21,29.26,45,0.29,Reduce HVAC cooling to save energy.; Shift heavy operations to off-peak hours.,0.81
7/14/2023 10:00,17.1,31.86,100,0.17,No action needed,0
7/14/2023 11:00,23.33,22.21,114,0.13,No action needed,0
7/14/2023 12:00,10.43,21.53,10,0.14,No action needed,0
7/14/2023 13:00,12.51,19.96,135,0.17,Investigate devices left on overnight.,0.09
7/14/2023 14:00,6.48,30.93,123,0.28,Shift heavy operations to off-peak hours.,0.13
7/14/2023 15:00,20.31,20.54,93,0.23,Shift heavy operations to off-peak hours.,0.33
7/14/2023 16:00,15.26,22.9,36,0.21,Shift heavy operations to off-peak hours.,0.22
7/14/2023 17:00,22.17,21.8,55,0.26,Shift heavy operations to off-peak hours.,0.4
7/14/2023 18:00,15.73,24.84,87,0.11,No action needed,0
7/14/2023 19:00,13.66,24.61,140,0.17,Investigate devices left on overnight.,0.09
7/14/2023 20:00,10.17,28.84,39,0.2,No action needed,0
7/14/2023 21:00,6.33,27.69,15,0.14,No action needed,0
7/14/2023 22:00,10.24,27.96,14,0.2,No action needed,0
7/14/2023 23:00,17.67,33.58,54,0.13,Investigate devices left on overnight.,0.09
7/15/2023 0:00,24.26,18.41,91,0.29,Shift heavy operations to off-peak hours.,0.49
7/15/2023 1:00,17.99,27.33,133,0.28,Shift heavy operations to off-peak hours.,0.35
7/15/2023 2:00,19.43,25.5,45,0.24,Shift heavy operations to off-peak hours.,0.33
7/15/2023 3:00,24.52,31.98,22,0.26,Reduce HVAC cooling to save energy.; Shift heavy operations to off-peak hours.; Investigate devices left on overnight.,1.02
7/15/2023 4:00,20.9,24.95,80,0.24,Shift heavy operations to off-peak hours.; Investigate devices left on overnight.,0.55
7/15/2023 5:00,23.82,16.67,91,0.25,Shift heavy operations to off-peak hours.,0.42
7/15/2023 6:00,15.6,22.74,35,0.13,No action needed,0
7/15/2023 7:00,15.9,34.07,10,0.27,Shift heavy operations to off-peak hours.,0.3
7/15/2023 8:00,14.93,17.92,80,0.23,Shift heavy operations to off-peak hours.; Investigate devices left on overnight.,0.38
7/15/2023 9:00,9.84,29.47,15,0.18,No action needed,0
7/15/2023 10:00,12.01,25.87,67,0.13,No action needed,0
7/15/2023 11:00,18.64,30.36,75,0.19,No action needed,0
7/15/2023 12:00,20.97,32.89,50,0.19,Reduce HVAC cooling to save energy.,0.2
7/15/2023 13:00,23.2,16.56,139,0.23,Shift heavy operations to off-peak hours.,0.37
7/15/2023 14:00,13.78,25.15,18,0.15,No action needed,0
7/15/2023 15:00,13.57,16.09,20,0.15,No action needed,0
7/15/2023 16:00,7.03,27.91,29,0.11,No action needed,0
7/15/2023 17:00,14.9,34.87,101,0.18,Investigate devices left on overnight.,0.11
7/15/2023 18:00,19.17,23.76,65,0.18,No action needed,0
7/15/2023 19:00,10.29,34.93,24,0.24,Shift heavy operations to off-peak hours.,0.17
7/15/2023 20:00,14.74,31.98,50,0.11,No action needed,0
7/15/2023 21:00,19.87,18.5,5,0.19,Turn off unnecessary lights in unoccupied areas.,0.11
7/15/2023 22:00,16.92,24.33,70,0.19,No action needed,0
7/15/2023 23:00,23.24,21.55,107,0.27,Shift heavy operations to off-peak hours.,0.44
7/16/2023 0:00,16.37,19.4,74,0.13,Investigate devices left on overnight.,0.09
7/16/2023 1:00,22.32,20.08,12,0.15,No action needed,0
7/16/2023 2:00,8.63,33.55,95,0.25,Shift heavy operations to off-peak hours.,0.15
7/16/2023 3:00,19.76,19.86,10,0.25,Shift heavy operations to off-peak hours.; Investigate devices left on overnight.,0.54
7/16/2023 4:00,19.51,20.47,107,0.17,No action needed,0
7/16/2023 5:00,8.86,21.79,100,0.29,Shift heavy operations to off-peak hours.,0.18
7/16/2023 6:00,6.88,29.77,116,0.13,No action needed,0
7/16/2023 7:00,10.21,32.95,5,0.24,Turn off unnecessary lights in unoccupied areas.; Shift heavy operations to off-peak hours.; Investigate devices left on overnight.,0.34
7/16/2023 8:00,21.44,30.31,72,0.13,Reduce HVAC cooling to save energy.; Investigate devices left on overnight.,0.25
7/16/2023 9:00,16.18,29.4,76,0.15,No action needed,0
7/16/2023 10:00,12.74,21.18,122,0.18,Investigate devices left on overnight.,0.09
7/16/2023 11:00,7.12,18.65,142,0.13,No action needed,0
7/16/2023 12:00,14.5,29.67,129,0.3,Shift heavy operations to off-peak hours.,0.3
7/16/2023 13:00,23.3,23.11,145,0.28,Shift heavy operations to off-peak hours.,0.46
7/16/2023 14:00,14.88,27.47,76,0.13,Investigate devices left on overnight.,0.08
7/16/2023 15:00,19.79,19.26,37,0.18,No action needed,0
7/16/2023 16:00,22.03,20.89,57,0.24,Shift heavy operations to off-peak hours.; Investigate devices left on overnight.,0.58
7/16/2023 17:00,20.9,26.93,88,0.23,Reduce HVAC cooling to save energy.; Shift heavy operations to off-peak hours.,0.58
7/16/2023 18:00,9.1,27.03,123,0.22,Shift heavy operations to off-peak hours.,0.14
7/16/2023 19:00,18.2,29.2,114,0.27,Shift heavy operations to off-peak hours.; Investigate devices left on overnight.,0.54
7/16/2023 20:00,19.56,21.81,108,0.29,Shift heavy operations to off-peak hours.,0.4
7/16/2023 21:00,9.1,22.51,33,0.15,No action needed,0
7/16/2023 22:00,7.85,23.25,29,0.11,No action needed,0
7/16/2023 23:00,16.87,28.88,137,0.28,Shift heavy operations to off-peak hours.,0.33
7/17/2023 0:00,7.84,18.16,42,0.2,No action needed,0
7/17/2023 1:00,21.64,24.09,28,0.17,No action needed,0
7/17/2023 2:00,21.1,32.36,133,0.21,Reduce HVAC cooling to save energy.; Shift heavy operations to off-peak hours.,0.53
7/17/2023 3:00,6.26,32.34,48,0.26,Shift heavy operations to off-peak hours.,0.11
7/17/2023 4:00,21.52,30.92,148,0.14,Reduce HVAC cooling to save energy.; Investigate devices left on overnight.,0.27
7/17/2023 5:00,8.07,21.22,69,0.13,No action needed,0
7/17/2023 6:00,15.58,17.92,39,0.23,Shift heavy operations to off-peak hours.; Investigate devices left on overnight.,0.39
7/17/2023 7:00,14.15,32.76,46,0.23,Shift heavy operations to off-peak hours.,0.23
7/17/2023 8:00,19.03,29.31,30,0.11,No action needed,0
7/17/2023 9:00,17.3,24.43,43,0.13,No action needed,0
7/17/2023 10:00,16.48,24.86,67,0.13,No action needed,0
7/17/2023 11:00,12.39,27.36,24,0.24,Shift heavy operations to off-peak hours.; Investigate devices left on overnight.,0.33
7/17/2023 12:00,17.47,23.54,124,0.29,Shift heavy operations to off-peak hours.,0.35
7/17/2023 13:00,22.69,33.05,148,0.19,Reduce HVAC cooling to save energy.,0.22
7/17/2023 14:00,6.39,33.88,66,0.29,Shift heavy operations to off-peak hours.,0.13
7/17/2023 15:00,12.57,18.87,43,0.29,Shift heavy operations to off-peak hours.; Investigate devices left on overnight.,0.4
7/17/2023 16:00,23.26,19.34,85,0.14,No action needed,0
7/17/2023 17:00,20.86,28.9,44,0.19,Reduce HVAC cooling to save energy.,0.2
7/17/2023 18:00,23.25,16.2,13,0.22,Shift heavy operations to off-peak hours.,0.36
7/17/2023 19:00,16.74,17.87,138,0.21,Shift heavy operations to off-peak hours.,0.25
7/17/2023 20:00,6.15,34.38,73,0.28,Shift heavy operations to off-peak hours.,0.12
7/17/2023 21:00,21.98,23.73,41,0.25,Shift heavy operations to off-peak hours.,0.38
7/17/2023 22:00,8.61,29.98,145,0.2,No action needed,0
7/17/2023 23:00,19.61,23.04,80,0.26,Shift heavy operations to off-peak hours.,0.36
7/18/2023 0:00,22.38,23.66,40,0.29,Shift heavy operations to off-peak hours.,0.45
7/18/2023 1:00,5.57,22.85,64,0.27,Shift heavy operations to off-peak hours.,0.11
7/18/2023 2:00,21.86,30.57,74,0.17,Reduce HVAC cooling to save energy.,0.19
7/18/2023 3:00,11.73,25.12,54,0.17,No action needed,0
7/18/2023 4:00,19.71,24.97,27,0.21,Shift heavy operations to off-peak hours.; Investigate devices left on overnight.,0.46
7/18/2023 5:00,24.92,18.62,123,0.15,Investigate devices left on overnight.,0.15
7/18/2023 6:00,8.31,33.64,60,0.26,Shift heavy operations to off-peak hours.,0.15
7/18/2023 7:00,18.78,30.72,68,0.26,Shift heavy operations to off-peak hours.,0.34
7/18/2023 8:00,21.29,20.13,33,0.12,No action needed,0
7/18/2023 9:00,11.29,25.14,72,0.3,Shift heavy operations to off-peak hours.; Investigate devices left on overnight.,0.37
7/18/2023 10:00,22.3,34.43,122,0.16,Reduce HVAC cooling to save energy.,0.18
7/18/2023 11:00,5.78,19.84,21,0.22,Shift heavy operations to off-peak hours.,0.09
7/18/2023 12:00,14.74,31.21,11,0.27,Shift heavy operations to off-peak hours.,0.28
7/18/2023 13:00,11.02,31.81,102,0.15,Investigate devices left on overnight.,0.07
7/18/2023 14:00,17.29,30.51,136,0.18,No action needed,0
7/18/2023 15:00,23.4,20.53,96,0.15,Investigate devices left on overnight.,0.14
7/18/2023 16:00,18.93,32.38,27,0.2,No action needed,0
7/18/2023 17:00,15.76,29.02,76,0.12,No action needed,0
7/18/2023 18:00,21.5,26.16,112,0.17,Reduce HVAC cooling to save energy.,0.18
7/18/2023 19:00,8.46,26.87,69,0.11,No action needed,0
7/18/2023 20:00,15.85,20.45,134,0.29,Shift heavy operations to off-peak hours.; Investigate devices left on overnight.,0.51
7/18/2023 21:00,6.25,28.7,133,0.26,Shift heavy operations to off-peak hours.,0.11
7/18/2023 22:00,19.81,17.98,9,0.21,Turn off unnecessary lights in unoccupied areas.; Shift heavy operations to off-peak hours.,0.42
7/18/2023 23:00,6.88,18.17,121,0.26,Shift heavy operations to off-peak hours.,0.13
7/19/2023 0:00,9.45,33.84,56,0.24,Shift heavy operations to off-peak hours.,0.16
7/19/2023 1:00,16.38,32.93,27,0.12,Investigate devices left on overnight.,0.08
7/19/2023 2:00,15.69,24.76,109,0.19,No action needed,0
7/19/2023 3:00,20.33,21.72,99,0.18,No action needed,0
7/19/2023 4:00,6.56,16.36,146,0.29,Shift heavy operations to off-peak hours.,0.13
7/19/2023 5:00,16.13,30.26,110,0.22,Shift heavy operations to off-peak hours.,0.25
7/19/2023 6:00,20.04,15.44,145,0.11,No action needed,0
7/19/2023 7:00,7.12,22.04,123,0.28,Shift heavy operations to off-peak hours.,0.14
7/19/2023 8:00,21.06,28.14,138,0.27,Reduce HVAC cooling to save energy.; Shift heavy operations to off-peak hours.,0.68
7/19/2023 9:00,7.63,32.99,132,0.27,Shift heavy operations to off-peak hours.,0.14
7/19/2023 10:00,23.82,34.83,38,0.12,Reduce HVAC cooling to save energy.,0.14
7/19/2023 11:00,23.53,17.93,93,0.24,Shift heavy operations to off-peak hours.; Investigate devices left on overnight.,0.62
7/19/2023 12:00,20.79,30.64,84,0.14,Reduce HVAC cooling to save energy.,0.15
7/19/2023 13:00,23.18,17.56,97,0.13,No action needed,0
7/19/2023 14:00,22.06,17.32,67,0.11,No action needed,0
7/19/2023 15:00,17.3,22.26,14,0.19,No action needed,0
7/19/2023 16:00,16.67,18.07,63,0.29,Shift heavy operations to off-peak hours.,0.34
7/19/2023 17:00,18.37,25.96,47,0.22,Shift heavy operations to off-peak hours.; Investigate devices left on overnight.,0.44
7/19/2023 18:00,21.58,25.24,129,0.19,Reduce HVAC cooling to save energy.,0.21
7/19/2023 19:00,10.95,33.78,35,0.16,No action needed,0
7/19/2023 20:00,5.4,33.92,37,0.11,No action needed,0
7/19/2023 21:00,17.25,30.78,126,0.28,Shift heavy operations to off-peak hours.,0.34
7/19/2023 22:00,12.52,19.07,137,0.22,Shift heavy operations to off-peak hours.; Investigate devices left on overnight.,0.3
7/19/2023 23:00,10.7,24.73,82,0.22,Shift heavy operations to off-peak hours.,0.16
7/20/2023 0:00,5.02,15.1,52,0.25,Shift heavy operations to off-peak hours.,0.09
7/20/2023 1:00,16.48,34.24,52,0.21,Shift heavy operations to off-peak hours.,0.24
7/20/2023 2:00,21.23,32.71,112,0.2,Reduce HVAC cooling to save energy.,0.21
7/20/2023 3:00,7.91,20.54,91,0.28,Shift heavy operations to off-peak hours.,0.16
7/20/2023 4:00,12.5,16.98,26,0.25,Shift heavy operations to off-peak hours.; Investigate devices left on overnight.,0.34
7/20/2023 5:00,8.93,23.33,21,0.1,No action needed,0
7/20/2023 6:00,18.01,24.23,131,0.24,Shift heavy operations to off-peak hours.,0.3
7/20/2023 7:00,13.89,18.86,134,0.15,No action needed,0
7/20/2023 8:00,19.4,23.85,132,0.27,Shift heavy operations to off-peak hours.,0.37
7/20/2023 9:00,13.41,22.59,9,0.14,Turn off unnecessary lights in unoccupied areas.,0.06
7/20/2023 10:00,24.63,27.4,60,0.21,Reduce HVAC cooling to save energy.; Shift heavy operations to off-peak hours.; Investigate devices left on overnight.,0.83
7/20/2023 11:00,5.87,19.5,16,0.1,No action needed,0
7/20/2023 12:00,23.85,23.96,149,0.27,Shift heavy operations to off-peak hours.,0.45
7/20/2023 13:00,22.88,25.68,90,0.2,Reduce HVAC cooling to save energy.,0.23
7/20/2023 14:00,5.69,26.19,132,0.12,No action needed,0
7/20/2023 15:00,10.74,34.74,136,0.29,Shift heavy operations to off-peak hours.,0.22
7/20/2023 16:00,19.07,33.17,113,0.23,Shift heavy operations to off-peak hours.,0.31
7/20/2023 17:00,22.45,19.31,46,0.17,No action needed,0
7/20/2023 18:00,5.97,15.86,38,0.29,Shift heavy operations to off-peak hours.,0.12
7/20/2023 19:00,15.01,19.77,98,0.11,No action needed,0
7/20/2023 20:00,5.86,23.9,134,0.24,Shift heavy operations to off-peak hours.,0.1
7/20/2023 21:00,24.91,30.11,59,0.2,Reduce HVAC cooling to save energy.,0.25
7/20/2023 22:00,17.08,20.98,64,0.17,Investigate devices left on overnight.,0.12
7/20/2023 23:00,20.16,29.15,76,0.28,Reduce HVAC cooling to save energy.; Shift heavy operations to off-peak hours.,0.68
7/21/2023 0:00,10.88,19.57,125,0.18,No action needed,0
7/21/2023 1:00,13.93,16.29,73,0.3,Shift heavy operations to off-peak hours.,0.29
7/21/2023 2:00,6.48,29.21,37,0.18,No action needed,0
7/21/2023 3:00,5.08,16.09,137,0.21,Shift heavy operations to off-peak hours.,0.07
7/21/2023 4:00,11.47,33.17,97,0.12,Investigate devices left on overnight.,0.06
7/21/2023 5:00,11.05,22.58,124,0.2,No action needed,0
7/21/2023 6:00,14.93,16.31,80,0.11,No action needed,0
7/21/2023 7:00,17.42,15.73,46,0.27,Shift heavy operations to off-peak hours.; Investigate devices left on overnight.,0.52
7/21/2023 8:00,11.17,16.58,15,0.19,No action needed,0
7/21/2023 9:00,14.69,27.01,111,0.14,No action needed,0
7/21/2023 10:00,17.12,30.75,22,0.29,Shift heavy operations to off-peak hours.,0.35
7/21/2023 11:00,10.76,26.72,99,0.25,Shift heavy operations to off-peak hours.,0.19
7/21/2023 12:00,15.6,24,71,0.23,Shift heavy operations to off-peak hours.; Investigate devices left on overnight.,0.39
7/21/2023 13:00,19.02,18.84,145,0.11,Investigate devices left on overnight.,0.08
7/21/2023 14:00,14.77,21.14,123,0.28,Shift heavy operations to off-peak hours.; Investigate devices left on overnight.,0.45
7/21/2023 15:00,20.36,25.25,58,0.21,Reduce HVAC cooling to save energy.; Shift heavy operations to off-peak hours.,0.51
7/21/2023 16:00,16.25,22.74,73,0.2,No action needed,0
7/21/2023 17:00,8.07,17.78,97,0.28,Shift heavy operations to off-peak hours.,0.16
7/21/2023 18:00,11.58,22.94,148,0.13,No action needed,0
7/21/2023 19:00,17.37,33.36,126,0.24,Shift heavy operations to off-peak hours.,0.29
7/21/2023 20:00,11.86,26.17,19,0.12,No action needed,0
7/21/2023 21:00,21.31,28.03,115,0.19,Reduce HVAC cooling to save energy.,0.2
7/21/2023 22:00,6.5,16.61,126,0.19,No action needed,0
7/21/2023 23:00,9.47,26.06,105,0.24,Shift heavy operations to off-peak hours.,0.16
7/22/2023 0:00,9.26,29.04,48,0.27,Shift heavy operations to off-peak hours.,0.18
7/22/2023 1:00,12.99,18.11,85,0.29,Shift heavy operations to off-peak hours.,0.26
7/22/2023 2:00,5.02,29.72,13,0.1,No action needed,0
7/22/2023 3:00,17.64,30.81,134,0.23,Shift heavy operations to off-peak hours.,0.28
7/22/2023 4:00,7.79,32.28,58,0.28,Shift heavy operations to off-peak hours.,0.15
7/22/2023 5:00,8.74,24.24,17,0.24,Shift heavy operations to off-peak hours.,0.15
7/22/2023 6:00,18.73,33.97,54,0.14,No action needed,0
7/22/2023 7:00,6.18,25.98,57,0.11,No action needed,0
7/22/2023 8:00,22.21,26.37,31,0.17,Reduce HVAC cooling to save energy.,0.19
7/22/2023 9:00,23.82,16.98,43,0.15,Investigate devices left on overnight.,0.14
7/22/2023 10:00,19.83,23.67,94,0.3,Shift heavy operations to off-peak hours.,0.42
7/22/2023 11:00,22.12,30.03,50,0.27,Reduce HVAC cooling to save energy.; Shift heavy operations to off-peak hours.; Investigate devices left on overnight.,0.96
7/22/2023 12:00,15.73,19.81,108,0.12,No action needed,0
7/22/2023 13:00,17.44,34.12,40,0.26,Shift heavy operations to off-peak hours.,0.32
7/22/2023 14:00,14.77,16.34,97,0.1,No action needed,0
7/22/2023 15:00,15.31,27.2,56,0.18,Investigate devices left on overnight.,0.11
7/22/2023 16:00,12.32,15.75,146,0.22,Shift heavy operations to off-peak hours.,0.19
7/22/2023 17:00,22.67,26.5,121,0.28,Reduce HVAC cooling to save energy.; Shift heavy operations to off-peak hours.,0.76
7/22/2023 18:00,20.55,20.19,117,0.21,Shift heavy operations to off-peak hours.,0.3
7/22/2023 19:00,17.96,33.01,148,0.28,Shift heavy operations to off-peak hours.,0.35
7/22/2023 20:00,15.95,30.67,45,0.28,Shift heavy operations to off-peak hours.; Investigate devices left on overnight.,0.49
7/22/2023 21:00,9.74,16.36,140,0.1,No action needed,0
7/22/2023 22:00,19.5,28.79,83,0.12,No action needed,0
7/22/2023 23:00,22.6,30.22,45,0.22,Reduce HVAC cooling to save energy.; Shift heavy operations to off-peak hours.,0.6
7/23/2023 0:00,23.19,26.57,11,0.17,Reduce HVAC cooling to save energy.,0.2
7/23/2023 1:00,10.89,28.48,88,0.11,No action needed,0
7/23/2023 2:00,13.82,20.68,21,0.15,Investigate devices left on overnight.,0.08
7/23/2023 3:00,6.04,33.9,30,0.27,Shift heavy operations to off-peak hours.,0.11
7/23/2023 4:00,7,15.31,71,0.24,Shift heavy operations to off-peak hours.,0.12
7/23/2023 5:00,11.75,15.22,100,0.18,Investigate devices left on overnight.,0.08
7/23/2023 6:00,24,33.39,120,0.24,Reduce HVAC cooling to save energy.; Shift heavy operations to off-peak hours.,0.69
7/23/2023 7:00,9.97,31.73,36,0.29,Shift heavy operations to off-peak hours.,0.2
7/23/2023 8:00,24.21,15.06,46,0.1,No action needed,0
7/23/2023 9:00,22.51,32.04,113,0.27,Reduce HVAC cooling to save energy.; Shift heavy operations to off-peak hours.,0.73
7/23/2023 10:00,12.25,33.06,36,0.19,Investigate devices left on overnight.,0.09
7/23/2023 11:00,18.34,33.46,34,0.2,No action needed,0
7/23/2023 12:00,14.87,30.28,48,0.17,No action needed,0
7/23/2023 13:00,24.19,31.59,9,0.19,Reduce HVAC cooling to save energy.; Turn off unnecessary lights in unoccupied areas.,0.37
7/23/2023 14:00,21.75,21.01,132,0.15,Investigate devices left on overnight.,0.13
7/23/2023 15:00,10.45,15.9,115,0.22,Shift heavy operations to off-peak hours.; Investigate devices left on overnight.,0.25
7/23/2023 16:00,21.61,24.78,148,0.26,Shift heavy operations to off-peak hours.,0.39
7/23/2023 17:00,15.1,24.35,79,0.17,No action needed,0
7/23/2023 18:00,21.44,19.38,74,0.16,No action needed,0
7/23/2023 19:00,6.73,34.66,25,0.23,Shift heavy operations to off-peak hours.,0.11
7/23/2023 20:00,11.17,33.93,86,0.12,No action needed,0
7/23/2023 21:00,5.84,23.56,98,0.16,No action needed,0
7/23/2023 22:00,21.27,34.5,12,0.22,Reduce HVAC cooling to save energy.; Shift heavy operations to off-peak hours.,0.56
7/23/2023 23:00,10.35,22.64,6,0.25,Turn off unnecessary lights in unoccupied areas.; Shift heavy operations to off-peak hours.,0.26
7/24/2023 0:00,15.36,28.17,21,0.19,No action needed,0
7/24/2023 1:00,11.76,32.71,143,0.2,No action needed,0
7/24/2023 2:00,20.77,25.11,137,0.24,Reduce HVAC cooling to save energy.; Shift heavy operations to off-peak hours.,0.6
7/24/2023 3:00,12.1,19.46,60,0.26,Shift heavy operations to off-peak hours.,0.22
7/24/2023 4:00,17.25,22.01,80,0.24,Shift heavy operations to off-peak hours.,0.29
7/24/2023 5:00,17.44,24.8,9,0.22,Turn off unnecessary lights in unoccupied areas.; Shift heavy operations to off-peak hours.,0.38
7/24/2023 6:00,18.75,29.19,34,0.12,No action needed,0
7/24/2023 7:00,16.26,16.09,54,0.25,Shift heavy operations to off-peak hours.,0.28
7/24/2023 8:00,22.34,17.33,11,0.17,No action needed,0
7/24/2023 9:00,23.05,26.72,103,0.29,Reduce HVAC cooling to save energy.; Shift heavy operations to off-peak hours.,0.8
7/24/2023 10:00,23.8,33.71,49,0.19,Reduce HVAC cooling to save energy.,0.23
7/24/2023 11:00,16.4,30.15,116,0.19,No action needed,0
7/24/2023 12:00,5.95,26.11,104,0.11,No action needed,0
7/24/2023 13:00,23.57,18.54,32,0.24,Shift heavy operations to off-peak hours.; Investigate devices left on overnight.,0.62
7/24/2023 14:00,23.96,33.3,45,0.26,Reduce HVAC cooling to save energy.; Shift heavy operations to off-peak hours.,0.75
7/24/2023 15:00,16.77,28.6,142,0.17,No action needed,0
7/24/2023 16:00,22.66,24.75,81,0.15,No action needed,0
7/24/2023 17:00,10.58,33.16,96,0.24,Shift heavy operations to off-peak hours.,0.18
7/24/2023 18:00,20.79,27.81,103,0.27,Reduce HVAC cooling to save energy.; Shift heavy operations to off-peak hours.; Investigate devices left on overnight.,0.9
7/24/2023 19:00,13.27,30.58,73,0.2,No action needed,0
7/24/2023 20:00,5.55,31.26,98,0.22,Shift heavy operations to off-peak hours.,0.09
7/24/2023 21:00,18.31,26.91,131,0.26,Shift heavy operations to off-peak hours.,0.33
7/24/2023 22:00,10.04,29.24,43,0.11,No action needed,0
7/24/2023 23:00,15.74,15.15,135,0.3,Shift heavy operations to off-peak hours.; Investigate devices left on overnight.,0.52
7/25/2023 0:00,5.88,27.34,85,0.11,No action needed,0
7/25/2023 1:00,14.5,29.05,148,0.16,No action needed,0
7/25/2023 2:00,10.61,15.74,13,0.2,No action needed,0
7/25/2023 3:00,19.86,22.68,26,0.1,No action needed,0
7/25/2023 4:00,9.61,24.5,92,0.25,Shift heavy operations to off-peak hours.,0.17
7/25/2023 5:00,11.38,17.65,141,0.23,Shift heavy operations to off-peak hours.,0.18
7/25/2023 6:00,23.95,23.66,27,0.25,Shift heavy operations to off-peak hours.,0.42
7/25/2023 7:00,13.09,19.28,55,0.14,No action needed,0
7/25/2023 8:00,19.3,23.04,144,0.17,Investigate devices left on overnight.,0.13
7/25/2023 9:00,8.75,26.65,121,0.18,No action needed,0
7/25/2023 10:00,21.07,19.14,52,0.13,No action needed,0
7/25/2023 11:00,15.88,17.32,67,0.21,Shift heavy operations to off-peak hours.,0.23
7/25/2023 12:00,10.79,25.63,112,0.22,Shift heavy operations to off-peak hours.,0.17
7/25/2023 13:00,9.02,32.49,88,0.16,No action needed,0
7/25/2023 14:00,10.57,33.66,26,0.12,No action needed,0
7/25/2023 15:00,16.89,34.17,10,0.28,Shift heavy operations to off-peak hours.,0.33
7/25/2023 16:00,7.04,30.66,55,0.16,No action needed,0
7/25/2023 17:00,21.02,15.11,50,0.18,Investigate devices left on overnight.,0.15
7/25/2023 18:00,22.28,28.84,94,0.19,Reduce HVAC cooling to save energy.,0.21
7/25/2023 19:00,13.29,23.01,41,0.2,No action needed,0
7/25/2023 20:00,23.12,32.34,30,0.22,Reduce HVAC cooling to save energy.; Shift heavy operations to off-peak hours.,0.61
7/25/2023 21:00,12.43,29.17,83,0.27,Shift heavy operations to off-peak hours.,0.23
7/25/2023 22:00,10.36,23.64,96,0.2,No action needed,0
7/25/2023 23:00,5.29,19.51,78,0.2,No action needed,0
7/26/2023 0:00,8.76,31.66,43,0.21,Shift heavy operations to off-peak hours.,0.13
7/26/2023 1:00,17.54,21.17,32,0.24,Shift heavy operations to off-peak hours.,0.29
7/26/2023 2:00,21.25,21.46,27,0.22,Shift heavy operations to off-peak hours.,0.33
7/26/2023 3:00,23.97,15.69,77,0.18,No action needed,0
7/26/2023 4:00,5.63,34.83,136,0.2,No action needed,0
7/26/2023 5:00,11.62,15.66,92,0.16,Investigate devices left on overnight.,0.07
7/26/2023 6:00,16.07,33.41,134,0.17,Investigate devices left on overnight.,0.11
7/26/2023 7:00,19.16,30.96,97,0.13,No action needed,0
7/26/2023 8:00,23.17,18.1,6,0.16,Turn off unnecessary lights in unoccupied areas.,0.11
7/26/2023 9:00,22.69,19.21,14,0.29,Shift heavy operations to off-peak hours.,0.46
7/26/2023 10:00,8.13,30.07,140,0.26,Shift heavy operations to off-peak hours.,0.15
7/26/2023 11:00,11.98,24.54,114,0.26,Shift heavy operations to off-peak hours.,0.22
7/26/2023 12:00,13.99,20.54,93,0.19,No action needed,0
7/26/2023 13:00,7.07,26.46,36,0.12,No action needed,0
7/26/2023 14:00,13.44,21.84,32,0.21,Shift heavy operations to off-peak hours.,0.2
7/26/2023 15:00,15.87,20.25,84,0.1,No action needed,0
7/26/2023 16:00,10.68,32.34,122,0.21,Shift heavy operations to off-peak hours.,0.16
7/26/2023 17:00,21.71,24.22,71,0.14,Investigate devices left on overnight.,0.12
7/26/2023 18:00,22.84,17.34,40,0.14,No action needed,0
7/26/2023 19:00,11.69,18.68,23,0.18,Investigate devices left on overnight.,0.08
7/26/2023 20:00,23.03,16.12,126,0.3,Shift heavy operations to off-peak hours.,0.48
7/26/2023 21:00,10.75,28.53,140,0.18,No action needed,0
7/26/2023 22:00,13.45,16.06,6,0.16,Turn off unnecessary lights in unoccupied areas.,0.06
7/26/2023 23:00,17.84,23.08,70,0.3,Shift heavy operations to off-peak hours.,0.37
7/27/2023 0:00,15.13,29.97,138,0.13,No action needed,0
7/27/2023 1:00,20.13,27.51,39,0.24,Reduce HVAC cooling to save energy.; Shift heavy operations to off-peak hours.,0.58
7/27/2023 2:00,22.31,16.14,89,0.17,No action needed,0
7/27/2023 3:00,22.8,21.24,69,0.14,Investigate devices left on overnight.,0.13
7/27/2023 4:00,17.72,28.57,56,0.22,Shift heavy operations to off-peak hours.,0.27
7/27/2023 5:00,13.31,17.29,8,0.25,Turn off unnecessary lights in unoccupied areas.; Shift heavy operations to off-peak hours.,0.33
7/27/2023 6:00,9.96,31.94,59,0.2,No action needed,0
7/27/2023 7:00,15.55,28.61,91,0.18,No action needed,0
7/27/2023 8:00,10.15,28.03,84,0.16,No action needed,0
7/27/2023 9:00,17.5,21.09,77,0.16,No action needed,0
7/27/2023 10:00,24.22,31.65,22,0.22,Reduce HVAC cooling to save energy.; Shift heavy operations to off-peak hours.,0.64
7/27/2023 11:00,17.14,31.78,39,0.15,No action needed,0
7/27/2023 12:00,16.43,15.82,64,0.22,Shift heavy operations to off-peak hours.,0.25
7/27/2023 13:00,6.22,27.39,113,0.12,No action needed,0
7/27/2023 14:00,17.91,21.07,75,0.22,Shift heavy operations to off-peak hours.,0.28
7/27/2023 15:00,7.5,28.79,69,0.2,No action needed,0
7/27/2023 16:00,20.22,16.99,147,0.21,Shift heavy operations to off-peak hours.,0.3
7/27/2023 17:00,5.02,30.27,146,0.25,Shift heavy operations to off-peak hours.,0.09
7/27/2023 18:00,21.74,21.97,84,0.24,Shift heavy operations to off-peak hours.; Investigate devices left on overnight.,0.57
7/27/2023 19:00,6.37,28.72,86,0.19,No action needed,0
7/27/2023 20:00,23.12,19.88,62,0.21,Shift heavy operations to off-peak hours.,0.34
7/27/2023 21:00,10.88,33.81,7,0.1,Turn off unnecessary lights in unoccupied areas.,0.03
7/27/2023 22:00,7.8,27.76,68,0.1,No action needed,0
7/27/2023 23:00,18.46,20.48,60,0.28,Shift heavy operations to off-peak hours.; Investigate devices left on overnight.,0.57
7/28/2023 0:00,20.31,21.87,113,0.15,No action needed,0
7/28/2023 1:00,22.72,24.03,39,0.26,Shift heavy operations to off-peak hours.,0.41
7/28/2023 2:00,21.22,30.38,68,0.29,Reduce HVAC cooling to save energy.; Shift heavy operations to off-peak hours.,0.74
7/28/2023 3:00,14.97,21.76,35,0.16,No action needed,0
7/28/2023 4:00,18.06,27.18,35,0.28,Shift heavy operations to off-peak hours.,0.35
7/28/2023 5:00,14.01,23.99,122,0.27,Shift heavy operations to off-peak hours.,0.26
7/28/2023 6:00,5.71,33.36,106,0.26,Shift heavy operations to off-peak hours.,0.1
7/28/2023 7:00,23.42,29.81,79,0.27,Reduce HVAC cooling to save energy.; Shift heavy operations to off-peak hours.; Investigate devices left on overnight.,1.01
7/28/2023 8:00,14.09,23.75,123,0.17,No action needed,0
7/28/2023 9:00,9.36,16.38,44,0.26,Shift heavy operations to off-peak hours.,0.17
7/28/2023 10:00,8.84,28.58,17,0.12,No action needed,0
7/28/2023 11:00,15.68,23.32,74,0.29,Shift heavy operations to off-peak hours.,0.32
7/28/2023 12:00,14.86,33.9,76,0.19,No action needed,0
7/28/2023 13:00,24.71,23.33,125,0.17,No action needed,0
7/28/2023 14:00,7.67,28.51,75,0.19,No action needed,0
7/28/2023 15:00,10.27,25.94,84,0.18,No action needed,0
7/28/2023 16:00,21.25,18.03,49,0.14,No action needed,0
7/28/2023 17:00,6.47,34.44,142,0.23,Shift heavy operations to off-peak hours.,0.1
7/28/2023 18:00,12.12,30.46,33,0.25,Shift heavy operations to off-peak hours.,0.21
7/28/2023 19:00,10.88,34.04,78,0.13,No action needed,0
7/28/2023 20:00,19.53,24.39,90,0.26,Shift heavy operations to off-peak hours.,0.36
7/28/2023 21:00,9.36,28.19,147,0.17,No action needed,0
7/28/2023 22:00,21.11,22.97,138,0.29,Shift heavy operations to off-peak hours.,0.43
7/28/2023 23:00,14.88,20.85,27,0.15,No action needed,0
7/29/2023 0:00,19.29,34.08,150,0.11,No action needed,0
7/29/2023 1:00,5.31,20.09,144,0.19,No action needed,0
7/29/2023 2:00,11.7,25.2,39,0.18,No action needed,0
7/29/2023 3:00,7.96,33.64,127,0.11,No action needed,0
7/29/2023 4:00,20.58,29.79,58,0.23,Reduce HVAC cooling to save energy.; Shift heavy operations to off-peak hours.,0.57
7/29/2023 5:00,18.03,34.46,148,0.1,Investigate devices left on overnight.,0.07
7/29/2023 6:00,10.38,30.31,142,0.24,Shift heavy operations to off-peak hours.,0.17
7/29/2023 7:00,7.26,32.85,109,0.29,Shift heavy operations to off-peak hours.,0.15
7/29/2023 8:00,18.13,22.96,132,0.21,Shift heavy operations to off-peak hours.,0.27
7/29/2023 9:00,8.55,30.79,32,0.19,No action needed,0
7/29/2023 10:00,11.36,23.73,62,0.14,No action needed,0
7/29/2023 11:00,18.86,24.07,126,0.23,Shift heavy operations to off-peak hours.,0.3
7/29/2023 12:00,20.36,21.38,93,0.13,No action needed,0
7/29/2023 13:00,21.94,24.08,132,0.13,No action needed,0
7/29/2023 14:00,12.81,20.33,86,0.22,Shift heavy operations to off-peak hours.,0.2
7/29/2023 15:00,21.25,24.84,41,0.24,Shift heavy operations to off-peak hours.,0.36
7/29/2023 16:00,13.86,28.95,111,0.23,Shift heavy operations to off-peak hours.; Investigate devices left on overnight.,0.35
7/29/2023 17:00,6.55,25.36,113,0.21,Shift heavy operations to off-peak hours.,0.1
7/29/2023 18:00,19.33,21.59,116,0.27,Shift heavy operations to off-peak hours.; Investigate devices left on overnight.,0.57
7/29/2023 19:00,6.99,28.85,115,0.24,Shift heavy operations to off-peak hours.,0.12
7/29/2023 20:00,11.83,28.49,27,0.21,Shift heavy operations to off-peak hours.,0.17
7/29/2023 21:00,8.05,31.18,121,0.26,Shift heavy operations to off-peak hours.,0.15
7/29/2023 22:00,5.15,22.56,96,0.14,No action needed,0
7/29/2023 23:00,17.94,28.86,136,0.21,Shift heavy operations to off-peak hours.,0.26
7/30/2023 0:00,13.89,23.59,10,0.26,Shift heavy operations to off-peak hours.,0.25
7/30/2023 1:00,17.65,25.03,76,0.11,No action needed,0
7/30/2023 2:00,21,28.81,121,0.19,Reduce HVAC cooling to save energy.,0.2
7/30/2023 3:00,21.08,30.17,7,0.23,Reduce HVAC cooling to save energy.; Turn off unnecessary lights in unoccupied areas.; Shift heavy operations to off-peak hours.,0.73
7/30/2023 4:00,16.92,22.47,55,0.28,Shift heavy operations to off-peak hours.,0.33
7/30/2023 5:00,5.59,34.62,103,0.28,Shift heavy operations to off-peak hours.,0.11
7/30/2023 6:00,10.87,33.4,43,0.26,Shift heavy operations to off-peak hours.,0.2
7/30/2023 7:00,24.71,30.86,72,0.28,Reduce HVAC cooling to save energy.; Shift heavy operations to off-peak hours.,0.83
7/30/2023 8:00,18.54,19.13,96,0.22,Shift heavy operations to off-peak hours.,0.29
7/30/2023 9:00,19.06,19.2,107,0.24,Shift heavy operations to off-peak hours.,0.32
7/30/2023 10:00,11.82,15.51,7,0.24,Turn off unnecessary lights in unoccupied areas.; Shift heavy operations to off-peak hours.,0.28
7/30/2023 11:00,11.86,25.7,25,0.28,Shift heavy operations to off-peak hours.,0.23
7/30/2023 12:00,17.06,20.14,10,0.2,No action needed,0
7/30/2023 13:00,15.97,32.8,86,0.27,Shift heavy operations to off-peak hours.; Investigate devices left on overnight.,0.47
7/30/2023 14:00,12.46,19.12,83,0.18,Investigate devices left on overnight.,0.09
7/30/2023 15:00,18.69,16.73,78,0.28,Shift heavy operations to off-peak hours.,0.37
7/30/2023 16:00,8.5,33.13,19,0.17,No action needed,0
7/30/2023 17:00,11.11,33.38,24,0.26,Shift heavy operations to off-peak hours.,0.2
7/30/2023 18:00,7.04,21.79,47,0.24,Shift heavy operations to off-peak hours.,0.12
7/30/2023 19:00,5.06,26.11,84,0.21,Shift heavy operations to off-peak hours.,0.07
7/30/2023 20:00,9.29,33.72,25,0.13,No action needed,0
7/30/2023 21:00,7.56,28.53,40,0.22,Shift heavy operations to off-peak hours.,0.12
7/30/2023 22:00,15.49,16.32,47,0.2,No action needed,0
7/30/2023 23:00,19.53,15.94,96,0.24,Shift heavy operations to off-peak hours.; Investigate devices left on overnight.,0.52
7/31/2023 0:00,17.35,34.54,134,0.11,No action needed,0
7/31/2023 1:00,16.56,31.45,17,0.28,Shift heavy operations to off-peak hours.,0.32
7/31/2023 2:00,11.77,18.39,126,0.29,Shift heavy operations to off-peak hours.,0.24
7/31/2023 3:00,22.81,28.09,67,0.16,Reduce HVAC cooling to save energy.,0.18
7/31/2023 4:00,8.87,30.82,17,0.28,Shift heavy operations to off-peak hours.,0.17
7/31/2023 5:00,19.75,27.6,46,0.27,Shift heavy operations to off-peak hours.,0.37
7/31/2023 6:00,13.04,19.05,99,0.13,No action needed,0
7/31/2023 7:00,16.4,19.38,82,0.17,Investigate devices left on overnight.,0.11
7/31/2023 8:00,13.61,25.55,35,0.19,Investigate devices left on overnight.,0.1
7/31/2023 9:00,23.55,20.32,108,0.12,No action needed,0
7/31/2023 10:00,6.19,16.64,24,0.28,Shift heavy operations to off-peak hours.,0.12
7/31/2023 11:00,20.17,27.2,24,0.11,Reduce HVAC cooling to save energy.,0.11
7/31/2023 12:00,22.64,28.47,134,0.15,Reduce HVAC cooling to save energy.,0.17
7/31/2023 13:00,23.25,19.2,11,0.25,Shift heavy operations to off-peak hours.,0.41
7/31/2023 14:00,13.71,17.8,72,0.1,No action needed,0
7/31/2023 15:00,15.11,25.43,133,0.24,Shift heavy operations to off-peak hours.,0.25
7/31/2023 16:00,22.75,20.19,122,0.14,Investigate devices left on overnight.,0.13
7/31/2023 17:00,14.92,29.61,43,0.16,No action needed,0
7/31/2023 18:00,24.2,21.4,17,0.22,Shift heavy operations to off-peak hours.,0.37
7/31/2023 19:00,22.8,33.9,84,0.28,Reduce HVAC cooling to save energy.; Shift heavy operations to off-peak hours.,0.77
7/31/2023 20:00,12,29.04,35,0.26,Shift heavy operations to off-peak hours.,0.22
7/31/2023 21:00,5.32,22.13,59,0.2,No action needed,0
7/31/2023 22:00,9.37,27.03,78,0.11,No action needed,0
7/31/2023 23:00,23.02,18.27,88,0.26,Shift heavy operations to off-peak hours.; Investigate devices left on overnight.,0.66
8/1/2023 0:00,16.65,15.59,139,0.27,Shift heavy operations to off-peak hours.,0.31
8/1/2023 1:00,5.75,24.27,17,0.1,No action needed,0
8/1/2023 2:00,19.42,32.82,84,0.15,No action needed,0
8/1/2023 3:00,14.24,18.94,106,0.16,No action needed,0
8/1/2023 4:00,19.68,25.19,29,0.22,Shift heavy operations to off-peak hours.,0.3
8/1/2023 5:00,8.08,33.81,116,0.24,Shift heavy operations to off-peak hours.,0.14
8/1/2023 6:00,8.82,29.23,79,0.15,No action needed,0
8/1/2023 7:00,19.39,27.75,46,0.24,Shift heavy operations to off-peak hours.; Investigate devices left on overnight.,0.51
8/1/2023 8:00,19.39,15.95,106,0.19,No action needed,0
8/1/2023 9:00,6.18,32.89,54,0.24,Shift heavy operations to off-peak hours.,0.1
8/1/2023 10:00,17.32,21.37,146,0.22,Shift heavy operations to off-peak hours.,0.27
8/1/2023 11:00,21.54,31.79,137,0.23,Reduce HVAC cooling to save energy.; Shift heavy operations to off-peak hours.,0.59
8/1/2023 12:00,17.38,29.58,34,0.24,Shift heavy operations to off-peak hours.,0.29
8/1/2023 13:00,6.38,21.27,30,0.21,Shift heavy operations to off-peak hours.,0.09
8/1/2023 14:00,24.51,28.94,14,0.19,Reduce HVAC cooling to save energy.,0.23
8/1/2023 15:00,19.45,22.68,38,0.2,No action needed,0
8/1/2023 16:00,17.99,26.94,12,0.11,No action needed,0
8/1/2023 17:00,14.6,28.21,13,0.28,Shift heavy operations to off-peak hours.,0.29
8/1/2023 18:00,9.03,18.67,147,0.11,No action needed,0
8/1/2023 19:00,23.53,29.93,93,0.22,Reduce HVAC cooling to save energy.; Shift heavy operations to off-peak hours.,0.62
8/1/2023 20:00,23.3,23.18,83,0.26,Shift heavy operations to off-peak hours.; Investigate devices left on overnight.,0.67
8/1/2023 21:00,10.54,19.9,29,0.18,No action needed,0
8/1/2023 22:00,20.46,22.47,119,0.12,Investigate devices left on overnight.,0.1
8/1/2023 23:00,11.17,31.01,24,0.25,Shift heavy operations to off-peak hours.,0.2
8/2/2023 0:00,21.22,33.13,15,0.18,Reduce HVAC cooling to save energy.; Investigate devices left on overnight.,0.34
8/2/2023 1:00,9.86,29.1,86,0.18,No action needed,0
8/2/2023 2:00,18.94,18.74,58,0.27,Shift heavy operations to off-peak hours.,0.36
8/2/2023 3:00,15.37,30.47,63,0.25,Shift heavy operations to off-peak hours.,0.27
8/2/2023 4:00,9.43,19.25,149,0.29,Shift heavy operations to off-peak hours.,0.19
8/2/2023 5:00,24.37,32.19,139,0.23,Reduce HVAC cooling to save energy.; Shift heavy operations to off-peak hours.,0.67
8/2/2023 6:00,20.89,20.5,112,0.19,No action needed,0
8/2/2023 7:00,20.39,31.21,136,0.3,Reduce HVAC cooling to save energy.; Shift heavy operations to off-peak hours.; Investigate devices left on overnight.,0.98
8/2/2023 8:00,6.77,17.18,83,0.3,Shift heavy operations to off-peak hours.,0.14
8/2/2023 9:00,19.67,28.91,83,0.12,No action needed,0
8/2/2023 10:00,9.43,26.52,109,0.21,Shift heavy operations to off-peak hours.,0.14
8/2/2023 11:00,13.48,16.24,9,0.21,Turn off unnecessary lights in unoccupied areas.; Shift heavy operations to off-peak hours.; Investigate devices left on overnight.,0.4
8/2/2023 12:00,17.29,32.63,39,0.29,Shift heavy operations to off-peak hours.; Investigate devices left on overnight.,0.55
8/2/2023 13:00,20.68,17.99,61,0.21,Shift heavy operations to off-peak hours.,0.3
8/2/2023 14:00,8.15,19.66,134,0.19,No action needed,0
8/2/2023 15:00,21.61,18.04,75,0.3,Shift heavy operations to off-peak hours.,0.45
8/2/2023 16:00,17.23,31.53,10,0.3,Shift heavy operations to off-peak hours.,0.36
8/2/2023 17:00,12.36,24.88,149,0.22,Shift heavy operations to off-peak hours.,0.19
8/2/2023 18:00,15.35,28.63,45,0.16,No action needed,0
8/2/2023 19:00,17.82,30.93,59,0.24,Shift heavy operations to off-peak hours.,0.3
8/2/2023 20:00,7.89,16.73,19,0.13,No action needed,0
8/2/2023 21:00,12.98,28.41,104,0.12,Investigate devices left on overnight.,0.06
8/2/2023 22:00,19.92,34.4,109,0.1,No action needed,0
8/2/2023 23:00,17.27,22.01,147,0.22,Shift heavy operations to off-peak hours.,0.27
8/3/2023 0:00,9.66,19.1,123,0.23,Shift heavy operations to off-peak hours.,0.16
8/3/2023 1:00,12.86,18.91,115,0.18,No action needed,0
8/3/2023 2:00,10.95,34.39,116,0.22,Shift heavy operations to off-peak hours.,0.17
8/3/2023 3:00,8.02,19.4,64,0.27,Shift heavy operations to off-peak hours.,0.15
8/3/2023 4:00,13.28,27.36,85,0.29,Shift heavy operations to off-peak hours.,0.27
8/3/2023 5:00,6.39,28.22,73,0.12,No action needed,0
8/3/2023 6:00,12.46,34.97,43,0.16,No action needed,0
8/3/2023 7:00,17.9,15.57,44,0.23,Shift heavy operations to off-peak hours.,0.29
8/3/2023 8:00,12.91,27.12,143,0.16,No action needed,0
8/3/2023 9:00,12.26,24.54,119,0.22,Shift heavy operations to off-peak hours.,0.19
8/3/2023 10:00,20.88,27.66,38,0.16,Reduce HVAC cooling to save energy.,0.17
8/3/2023 11:00,22.24,17.37,31,0.17,Investigate devices left on overnight.,0.15
8/3/2023 12:00,22.91,21.12,10,0.15,No action needed,0
8/3/2023 13:00,13.19,27.73,92,0.13,No action needed,0
8/3/2023 14:00,22.7,32.74,34,0.14,Reduce HVAC cooling to save energy.,0.16
8/3/2023 15:00,14.72,18.85,31,0.28,Shift heavy operations to off-peak hours.,0.29
8/3/2023 16:00,6.61,16.33,32,0.15,No action needed,0
8/3/2023 17:00,22.72,17.25,132,0.23,Shift heavy operations to off-peak hours.,0.37
8/3/2023 18:00,12.49,31.1,58,0.15,No action needed,0
8/3/2023 19:00,22.94,21.49,148,0.25,Shift heavy operations to off-peak hours.,0.4
8/3/2023 20:00,17.48,15.49,26,0.12,No action needed,0
8/3/2023 21:00,20.85,23.7,7,0.18,Turn off unnecessary lights in unoccupied areas.,0.11
8/3/2023 22:00,20.16,17.06,36,0.23,Shift heavy operations to off-peak hours.; Investigate devices left on overnight.,0.51
8/3/2023 23:00,15.27,23,144,0.21,Shift heavy operations to off-peak hours.,0.22
8/4/2023 0:00,22.57,27.27,109,0.17,Reduce HVAC cooling to save energy.,0.19
8/4/2023 1:00,6.71,24.78,34,0.19,No action needed,0
8/4/2023 2:00,15.45,34.54,74,0.17,No action needed,0
8/4/2023 3:00,16.38,22.09,125,0.22,Shift heavy operations to off-peak hours.,0.25
8/4/2023 4:00,7.02,23.32,148,0.16,No action needed,0
8/4/2023 5:00,21.18,28.2,119,0.11,Reduce HVAC cooling to save energy.; Investigate devices left on overnight.,0.21
8/4/2023 6:00,8.65,32.95,128,0.2,No action needed,0
8/4/2023 7:00,6.31,20.16,17,0.11,No action needed,0
8/4/2023 8:00,19.66,20.37,19,0.28,Shift heavy operations to off-peak hours.,0.39
8/4/2023 9:00,18.3,23.68,107,0.2,No action needed,0
8/4/2023 10:00,6.44,33.45,21,0.15,No action needed,0
8/4/2023 11:00,21.46,15.46,107,0.28,Shift heavy operations to off-peak hours.,0.42
8/4/2023 12:00,24.06,28.48,100,0.27,Reduce HVAC cooling to save energy.; Shift heavy operations to off-peak hours.,0.78
8/4/2023 13:00,8.18,25.06,77,0.23,Shift heavy operations to off-peak hours.,0.13
8/4/2023 14:00,17.04,27.43,71,0.26,Shift heavy operations to off-peak hours.; Investigate devices left on overnight.,0.49
8/4/2023 15:00,23.54,26.44,34,0.11,Reduce HVAC cooling to save energy.,0.13
8/4/2023 16:00,11.56,16.82,74,0.13,Investigate devices left on overnight.,0.06
8/4/2023 17:00,13.81,29.25,20,0.25,Shift heavy operations to off-peak hours.,0.24
8/4/2023 18:00,18.4,32.26,57,0.17,No action needed,0
8/4/2023 19:00,7.62,16.33,17,0.26,Shift heavy operations to off-peak hours.,0.14
8/4/2023 20:00,9.27,34.3,118,0.25,Shift heavy operations to off-peak hours.,0.16
8/4/2023 21:00,8.44,31.74,40,0.27,Shift heavy operations to off-peak hours.,0.16
8/4/2023 22:00,19.96,23.37,114,0.22,Shift heavy operations to off-peak hours.,0.31
8/4/2023 23:00,8,22.11,79,0.23,Shift heavy operations to off-peak hours.,0.13
8/5/2023 0:00,7.46,15.58,89,0.18,No action needed,0
8/5/2023 1:00,10.86,31.21,76,0.16,No action needed,0
8/5/2023 2:00,13.39,25.57,32,0.15,No action needed,0
8/5/2023 3:00,6.8,28,65,0.26,Shift heavy operations to off-peak hours.,0.12
8/5/2023 4:00,22.9,23.05,66,0.11,No action needed,0
8/5/2023 5:00,22.46,27.8,64,0.26,Reduce HVAC cooling to save energy.; Shift heavy operations to off-peak hours.,0.7
8/5/2023 6:00,19.72,22.71,111,0.18,Investigate devices left on overnight.,0.14
8/5/2023 7:00,7.81,24.22,49,0.24,Shift heavy operations to off-peak hours.,0.13
8/5/2023 8:00,23.43,17.13,103,0.17,Investigate devices left on overnight.,0.16
8/5/2023 9:00,22.24,15.27,12,0.17,Investigate devices left on overnight.,0.15
8/5/2023 10:00,22.63,18.47,40,0.23,Shift heavy operations to off-peak hours.,0.36
8/5/2023 11:00,18.43,25.51,109,0.14,No action needed,0
8/5/2023 12:00,5.28,17,71,0.29,Shift heavy operations to off-peak hours.,0.11
8/5/2023 13:00,24.68,26.05,120,0.1,Reduce HVAC cooling to save energy.,0.12
8/5/2023 14:00,16.92,30.97,91,0.11,Investigate devices left on overnight.,0.07
8/5/2023 15:00,9.17,20.78,147,0.17,No action needed,0
8/5/2023 16:00,7.73,22.32,27,0.27,Shift heavy operations to off-peak hours.,0.15
8/5/2023 17:00,22.46,28.5,57,0.14,Reduce HVAC cooling to save energy.,0.16
8/5/2023 18:00,5.38,33.07,40,0.14,No action needed,0
8/5/2023 19:00,22.65,23.88,116,0.19,No action needed,0
8/5/2023 20:00,22.19,24.14,38,0.19,No action needed,0
8/5/2023 21:00,5.13,30.53,66,0.2,No action needed,0
8/5/2023 22:00,9.62,25.23,37,0.21,Shift heavy operations to off-peak hours.,0.14
8/5/2023 23:00,9.76,16.59,21,0.1,No action needed,0
8/6/2023 0:00,6.03,24.14,37,0.3,Shift heavy operations to off-peak hours.,0.13
8/6/2023 1:00,5.99,27.67,96,0.27,Shift heavy operations to off-peak hours.,0.11
8/6/2023 2:00,13.74,25.34,52,0.16,No action needed,0
8/6/2023 3:00,20.42,20.68,56,0.11,No action needed,0
8/6/2023 4:00,14.37,33.65,26,0.21,Shift heavy operations to off-peak hours.,0.21
8/6/2023 5:00,14.86,31.65,72,0.16,No action needed,0
8/6/2023 6:00,24.08,33.53,138,0.17,Reduce HVAC cooling to save energy.; Investigate devices left on overnight.,0.37
8/6/2023 7:00,14.01,21.08,108,0.2,No action needed,0
8/6/2023 8:00,19.64,31.68,27,0.26,Shift heavy operations to off-peak hours.; Investigate devices left on overnight.,0.56
8/6/2023 9:00,12.15,18.54,6,0.28,Turn off unnecessary lights in unoccupied areas.; Shift heavy operations to off-peak hours.; Investigate devices left on overnight.,0.48
8/6/2023 10:00,5.7,34.25,90,0.27,Shift heavy operations to off-peak hours.,0.11
8/6/2023 11:00,17.6,16.96,107,0.16,No action needed,0
8/6/2023 12:00,22.97,19.37,68,0.13,No action needed,0
8/6/2023 13:00,8.82,33.32,51,0.16,No action needed,0
8/6/2023 14:00,23.19,17.58,73,0.22,Shift heavy operations to off-peak hours.,0.36
8/6/2023 15:00,19.72,15.21,69,0.26,Shift heavy operations to off-peak hours.,0.36
8/6/2023 16:00,21.25,23.79,21,0.12,No action needed,0
8/6/2023 17:00,12.09,18.06,51,0.25,Shift heavy operations to off-peak hours.,0.21
8/6/2023 18:00,6.76,16.51,130,0.13,No action needed,0
8/6/2023 19:00,14.99,23.91,81,0.29,Shift heavy operations to off-peak hours.; Investigate devices left on overnight.,0.48
8/6/2023 20:00,23.87,29.49,71,0.25,Reduce HVAC cooling to save energy.; Shift heavy operations to off-peak hours.,0.72
8/6/2023 21:00,11.01,16.49,82,0.26,Shift heavy operations to off-peak hours.,0.2
8/6/2023 22:00,9.21,15.57,13,0.25,Shift heavy operations to off-peak hours.,0.16
8/6/2023 23:00,19.03,28.12,20,0.14,No action needed,0
8/7/2023 0:00,10.42,29.58,91,0.17,No action needed,0
8/7/2023 1:00,19.61,29.51,25,0.1,Investigate devices left on overnight.,0.08
8/7/2023 2:00,12.46,31.35,27,0.18,No action needed,0
8/7/2023 3:00,12.9,18.11,132,0.1,No action needed,0
8/7/2023 4:00,5.64,16.33,127,0.27,Shift heavy operations to off-peak hours.,0.11
8/7/2023 5:00,19.67,33.54,92,0.17,No action needed,0
8/7/2023 6:00,21.72,31.41,147,0.22,Reduce HVAC cooling to save energy.; Shift heavy operations to off-peak hours.,0.57
8/7/2023 7:00,23.36,17.33,100,0.18,No action needed,0
8/7/2023 8:00,21.99,32.33,99,0.26,Reduce HVAC cooling to save energy.; Shift heavy operations to off-peak hours.; Investigate devices left on overnight.,0.91
8/7/2023 9:00,24.99,31.77,104,0.17,Reduce HVAC cooling to save energy.,0.21
8/7/2023 10:00,16.69,30.17,60,0.26,Shift heavy operations to off-peak hours.,0.3
8/7/2023 11:00,21.14,30.77,79,0.12,Reduce HVAC cooling to save energy.,0.13
8/7/2023 12:00,5.45,34.15,84,0.18,No action needed,0
8/7/2023 13:00,7.31,33.33,64,0.28,Shift heavy operations to off-peak hours.,0.14
8/7/2023 14:00,11.97,21.8,142,0.11,No action needed,0
8/7/2023 15:00,14.79,24.61,31,0.27,Shift heavy operations to off-peak hours.,0.28
8/7/2023 16:00,16.4,27.7,65,0.13,No action needed,0
8/7/2023 17:00,21.23,19.33,88,0.27,Shift heavy operations to off-peak hours.,0.4
8/7/2023 18:00,10.75,34.19,136,0.1,No action needed,0
8/7/2023 19:00,15.85,19.31,70,0.18,No action needed,0
8/7/2023 20:00,20.37,22.14,36,0.28,Shift heavy operations to off-peak hours.; Investigate devices left on overnight.,0.63
8/7/2023 21:00,7.93,16.54,24,0.11,No action needed,0
8/7/2023 22:00,7.06,19.85,72,0.11,No action needed,0
8/7/2023 23:00,20.16,22.41,41,0.18,No action needed,0
8/8/2023 0:00,24.01,23.18,26,0.29,Shift heavy operations to off-peak hours.,0.49
8/8/2023 1:00,11.81,18.01,140,0.16,No action needed,0
8/8/2023 2:00,12.82,18.16,114,0.28,Shift heavy operations to off-peak hours.,0.25
8/8/2023 3:00,24.98,17.48,53,0.16,No action needed,0
8/8/2023 4:00,14.11,16.9,112,0.28,Shift heavy operations to off-peak hours.,0.28
8/8/2023 5:00,5.49,22.65,48,0.11,No action needed,0
8/8/2023 6:00,23.68,28.4,6,0.26,Reduce HVAC cooling to save energy.; Turn off unnecessary lights in unoccupied areas.; Shift heavy operations to off-peak hours.,0.92
8/8/2023 7:00,7.7,23.7,141,0.24,Shift heavy operations to off-peak hours.,0.13
8/8/2023 8:00,22.94,33.74,40,0.24,Reduce HVAC cooling to save energy.; Shift heavy operations to off-peak hours.; Investigate devices left on overnight.,0.88
8/8/2023 9:00,23.91,30.44,5,0.11,Reduce HVAC cooling to save energy.; Turn off unnecessary lights in unoccupied areas.,0.21
8/8/2023 10:00,8.37,21.18,47,0.17,No action needed,0
8/8/2023 11:00,5.1,21.24,39,0.19,No action needed,0
8/8/2023 12:00,6.98,25.74,20,0.13,No action needed,0
8/8/2023 13:00,23.82,17.87,128,0.13,Investigate devices left on overnight.,0.12
8/8/2023 14:00,10.96,30.14,71,0.27,Shift heavy operations to off-peak hours.,0.21
8/8/2023 15:00,18.39,21.15,68,0.18,No action needed,0
8/8/2023 16:00,6.44,25.48,103,0.17,No action needed,0
8/8/2023 17:00,7.04,26.56,149,0.18,No action needed,0
8/8/2023 18:00,8.31,28.83,22,0.25,Shift heavy operations to off-peak hours.,0.15
8/8/2023 19:00,8.14,26.75,134,0.17,No action needed,0
8/8/2023 20:00,11.4,32.41,126,0.15,No action needed,0
8/8/2023 21:00,15.83,23.45,90,0.11,No action needed,0
8/8/2023 22:00,12.8,19.87,146,0.1,No action needed,0
8/8/2023 23:00,23.96,17.09,118,0.21,Shift heavy operations to off-peak hours.,0.35
8/9/2023 0:00,19.36,32.01,31,0.18,No action needed,0
8/9/2023 1:00,13.57,27.28,32,0.22,Shift heavy operations to off-peak hours.; Investigate devices left on overnight.,0.33
8/9/2023 2:00,8.81,26.39,41,0.22,Shift heavy operations to off-peak hours.,0.14
8/9/2023 3:00,10.14,30.49,47,0.12,No action needed,0
8/9/2023 4:00,20.22,26.25,115,0.3,Reduce HVAC cooling to save energy.; Shift heavy operations to off-peak hours.,0.73
8/9/2023 5:00,15.44,30.51,144,0.29,Shift heavy operations to off-peak hours.,0.31
8/9/2023 6:00,13.53,20.4,66,0.16,No action needed,0
8/9/2023 7:00,8.24,16.53,40,0.17,No action needed,0
8/9/2023 8:00,12.75,32.9,64,0.2,Investigate devices left on overnight.,0.1
8/9/2023 9:00,13.24,31.1,33,0.17,Investigate devices left on overnight.,0.09
8/9/2023 10:00,9.11,28.19,75,0.14,No action needed,0
8/9/2023 11:00,7.34,16.52,86,0.14,No action needed,0
8/9/2023 12:00,18.42,30.31,88,0.25,Shift heavy operations to off-peak hours.,0.32
8/9/2023 13:00,21.57,30.72,143,0.29,Reduce HVAC cooling to save energy.; Shift heavy operations to off-peak hours.,0.75
8/9/2023 14:00,14.19,15.78,111,0.29,Shift heavy operations to off-peak hours.,0.29
8/9/2023 15:00,9.82,33.01,45,0.14,No action needed,0
8/9/2023 16:00,13.1,28.12,45,0.2,No action needed,0
8/9/2023 17:00,14.85,30.53,58,0.23,Shift heavy operations to off-peak hours.,0.24
8/9/2023 18:00,20.96,33.93,101,0.28,Reduce HVAC cooling to save energy.; Shift heavy operations to off-peak hours.,0.7
8/9/2023 19:00,8.51,24.9,125,0.1,No action needed,0
8/9/2023 20:00,22.33,22.91,7,0.16,Turn off unnecessary lights in unoccupied areas.,0.11
8/9/2023 21:00,22.78,32.56,134,0.27,Reduce HVAC cooling to save energy.; Shift heavy operations to off-peak hours.,0.74
8/9/2023 22:00,8.88,33.27,146,0.22,Shift heavy operations to off-peak hours.,0.14
8/9/2023 23:00,20.06,22.59,73,0.21,Shift heavy operations to off-peak hours.; Investigate devices left on overnight.,0.46
8/10/2023 0:00,9.49,25.4,129,0.25,Shift heavy operations to off-peak hours.,0.17
8/10/2023 1:00,12.55,31.76,22,0.29,Shift heavy operations to off-peak hours.,0.25
8/10/2023 2:00,24.87,26.61,50,0.22,Reduce HVAC cooling to save energy.; Shift heavy operations to off-peak hours.,0.66
8/10/2023 3:00,16.44,20.37,93,0.23,Shift heavy operations to off-peak hours.,0.26
8/10/2023 4:00,17.49,17.46,119,0.2,No action needed,0
8/10/2023 5:00,9.26,32.31,116,0.26,Shift heavy operations to off-peak hours.,0.17
8/10/2023 6:00,17.45,17.26,7,0.2,Turn off unnecessary lights in unoccupied areas.,0.1
8/10/2023 7:00,10,22.94,22,0.23,Shift heavy operations to off-peak hours.,0.16
8/10/2023 8:00,11.3,29.07,10,0.22,Shift heavy operations to off-peak hours.,0.17
8/10/2023 9:00,8.13,26.5,19,0.13,No action needed,0
8/10/2023 10:00,20.5,18.27,56,0.18,No action needed,0
8/10/2023 11:00,13.29,21.44,111,0.15,Investigate devices left on overnight.,0.08
8/10/2023 12:00,15.89,26.27,70,0.12,No action needed,0
8/10/2023 13:00,22.52,32.9,9,0.25,Reduce HVAC cooling to save energy.; Turn off unnecessary lights in unoccupied areas.; Shift heavy operations to off-peak hours.,0.84
8/10/2023 14:00,21.51,21.84,145,0.26,Shift heavy operations to off-peak hours.; Investigate devices left on overnight.,0.62
8/10/2023 15:00,24.42,30.84,31,0.17,Reduce HVAC cooling to save energy.,0.21
8/10/2023 16:00,17.32,30.85,35,0.12,No action needed,0
8/10/2023 17:00,9.68,27.72,107,0.11,No action needed,0
8/10/2023 18:00,7.93,16.7,28,0.19,No action needed,0
8/10/2023 19:00,10.57,33.09,13,0.26,Shift heavy operations to off-peak hours.,0.19
8/10/2023 20:00,21.5,28.82,128,0.16,Reduce HVAC cooling to save energy.; Investigate devices left on overnight.,0.31
8/10/2023 21:00,11.6,20,66,0.24,Shift heavy operations to off-peak hours.,0.19
8/10/2023 22:00,21.69,26.48,107,0.25,Reduce HVAC cooling to save energy.; Shift heavy operations to off-peak hours.,0.65
8/10/2023 23:00,19.16,28.69,74,0.17,No action needed,0
8/11/2023 0:00,14.7,16.58,104,0.13,No action needed,0
8/11/2023 1:00,24.04,20.12,59,0.2,No action needed,0
8/11/2023 2:00,5.24,18.77,49,0.14,No action needed,0
8/11/2023 3:00,6.98,17.64,137,0.27,Shift heavy operations to off-peak hours.,0.13
8/11/2023 4:00,15.06,23.76,65,0.3,Shift heavy operations to off-peak hours.,0.32
8/11/2023 5:00,20,19.95,96,0.27,Shift heavy operations to off-peak hours.,0.38
8/11/2023 6:00,8.09,18.62,89,0.22,Shift heavy operations to off-peak hours.,0.12
8/11/2023 7:00,20.62,33.64,37,0.11,Reduce HVAC cooling to save energy.,0.11
8/11/2023 8:00,8.11,24.06,87,0.23,Shift heavy operations to off-peak hours.,0.13
8/11/2023 9:00,20.2,21.72,51,0.25,Shift heavy operations to off-peak hours.,0.35
8/11/2023 10:00,18.1,25.02,64,0.29,Shift heavy operations to off-peak hours.,0.37
8/11/2023 11:00,19.94,25.6,128,0.11,No action needed,0
8/11/2023 12:00,18.81,28.85,139,0.27,Shift heavy operations to off-peak hours.,0.36
8/11/2023 13:00,19.33,25.74,33,0.28,Shift heavy operations to off-peak hours.,0.38
8/11/2023 14:00,12.65,32.95,37,0.18,No action needed,0
8/11/2023 15:00,21.35,20.86,76,0.15,Investigate devices left on overnight.,0.13
8/11/2023 16:00,14.21,22.43,138,0.13,Investigate devices left on overnight.,0.07
8/11/2023 17:00,23.39,25.37,124,0.15,Reduce HVAC cooling to save energy.; Investigate devices left on overnight.,0.32
8/11/2023 18:00,24.85,32.64,149,0.24,Reduce HVAC cooling to save energy.; Shift heavy operations to off-peak hours.,0.72
8/11/2023 19:00,18.74,28.29,10,0.24,Shift heavy operations to off-peak hours.,0.31
8/11/2023 20:00,23.59,26.38,70,0.17,Reduce HVAC cooling to save energy.,0.2
8/11/2023 21:00,5.44,28.66,104,0.11,No action needed,0
8/11/2023 22:00,8.68,34.42,9,0.21,Turn off unnecessary lights in unoccupied areas.; Shift heavy operations to off-peak hours.,0.18
8/11/2023 23:00,10.73,29.35,97,0.22,Shift heavy operations to off-peak hours.; Investigate devices left on overnight.,0.26
8/12/2023 0:00,7.01,17.24,70,0.27,Shift heavy operations to off-peak hours.,0.13
8/12/2023 1:00,20.3,21.06,94,0.22,Shift heavy operations to off-peak hours.; Investigate devices left on overnight.,0.49
8/12/2023 2:00,22.34,21.25,102,0.12,No action needed,0
8/12/2023 3:00,14.03,27.53,79,0.27,Shift heavy operations to off-peak hours.,0.27
8/12/2023 4:00,23.01,20.11,121,0.29,Shift heavy operations to off-peak hours.,0.47
8/12/2023 5:00,7.84,21.81,30,0.15,No action needed,0
8/12/2023 6:00,18.23,26.13,7,0.19,Turn off unnecessary lights in unoccupied areas.,0.1
8/12/2023 7:00,17.66,26.42,84,0.28,Shift heavy operations to off-peak hours.,0.35
8/12/2023 8:00,8.45,16.65,99,0.15,No action needed,0
8/12/2023 9:00,16.58,33.76,48,0.11,No action needed,0
8/12/2023 10:00,22.77,19.91,7,0.13,Turn off unnecessary lights in unoccupied areas.,0.09
8/12/2023 11:00,23.15,18.82,110,0.12,Investigate devices left on overnight.,0.11
8/12/2023 12:00,8.9,20.85,30,0.26,Shift heavy operations to off-peak hours.,0.16
8/12/2023 13:00,19.61,34.32,12,0.1,No action needed,0
8/12/2023 14:00,18.87,26.81,36,0.3,Shift heavy operations to off-peak hours.,0.4
8/12/2023 15:00,21.4,28.89,5,0.17,Reduce HVAC cooling to save energy.; Turn off unnecessary lights in unoccupied areas.,0.29
8/12/2023 16:00,13.94,19.34,129,0.16,No action needed,0
8/12/2023 17:00,22.42,34.85,142,0.21,Reduce HVAC cooling to save energy.; Shift heavy operations to off-peak hours.,0.56
8/12/2023 18:00,21.15,21.71,19,0.16,No action needed,0
8/12/2023 19:00,7.9,28.51,69,0.13,No action needed,0
8/12/2023 20:00,17.68,30.67,93,0.25,Shift heavy operations to off-peak hours.,0.31
8/12/2023 21:00,6.93,18.97,6,0.13,Turn off unnecessary lights in unoccupied areas.,0.03
8/12/2023 22:00,21.68,34.38,127,0.26,Reduce HVAC cooling to save energy.; Shift heavy operations to off-peak hours.,0.68
8/12/2023 23:00,10.57,18.41,94,0.17,No action needed,0
8/13/2023 0:00,6.28,16.98,24,0.22,Shift heavy operations to off-peak hours.,0.1
8/13/2023 1:00,10.77,25.54,49,0.14,Investigate devices left on overnight.,0.06
8/13/2023 2:00,11.8,15.78,134,0.3,Shift heavy operations to off-peak hours.,0.25
8/13/2023 3:00,19.39,24.23,111,0.21,Shift heavy operations to off-peak hours.,0.29
8/13/2023 4:00,22.83,21.17,52,0.19,Investigate devices left on overnight.,0.17
8/13/2023 5:00,8.14,29.22,105,0.12,No action needed,0
8/13/2023 6:00,16.84,21.25,128,0.17,Investigate devices left on overnight.,0.11
8/13/2023 7:00,8.57,17.99,22,0.21,Shift heavy operations to off-peak hours.,0.13
8/13/2023 8:00,19.74,25.08,130,0.12,No action needed,0
8/13/2023 9:00,21.81,27.35,40,0.25,Reduce HVAC cooling to save energy.; Shift heavy operations to off-peak hours.,0.65
8/13/2023 10:00,16.26,34.6,66,0.16,No action needed,0
8/13/2023 11:00,12.88,29.08,13,0.13,No action needed,0
8/13/2023 12:00,18.23,29.89,56,0.28,Shift heavy operations to off-peak hours.,0.36
8/13/2023 13:00,20.48,34.08,103,0.1,Reduce HVAC cooling to save energy.,0.1
8/13/2023 14:00,22.55,16.75,117,0.21,Shift heavy operations to off-peak hours.,0.33
8/13/2023 15:00,9.23,19.87,57,0.3,Shift heavy operations to off-peak hours.,0.19
8/13/2023 16:00,22.29,21.25,131,0.18,No action needed,0
8/13/2023 17:00,9.94,23.89,96,0.1,No action needed,0
8/13/2023 18:00,17.89,15.99,67,0.23,Shift heavy operations to off-peak hours.,0.29
8/13/2023 19:00,14.76,27.88,48,0.25,Shift heavy operations to off-peak hours.; Investigate devices left on overnight.,0.41
8/13/2023 20:00,8.67,24.37,6,0.3,Turn off unnecessary lights in unoccupied areas.; Shift heavy operations to off-peak hours.,0.26
8/13/2023 21:00,12.59,27.55,14,0.14,No action needed,0
8/13/2023 22:00,10.97,34.95,105,0.26,Shift heavy operations to off-peak hours.,0.2
8/13/2023 23:00,18.95,19.48,77,0.29,Shift heavy operations to off-peak hours.,0.38
8/14/2023 0:00,15.27,18.17,55,0.26,Shift heavy operations to off-peak hours.; Investigate devices left on overnight.,0.44
8/14/2023 1:00,16.04,22.59,35,0.15,No action needed,0
8/14/2023 2:00,15.71,24.69,6,0.28,Turn off unnecessary lights in unoccupied areas.; Shift heavy operations to off-peak hours.,0.44
8/14/2023 3:00,16.22,34.11,65,0.21,Shift heavy operations to off-peak hours.,0.24
8/14/2023 4:00,5.97,19.14,28,0.11,No action needed,0
8/14/2023 5:00,11.06,30.09,74,0.18,No action needed,0
8/14/2023 6:00,9.92,21.99,39,0.15,No action needed,0
8/14/2023 7:00,7.48,24.93,75,0.15,No action needed,0
8/14/2023 8:00,10.97,26.37,118,0.19,Investigate devices left on overnight.,0.08
8/14/2023 9:00,16.02,21.56,41,0.28,Shift heavy operations to off-peak hours.,0.31
8/14/2023 10:00,21.85,32.56,140,0.1,Reduce HVAC cooling to save energy.,0.11
8/14/2023 11:00,14.57,15.12,71,0.19,No action needed,0
8/14/2023 12:00,20.5,30.29,97,0.18,Reduce HVAC cooling to save energy.,0.18
8/14/2023 13:00,21.1,19.44,120,0.12,No action needed,0
8/14/2023 14:00,13.02,34.57,147,0.3,Shift heavy operations to off-peak hours.,0.27
8/14/2023 15:00,21.37,29.26,44,0.19,Reduce HVAC cooling to save energy.,0.2
8/14/2023 16:00,11.88,24.64,31,0.19,No action needed,0
8/14/2023 17:00,17.94,16.13,41,0.16,No action needed,0
8/14/2023 18:00,14.09,16.15,121,0.18,No action needed,0
8/14/2023 19:00,21.13,33.26,112,0.18,Reduce HVAC cooling to save energy.,0.19
8/14/2023 20:00,19.34,18.69,116,0.25,Shift heavy operations to off-peak hours.; Investigate devices left on overnight.,0.53
8/14/2023 21:00,22.96,16.84,140,0.18,Investigate devices left on overnight.,0.17
8/14/2023 22:00,24.56,26.46,22,0.21,Reduce HVAC cooling to save energy.; Shift heavy operations to off-peak hours.,0.62
8/14/2023 23:00,24.46,15.05,17,0.11,No action needed,0
8/15/2023 0:00,17.29,30.17,124,0.28,Shift heavy operations to off-peak hours.,0.34
8/15/2023 1:00,11.44,24.48,109,0.29,Shift heavy operations to off-peak hours.; Investigate devices left on overnight.,0.36
8/15/2023 2:00,24.19,15.84,68,0.13,No action needed,0
8/15/2023 3:00,5.36,16.73,82,0.21,Shift heavy operations to off-peak hours.,0.08
8/15/2023 4:00,17.23,30.63,61,0.21,Shift heavy operations to off-peak hours.,0.25
8/15/2023 5:00,11.14,20.37,97,0.2,No action needed,0
8/15/2023 6:00,12.78,29.04,28,0.21,Shift heavy operations to off-peak hours.; Investigate devices left on overnight.,0.3
8/15/2023 7:00,24.6,32.46,33,0.25,Reduce HVAC cooling to save energy.; Shift heavy operations to off-peak hours.,0.74
8/15/2023 8:00,7.36,25.49,143,0.16,No action needed,0
8/15/2023 9:00,19.01,28.12,94,0.21,Shift heavy operations to off-peak hours.,0.28
8/15/2023 10:00,14.15,17.49,76,0.28,Shift heavy operations to off-peak hours.; Investigate devices left on overnight.,0.44
8/15/2023 11:00,16.84,33.02,70,0.2,No action needed,0
8/15/2023 12:00,18.01,33.78,82,0.12,No action needed,0
8/15/2023 13:00,14.01,29.9,60,0.14,No action needed,0
8/15/2023 14:00,17.45,31.65,6,0.19,Turn off unnecessary lights in unoccupied areas.,0.1
8/15/2023 15:00,17.96,28.54,30,0.25,Shift heavy operations to off-peak hours.,0.31
8/15/2023 16:00,10.29,15.78,19,0.3,Shift heavy operations to off-peak hours.; Investigate devices left on overnight.,0.34
8/15/2023 17:00,20.4,34.69,142,0.28,Reduce HVAC cooling to save energy.; Shift heavy operations to off-peak hours.,0.69
8/15/2023 18:00,20.4,22.19,14,0.25,Shift heavy operations to off-peak hours.,0.36
8/15/2023 19:00,23.77,22.79,12,0.22,Shift heavy operations to off-peak hours.,0.37
8/15/2023 20:00,19.5,28.7,86,0.11,No action needed,0
8/15/2023 21:00,23.97,31.08,9,0.16,Reduce HVAC cooling to save energy.; Turn off unnecessary lights in unoccupied areas.,0.31
8/15/2023 22:00,6.24,19.01,63,0.12,No action needed,0
8/15/2023 23:00,24.21,16.73,87,0.16,No action needed,0
8/16/2023 0:00,17.93,32.56,56,0.3,Shift heavy operations to off-peak hours.; Investigate devices left on overnight.,0.59
8/16/2023 1:00,19.78,34.61,142,0.27,Shift heavy operations to off-peak hours.,0.37
8/16/2023 2:00,13.15,27.04,51,0.28,Shift heavy operations to off-peak hours.,0.26
8/16/2023 3:00,15.07,22.92,111,0.27,Shift heavy operations to off-peak hours.,0.28
8/16/2023 4:00,8.57,25.76,47,0.25,Shift heavy operations to off-peak hours.,0.15
8/16/2023 5:00,17.59,34.5,5,0.13,Turn off unnecessary lights in unoccupied areas.,0.07
8/16/2023 6:00,21.5,24.7,93,0.25,Shift heavy operations to off-peak hours.,0.38
8/16/2023 7:00,12.42,22.53,59,0.14,No action needed,0
8/16/2023 8:00,14.03,25.12,146,0.29,Shift heavy operations to off-peak hours.,0.28
8/16/2023 9:00,18.88,32.61,12,0.13,No action needed,0
8/16/2023 10:00,10.7,15.88,63,0.21,Shift heavy operations to off-peak hours.,0.16
8/16/2023 11:00,22.83,32.17,111,0.26,Reduce HVAC cooling to save energy.; Shift heavy operations to off-peak hours.,0.71
8/16/2023 12:00,22.84,26.58,26,0.26,Reduce HVAC cooling to save energy.; Shift heavy operations to off-peak hours.,0.71
8/16/2023 13:00,6.06,15.98,40,0.14,No action needed,0
8/16/2023 14:00,12.28,29.92,107,0.21,Shift heavy operations to off-peak hours.,0.18
8/16/2023 15:00,13.94,22.06,147,0.2,No action needed,0
8/16/2023 16:00,8.63,25.08,99,0.3,Shift heavy operations to off-peak hours.,0.18
8/16/2023 17:00,19.86,22.57,119,0.14,Investigate devices left on overnight.,0.11
8/16/2023 18:00,16.27,19.55,10,0.22,Shift heavy operations to off-peak hours.,0.25
8/16/2023 19:00,23.94,17.16,66,0.3,Shift heavy operations to off-peak hours.,0.5
8/16/2023 20:00,18.11,31.25,40,0.28,Shift heavy operations to off-peak hours.,0.35
8/16/2023 21:00,24.02,21.76,89,0.23,Shift heavy operations to off-peak hours.,0.39
8/16/2023 22:00,6.32,17.77,97,0.13,No action needed,0
8/16/2023 23:00,11.43,18.96,40,0.19,No action needed,0
8/17/2023 0:00,15.6,24.34,62,0.12,No action needed,0
8/17/2023 1:00,13.9,17.94,116,0.16,No action needed,0
8/17/2023 2:00,17.33,17.02,74,0.29,Shift heavy operations to off-peak hours.,0.35
8/17/2023 3:00,7.87,33.35,37,0.21,Shift heavy operations to off-peak hours.,0.12
8/17/2023 4:00,9.01,25.16,60,0.26,Shift heavy operations to off-peak hours.,0.16
8/17/2023 5:00,20.97,26.71,41,0.12,Reduce HVAC cooling to save energy.,0.13
8/17/2023 6:00,16.12,15.44,129,0.24,Shift heavy operations to off-peak hours.; Investigate devices left on overnight.,0.43
8/17/2023 7:00,13.83,20.16,99,0.11,No action needed,0
8/17/2023 8:00,5.48,33.45,112,0.3,Shift heavy operations to off-peak hours.,0.12
8/17/2023 9:00,8.14,26.38,75,0.11,No action needed,0
8/17/2023 10:00,12.98,33.74,149,0.18,No action needed,0
8/17/2023 11:00,10.96,28.15,49,0.3,Shift heavy operations to off-peak hours.,0.23
8/17/2023 12:00,7.96,26.14,114,0.2,No action needed,0
8/17/2023 13:00,18.53,19.23,38,0.13,No action needed,0
8/17/2023 14:00,9.15,34.74,7,0.19,Turn off unnecessary lights in unoccupied areas.,0.05
8/17/2023 15:00,15.16,26.24,40,0.17,No action needed,0
8/17/2023 16:00,9.37,28.07,150,0.13,No action needed,0
8/17/2023 17:00,17.17,34.03,149,0.1,No action needed,0
8/17/2023 18:00,13.76,18.79,19,0.26,Shift heavy operations to off-peak hours.,0.25
8/17/2023 19:00,24.14,18.61,90,0.26,Shift heavy operations to off-peak hours.; Investigate devices left on overnight.,0.69
8/17/2023 20:00,16.87,26.99,145,0.18,No action needed,0
8/17/2023 21:00,15.05,22.08,104,0.12,Investigate devices left on overnight.,0.07
8/17/2023 22:00,10.85,29.93,84,0.18,No action needed,0
8/17/2023 23:00,14.77,16.21,120,0.26,Shift heavy operations to off-peak hours.,0.27
8/18/2023 0:00,15.78,32.2,78,0.22,Shift heavy operations to off-peak hours.; Investigate devices left on overnight.,0.38
8/18/2023 1:00,9.62,32.85,96,0.19,No action needed,0
8/18/2023 2:00,11.8,18.57,143,0.27,Shift heavy operations to off-peak hours.; Investigate devices left on overnight.,0.35
8/18/2023 3:00,6.3,20.78,88,0.14,No action needed,0
8/18/2023 4:00,23.83,26.98,97,0.21,Reduce HVAC cooling to save energy.; Shift heavy operations to off-peak hours.,0.6
8/18/2023 5:00,12.85,33.31,74,0.19,No action needed,0
8/18/2023 6:00,13.24,31.89,96,0.13,No action needed,0
8/18/2023 7:00,24.99,18.86,118,0.3,Shift heavy operations to off-peak hours.,0.52
8/18/2023 8:00,22.79,31.7,56,0.17,Reduce HVAC cooling to save energy.,0.19
8/18/2023 9:00,20.28,16.91,72,0.21,Shift heavy operations to off-peak hours.,0.3
8/18/2023 10:00,19.6,28.05,136,0.26,Shift heavy operations to off-peak hours.,0.36
8/18/2023 11:00,17.28,29.82,67,0.13,Investigate devices left on overnight.,0.09
8/18/2023 12:00,7.72,27.03,114,0.14,No action needed,0
8/18/2023 13:00,22.1,22.54,60,0.29,Shift heavy operations to off-peak hours.,0.45
8/18/2023 14:00,14.39,26.55,35,0.21,Shift heavy operations to off-peak hours.,0.21
8/18/2023 15:00,17.56,31.65,22,0.13,Investigate devices left on overnight.,0.09
8/18/2023 16:00,18.19,18.35,114,0.16,No action needed,0
8/18/2023 17:00,15.14,23.06,120,0.22,Shift heavy operations to off-peak hours.,0.23
8/18/2023 18:00,12.13,23.98,134,0.19,No action needed,0
8/18/2023 19:00,17.49,18.38,75,0.26,Shift heavy operations to off-peak hours.; Investigate devices left on overnight.,0.5
8/18/2023 20:00,10.35,20.55,132,0.12,No action needed,0
8/18/2023 21:00,14.98,15.53,13,0.26,Shift heavy operations to off-peak hours.; Investigate devices left on overnight.,0.43
8/18/2023 22:00,6.08,26.08,108,0.24,Shift heavy operations to off-peak hours.,0.1
8/18/2023 23:00,22.88,34.22,134,0.16,Reduce HVAC cooling to save energy.,0.18
8/19/2023 0:00,9.92,23.47,30,0.28,Shift heavy operations to off-peak hours.,0.19
8/19/2023 1:00,7.12,18.62,37,0.22,Shift heavy operations to off-peak hours.,0.11
8/19/2023 2:00,18.87,33.13,68,0.26,Shift heavy operations to off-peak hours.,0.34
8/19/2023 3:00,19.74,22.29,81,0.1,No action needed,0
8/19/2023 4:00,23.67,17.37,55,0.23,Shift heavy operations to off-peak hours.,0.38
8/19/2023 5:00,6.14,29.2,49,0.18,No action needed,0
8/19/2023 6:00,13.37,20.49,7,0.22,Turn off unnecessary lights in unoccupied areas.; Shift heavy operations to off-peak hours.,0.29
8/19/2023 7:00,19.33,23.53,64,0.17,No action needed,0
8/19/2023 8:00,13.39,19.71,115,0.13,No action needed,0
8/19/2023 9:00,16.2,24.83,36,0.25,Shift heavy operations to off-peak hours.,0.28
8/19/2023 10:00,24.98,16.24,38,0.3,Shift heavy operations to off-peak hours.,0.52
8/19/2023 11:00,11.67,21.74,140,0.21,Shift heavy operations to off-peak hours.,0.17
8/19/2023 12:00,21.84,17.23,150,0.17,No action needed,0
8/19/2023 13:00,18.5,19.27,85,0.27,Shift heavy operations to off-peak hours.,0.35
8/19/2023 14:00,6.28,22.73,140,0.3,Shift heavy operations to off-peak hours.,0.13
8/19/2023 15:00,17.71,23.91,19,0.13,No action needed,0
8/19/2023 16:00,16.19,29.19,72,0.13,No action needed,0
8/19/2023 17:00,24.24,20.93,110,0.17,No action needed,0
8/19/2023 18:00,22.43,25.71,131,0.19,Reduce HVAC cooling to save energy.,0.21
8/19/2023 19:00,21.03,19.42,61,0.27,Shift heavy operations to off-peak hours.,0.4
8/19/2023 20:00,8.42,28.81,91,0.24,Shift heavy operations to off-peak hours.,0.14
8/19/2023 21:00,24.43,26.28,111,0.24,Reduce HVAC cooling to save energy.; Shift heavy operations to off-peak hours.; Investigate devices left on overnight.,0.94
8/19/2023 22:00,11.32,26.29,10,0.15,No action needed,0
8/19/2023 23:00,9,30.67,38,0.25,Shift heavy operations to off-peak hours.,0.16
8/20/2023 0:00,6.53,16.51,17,0.14,No action needed,0
8/20/2023 1:00,6.42,16.36,61,0.26,Shift heavy operations to off-peak hours.,0.12
8/20/2023 2:00,20.34,29.78,102,0.17,Reduce HVAC cooling to save energy.,0.17
8/20/2023 3:00,12.55,22.66,25,0.11,No action needed,0
8/20/2023 4:00,21.21,18.54,60,0.28,Shift heavy operations to off-peak hours.,0.42
8/20/2023 5:00,7.4,20.57,106,0.11,No action needed,0
8/20/2023 6:00,8.69,21.29,74,0.29,Shift heavy operations to off-peak hours.,0.18
8/20/2023 7:00,9.71,25.09,130,0.12,No action needed,0
8/20/2023 8:00,8.52,15.07,103,0.12,No action needed,0
8/20/2023 9:00,9.89,19.21,86,0.26,Shift heavy operations to off-peak hours.,0.18
8/20/2023 10:00,5.61,23.68,52,0.23,Shift heavy operations to off-peak hours.,0.09
8/20/2023 11:00,17.33,29.57,124,0.14,Investigate devices left on overnight.,0.1
8/20/2023 12:00,7.79,33.83,111,0.14,No action needed,0
8/20/2023 13:00,14.91,15.77,82,0.23,Shift heavy operations to off-peak hours.,0.24
8/20/2023 14:00,22.84,30.68,21,0.24,Reduce HVAC cooling to save energy.; Shift heavy operations to off-peak hours.; Investigate devices left on overnight.,0.88
8/20/2023 15:00,22.44,17.05,16,0.16,Investigate devices left on overnight.,0.14
8/20/2023 16:00,11.22,15.21,15,0.16,No action needed,0
8/20/2023 17:00,18.2,28.02,88,0.26,Shift heavy operations to off-peak hours.; Investigate devices left on overnight.,0.52
8/20/2023 18:00,17.28,28.42,111,0.29,Shift heavy operations to off-peak hours.,0.35
8/20/2023 19:00,13.21,15.82,50,0.27,Shift heavy operations to off-peak hours.,0.25
8/20/2023 20:00,24.05,24.27,146,0.3,Shift heavy operations to off-peak hours.,0.51
8/20/2023 21:00,7.36,34.7,137,0.26,Shift heavy operations to off-peak hours.,0.13
8/20/2023 22:00,10.78,15.56,94,0.16,No action needed,0
8/20/2023 23:00,21.81,28.08,113,0.25,Reduce HVAC cooling to save energy.; Shift heavy operations to off-peak hours.; Investigate devices left on overnight.,0.87
8/21/2023 0:00,11.34,17.5,11,0.26,Shift heavy operations to off-peak hours.,0.21
8/21/2023 1:00,15.18,32.42,60,0.28,Shift heavy operations to off-peak hours.,0.3
8/21/2023 2:00,6.24,26.28,146,0.19,No action needed,0
8/21/2023 3:00,11.94,34.94,37,0.24,Shift heavy operations to off-peak hours.,0.2
8/21/2023 4:00,8.89,19.49,50,0.13,No action needed,0
8/21/2023 5:00,18.38,30.42,129,0.21,Shift heavy operations to off-peak hours.,0.27
8/21/2023 6:00,24.72,34.62,144,0.25,Reduce HVAC cooling to save energy.; Shift heavy operations to off-peak hours.,0.74
8/21/2023 7:00,17.17,15.27,82,0.28,Shift heavy operations to off-peak hours.,0.34
8/21/2023 8:00,19.85,32.36,59,0.23,Shift heavy operations to off-peak hours.; Investigate devices left on overnight.,0.5
8/21/2023 9:00,19.39,28.74,103,0.29,Shift heavy operations to off-peak hours.,0.39
8/21/2023 10:00,6.38,21.96,33,0.23,Shift heavy operations to off-peak hours.,0.1
8/21/2023 11:00,13.59,27.72,149,0.12,No action needed,0
8/21/2023 12:00,8.2,34.98,16,0.29,Shift heavy operations to off-peak hours.,0.17
8/21/2023 13:00,15.44,21.41,64,0.14,No action needed,0
8/21/2023 14:00,18.31,19.98,121,0.21,Shift heavy operations to off-peak hours.,0.27
8/21/2023 15:00,12.81,33.32,52,0.26,Shift heavy operations to off-peak hours.; Investigate devices left on overnight.,0.37
8/21/2023 16:00,21.54,19.53,32,0.16,No action needed,0
8/21/2023 17:00,22.99,16.54,36,0.17,No action needed,0
8/21/2023 18:00,21.35,21.96,104,0.21,Shift heavy operations to off-peak hours.,0.31
8/21/2023 19:00,7.81,18.46,45,0.25,Shift heavy operations to off-peak hours.,0.14
8/21/2023 20:00,22.29,19.52,109,0.16,No action needed,0
8/21/2023 21:00,12.37,25.08,146,0.26,Shift heavy operations to off-peak hours.,0.23
8/21/2023 22:00,8.51,34.63,64,0.19,No action needed,0
8/21/2023 23:00,6.72,34.98,136,0.2,No action needed,0
8/22/2023 0:00,23.99,30.34,109,0.12,Reduce HVAC cooling to save energy.,0.14
8/22/2023 1:00,16.56,22.49,140,0.11,No action needed,0
8/22/2023 2:00,16.59,28.81,47,0.27,Shift heavy operations to off-peak hours.,0.31
8/22/2023 3:00,18.86,25.26,106,0.12,No action needed,0
8/22/2023 4:00,16.44,19.97,19,0.23,Shift heavy operations to off-peak hours.,0.26
8/22/2023 5:00,20.69,24.8,140,0.29,Shift heavy operations to off-peak hours.; Investigate devices left on overnight.,0.66
8/22/2023 6:00,6.68,17.77,84,0.29,Shift heavy operations to off-peak hours.,0.14
8/22/2023 7:00,24.21,20.88,83,0.14,No action needed,0
8/22/2023 8:00,7.04,23.41,41,0.18,No action needed,0
8/22/2023 9:00,16.82,17.91,134,0.21,Shift heavy operations to off-peak hours.,0.25
8/22/2023 10:00,12.96,22.56,14,0.22,Shift heavy operations to off-peak hours.,0.2
8/22/2023 11:00,22.4,31.93,113,0.13,Reduce HVAC cooling to save energy.; Investigate devices left on overnight.,0.26
8/22/2023 12:00,15.67,21.29,132,0.15,No action needed,0
8/22/2023 13:00,24.29,33.11,33,0.3,Reduce HVAC cooling to save energy.; Shift heavy operations to off-peak hours.,0.87
8/22/2023 14:00,5.23,18.63,102,0.14,No action needed,0
8/22/2023 15:00,6.85,22.81,91,0.27,Shift heavy operations to off-peak hours.,0.13
8/22/2023 16:00,9.61,21.16,26,0.25,Shift heavy operations to off-peak hours.,0.17
8/22/2023 17:00,18.9,23.57,44,0.15,No action needed,0
8/22/2023 18:00,8.9,29.45,135,0.24,Shift heavy operations to off-peak hours.,0.15
8/22/2023 19:00,21.83,27.6,53,0.11,Reduce HVAC cooling to save energy.,0.12
8/22/2023 20:00,18.1,16.39,100,0.28,Shift heavy operations to off-peak hours.,0.35
8/22/2023 21:00,14.38,20.37,22,0.17,No action needed,0
8/22/2023 22:00,10.13,18.41,121,0.28,Shift heavy operations to off-peak hours.,0.2
8/22/2023 23:00,19.29,28.97,46,0.27,Shift heavy operations to off-peak hours.,0.36
8/23/2023 0:00,9.26,18.91,60,0.19,No action needed,0
8/23/2023 1:00,8.12,33.56,96,0.23,Shift heavy operations to off-peak hours.,0.13
8/23/2023 2:00,10.63,22.38,106,0.21,Shift heavy operations to off-peak hours.,0.16
8/23/2023 3:00,12.17,17.19,47,0.26,Shift heavy operations to off-peak hours.,0.22
8/23/2023 4:00,9.48,17.75,5,0.2,Turn off unnecessary lights in unoccupied areas.,0.06
8/23/2023 5:00,18.9,17.75,139,0.17,No action needed,0
8/23/2023 6:00,10.26,32.57,91,0.27,Shift heavy operations to off-peak hours.,0.19
8/23/2023 7:00,22.36,20.46,148,0.17,Investigate devices left on overnight.,0.15
8/23/2023 8:00,19.1,24.69,147,0.12,No action needed,0
8/23/2023 9:00,11.36,33.41,129,0.28,Shift heavy operations to off-peak hours.,0.22
8/23/2023 10:00,6.04,34.58,46,0.16,No action needed,0
8/23/2023 11:00,7.02,28.84,121,0.16,No action needed,0
8/23/2023 12:00,13.46,18.98,110,0.3,Shift heavy operations to off-peak hours.,0.28
8/23/2023 13:00,22.08,31.19,143,0.15,Reduce HVAC cooling to save energy.,0.17
8/23/2023 14:00,21.25,17.61,56,0.18,No action needed,0
8/23/2023 15:00,5.8,27.67,90,0.15,No action needed,0
8/23/2023 16:00,14.47,16.16,73,0.18,No action needed,0
8/23/2023 17:00,9.46,33.33,85,0.15,No action needed,0
8/23/2023 18:00,5.82,20.15,137,0.26,Shift heavy operations to off-peak hours.,0.11
8/23/2023 19:00,12.15,31.79,135,0.1,Investigate devices left on overnight.,0.05
8/23/2023 20:00,11.72,19.72,83,0.29,Shift heavy operations to off-peak hours.,0.24
8/23/2023 21:00,18.7,32.76,105,0.14,Investigate devices left on overnight.,0.1
8/23/2023 22:00,16.11,21.42,70,0.17,No action needed,0
8/23/2023 23:00,18.84,21.64,97,0.26,Shift heavy operations to off-peak hours.,0.34
8/24/2023 0:00,24.95,23.74,68,0.2,No action needed,0
8/24/2023 1:00,21.29,16.75,99,0.28,Shift heavy operations to off-peak hours.,0.42
8/24/2023 2:00,15.02,17.71,124,0.28,Shift heavy operations to off-peak hours.,0.29
8/24/2023 3:00,14.68,24.3,99,0.15,Investigate devices left on overnight.,0.09
8/24/2023 4:00,13.1,17.67,144,0.15,No action needed,0
8/24/2023 5:00,14.65,24.4,149,0.19,Investigate devices left on overnight.,0.11
8/24/2023 6:00,7.91,32.32,9,0.25,Turn off unnecessary lights in unoccupied areas.; Shift heavy operations to off-peak hours.,0.2
8/24/2023 7:00,20.48,16.17,68,0.24,Shift heavy operations to off-peak hours.,0.34
8/24/2023 8:00,12.03,31.31,74,0.18,Investigate devices left on overnight.,0.09
8/24/2023 9:00,17.64,17.66,128,0.16,No action needed,0
8/24/2023 10:00,23.32,34.31,30,0.24,Reduce HVAC cooling to save energy.; Shift heavy operations to off-peak hours.,0.67
8/24/2023 11:00,22.1,33.92,39,0.17,Reduce HVAC cooling to save energy.,0.19
8/24/2023 12:00,15.66,31.79,81,0.12,No action needed,0
8/24/2023 13:00,16.26,23.28,89,0.25,Shift heavy operations to off-peak hours.,0.28
8/24/2023 14:00,20.76,20.79,136,0.21,Shift heavy operations to off-peak hours.; Investigate devices left on overnight.,0.48
8/24/2023 15:00,22.4,26.53,104,0.17,Reduce HVAC cooling to save energy.,0.19
8/24/2023 16:00,18.15,29.74,52,0.2,No action needed,0
8/24/2023 17:00,15.65,24.48,54,0.1,No action needed,0
8/24/2023 18:00,14.95,23.38,5,0.11,Turn off unnecessary lights in unoccupied areas.,0.05
8/24/2023 19:00,16.9,19.96,93,0.11,No action needed,0
8/24/2023 20:00,24.12,18.12,31,0.28,Shift heavy operations to off-peak hours.,0.47
8/24/2023 21:00,5.34,18.43,140,0.27,Shift heavy operations to off-peak hours.,0.1
8/24/2023 22:00,23.11,34.6,136,0.18,Reduce HVAC cooling to save energy.,0.21
8/24/2023 23:00,21.74,29.94,119,0.2,Reduce HVAC cooling to save energy.,0.22
8/25/2023 0:00,14.82,16.32,133,0.26,Shift heavy operations to off-peak hours.; Investigate devices left on overnight.,0.42
8/25/2023 1:00,19.91,34.1,32,0.15,No action needed,0
8/25/2023 2:00,20.99,31.06,110,0.19,Reduce HVAC cooling to save energy.; Investigate devices left on overnight.,0.36
8/25/2023 3:00,5.23,27.16,110,0.29,Shift heavy operations to off-peak hours.,0.11
8/25/2023 4:00,14.53,16.3,100,0.29,Shift heavy operations to off-peak hours.,0.29
8/25/2023 5:00,10.98,26.69,32,0.23,Shift heavy operations to off-peak hours.; Investigate devices left on overnight.,0.28
8/25/2023 6:00,6.24,32.99,7,0.13,Turn off unnecessary lights in unoccupied areas.,0.02
8/25/2023 7:00,7.28,28.49,46,0.28,Shift heavy operations to off-peak hours.,0.14
8/25/2023 8:00,22.46,29.39,10,0.19,Reduce HVAC cooling to save energy.,0.21
8/25/2023 9:00,21.31,18.33,59,0.15,Investigate devices left on overnight.,0.13
8/25/2023 10:00,15.81,32.82,112,0.23,Shift heavy operations to off-peak hours.,0.25
8/25/2023 11:00,18.51,31.11,53,0.26,Shift heavy operations to off-peak hours.,0.34
8/25/2023 12:00,9.99,23.8,98,0.11,No action needed,0
8/25/2023 13:00,7.43,31.24,41,0.18,No action needed,0
8/25/2023 14:00,16.94,22.21,107,0.18,Investigate devices left on overnight.,0.12
8/25/2023 15:00,6.86,29.81,83,0.12,No action needed,0
8/25/2023 16:00,16.38,24.13,77,0.27,Shift heavy operations to off-peak hours.,0.31
8/25/2023 17:00,24.48,32.97,6,0.23,Reduce HVAC cooling to save energy.; Turn off unnecessary lights in unoccupied areas.; Shift heavy operations to off-peak hours.,0.84
8/25/2023 18:00,13,32.67,98,0.18,No action needed,0
8/25/2023 19:00,14.23,32.77,133,0.26,Shift heavy operations to off-peak hours.; Investigate devices left on overnight.,0.41
8/25/2023 20:00,11.01,17.34,36,0.24,Shift heavy operations to off-peak hours.,0.18
8/25/2023 21:00,13.71,29.24,36,0.28,Shift heavy operations to off-peak hours.,0.27
8/25/2023 22:00,6.94,15.97,139,0.22,Shift heavy operations to off-peak hours.,0.11
8/25/2023 23:00,23.09,23.54,85,0.17,Investigate devices left on overnight.,0.16
8/26/2023 0:00,11.52,15.15,102,0.12,No action needed,0
8/26/2023 1:00,14.55,16.68,116,0.2,No action needed,0
8/26/2023 2:00,7.84,19.51,139,0.11,No action needed,0
8/26/2023 3:00,8.14,16.4,17,0.17,No action needed,0
8/26/2023 4:00,9.79,26.73,49,0.25,Shift heavy operations to off-peak hours.,0.17
8/26/2023 5:00,10.78,21.6,53,0.21,Shift heavy operations to off-peak hours.,0.16
8/26/2023 6:00,5.19,16.87,42,0.15,No action needed,0
8/26/2023 7:00,13.45,21.04,113,0.16,Investigate devices left on overnight.,0.09
8/26/2023 8:00,8.63,25.05,88,0.25,Shift heavy operations to off-peak hours.,0.15
8/26/2023 9:00,20.29,19.92,51,0.29,Shift heavy operations to off-peak hours.,0.41
8/26/2023 10:00,24.36,34.43,49,0.12,Reduce HVAC cooling to save energy.,0.15
8/26/2023 11:00,23.6,21.41,128,0.16,No action needed,0
8/26/2023 12:00,8.44,28.11,143,0.2,No action needed,0
8/26/2023 13:00,23.47,30.73,148,0.18,Reduce HVAC cooling to save energy.,0.21
8/26/2023 14:00,14.27,17.93,144,0.26,Shift heavy operations to off-peak hours.,0.26
8/26/2023 15:00,5.45,33.35,81,0.2,No action needed,0
8/26/2023 16:00,11.56,15.79,137,0.22,Shift heavy operations to off-peak hours.,0.18
8/26/2023 17:00,14.6,22.68,86,0.21,Shift heavy operations to off-peak hours.,0.21
8/26/2023 18:00,5.59,15.57,120,0.28,Shift heavy operations to off-peak hours.,0.11
8/26/2023 19:00,7.14,31.05,83,0.28,Shift heavy operations to off-peak hours.,0.14
8/26/2023 20:00,20.72,22.3,92,0.13,No action needed,0
8/26/2023 21:00,23.52,31.5,104,0.3,Reduce HVAC cooling to save energy.; Shift heavy operations to off-peak hours.,0.85
8/26/2023 22:00,17.93,31.3,56,0.2,Investigate devices left on overnight.,0.14
8/26/2023 23:00,5.73,25.07,137,0.15,No action needed,0
8/27/2023 0:00,5.19,27.88,134,0.28,Shift heavy operations to off-peak hours.,0.1
8/27/2023 1:00,7.84,16.75,117,0.2,No action needed,0
8/27/2023 2:00,21.79,33.03,41,0.3,Reduce HVAC cooling to save energy.; Shift heavy operations to off-peak hours.,0.78
8/27/2023 3:00,20.75,32.74,84,0.26,Reduce HVAC cooling to save energy.; Shift heavy operations to off-peak hours.,0.65
8/27/2023 4:00,6,16.78,94,0.27,Shift heavy operations to off-peak hours.,0.11
8/27/2023 5:00,24.72,18.69,92,0.17,No action needed,0
8/27/2023 6:00,16.84,31.12,95,0.17,Investigate devices left on overnight.,0.11
8/27/2023 7:00,5.83,23.87,116,0.23,Shift heavy operations to off-peak hours.,0.09
8/27/2023 8:00,22.23,24.25,74,0.26,Shift heavy operations to off-peak hours.,0.4
8/27/2023 9:00,17.48,26.98,128,0.21,Shift heavy operations to off-peak hours.,0.26
8/27/2023 10:00,12.67,19.79,25,0.3,Shift heavy operations to off-peak hours.,0.27
8/27/2023 11:00,15.82,23.48,19,0.26,Shift heavy operations to off-peak hours.,0.29
8/27/2023 12:00,17.91,29.01,81,0.14,No action needed,0
8/27/2023 13:00,21.02,26.28,38,0.16,Reduce HVAC cooling to save energy.,0.17
8/27/2023 14:00,18.48,20.18,98,0.22,Shift heavy operations to off-peak hours.,0.28
8/27/2023 15:00,20.81,34.95,87,0.16,Reduce HVAC cooling to save energy.; Investigate devices left on overnight.,0.3
8/27/2023 16:00,15.98,21.8,150,0.3,Shift heavy operations to off-peak hours.; Investigate devices left on overnight.,0.53
8/27/2023 17:00,21.11,15.66,101,0.23,Shift heavy operations to off-peak hours.,0.34
8/27/2023 18:00,5.58,23.24,74,0.21,Shift heavy operations to off-peak hours.,0.08
8/27/2023 19:00,14.73,29.27,75,0.14,No action needed,0
8/27/2023 20:00,22.17,27.86,68,0.11,Reduce HVAC cooling to save energy.; Investigate devices left on overnight.,0.22
8/27/2023 21:00,20.84,25.91,65,0.13,Reduce HVAC cooling to save energy.,0.14
8/27/2023 22:00,19.2,33.96,108,0.26,Shift heavy operations to off-peak hours.,0.35
8/27/2023 23:00,14.55,32.64,130,0.11,No action needed,0
8/28/2023 0:00,21.18,24.68,21,0.26,Shift heavy operations to off-peak hours.,0.39
8/28/2023 1:00,15.54,24.41,26,0.21,Shift heavy operations to off-peak hours.,0.23
8/28/2023 2:00,24.48,31.98,25,0.27,Reduce HVAC cooling to save energy.; Shift heavy operations to off-peak hours.; Investigate devices left on overnight.,1.06
8/28/2023 3:00,5.47,18.03,23,0.23,Shift heavy operations to off-peak hours.,0.09
8/28/2023 4:00,20.94,28.73,124,0.1,Reduce HVAC cooling to save energy.,0.1
8/28/2023 5:00,22.1,32.4,45,0.15,Reduce HVAC cooling to save energy.,0.17
8/28/2023 6:00,25,29.38,28,0.12,Reduce HVAC cooling to save energy.; Investigate devices left on overnight.,0.27
8/28/2023 7:00,21.08,21.04,147,0.23,Shift heavy operations to off-peak hours.,0.34
8/28/2023 8:00,13.82,23.59,102,0.13,No action needed,0
8/28/2023 9:00,12.29,29.46,129,0.29,Shift heavy operations to off-peak hours.,0.25
8/28/2023 10:00,15.84,15.11,85,0.21,Shift heavy operations to off-peak hours.,0.23
8/28/2023 11:00,11.28,23.64,85,0.19,No action needed,0
8/28/2023 12:00,8.55,30.45,108,0.25,Shift heavy operations to off-peak hours.,0.15
8/28/2023 13:00,15.58,23.76,77,0.22,Shift heavy operations to off-peak hours.,0.24
8/28/2023 14:00,13,19.51,37,0.19,No action needed,0
8/28/2023 15:00,22.58,25.83,11,0.27,Reduce HVAC cooling to save energy.; Shift heavy operations to off-peak hours.,0.73
8/28/2023 16:00,24.42,19.88,57,0.1,No action needed,0
8/28/2023 17:00,22.91,23.2,77,0.1,No action needed,0
8/28/2023 18:00,7.36,16.48,57,0.15,No action needed,0
8/28/2023 19:00,6.59,31.2,27,0.19,No action needed,0
8/28/2023 20:00,21.29,18.27,76,0.14,Investigate devices left on overnight.,0.12
8/28/2023 21:00,19.58,21.3,106,0.13,No action needed,0
8/28/2023 22:00,14.77,28.5,138,0.1,No action needed,0
8/28/2023 23:00,11.86,30.14,100,0.25,Shift heavy operations to off-peak hours.,0.21
8/29/2023 0:00,12.78,16.4,135,0.1,No action needed,0
8/29/2023 1:00,13.69,20.99,99,0.18,No action needed,0
8/29/2023 2:00,8.16,32.54,30,0.26,Shift heavy operations to off-peak hours.,0.15
8/29/2023 3:00,6.01,20.54,141,0.28,Shift heavy operations to off-peak hours.,0.12
8/29/2023 4:00,11.55,34.7,44,0.29,Shift heavy operations to off-peak hours.; Investigate devices left on overnight.,0.37
8/29/2023 5:00,18.42,17.26,24,0.18,No action needed,0
8/29/2023 6:00,14.72,20.92,37,0.19,No action needed,0
8/29/2023 7:00,13.61,28.8,52,0.18,No action needed,0
8/29/2023 8:00,23.67,28.05,137,0.15,Reduce HVAC cooling to save energy.,0.18
8/29/2023 9:00,9.89,34.59,74,0.21,Shift heavy operations to off-peak hours.,0.15
8/29/2023 10:00,11.01,17.69,144,0.21,Shift heavy operations to off-peak hours.,0.16
8/29/2023 11:00,11.48,22.68,13,0.19,No action needed,0
8/29/2023 12:00,7.66,21.51,44,0.29,Shift heavy operations to off-peak hours.,0.16
8/29/2023 13:00,5.66,28.37,100,0.13,No action needed,0
8/29/2023 14:00,8.84,29.94,12,0.25,Shift heavy operations to off-peak hours.,0.15
8/29/2023 15:00,14.86,24.69,37,0.17,No action needed,0
8/29/2023 16:00,11.54,29.33,72,0.2,No action needed,0
8/29/2023 17:00,17.95,25.56,73,0.14,No action needed,0
8/29/2023 18:00,24.88,27.67,101,0.24,Reduce HVAC cooling to save energy.; Shift heavy operations to off-peak hours.,0.72
8/29/2023 19:00,11.71,27.09,109,0.21,Shift heavy operations to off-peak hours.,0.17
8/29/2023 20:00,13.37,28.07,100,0.3,Shift heavy operations to off-peak hours.,0.28
8/29/2023 21:00,10.83,16.4,128,0.14,No action needed,0
8/29/2023 22:00,11.32,20.46,100,0.13,No action needed,0
8/29/2023 23:00,24.76,28.93,61,0.3,Reduce HVAC cooling to save energy.; Shift heavy operations to off-peak hours.; Investigate devices left on overnight.,1.19
8/30/2023 0:00,14.74,32.42,53,0.11,Investigate devices left on overnight.,0.06
8/30/2023 1:00,8.8,30.72,51,0.17,No action needed,0
8/30/2023 2:00,24.78,23.38,8,0.23,Turn off unnecessary lights in unoccupied areas.; Shift heavy operations to off-peak hours.,0.57
8/30/2023 3:00,11.29,23.22,117,0.17,No action needed,0
8/30/2023 4:00,22.77,16.58,52,0.24,Shift heavy operations to off-peak hours.,0.38
8/30/2023 5:00,6.76,19.61,32,0.24,Shift heavy operations to off-peak hours.,0.11
8/30/2023 6:00,20.17,32.35,11,0.19,Reduce HVAC cooling to save energy.,0.19
8/30/2023 7:00,11.14,26.76,97,0.11,No action needed,0
8/30/2023 8:00,14.49,19.3,62,0.12,Investigate devices left on overnight.,0.07
8/30/2023 9:00,6.49,25.4,148,0.27,Shift heavy operations to off-peak hours.,0.12
8/30/2023 10:00,14.38,21.97,108,0.14,Investigate devices left on overnight.,0.08
8/30/2023 11:00,18.56,19.59,85,0.15,No action needed,0
8/30/2023 12:00,5.12,18.92,105,0.19,No action needed,0
8/30/2023 13:00,20.85,30.91,49,0.18,Reduce HVAC cooling to save energy.,0.19
8/30/2023 14:00,21.23,32.97,67,0.26,Reduce HVAC cooling to save energy.; Shift heavy operations to off-peak hours.,0.66
8/30/2023 15:00,15.29,27.5,110,0.28,Shift heavy operations to off-peak hours.,0.3
8/30/2023 16:00,23.11,15.38,76,0.24,Shift heavy operations to off-peak hours.,0.39
8/30/2023 17:00,19.74,22.02,63,0.16,No action needed,0
8/30/2023 18:00,12.35,21.69,75,0.12,No action needed,0
8/30/2023 19:00,13.59,21.06,27,0.12,No action needed,0
8/30/2023 20:00,8.71,22.94,134,0.12,No action needed,0
8/30/2023 21:00,16.91,19.04,73,0.15,No action needed,0
8/30/2023 22:00,15.12,32.73,13,0.19,No action needed,0
8/30/2023 23:00,19.16,28.36,145,0.17,No action needed,0
8/31/2023 0:00,8.29,21.85,43,0.19,No action needed,0
8/31/2023 1:00,8.61,23.99,125,0.18,No action needed,0
8/31/2023 2:00,18.82,23.36,81,0.12,Investigate devices left on overnight.,0.09
8/31/2023 3:00,12.91,30.34,16,0.18,No action needed,0
8/31/2023 4:00,10.51,27.26,129,0.22,Shift heavy operations to off-peak hours.,0.16
8/31/2023 5:00,20.78,34.67,85,0.26,Reduce HVAC cooling to save energy.; Shift heavy operations to off-peak hours.; Investigate devices left on overnight.,0.86
8/31/2023 6:00,16.81,26.35,46,0.24,Shift heavy operations to off-peak hours.,0.28
8/31/2023 7:00,21.63,23.64,56,0.29,Shift heavy operations to off-peak hours.,0.44
8/31/2023 8:00,18.67,17.16,98,0.17,No action needed,0
8/31/2023 9:00,12.84,23.92,56,0.16,No action needed,0
8/31/2023 10:00,19.42,23.78,60,0.22,Shift heavy operations to off-peak hours.,0.3
8/31/2023 11:00,14.23,23.47,78,0.13,Investigate devices left on overnight.,0.07
8/31/2023 12:00,8.14,16.53,18,0.18,No action needed,0
8/31/2023 13:00,21.64,25.77,34,0.25,Reduce HVAC cooling to save energy.; Shift heavy operations to off-peak hours.,0.65
8/31/2023 14:00,16.15,18.87,34,0.11,Investigate devices left on overnight.,0.07
8/31/2023 15:00,15.98,25.1,12,0.1,Investigate devices left on overnight.,0.06
8/31/2023 16:00,20.81,27.37,45,0.22,Reduce HVAC cooling to save energy.; Shift heavy operations to off-peak hours.,0.55
8/31/2023 17:00,15.59,23.82,133,0.18,No action needed,0
8/31/2023 18:00,6.63,21.74,45,0.23,Shift heavy operations to off-peak hours.,0.11
8/31/2023 19:00,6.23,30.23,67,0.28,Shift heavy operations to off-peak hours.,0.12
8/31/2023 20:00,6.68,21.94,116,0.14,No action needed,0
8/31/2023 21:00,5.78,21.46,25,0.11,No action needed,0
8/31/2023 22:00,5.13,19.57,111,0.23,Shift heavy operations to off-peak hours.,0.08
8/31/2023 23:00,11.17,34.96,113,0.18,No action needed,0
9/1/2023 0:00,8.96,31.21,47,0.23,Shift heavy operations to off-peak hours.,0.14
9/1/2023 1:00,18.41,32.54,65,0.21,Shift heavy operations to off-peak hours.,0.27
9/1/2023 2:00,15.34,16.22,131,0.11,Investigate devices left on overnight.,0.07
9/1/2023 3:00,22,32.72,56,0.23,Reduce HVAC cooling to save energy.; Shift heavy operations to off-peak hours.,0.61
9/1/2023 4:00,17.91,20.62,17,0.13,Investigate devices left on overnight.,0.09
9/1/2023 5:00,14.04,27.62,128,0.15,No action needed,0
9/1/2023 6:00,5.29,16.93,106,0.15,No action needed,0
9/1/2023 7:00,5.95,17.15,139,0.18,No action needed,0
9/1/2023 8:00,23.16,19.2,93,0.17,No action needed,0
9/1/2023 9:00,10.42,20.58,76,0.3,Shift heavy operations to off-peak hours.,0.22
9/1/2023 10:00,7.55,21.18,33,0.25,Shift heavy operations to off-peak hours.,0.13
9/1/2023 11:00,13.57,27.11,133,0.14,No action needed,0
9/1/2023 12:00,24.94,34.24,140,0.27,Reduce HVAC cooling to save energy.; Shift heavy operations to off-peak hours.,0.81
9/1/2023 13:00,21.52,26.05,71,0.13,Reduce HVAC cooling to save energy.; Investigate devices left on overnight.,0.25
9/1/2023 14:00,14.86,33.93,88,0.15,No action needed,0
9/1/2023 15:00,17.66,20.77,67,0.21,Shift heavy operations to off-peak hours.,0.26
9/1/2023 16:00,5.57,26.12,109,0.27,Shift heavy operations to off-peak hours.,0.11
9/1/2023 17:00,24.76,16.51,94,0.27,Shift heavy operations to off-peak hours.,0.47
9/1/2023 18:00,11.25,30.05,98,0.23,Shift heavy operations to off-peak hours.,0.18
9/1/2023 19:00,7.02,31.43,84,0.17,No action needed,0
9/1/2023 20:00,6.19,32.56,121,0.17,No action needed,0
9/1/2023 21:00,19.13,25.86,129,0.19,No action needed,0
9/1/2023 22:00,23.06,34.86,115,0.25,Reduce HVAC cooling to save energy.; Shift heavy operations to off-peak hours.,0.69
9/1/2023 23:00,23.13,31.5,18,0.26,Reduce HVAC cooling to save energy.; Shift heavy operations to off-peak hours.,0.72
9/2/2023 0:00,10.46,15.2,31,0.24,Shift heavy operations to off-peak hours.; Investigate devices left on overnight.,0.28
9/2/2023 1:00,24.26,28.32,98,0.26,Reduce HVAC cooling to save energy.; Shift heavy operations to off-peak hours.,0.76
9/2/2023 2:00,19.63,26.62,61,0.12,No action needed,0
9/2/2023 3:00,17.2,21.38,56,0.14,No action needed,0
9/2/2023 4:00,5.21,22.04,44,0.29,Shift heavy operations to off-peak hours.,0.11
9/2/2023 5:00,24.98,24.28,43,0.23,Shift heavy operations to off-peak hours.; Investigate devices left on overnight.,0.63
9/2/2023 6:00,18.13,15.54,144,0.26,Shift heavy operations to off-peak hours.; Investigate devices left on overnight.,0.52
9/2/2023 7:00,8.83,15.73,49,0.19,No action needed,0
9/2/2023 8:00,7.46,22.09,70,0.28,Shift heavy operations to off-peak hours.,0.15
9/2/2023 9:00,17.44,21.13,8,0.15,Turn off unnecessary lights in unoccupied areas.,0.08
9/2/2023 10:00,20.91,22.63,117,0.25,Shift heavy operations to off-peak hours.,0.37
9/2/2023 11:00,20.62,28.45,69,0.23,Reduce HVAC cooling to save energy.; Shift heavy operations to off-peak hours.,0.57
9/2/2023 12:00,22.63,25.36,60,0.12,Reduce HVAC cooling to save energy.,0.14
9/2/2023 13:00,15.14,16.14,130,0.19,Investigate devices left on overnight.,0.12
9/2/2023 14:00,5.43,26.1,72,0.14,No action needed,0
9/2/2023 15:00,7.78,19.92,74,0.19,No action needed,0
9/2/2023 16:00,8.27,27.54,13,0.17,No action needed,0
9/2/2023 17:00,21.53,28.04,42,0.23,Reduce HVAC cooling to save energy.; Shift heavy operations to off-peak hours.,0.59
9/2/2023 18:00,17.84,25.02,124,0.15,No action needed,0
9/2/2023 19:00,20.43,33.09,122,0.3,Reduce HVAC cooling to save energy.; Shift heavy operations to off-peak hours.,0.74
9/2/2023 20:00,7.86,18.32,23,0.16,No action needed,0
9/2/2023 21:00,15.84,33.35,27,0.21,Shift heavy operations to off-peak hours.; Investigate devices left on overnight.,0.37
9/2/2023 22:00,6.22,29.26,99,0.24,Shift heavy operations to off-peak hours.,0.1
9/2/2023 23:00,16.6,15.44,70,0.17,No action needed,0
9/3/2023 0:00,8.33,32.42,62,0.15,No action needed,0
9/3/2023 1:00,18.07,22.22,103,0.17,No action needed,0
9/3/2023 2:00,21.29,34.08,83,0.11,Reduce HVAC cooling to save energy.,0.12
9/3/2023 3:00,18.54,34.49,75,0.16,No action needed,0
9/3/2023 4:00,24.96,29.67,34,0.21,Reduce HVAC cooling to save energy.; Shift heavy operations to off-peak hours.; Investigate devices left on overnight.,0.84
9/3/2023 5:00,11.29,22.8,6,0.15,Turn off unnecessary lights in unoccupied areas.,0.05
9/3/2023 6:00,18.77,30.36,75,0.23,Shift heavy operations to off-peak hours.; Investigate devices left on overnight.,0.47
9/3/2023 7:00,5.42,21.17,83,0.13,No action needed,0
9/3/2023 8:00,10.74,31.37,72,0.19,No action needed,0
9/3/2023 9:00,19.32,34.55,148,0.19,No action needed,0
9/3/2023 10:00,21.93,20.56,140,0.13,No action needed,0
9/3/2023 11:00,8.73,33.32,126,0.24,Shift heavy operations to off-peak hours.,0.15
9/3/2023 12:00,20.93,25.12,18,0.28,Reduce HVAC cooling to save energy.; Shift heavy operations to off-peak hours.,0.7
9/3/2023 13:00,13.24,17.16,99,0.29,Shift heavy operations to off-peak hours.,0.27
9/3/2023 14:00,18.35,16.62,117,0.23,Shift heavy operations to off-peak hours.; Investigate devices left on overnight.,0.46
9/3/2023 15:00,19.68,27.9,26,0.2,No action needed,0
9/3/2023 16:00,18.67,19.35,127,0.1,No action needed,0
9/3/2023 17:00,20.72,20.68,140,0.27,Shift heavy operations to off-peak hours.,0.39
9/3/2023 18:00,14.25,16.95,58,0.13,No action needed,0
9/3/2023 19:00,17.88,18.07,22,0.11,No action needed,0
9/3/2023 20:00,19.09,15.1,141,0.21,Shift heavy operations to off-peak hours.; Investigate devices left on overnight.,0.44
9/3/2023 21:00,9.94,24.48,92,0.23,Shift heavy operations to off-peak hours.,0.16
9/3/2023 22:00,16.75,16.06,99,0.11,Investigate devices left on overnight.,0.07
9/3/2023 23:00,18.07,15.98,30,0.28,Shift heavy operations to off-peak hours.; Investigate devices left on overnight.,0.56
9/4/2023 0:00,13.51,24.6,7,0.27,Turn off unnecessary lights in unoccupied areas.; Shift heavy operations to off-peak hours.,0.36
9/4/2023 1:00,5.08,17.1,92,0.11,No action needed,0
9/4/2023 2:00,9.84,19.73,8,0.23,Turn off unnecessary lights in unoccupied areas.; Shift heavy operations to off-peak hours.,0.23
9/4/2023 3:00,9.64,32.08,48,0.19,No action needed,0
9/4/2023 4:00,13.97,33.74,99,0.17,No action needed,0
9/4/2023 5:00,24.26,34.23,97,0.27,Reduce HVAC cooling to save energy.; Shift heavy operations to off-peak hours.; Investigate devices left on overnight.,1.05
9/4/2023 6:00,6.82,26.18,75,0.23,Shift heavy operations to off-peak hours.,0.11
9/4/2023 7:00,19.22,22.39,76,0.1,No action needed,0
9/4/2023 8:00,11.1,17.36,110,0.1,Investigate devices left on overnight.,0.04
9/4/2023 9:00,6.48,17.03,126,0.2,No action needed,0
9/4/2023 10:00,10.62,34.05,72,0.22,Shift heavy operations to off-peak hours.,0.16
9/4/2023 11:00,15.97,18.19,136,0.12,No action needed,0
9/4/2023 12:00,24.62,26.26,8,0.22,Reduce HVAC cooling to save energy.; Turn off unnecessary lights in unoccupied areas.; Shift heavy operations to off-peak hours.; Investigate devices left on overnight.,1.03
9/4/2023 13:00,14.36,28.71,44,0.22,Shift heavy operations to off-peak hours.,0.22
9/4/2023 14:00,16.96,34.37,99,0.12,No action needed,0
9/4/2023 15:00,17.39,24.58,68,0.14,No action needed,0
9/4/2023 16:00,12.88,26.16,72,0.25,Shift heavy operations to off-peak hours.,0.23
9/4/2023 17:00,11.09,21.2,83,0.2,No action needed,0
9/4/2023 18:00,7.33,33.94,128,0.24,Shift heavy operations to off-peak hours.,0.12
9/4/2023 19:00,17.36,28.42,91,0.29,Shift heavy operations to off-peak hours.,0.35
9/4/2023 20:00,15.06,15.45,52,0.21,Shift heavy operations to off-peak hours.,0.22
9/4/2023 21:00,15.91,16.52,15,0.22,Shift heavy operations to off-peak hours.; Investigate devices left on overnight.,0.39
9/4/2023 22:00,19.86,29.08,143,0.19,No action needed,0
9/4/2023 23:00,19.52,18.9,70,0.13,No action needed,0
9/5/2023 0:00,12.7,18.28,95,0.17,No action needed,0
9/5/2023 1:00,5.91,33.97,6,0.3,Turn off unnecessary lights in unoccupied areas.; Shift heavy operations to off-peak hours.,0.18
9/5/2023 2:00,13.69,22.95,59,0.29,Shift heavy operations to off-peak hours.; Investigate devices left on overnight.,0.44
9/5/2023 3:00,19.82,23.42,117,0.17,No action needed,0
9/5/2023 4:00,17.7,24.24,128,0.1,No action needed,0
9/5/2023 5:00,12.02,21.7,15,0.22,Shift heavy operations to off-peak hours.,0.19
9/5/2023 6:00,15.21,20.64,12,0.13,No action needed,0
9/5/2023 7:00,20.18,30.59,48,0.24,Reduce HVAC cooling to save energy.; Shift heavy operations to off-peak hours.; Investigate devices left on overnight.,0.77
9/5/2023 8:00,8.84,27.01,149,0.22,Shift heavy operations to off-peak hours.,0.14
9/5/2023 9:00,12.25,18.73,48,0.16,No action needed,0
9/5/2023 10:00,14.66,16.96,101,0.16,No action needed,0
9/5/2023 11:00,23.74,28.7,94,0.11,Reduce HVAC cooling to save energy.,0.13
9/5/2023 12:00,10.09,17.61,64,0.17,Investigate devices left on overnight.,0.07
9/5/2023 13:00,20.33,15.34,84,0.22,Shift heavy operations to off-peak hours.,0.31
9/5/2023 14:00,11.38,23.34,58,0.19,No action needed,0
9/5/2023 15:00,22.39,28.11,15,0.19,Reduce HVAC cooling to save energy.; Investigate devices left on overnight.,0.38
9/5/2023 16:00,6.28,28.14,131,0.27,Shift heavy operations to off-peak hours.,0.12
9/5/2023 17:00,7.27,24.13,76,0.16,No action needed,0
9/5/2023 18:00,19.99,29.08,91,0.28,Shift heavy operations to off-peak hours.,0.39
9/5/2023 19:00,14.29,30.07,69,0.23,Shift heavy operations to off-peak hours.; Investigate devices left on overnight.,0.36
9/5/2023 20:00,15.91,31.62,12,0.26,Shift heavy operations to off-peak hours.,0.29
9/5/2023 21:00,13.01,34.09,28,0.26,Shift heavy operations to off-peak hours.,0.24
9/5/2023 22:00,20.72,22.79,110,0.25,Shift heavy operations to off-peak hours.; Investigate devices left on overnight.,0.57
9/5/2023 23:00,23.66,15.36,122,0.14,No action needed,0
9/6/2023 0:00,24.43,32.94,95,0.21,Reduce HVAC cooling to save energy.; Shift heavy operations to off-peak hours.,0.62
9/6/2023 1:00,17.19,17.08,147,0.26,Shift heavy operations to off-peak hours.,0.31
9/6/2023 2:00,23.48,20.33,18,0.15,No action needed,0
9/6/2023 3:00,17.63,18.51,58,0.18,No action needed,0
9/6/2023 4:00,8.59,34.44,25,0.12,No action needed,0
9/6/2023 5:00,16.46,30.71,113,0.11,No action needed,0
9/6/2023 6:00,7.51,29.82,6,0.12,Turn off unnecessary lights in unoccupied areas.,0.03
9/6/2023 7:00,12.69,18.1,62,0.2,No action needed,0
9/6/2023 8:00,10.96,26.63,75,0.13,No action needed,0
9/6/2023 9:00,7.68,19.95,140,0.2,No action needed,0
9/6/2023 10:00,9.45,15.72,138,0.27,Shift heavy operations to off-peak hours.,0.18
9/6/2023 11:00,21.66,26.52,115,0.11,Reduce HVAC cooling to save energy.; Investigate devices left on overnight.,0.21
9/6/2023 12:00,7.88,23.66,147,0.27,Shift heavy operations to off-peak hours.,0.15
9/6/2023 13:00,16.75,34.65,10,0.12,No action needed,0
9/6/2023 14:00,5.48,26.99,149,0.19,No action needed,0
9/6/2023 15:00,18.86,17.55,51,0.29,Shift heavy operations to off-peak hours.,0.38
9/6/2023 16:00,11.38,33.18,44,0.15,No action needed,0
9/6/2023 17:00,22.21,30.4,150,0.25,Reduce HVAC cooling to save energy.; Shift heavy operations to off-peak hours.,0.67
9/6/2023 18:00,9.57,34.19,85,0.29,Shift heavy operations to off-peak hours.,0.19
9/6/2023 19:00,14.45,28.1,63,0.19,No action needed,0
9/6/2023 20:00,8.15,22.42,21,0.2,No action needed,0
9/6/2023 21:00,15.02,17.36,48,0.15,Investigate devices left on overnight.,0.09
9/6/2023 22:00,8.23,25.63,86,0.24,Shift heavy operations to off-peak hours.,0.14
9/6/2023 23:00,10.72,28.98,116,0.3,Shift heavy operations to off-peak hours.,0.23
9/7/2023 0:00,10.99,24.77,49,0.22,Shift heavy operations to off-peak hours.,0.17
9/7/2023 1:00,20.01,33.94,95,0.29,Reduce HVAC cooling to save energy.; Shift heavy operations to off-peak hours.,0.7
9/7/2023 2:00,17.75,32.66,58,0.23,Shift heavy operations to off-peak hours.,0.29
9/7/2023 3:00,21.26,18.93,97,0.23,Shift heavy operations to off-peak hours.,0.34
9/7/2023 4:00,19.87,30.48,26,0.16,Investigate devices left on overnight.,0.13
9/7/2023 5:00,19.65,33.87,57,0.25,Shift heavy operations to off-peak hours.,0.34
9/7/2023 6:00,23.55,16.85,11,0.28,Shift heavy operations to off-peak hours.,0.46
9/7/2023 7:00,19.02,15.34,67,0.29,Shift heavy operations to off-peak hours.,0.39
9/7/2023 8:00,21.24,18.51,143,0.11,No action needed,0
9/7/2023 9:00,7.12,29.97,50,0.1,No action needed,0
9/7/2023 10:00,9.51,22.21,122,0.29,Shift heavy operations to off-peak hours.,0.19
9/7/2023 11:00,22.52,31.37,130,0.12,Reduce HVAC cooling to save energy.,0.14
9/7/2023 12:00,6.95,17.89,135,0.21,Shift heavy operations to off-peak hours.,0.1
9/7/2023 13:00,15.87,17.38,13,0.14,No action needed,0
9/7/2023 14:00,18.18,24.42,64,0.19,No action needed,0
9/7/2023 15:00,7.14,16.68,80,0.27,Shift heavy operations to off-peak hours.,0.13
9/7/2023 16:00,23.65,26.14,92,0.24,Reduce HVAC cooling to save energy.; Shift heavy operations to off-peak hours.,0.68
9/7/2023 17:00,17.84,29.72,42,0.1,No action needed,0
9/7/2023 18:00,20.93,32.16,31,0.23,Reduce HVAC cooling to save energy.; Shift heavy operations to off-peak hours.,0.58
9/7/2023 19:00,21.46,26.33,55,0.21,Reduce HVAC cooling to save energy.; Shift heavy operations to off-peak hours.; Investigate devices left on overnight.,0.72
9/7/2023 20:00,18.59,32.94,126,0.26,Shift heavy operations to off-peak hours.,0.34
9/7/2023 21:00,20.67,32,13,0.11,Reduce HVAC cooling to save energy.,0.11
9/7/2023 22:00,9.56,27.83,13,0.28,Shift heavy operations to off-peak hours.,0.19
9/7/2023 23:00,16.82,33,78,0.28,Shift heavy operations to off-peak hours.,0.33
9/8/2023 0:00,17.53,25.89,36,0.22,Shift heavy operations to off-peak hours.; Investigate devices left on overnight.,0.42
9/8/2023 1:00,15.99,34.13,53,0.14,No action needed,0
9/8/2023 2:00,21.15,32.07,96,0.16,Reduce HVAC cooling to save energy.,0.17
9/8/2023 3:00,24.38,29.61,38,0.26,Reduce HVAC cooling to save energy.; Shift heavy operations to off-peak hours.,0.76
9/8/2023 4:00,6,16.04,94,0.28,Shift heavy operations to off-peak hours.,0.12
9/8/2023 5:00,9.51,16.07,42,0.29,Shift heavy operations to off-peak hours.,0.19
9/8/2023 6:00,22.89,17.3,63,0.28,Shift heavy operations to off-peak hours.,0.45
9/8/2023 7:00,20.73,33.43,32,0.23,Reduce HVAC cooling to save energy.; Shift heavy operations to off-peak hours.,0.57
9/8/2023 8:00,13.79,34.49,106,0.26,Shift heavy operations to off-peak hours.,0.25
9/8/2023 9:00,15.38,20.85,149,0.23,Shift heavy operations to off-peak hours.,0.25
9/8/2023 10:00,9.82,34.83,147,0.25,Shift heavy operations to off-peak hours.,0.17
9/8/2023 11:00,18.61,22.45,144,0.2,Investigate devices left on overnight.,0.15
9/8/2023 12:00,7.5,29.2,78,0.1,No action needed,0
9/8/2023 13:00,14.58,28.26,102,0.26,Shift heavy operations to off-peak hours.,0.27
9/8/2023 14:00,24.63,34.94,124,0.2,Reduce HVAC cooling to save energy.,0.25
9/8/2023 15:00,17.94,26.68,116,0.1,No action needed,0
9/8/2023 16:00,14.02,17.51,135,0.18,No action needed,0
9/8/2023 17:00,19.7,33.38,54,0.17,Investigate devices left on overnight.,0.13
9/8/2023 18:00,19.15,28.38,92,0.23,Shift heavy operations to off-peak hours.; Investigate devices left on overnight.,0.48
9/8/2023 19:00,12.74,17.09,52,0.12,Investigate devices left on overnight.,0.06
9/8/2023 20:00,16.34,33.96,14,0.16,No action needed,0
9/8/2023 21:00,17.93,31.44,120,0.13,Investigate devices left on overnight.,0.09
9/8/2023 22:00,6.92,26.89,43,0.12,No action needed,0
9/8/2023 23:00,8.81,21.79,80,0.2,No action needed,0
9/9/2023 0:00,18.9,23.93,14,0.26,Shift heavy operations to off-peak hours.,0.34
9/9/2023 1:00,12.67,30.11,90,0.2,No action needed,0
9/9/2023 2:00,19.6,31.08,136,0.25,Shift heavy operations to off-peak hours.,0.34
9/9/2023 3:00,7.4,34.55,19,0.28,Shift heavy operations to off-peak hours.,0.15
9/9/2023 4:00,5.37,33.63,25,0.16,No action needed,0
9/9/2023 5:00,17.46,25.84,19,0.3,Shift heavy operations to off-peak hours.,0.37
9/9/2023 6:00,11.77,30.03,81,0.18,No action needed,0
9/9/2023 7:00,8.85,30.95,45,0.14,No action needed,0
9/9/2023 8:00,23.15,24.69,107,0.11,No action needed,0
9/9/2023 9:00,9.04,26.49,96,0.29,Shift heavy operations to off-peak hours.,0.18
9/9/2023 10:00,11.98,26.21,31,0.17,No action needed,0
9/9/2023 11:00,18.72,28.42,98,0.12,No action needed,0
9/9/2023 12:00,14.96,22.4,5,0.24,Turn off unnecessary lights in unoccupied areas.; Shift heavy operations to off-peak hours.,0.36
9/9/2023 13:00,21.39,15.96,133,0.16,No action needed,0
9/9/2023 14:00,13.57,16.33,42,0.2,No action needed,0
9/9/2023 15:00,7.11,28.92,113,0.21,Shift heavy operations to off-peak hours.,0.1
9/9/2023 16:00,7.99,28.54,100,0.22,Shift heavy operations to off-peak hours.,0.12
9/9/2023 17:00,5.91,34.53,139,0.28,Shift heavy operations to off-peak hours.,0.12
9/9/2023 18:00,13.11,15.15,32,0.13,Investigate devices left on overnight.,0.07
9/9/2023 19:00,22.04,30.25,55,0.14,Reduce HVAC cooling to save energy.,0.15
9/9/2023 20:00,7.82,16.86,71,0.3,Shift heavy operations to off-peak hours.,0.16
9/9/2023 21:00,12.62,16.97,109,0.24,Shift heavy operations to off-peak hours.,0.21
9/9/2023 22:00,24.86,22.26,36,0.12,No action needed,0
9/9/2023 23:00,18.02,16.44,63,0.16,No action needed,0
9/10/2023 0:00,20.59,27.27,141,0.19,Reduce HVAC cooling to save energy.; Investigate devices left on overnight.,0.35
9/10/2023 1:00,9.01,28.85,147,0.16,No action needed,0
9/10/2023 2:00,20.98,17.35,140,0.14,No action needed,0
9/10/2023 3:00,8.53,21.18,17,0.12,No action needed,0
9/10/2023 4:00,23.69,20.83,90,0.16,No action needed,0
9/10/2023 5:00,15.66,25.16,33,0.27,Shift heavy operations to off-peak hours.,0.3
9/10/2023 6:00,15.38,27.38,87,0.28,Shift heavy operations to off-peak hours.,0.3
9/10/2023 7:00,16.35,32.46,116,0.17,Investigate devices left on overnight.,0.11
9/10/2023 8:00,15.9,22.69,139,0.17,No action needed,0
9/10/2023 9:00,9.27,24.66,130,0.14,No action needed,0
9/10/2023 10:00,6.55,15.7,48,0.19,No action needed,0
9/10/2023 11:00,15.45,34.35,138,0.14,No action needed,0
9/10/2023 12:00,18.88,22.84,111,0.13,No action needed,0
9/10/2023 13:00,12.63,29.85,46,0.11,No action needed,0
9/10/2023 14:00,20.26,25.77,94,0.27,Reduce HVAC cooling to save energy.; Shift heavy operations to off-peak hours.; Investigate devices left on overnight.,0.88
9/10/2023 15:00,8.21,17.78,146,0.17,No action needed,0
9/10/2023 16:00,14.62,26.33,67,0.25,Shift heavy operations to off-peak hours.,0.26
9/10/2023 17:00,17.41,19.01,101,0.29,Shift heavy operations to off-peak hours.; Investigate devices left on overnight.,0.56
9/10/2023 18:00,19.36,24.54,66,0.2,No action needed,0
9/10/2023 19:00,14.95,15.09,79,0.25,Shift heavy operations to off-peak hours.,0.26
9/10/2023 20:00,8.38,33.15,34,0.25,Shift heavy operations to off-peak hours.,0.15
9/10/2023 21:00,15.68,21.28,29,0.21,Shift heavy operations to off-peak hours.; Investigate devices left on overnight.,0.36
9/10/2023 22:00,13.49,30.3,11,0.3,Shift heavy operations to off-peak hours.,0.28
9/10/2023 23:00,5.66,30.48,8,0.22,Turn off unnecessary lights in unoccupied areas.; Shift heavy operations to off-peak hours.,0.12
9/11/2023 0:00,7.04,31.52,64,0.22,Shift heavy operations to off-peak hours.,0.11
9/11/2023 1:00,9.26,29.27,53,0.16,No action needed,0
9/11/2023 2:00,20.31,16.34,129,0.25,Shift heavy operations to off-peak hours.,0.36
9/11/2023 3:00,16.05,33.15,28,0.17,No action needed,0
9/11/2023 4:00,15.12,25.75,100,0.14,Investigate devices left on overnight.,0.08
9/11/2023 5:00,6.29,29.26,117,0.12,No action needed,0
9/11/2023 6:00,21.53,33.43,103,0.2,Reduce HVAC cooling to save energy.,0.22
9/11/2023 7:00,7.19,17.94,82,0.15,No action needed,0
9/11/2023 8:00,7.7,29.2,112,0.14,No action needed,0
9/11/2023 9:00,9.45,28.27,40,0.23,Shift heavy operations to off-peak hours.,0.15
9/11/2023 10:00,12.8,16.16,109,0.14,No action needed,0
9/11/2023 11:00,15.74,16.98,115,0.11,No action needed,0
9/11/2023 12:00,13.86,23.39,83,0.19,No action needed,0
9/11/2023 13:00,6.96,18.28,109,0.25,Shift heavy operations to off-peak hours.,0.12
9/11/2023 14:00,14.68,17.9,87,0.22,Shift heavy operations to off-peak hours.,0.23
9/11/2023 15:00,14.97,24.66,32,0.1,No action needed,0
9/11/2023 16:00,14.7,16.44,150,0.21,Shift heavy operations to off-peak hours.,0.22
9/11/2023 17:00,17.25,32.07,20,0.21,Shift heavy operations to off-peak hours.,0.25
9/11/2023 18:00,6.46,22.12,82,0.14,No action needed,0
9/11/2023 19:00,15.53,33.98,14,0.21,Shift heavy operations to off-peak hours.,0.23
9/11/2023 20:00,5.21,17.34,34,0.27,Shift heavy operations to off-peak hours.,0.1
9/11/2023 21:00,12.3,20.31,146,0.26,Shift heavy operations to off-peak hours.,0.22
9/11/2023 22:00,22.65,29.85,52,0.14,Reduce HVAC cooling to save energy.,0.16
9/11/2023 23:00,6.22,34.83,35,0.13,No action needed,0
9/12/2023 0:00,14.78,29.34,130,0.16,Investigate devices left on overnight.,0.09
9/12/2023 1:00,10.16,25.18,141,0.14,No action needed,0
9/12/2023 2:00,7.48,20.47,114,0.15,No action needed,0
9/12/2023 3:00,13.22,20.72,51,0.17,No action needed,0
9/12/2023 4:00,21.61,19.99,146,0.16,Investigate devices left on overnight.,0.14
9/12/2023 5:00,11.41,28.67,42,0.26,Shift heavy operations to off-peak hours.; Investigate devices left on overnight.,0.33
9/12/2023 6:00,24.18,27.3,21,0.13,Reduce HVAC cooling to save energy.,0.16
9/12/2023 7:00,6.57,19.26,27,0.26,Shift heavy operations to off-peak hours.,0.12
9/12/2023 8:00,6.85,18.83,98,0.19,No action needed,0
9/12/2023 9:00,11.05,19,101,0.12,No action needed,0
9/12/2023 10:00,12.94,27.51,144,0.14,No action needed,0
9/12/2023 11:00,15.12,30.99,44,0.18,No action needed,0
9/12/2023 12:00,9.65,33.02,43,0.28,Shift heavy operations to off-peak hours.,0.19
9/12/2023 13:00,22.2,27.29,82,0.28,Reduce HVAC cooling to save energy.; Shift heavy operations to off-peak hours.,0.75
9/12/2023 14:00,12.64,22.52,132,0.17,No action needed,0
9/12/2023 15:00,8.75,17.22,105,0.28,Shift heavy operations to off-peak hours.,0.17
9/12/2023 16:00,22.68,32.98,21,0.2,Reduce HVAC cooling to save energy.,0.23
9/12/2023 17:00,15.98,25.93,68,0.13,No action needed,0
9/12/2023 18:00,13.45,21.03,130,0.11,No action needed,0
9/12/2023 19:00,11.93,17.36,67,0.26,Shift heavy operations to off-peak hours.,0.22
9/12/2023 20:00,21.98,22.2,118,0.22,Shift heavy operations to off-peak hours.,0.34
9/12/2023 21:00,20.13,25.4,21,0.11,Reduce HVAC cooling to save energy.,0.11
9/12/2023 22:00,13.18,18.29,118,0.17,Investigate devices left on overnight.,0.09
9/12/2023 23:00,23.94,22.52,116,0.22,Shift heavy operations to off-peak hours.,0.37
9/13/2023 0:00,11.46,26.65,133,0.13,No action needed,0
9/13/2023 1:00,20.06,18.48,131,0.22,Shift heavy operations to off-peak hours.,0.31
9/13/2023 2:00,11.01,25.4,83,0.16,Investigate devices left on overnight.,0.07
9/13/2023 3:00,8.7,15.25,74,0.1,No action needed,0
9/13/2023 4:00,9.2,27.25,133,0.13,No action needed,0
9/13/2023 5:00,11.31,25.79,26,0.1,No action needed,0
9/13/2023 6:00,16.42,30.02,128,0.14,No action needed,0
9/13/2023 7:00,6.69,29.58,92,0.28,Shift heavy operations to off-peak hours.,0.13
9/13/2023 8:00,16.88,18.08,99,0.1,No action needed,0
9/13/2023 9:00,17.94,23.48,95,0.11,No action needed,0
9/13/2023 10:00,20.42,32.72,127,0.19,Reduce HVAC cooling to save energy.,0.19
9/13/2023 11:00,9.46,18.37,150,0.22,Shift heavy operations to off-peak hours.,0.15
9/13/2023 12:00,15.49,18.26,72,0.18,No action needed,0
9/13/2023 13:00,16.7,26.16,89,0.17,No action needed,0
9/13/2023 14:00,6.19,16.14,78,0.22,Shift heavy operations to off-peak hours.,0.1
9/13/2023 15:00,9.59,15.57,106,0.23,Shift heavy operations to off-peak hours.,0.15
9/13/2023 16:00,7.95,18.04,19,0.26,Shift heavy operations to off-peak hours.,0.14
9/13/2023 17:00,12.96,30.72,111,0.13,No action needed,0
9/13/2023 18:00,19.94,20.12,6,0.14,Turn off unnecessary lights in unoccupied areas.,0.08
9/13/2023 19:00,24.58,22.44,86,0.19,No action needed,0
9/13/2023 20:00,11.12,28.89,61,0.22,Shift heavy operations to off-peak hours.,0.17
9/13/2023 21:00,17.38,26.17,90,0.28,Shift heavy operations to off-peak hours.; Investigate devices left on overnight.,0.54
9/13/2023 22:00,22.01,32.71,113,0.16,Reduce HVAC cooling to save energy.; Investigate devices left on overnight.,0.32
9/13/2023 23:00,6.68,23.15,105,0.19,No action needed,0
9/14/2023 0:00,21.23,26.11,138,0.18,Reduce HVAC cooling to save energy.,0.19
9/14/2023 1:00,23.38,22.34,113,0.2,Investigate devices left on overnight.,0.19
9/14/2023 2:00,23.2,18.83,71,0.28,Shift heavy operations to off-peak hours.,0.45
9/14/2023 3:00,7.16,23.83,60,0.18,No action needed,0
9/14/2023 4:00,11.5,18,20,0.14,No action needed,0
9/14/2023 5:00,5.8,26.94,96,0.17,No action needed,0
9/14/2023 6:00,12.95,17.03,136,0.21,Shift heavy operations to off-peak hours.,0.19
9/14/2023 7:00,11.62,21.81,70,0.1,No action needed,0
9/14/2023 8:00,9.8,16.19,35,0.23,Shift heavy operations to off-peak hours.,0.16
9/14/2023 9:00,22.72,19.67,37,0.28,Shift heavy operations to off-peak hours.,0.45
9/14/2023 10:00,8.11,23.1,88,0.27,Shift heavy operations to off-peak hours.,0.15
9/14/2023 11:00,16.57,20.42,115,0.26,Shift heavy operations to off-peak hours.,0.3
9/14/2023 12:00,19.58,32.66,31,0.25,Shift heavy operations to off-peak hours.,0.34
9/14/2023 13:00,9.75,23.4,132,0.13,No action needed,0
9/14/2023 14:00,21.35,33.93,41,0.11,Reduce HVAC cooling to save energy.,0.12
9/14/2023 15:00,13.45,16.31,82,0.23,Shift heavy operations to off-peak hours.,0.22
9/14/2023 16:00,19.46,34.78,106,0.3,Shift heavy operations to off-peak hours.,0.41
9/14/2023 17:00,14.18,28.55,83,0.16,No action needed,0
9/14/2023 18:00,23.16,27.37,79,0.14,Reduce HVAC cooling to save energy.,0.16
9/14/2023 19:00,14.37,27.75,49,0.29,Shift heavy operations to off-peak hours.,0.29
9/14/2023 20:00,10.59,27.78,106,0.23,Shift heavy operations to off-peak hours.; Investigate devices left on overnight.,0.27
9/14/2023 21:00,7.3,17.33,47,0.17,No action needed,0
9/14/2023 22:00,22.84,22.32,89,0.13,No action needed,0
9/14/2023 23:00,19.99,23.69,85,0.23,Shift heavy operations to off-peak hours.,0.32
9/15/2023 0:00,8.32,25.94,122,0.13,No action needed,0
9/15/2023 1:00,14.23,30.44,26,0.26,Shift heavy operations to off-peak hours.,0.26
9/15/2023 2:00,15.17,16.23,140,0.21,Shift heavy operations to off-peak hours.,0.22
9/15/2023 3:00,21.07,22.23,21,0.25,Shift heavy operations to off-peak hours.,0.37
9/15/2023 4:00,8.67,24.31,102,0.2,No action needed,0
9/15/2023 5:00,5.98,29.96,97,0.25,Shift heavy operations to off-peak hours.,0.1
9/15/2023 6:00,24.99,31.62,123,0.29,Reduce HVAC cooling to save energy.; Shift heavy operations to off-peak hours.,0.87
9/15/2023 7:00,13.43,31.57,85,0.18,No action needed,0
9/15/2023 8:00,22.01,30.19,20,0.18,Reduce HVAC cooling to save energy.,0.2
9/15/2023 9:00,23.98,17.62,63,0.25,Shift heavy operations to off-peak hours.,0.42
9/15/2023 10:00,7.95,28.01,128,0.25,Shift heavy operations to off-peak hours.,0.14
9/15/2023 11:00,7.66,26.85,128,0.16,No action needed,0
9/15/2023 12:00,13.6,32.65,110,0.14,No action needed,0
9/15/2023 13:00,22.51,24.35,58,0.19,Investigate devices left on overnight.,0.17
9/15/2023 14:00,19.4,15.87,61,0.17,No action needed,0
9/15/2023 15:00,17.81,23.03,138,0.15,No action needed,0
9/15/2023 16:00,14.61,30.18,73,0.25,Shift heavy operations to off-peak hours.; Investigate devices left on overnight.,0.4
9/15/2023 17:00,11.11,27.57,141,0.15,Investigate devices left on overnight.,0.07
9/15/2023 18:00,5.49,16.98,150,0.23,Shift heavy operations to off-peak hours.,0.09
9/15/2023 19:00,10.02,28.95,134,0.29,Shift heavy operations to off-peak hours.; Investigate devices left on overnight.,0.32
9/15/2023 20:00,10.74,30.7,93,0.17,Investigate devices left on overnight.,0.07
9/15/2023 21:00,5.61,23.17,95,0.29,Shift heavy operations to off-peak hours.,0.11
9/15/2023 22:00,13.47,34.1,87,0.27,Shift heavy operations to off-peak hours.,0.25
9/15/2023 23:00,8.61,31.53,144,0.21,Shift heavy operations to off-peak hours.,0.13
9/16/2023 0:00,6.61,27.9,81,0.12,No action needed,0
9/16/2023 1:00,17.27,22.7,144,0.22,Shift heavy operations to off-peak hours.,0.27
9/16/2023 2:00,9.12,15.55,120,0.2,No action needed,0
9/16/2023 3:00,11.89,24.62,37,0.13,No action needed,0
9/16/2023 4:00,18.35,31.86,85,0.12,Investigate devices left on overnight.,0.09
9/16/2023 5:00,18.67,21.63,101,0.3,Shift heavy operations to off-peak hours.,0.39
9/16/2023 6:00,13.16,26.99,131,0.15,No action needed,0
9/16/2023 7:00,20.16,20.97,53,0.13,No action needed,0
9/16/2023 8:00,5.39,22.84,130,0.14,No action needed,0
9/16/2023 9:00,6.39,19.3,101,0.26,Shift heavy operations to off-peak hours.,0.12
9/16/2023 10:00,15.32,17.13,17,0.15,No action needed,0
9/16/2023 11:00,5.79,18.64,148,0.14,No action needed,0
9/16/2023 12:00,11.16,25.42,62,0.13,No action needed,0
9/16/2023 13:00,19.84,32.41,84,0.27,Shift heavy operations to off-peak hours.,0.37
9/16/2023 14:00,21.65,23.74,114,0.13,No action needed,0
9/16/2023 15:00,7.79,16.14,35,0.14,No action needed,0
9/16/2023 16:00,22.29,18.75,137,0.11,No action needed,0
9/16/2023 17:00,24.36,29.43,139,0.11,Reduce HVAC cooling to save energy.,0.13
9/16/2023 18:00,23.68,30.08,39,0.27,Reduce HVAC cooling to save energy.; Shift heavy operations to off-peak hours.,0.77
9/16/2023 19:00,5.42,34.3,103,0.27,Shift heavy operations to off-peak hours.,0.1
9/16/2023 20:00,8.43,20.05,115,0.23,Shift heavy operations to off-peak hours.,0.14
9/16/2023 21:00,8.09,29.59,149,0.25,Shift heavy operations to off-peak hours.,0.14
9/16/2023 22:00,13.68,18.39,24,0.14,Investigate devices left on overnight.,0.08
9/16/2023 23:00,20.67,18.26,26,0.21,Shift heavy operations to off-peak hours.,0.3
9/17/2023 0:00,7.64,18.13,62,0.18,No action needed,0
9/17/2023 1:00,11.09,26.68,50,0.28,Shift heavy operations to off-peak hours.,0.22
9/17/2023 2:00,15.27,29.28,115,0.14,No action needed,0
9/17/2023 3:00,18.8,26.96,49,0.19,No action needed,0
9/17/2023 4:00,20.67,18.22,58,0.13,No action needed,0
9/17/2023 5:00,6.81,26.97,95,0.14,No action needed,0
9/17/2023 6:00,12.31,18.29,25,0.2,No action needed,0
9/17/2023 7:00,23.17,15.86,59,0.24,Shift heavy operations to off-peak hours.; Investigate devices left on overnight.,0.61
9/17/2023 8:00,8.54,33.73,114,0.12,No action needed,0
9/17/2023 9:00,19.83,15.74,94,0.25,Shift heavy operations to off-peak hours.,0.35
9/17/2023 10:00,15.08,32.8,50,0.25,Shift heavy operations to off-peak hours.,0.26
9/17/2023 11:00,18.96,26.8,140,0.22,Shift heavy operations to off-peak hours.,0.29
9/17/2023 12:00,23.35,24.32,12,0.17,No action needed,0
9/17/2023 13:00,17.8,28.61,48,0.21,Shift heavy operations to off-peak hours.,0.26
9/17/2023 14:00,9.81,25.23,28,0.28,Shift heavy operations to off-peak hours.,0.19
9/17/2023 15:00,18.37,32.34,14,0.3,Shift heavy operations to off-peak hours.,0.39
9/17/2023 16:00,17.62,34.19,34,0.1,Investigate devices left on overnight.,0.07
9/17/2023 17:00,19.82,19.42,42,0.23,Shift heavy operations to off-peak hours.,0.32
9/17/2023 18:00,13.24,16.69,150,0.12,No action needed,0
9/17/2023 19:00,6.93,26.19,102,0.27,Shift heavy operations to off-peak hours.,0.13
9/17/2023 20:00,7.67,27.3,118,0.3,Shift heavy operations to off-peak hours.,0.16
9/17/2023 21:00,21.85,30.82,42,0.18,Reduce HVAC cooling to save energy.,0.2
9/17/2023 22:00,20.08,27.17,58,0.13,Reduce HVAC cooling to save energy.,0.13
9/17/2023 23:00,12.55,30.57,124,0.24,Shift heavy operations to off-peak hours.,0.21
9/18/2023 0:00,19.63,22.54,32,0.19,No action needed,0
9/18/2023 1:00,6.42,16.91,59,0.22,Shift heavy operations to off-peak hours.,0.1
9/18/2023 2:00,19.94,26.88,65,0.22,Shift heavy operations to off-peak hours.; Investigate devices left on overnight.,0.48
9/18/2023 3:00,11.14,34.93,32,0.28,Shift heavy operations to off-peak hours.,0.22
9/18/2023 4:00,23.86,24.81,123,0.17,No action needed,0
9/18/2023 5:00,7.19,17.21,140,0.26,Shift heavy operations to off-peak hours.,0.13
9/18/2023 6:00,6.12,32.27,82,0.24,Shift heavy operations to off-peak hours.,0.1
9/18/2023 7:00,21.43,18.2,64,0.15,No action needed,0
9/18/2023 8:00,21.96,22.03,132,0.11,No action needed,0
9/18/2023 9:00,14.41,31.7,60,0.17,No action needed,0
9/18/2023 10:00,5.9,17.91,75,0.12,No action needed,0
9/18/2023 11:00,14.82,22.51,90,0.29,Shift heavy operations to off-peak hours.; Investigate devices left on overnight.,0.47
9/18/2023 12:00,21.45,29.77,95,0.1,Reduce HVAC cooling to save energy.,0.11
9/18/2023 13:00,5.88,30.34,144,0.27,Shift heavy operations to off-peak hours.,0.11
9/18/2023 14:00,19.12,22.85,35,0.29,Shift heavy operations to off-peak hours.,0.39
9/18/2023 15:00,23.24,21.76,98,0.15,No action needed,0
9/18/2023 16:00,23.9,26.02,76,0.25,Reduce HVAC cooling to save energy.; Shift heavy operations to off-peak hours.,0.72
9/18/2023 17:00,23.01,23.39,38,0.14,No action needed,0
9/18/2023 18:00,21.64,34.12,58,0.2,Reduce HVAC cooling to save energy.,0.22
9/18/2023 19:00,8.33,28,32,0.19,No action needed,0
9/18/2023 20:00,8.51,19.69,122,0.13,No action needed,0
9/18/2023 21:00,19.68,26.33,120,0.29,Shift heavy operations to off-peak hours.; Investigate devices left on overnight.,0.63
9/18/2023 22:00,15.39,16.31,125,0.22,Shift heavy operations to off-peak hours.,0.24
9/18/2023 23:00,15.06,29.43,23,0.23,Shift heavy operations to off-peak hours.,0.24
9/19/2023 0:00,5.6,31.63,43,0.24,Shift heavy operations to off-peak hours.,0.09
9/19/2023 1:00,5.69,28.36,63,0.22,Shift heavy operations to off-peak hours.,0.09
9/19/2023 2:00,7.86,32.33,116,0.1,No action needed,0
9/19/2023 3:00,17.46,27.41,121,0.19,Investigate devices left on overnight.,0.13
9/19/2023 4:00,10.73,29.16,23,0.23,Shift heavy operations to off-peak hours.,0.17
9/19/2023 5:00,19.96,28.85,85,0.19,No action needed,0
9/19/2023 6:00,21.41,21.17,87,0.25,Shift heavy operations to off-peak hours.,0.37
9/19/2023 7:00,11.75,34.28,110,0.23,Shift heavy operations to off-peak hours.,0.19
9/19/2023 8:00,18.96,32.51,84,0.22,Shift heavy operations to off-peak hours.,0.29
9/19/2023 9:00,13.65,21.2,43,0.27,Shift heavy operations to off-peak hours.; Investigate devices left on overnight.,0.41
9/19/2023 10:00,15.12,26.88,103,0.3,Shift heavy operations to off-peak hours.,0.32
9/19/2023 11:00,7.08,21.58,74,0.13,No action needed,0
9/19/2023 12:00,12.4,16.06,63,0.27,Shift heavy operations to off-peak hours.; Investigate devices left on overnight.,0.37
9/19/2023 13:00,18.67,22.71,72,0.27,Shift heavy operations to off-peak hours.,0.35
9/19/2023 14:00,18.05,25.85,139,0.28,Shift heavy operations to off-peak hours.,0.35
9/19/2023 15:00,6.23,34.17,19,0.12,No action needed,0
9/19/2023 16:00,8.51,15.3,41,0.12,No action needed,0
9/19/2023 17:00,5.54,26.19,129,0.13,No action needed,0
9/19/2023 18:00,13.3,17.62,85,0.16,No action needed,0
9/19/2023 19:00,13.21,22.76,44,0.2,No action needed,0
9/19/2023 20:00,23.95,33.98,50,0.25,Reduce HVAC cooling to save energy.; Shift heavy operations to off-peak hours.,0.72
9/19/2023 21:00,16.98,25.76,30,0.25,Shift heavy operations to off-peak hours.,0.3
9/19/2023 22:00,17.11,34,64,0.23,Shift heavy operations to off-peak hours.,0.28
9/19/2023 23:00,20.23,22.8,90,0.15,No action needed,0
9/20/2023 0:00,20.27,22.29,120,0.14,Investigate devices left on overnight.,0.11
9/20/2023 1:00,15.71,19.09,132,0.16,No action needed,0
9/20/2023 2:00,7.55,16.35,142,0.22,Shift heavy operations to off-peak hours.,0.12
9/20/2023 3:00,22.24,31,27,0.22,Reduce HVAC cooling to save energy.; Shift heavy operations to off-peak hours.,0.59
9/20/2023 4:00,9.75,32.75,15,0.23,Shift heavy operations to off-peak hours.,0.16
9/20/2023 5:00,20.99,29,143,0.24,Reduce HVAC cooling to save energy.; Shift heavy operations to off-peak hours.,0.6
9/20/2023 6:00,22.12,29.64,112,0.23,Reduce HVAC cooling to save energy.; Shift heavy operations to off-peak hours.,0.61
9/20/2023 7:00,14.84,15.21,137,0.17,No action needed,0
9/20/2023 8:00,15.7,27.84,147,0.15,Investigate devices left on overnight.,0.09
9/20/2023 9:00,18.07,21.02,118,0.14,No action needed,0
9/20/2023 10:00,9.2,25.43,116,0.13,No action needed,0
9/20/2023 11:00,7.34,31.6,107,0.14,No action needed,0
9/20/2023 12:00,16.88,15.53,40,0.11,No action needed,0
9/20/2023 13:00,8.17,16.52,88,0.29,Shift heavy operations to off-peak hours.,0.17
9/20/2023 14:00,23.81,30.18,95,0.12,Reduce HVAC cooling to save energy.,0.14
9/20/2023 15:00,18.34,30.46,53,0.2,No action needed,0
9/20/2023 16:00,8.91,33.35,97,0.25,Shift heavy operations to off-peak hours.,0.16
9/20/2023 17:00,16.49,32.23,126,0.24,Shift heavy operations to off-peak hours.,0.28
9/20/2023 18:00,19.22,22.93,77,0.19,Investigate devices left on overnight.,0.15
9/20/2023 19:00,14.18,23.15,38,0.25,Shift heavy operations to off-peak hours.,0.25
9/20/2023 20:00,18.51,25.04,131,0.25,Shift heavy operations to off-peak hours.,0.32
9/20/2023 21:00,9.91,34.17,108,0.22,Shift heavy operations to off-peak hours.,0.15
9/20/2023 22:00,9.44,28.97,143,0.18,No action needed,0
9/20/2023 23:00,18.73,33.61,34,0.27,Shift heavy operations to off-peak hours.; Investigate devices left on overnight.,0.56
9/21/2023 0:00,12.4,20.7,78,0.26,Shift heavy operations to off-peak hours.,0.23
9/21/2023 1:00,9.01,27.03,114,0.15,No action needed,0
9/21/2023 2:00,6.69,18.93,75,0.12,No action needed,0
9/21/2023 3:00,17.54,34.53,87,0.28,Shift heavy operations to off-peak hours.,0.34
9/21/2023 4:00,18.69,15.15,16,0.13,No action needed,0
9/21/2023 5:00,19.23,16.58,103,0.18,No action needed,0
9/21/2023 6:00,10.33,17.52,56,0.16,No action needed,0
9/21/2023 7:00,14.18,16.22,99,0.21,Shift heavy operations to off-peak hours.; Investigate devices left on overnight.,0.33
9/21/2023 8:00,13.84,33.1,92,0.15,Investigate devices left on overnight.,0.08
9/21/2023 9:00,13.64,19.56,39,0.15,No action needed,0
9/21/2023 10:00,20.06,23.29,94,0.11,Investigate devices left on overnight.,0.09
9/21/2023 11:00,24.52,32.41,34,0.28,Reduce HVAC cooling to save energy.; Shift heavy operations to off-peak hours.,0.82
9/21/2023 12:00,12.88,29.1,82,0.29,Shift heavy operations to off-peak hours.,0.26
9/21/2023 13:00,20.08,23.64,71,0.27,Shift heavy operations to off-peak hours.,0.38
9/21/2023 14:00,16,25.43,87,0.22,Shift heavy operations to off-peak hours.,0.25
9/21/2023 15:00,8.24,19.47,53,0.12,No action needed,0
9/21/2023 16:00,20.92,29.77,34,0.12,Reduce HVAC cooling to save energy.,0.13
9/21/2023 17:00,17.03,17.43,111,0.21,Shift heavy operations to off-peak hours.,0.25
9/21/2023 18:00,24.43,32.9,109,0.22,Reduce HVAC cooling to save energy.; Shift heavy operations to off-peak hours.,0.64
9/21/2023 19:00,17.48,16.72,52,0.18,No action needed,0
9/21/2023 20:00,20.4,21.68,8,0.11,Turn off unnecessary lights in unoccupied areas.; Investigate devices left on overnight.,0.16
9/21/2023 21:00,5.04,19.3,20,0.1,No action needed,0
9/21/2023 22:00,16.35,33.41,82,0.3,Shift heavy operations to off-peak hours.,0.34
9/21/2023 23:00,20.25,24.41,130,0.19,No action needed,0
9/22/2023 0:00,5.35,15.12,132,0.28,Shift heavy operations to off-peak hours.,0.1
9/22/2023 1:00,11.65,17.18,6,0.26,Turn off unnecessary lights in unoccupied areas.; Shift heavy operations to off-peak hours.,0.3
9/22/2023 2:00,8.92,28.38,35,0.15,No action needed,0
9/22/2023 3:00,6.38,22.1,118,0.27,Shift heavy operations to off-peak hours.,0.12
9/22/2023 4:00,13.43,19.5,47,0.24,Shift heavy operations to off-peak hours.,0.23
9/22/2023 5:00,10.38,24.83,108,0.26,Shift heavy operations to off-peak hours.,0.19
9/22/2023 6:00,18.62,34.57,135,0.26,Shift heavy operations to off-peak hours.,0.34
9/22/2023 7:00,8.72,27.5,55,0.24,Shift heavy operations to off-peak hours.,0.15
9/22/2023 8:00,11.5,21.1,50,0.14,No action needed,0
9/22/2023 9:00,19.52,28.49,71,0.12,No action needed,0
9/22/2023 10:00,17.84,23.58,81,0.28,Shift heavy operations to off-peak hours.,0.35
9/22/2023 11:00,21.02,25.81,91,0.11,Reduce HVAC cooling to save energy.,0.12
9/22/2023 12:00,20.6,22.11,21,0.19,No action needed,0
9/22/2023 13:00,5.08,18.65,131,0.15,No action needed,0
9/22/2023 14:00,7.49,19.46,106,0.12,No action needed,0
9/22/2023 15:00,12.07,18.73,116,0.22,Shift heavy operations to off-peak hours.,0.19
9/22/2023 16:00,5.07,18.11,92,0.12,No action needed,0
9/22/2023 17:00,7.73,27.06,49,0.3,Shift heavy operations to off-peak hours.,0.16
9/22/2023 18:00,9.24,20.67,79,0.15,No action needed,0
9/22/2023 19:00,5.79,34.17,95,0.22,Shift heavy operations to off-peak hours.,0.09
9/22/2023 20:00,19.72,29.62,123,0.18,No action needed,0
9/22/2023 21:00,8.52,18.77,128,0.12,No action needed,0
9/22/2023 22:00,8.8,27.68,87,0.15,No action needed,0
9/22/2023 23:00,24.53,24.97,44,0.18,No action needed,0
9/23/2023 0:00,15.73,16.12,142,0.25,Shift heavy operations to off-peak hours.; Investigate devices left on overnight.,0.43
9/23/2023 1:00,24.33,22.57,20,0.29,Shift heavy operations to off-peak hours.; Investigate devices left on overnight.,0.78
9/23/2023 2:00,24.23,17.58,107,0.23,Shift heavy operations to off-peak hours.,0.39
9/23/2023 3:00,17.01,31.78,146,0.16,Investigate devices left on overnight.,0.11
9/23/2023 4:00,17.66,33.83,12,0.29,Shift heavy operations to off-peak hours.; Investigate devices left on overnight.,0.56
9/23/2023 5:00,16.16,24.13,123,0.13,No action needed,0
9/23/2023 6:00,18.25,30.37,14,0.24,Shift heavy operations to off-peak hours.,0.31
9/23/2023 7:00,22.2,26.21,122,0.23,Reduce HVAC cooling to save energy.; Shift heavy operations to off-peak hours.,0.61
9/23/2023 8:00,13.63,24.09,13,0.12,No action needed,0
9/23/2023 9:00,5.65,26.5,56,0.18,No action needed,0
9/23/2023 10:00,17.93,25.65,37,0.17,No action needed,0
9/23/2023 11:00,19.2,27.4,102,0.25,Shift heavy operations to off-peak hours.,0.34
9/23/2023 12:00,13.31,18.84,88,0.25,Shift heavy operations to off-peak hours.,0.23
9/23/2023 13:00,12.03,26.55,116,0.19,Investigate devices left on overnight.,0.09
9/23/2023 14:00,12.16,20.84,141,0.29,Shift heavy operations to off-peak hours.,0.25
9/23/2023 15:00,11.72,29.59,131,0.12,Investigate devices left on overnight.,0.06
9/23/2023 16:00,11.53,33.15,25,0.1,Investigate devices left on overnight.,0.05
9/23/2023 17:00,17.81,19.31,71,0.16,No action needed,0
9/23/2023 18:00,13.76,23.85,8,0.11,Turn off unnecessary lights in unoccupied areas.,0.05
9/23/2023 19:00,12.72,22.55,131,0.21,Shift heavy operations to off-peak hours.,0.19
9/23/2023 20:00,24.87,30.03,116,0.16,Reduce HVAC cooling to save energy.,0.2
9/23/2023 21:00,6.38,27.36,112,0.21,Shift heavy operations to off-peak hours.,0.09
9/23/2023 22:00,21.65,33.75,18,0.23,Reduce HVAC cooling to save energy.; Shift heavy operations to off-peak hours.,0.6
9/23/2023 23:00,16.69,28.45,54,0.22,Shift heavy operations to off-peak hours.,0.26
9/24/2023 0:00,11.16,18.47,38,0.22,Shift heavy operations to off-peak hours.,0.17
9/24/2023 1:00,13.83,18.17,130,0.18,No action needed,0
9/24/2023 2:00,20.51,24.53,67,0.2,No action needed,0
9/24/2023 3:00,18.83,31.79,58,0.15,Investigate devices left on overnight.,0.11
9/24/2023 4:00,17.38,18.68,57,0.3,Shift heavy operations to off-peak hours.,0.36
9/24/2023 5:00,12.97,26.36,137,0.21,Shift heavy operations to off-peak hours.,0.19
9/24/2023 6:00,12.17,29.98,149,0.26,Shift heavy operations to off-peak hours.; Investigate devices left on overnight.,0.35
9/24/2023 7:00,12.14,15.69,58,0.2,No action needed,0
9/24/2023 8:00,14.81,33.04,37,0.2,No action needed,0
9/24/2023 9:00,15.55,33.08,9,0.23,Turn off unnecessary lights in unoccupied areas.; Shift heavy operations to off-peak hours.; Investigate devices left on overnight.,0.5
9/24/2023 10:00,22.2,19.98,65,0.16,No action needed,0
9/24/2023 11:00,16.25,23.09,136,0.27,Shift heavy operations to off-peak hours.,0.31
9/24/2023 12:00,14.37,31.62,128,0.23,Shift heavy operations to off-peak hours.,0.23
9/24/2023 13:00,10.35,15.03,150,0.24,Shift heavy operations to off-peak hours.; Investigate devices left on overnight.,0.27
9/24/2023 14:00,10.72,19.14,55,0.13,No action needed,0
9/24/2023 15:00,6.07,21.8,133,0.2,No action needed,0
9/24/2023 16:00,20.74,15.43,92,0.24,Shift heavy operations to off-peak hours.,0.35
9/24/2023 17:00,22.72,32.68,6,0.12,Reduce HVAC cooling to save energy.; Turn off unnecessary lights in unoccupied areas.,0.22
9/24/2023 18:00,9.23,24.12,149,0.14,No action needed,0
9/24/2023 19:00,5.73,33.65,64,0.13,No action needed,0
9/24/2023 20:00,10.76,23.48,7,0.16,Turn off unnecessary lights in unoccupied areas.,0.05
9/24/2023 21:00,24.63,26.85,70,0.23,Reduce HVAC cooling to save energy.; Shift heavy operations to off-peak hours.; Investigate devices left on overnight.,0.91
9/24/2023 22:00,8.88,20.37,42,0.27,Shift heavy operations to off-peak hours.,0.17
9/24/2023 23:00,18.38,32.56,68,0.25,Shift heavy operations to off-peak hours.,0.32
9/25/2023 0:00,10.28,15.32,83,0.12,No action needed,0
9/25/2023 1:00,11.65,32.39,78,0.27,Shift heavy operations to off-peak hours.; Investigate devices left on overnight.,0.35
9/25/2023 2:00,10.02,32.66,140,0.14,No action needed,0
9/25/2023 3:00,6.77,20.19,10,0.25,Shift heavy operations to off-peak hours.,0.12
9/25/2023 4:00,21.05,32.15,100,0.18,Reduce HVAC cooling to save energy.,0.19
9/25/2023 5:00,25,25.56,90,0.16,Reduce HVAC cooling to save energy.,0.2
9/25/2023 6:00,19.21,27.9,14,0.27,Shift heavy operations to off-peak hours.,0.36
9/25/2023 7:00,21.93,31.17,53,0.3,Reduce HVAC cooling to save energy.; Shift heavy operations to off-peak hours.; Investigate devices left on overnight.,1.05
9/25/2023 8:00,20.18,27.39,37,0.19,Reduce HVAC cooling to save energy.,0.19
9/25/2023 9:00,6.99,27.51,145,0.2,No action needed,0
9/25/2023 10:00,5.26,34.87,23,0.14,No action needed,0
9/25/2023 11:00,13.2,18.41,12,0.1,No action needed,0
9/25/2023 12:00,7.56,28.25,91,0.12,No action needed,0
9/25/2023 13:00,11.02,22.64,113,0.14,No action needed,0
9/25/2023 14:00,19.66,25.03,28,0.11,No action needed,0
9/25/2023 15:00,19.48,22.48,91,0.28,Shift heavy operations to off-peak hours.; Investigate devices left on overnight.,0.6
9/25/2023 16:00,12.43,31.77,66,0.15,Investigate devices left on overnight.,0.07
9/25/2023 17:00,20.41,33.17,27,0.11,Reduce HVAC cooling to save energy.,0.11
9/25/2023 18:00,21.06,25.61,148,0.28,Reduce HVAC cooling to save energy.; Shift heavy operations to off-peak hours.; Investigate devices left on overnight.,0.94
9/25/2023 19:00,19.6,19.09,13,0.12,No action needed,0
9/25/2023 20:00,14.9,18.07,16,0.13,No action needed,0
9/25/2023 21:00,15.44,27.19,123,0.28,Shift heavy operations to off-peak hours.,0.3
9/25/2023 22:00,15.59,31.89,75,0.25,Shift heavy operations to off-peak hours.; Investigate devices left on overnight.,0.43
9/25/2023 23:00,19.73,26.81,27,0.26,Shift heavy operations to off-peak hours.,0.36
9/26/2023 0:00,22.98,21.02,53,0.19,No action needed,0
9/26/2023 1:00,17.12,27.17,138,0.19,No action needed,0
9/26/2023 2:00,16.98,29.9,148,0.14,No action needed,0
9/26/2023 3:00,19.25,24.69,63,0.28,Shift heavy operations to off-peak hours.,0.38
9/26/2023 4:00,6.58,34.8,130,0.14,No action needed,0
9/26/2023 5:00,23.43,31.03,43,0.18,Reduce HVAC cooling to save energy.,0.21
9/26/2023 6:00,24.7,17.91,42,0.21,Shift heavy operations to off-peak hours.,0.36
9/26/2023 7:00,12.85,27.74,63,0.18,No action needed,0
9/26/2023 8:00,12.78,21.64,6,0.18,Turn off unnecessary lights in unoccupied areas.,0.07
9/26/2023 9:00,20.99,18.9,44,0.23,Shift heavy operations to off-peak hours.; Investigate devices left on overnight.,0.53
9/26/2023 10:00,10.98,18.51,135,0.28,Shift heavy operations to off-peak hours.,0.22
9/26/2023 11:00,14.44,24.43,128,0.12,No action needed,0
9/26/2023 12:00,6.86,28.07,57,0.22,Shift heavy operations to off-peak hours.,0.11
9/26/2023 13:00,9.99,17.66,8,0.12,Turn off unnecessary lights in unoccupied areas.,0.04
9/26/2023 14:00,17.67,17.22,10,0.13,Investigate devices left on overnight.,0.09
9/26/2023 15:00,12.34,27.38,138,0.17,No action needed,0
9/26/2023 16:00,20.95,24.68,150,0.27,Shift heavy operations to off-peak hours.,0.4
9/26/2023 17:00,19.3,17.96,35,0.14,Investigate devices left on overnight.,0.11
9/26/2023 18:00,11.74,29.74,120,0.15,No action needed,0
9/26/2023 19:00,6.06,24.54,7,0.29,Turn off unnecessary lights in unoccupied areas.; Shift heavy operations to off-peak hours.,0.18
9/26/2023 20:00,23.9,19.35,43,0.25,Shift heavy operations to off-peak hours.; Investigate devices left on overnight.,0.66
9/26/2023 21:00,17.67,29.37,129,0.18,No action needed,0
9/26/2023 22:00,13.99,19.77,89,0.15,No action needed,0
9/26/2023 23:00,7.45,25.66,137,0.2,No action needed,0
9/27/2023 0:00,16.37,17.09,141,0.2,No action needed,0
9/27/2023 1:00,13.78,28.84,127,0.22,Shift heavy operations to off-peak hours.,0.21
9/27/2023 2:00,24.55,33.83,48,0.18,Reduce HVAC cooling to save energy.,0.22
9/27/2023 3:00,9.91,29.52,22,0.12,No action needed,0
9/27/2023 4:00,23.53,28.85,104,0.15,Reduce HVAC cooling to save energy.,0.18
9/27/2023 5:00,23.8,23.18,18,0.23,Shift heavy operations to off-peak hours.,0.38
9/27/2023 6:00,15.12,18.76,41,0.1,Investigate devices left on overnight.,0.06
9/27/2023 7:00,13.48,28.78,85,0.16,No action needed,0
9/27/2023 8:00,7.2,30.57,122,0.28,Shift heavy operations to off-peak hours.,0.14
9/27/2023 9:00,21.25,21.1,114,0.18,No action needed,0
9/27/2023 10:00,21.18,22.99,31,0.28,Shift heavy operations to off-peak hours.; Investigate devices left on overnight.,0.65
9/27/2023 11:00,24.2,30.45,47,0.23,Reduce HVAC cooling to save energy.; Shift heavy operations to off-peak hours.,0.67
9/27/2023 12:00,19.31,32.3,134,0.1,No action needed,0
9/27/2023 13:00,14.32,16.03,97,0.18,No action needed,0
9/27/2023 14:00,9.84,34.09,60,0.26,Shift heavy operations to off-peak hours.,0.18
9/27/2023 15:00,12,32.58,135,0.19,No action needed,0
9/27/2023 16:00,16.89,22.73,146,0.28,Shift heavy operations to off-peak hours.,0.33
9/27/2023 17:00,13.11,28.87,75,0.17,No action needed,0
9/27/2023 18:00,18.74,27.66,100,0.3,Shift heavy operations to off-peak hours.,0.39
9/27/2023 19:00,10.74,28.66,59,0.18,Investigate devices left on overnight.,0.08
9/27/2023 20:00,11.34,31.43,135,0.16,No action needed,0
9/27/2023 21:00,17.85,22.8,97,0.14,No action needed,0
9/27/2023 22:00,6.77,23.23,80,0.13,No action needed,0
9/27/2023 23:00,12.27,24.81,89,0.25,Shift heavy operations to off-peak hours.; Investigate devices left on overnight.,0.34
9/28/2023 0:00,20.53,22.58,64,0.11,No action needed,0
9/28/2023 1:00,20.11,32.56,143,0.22,Reduce HVAC cooling to save energy.; Shift heavy operations to off-peak hours.,0.53
9/28/2023 2:00,6.29,20.15,77,0.21,Shift heavy operations to off-peak hours.,0.09
9/28/2023 3:00,20.62,27.36,51,0.22,Reduce HVAC cooling to save energy.; Shift heavy operations to off-peak hours.,0.54
9/28/2023 4:00,14.79,21.82,133,0.26,Shift heavy operations to off-peak hours.; Investigate devices left on overnight.,0.42
9/28/2023 5:00,10.05,32.16,17,0.28,Shift heavy operations to off-peak hours.,0.2
9/28/2023 6:00,23.5,26.98,51,0.24,Reduce HVAC cooling to save energy.; Shift heavy operations to off-peak hours.,0.68
9/28/2023 7:00,22.21,18.56,42,0.29,Shift heavy operations to off-peak hours.,0.45
9/28/2023 8:00,23.53,18.73,51,0.2,No action needed,0
9/28/2023 9:00,19.89,16.59,63,0.23,Shift heavy operations to off-peak hours.,0.32
9/28/2023 10:00,5.42,15.07,36,0.21,Shift heavy operations to off-peak hours.,0.08
9/28/2023 11:00,6.23,22.37,40,0.28,Shift heavy operations to off-peak hours.,0.12
9/28/2023 12:00,7.36,29.09,118,0.12,No action needed,0
9/28/2023 13:00,11.56,32.51,46,0.12,Investigate devices left on overnight.,0.06
9/28/2023 14:00,12.76,33.64,150,0.2,Investigate devices left on overnight.,0.1
9/28/2023 15:00,7.41,28.74,21,0.2,No action needed,0
9/28/2023 16:00,7,21.26,17,0.17,No action needed,0
9/28/2023 17:00,22.48,34.24,39,0.15,Reduce HVAC cooling to save energy.,0.17
9/28/2023 18:00,14.13,29.46,113,0.18,No action needed,0
9/28/2023 19:00,6.86,17.77,32,0.17,No action needed,0
9/28/2023 20:00,10.37,17.25,142,0.14,No action needed,0
9/28/2023 21:00,6.55,19.94,121,0.14,No action needed,0
9/28/2023 22:00,12.04,24.54,102,0.12,No action needed,0
9/28/2023 23:00,24.98,16.26,115,0.27,Shift heavy operations to off-peak hours.,0.47
9/29/2023 0:00,14.8,32.3,101,0.26,Shift heavy operations to off-peak hours.,0.27
9/29/2023 1:00,10.63,27.15,134,0.26,Shift heavy operations to off-peak hours.,0.19
9/29/2023 2:00,19.72,16.91,121,0.24,Shift heavy operations to off-peak hours.,0.33
9/29/2023 3:00,14.41,28.31,7,0.1,Turn off unnecessary lights in unoccupied areas.,0.04
9/29/2023 4:00,6.93,20.85,93,0.25,Shift heavy operations to off-peak hours.,0.12
9/29/2023 5:00,23.48,30.94,40,0.21,Reduce HVAC cooling to save energy.; Shift heavy operations to off-peak hours.,0.59
9/29/2023 6:00,19.36,33.18,7,0.16,Turn off unnecessary lights in unoccupied areas.,0.09
9/29/2023 7:00,16.7,18.33,59,0.27,Shift heavy operations to off-peak hours.,0.32
9/29/2023 8:00,5.86,30.93,54,0.25,Shift heavy operations to off-peak hours.,0.1
9/29/2023 9:00,23.85,18.19,128,0.17,No action needed,0
9/29/2023 10:00,16.07,27.03,11,0.24,Shift heavy operations to off-peak hours.; Investigate devices left on overnight.,0.42
9/29/2023 11:00,20.6,19.25,67,0.26,Shift heavy operations to off-peak hours.,0.37
9/29/2023 12:00,13.75,23.72,74,0.29,Shift heavy operations to off-peak hours.,0.28
9/29/2023 13:00,5.3,18.32,121,0.28,Shift heavy operations to off-peak hours.,0.1
9/29/2023 14:00,20.33,23.34,67,0.18,No action needed,0
9/29/2023 15:00,17.99,21.7,72,0.29,Shift heavy operations to off-peak hours.,0.37
9/29/2023 16:00,14.61,33.41,144,0.12,No action needed,0
9/29/2023 17:00,13.67,32.93,103,0.28,Shift heavy operations to off-peak hours.,0.27
9/29/2023 18:00,12.52,29.8,48,0.18,No action needed,0
9/29/2023 19:00,10.24,32,50,0.26,Shift heavy operations to off-peak hours.,0.19
9/29/2023 20:00,12.91,25.87,83,0.23,Shift heavy operations to off-peak hours.,0.21
9/29/2023 21:00,16.57,34.42,108,0.23,Shift heavy operations to off-peak hours.,0.27
9/29/2023 22:00,7.51,23.48,31,0.2,No action needed,0
9/29/2023 23:00,9.83,17.64,80,0.1,No action needed,0
9/30/2023 0:00,7.5,18.27,113,0.16,No action needed,0
9/30/2023 1:00,23.58,16.88,101,0.11,No action needed,0
9/30/2023 2:00,12.66,23.42,50,0.13,No action needed,0
9/30/2023 3:00,9.28,21.7,104,0.11,No action needed,0
9/30/2023 4:00,23.26,20.96,133,0.22,Shift heavy operations to off-peak hours.,0.36
9/30/2023 5:00,6.91,31.56,93,0.22,Shift heavy operations to off-peak hours.,0.11
9/30/2023 6:00,17.12,28.59,14,0.28,Shift heavy operations to off-peak hours.,0.34
9/30/2023 7:00,11.26,31.29,85,0.17,No action needed,0
9/30/2023 8:00,24.6,34.98,111,0.17,Reduce HVAC cooling to save energy.,0.21
9/30/2023 9:00,7.66,15.19,21,0.13,No action needed,0
9/30/2023 10:00,20.47,16.13,106,0.17,No action needed,0
9/30/2023 11:00,24.74,32.6,87,0.13,Reduce HVAC cooling to save energy.,0.16
9/30/2023 12:00,8.22,33.73,128,0.21,Shift heavy operations to off-peak hours.,0.12
9/30/2023 13:00,18.57,32.21,40,0.19,No action needed,0
9/30/2023 14:00,6.07,30.68,15,0.14,No action needed,0
9/30/2023 15:00,7.39,18.07,131,0.18,No action needed,0
9/30/2023 16:00,18.31,31.61,107,0.17,No action needed,0
9/30/2023 17:00,16.06,18.23,94,0.17,Investigate devices left on overnight.,0.11
9/30/2023 18:00,15.6,19.35,138,0.2,Investigate devices left on overnight.,0.12
9/30/2023 19:00,18.97,30.9,102,0.2,No action needed,0
9/30/2023 20:00,9.81,30.51,127,0.26,Shift heavy operations to off-peak hours.,0.18
9/30/2023 21:00,5.88,22.22,9,0.15,Turn off unnecessary lights in unoccupied areas.,0.03
9/30/2023 22:00,10.86,24.98,43,0.24,Shift heavy operations to off-peak hours.,0.18
9/30/2023 23:00,7.61,26.67,58,0.19,No action needed,0
10/1/2023 0:00,9.32,28.69,44,0.25,Shift heavy operations to off-peak hours.,0.16
10/1/2023 1:00,8.67,21.4,103,0.23,Shift heavy operations to off-peak hours.,0.14
10/1/2023 2:00,19.11,33.21,110,0.2,No action needed,0
10/1/2023 3:00,19.76,26.12,31,0.22,Shift heavy operations to off-peak hours.,0.3
10/1/2023 4:00,8.94,17.32,57,0.24,Shift heavy operations to off-peak hours.,0.15
10/1/2023 5:00,17.62,27.13,42,0.22,Shift heavy operations to off-peak hours.,0.27
10/1/2023 6:00,14.54,28.8,132,0.17,No action needed,0
10/1/2023 7:00,8.36,26.82,53,0.16,No action needed,0
10/1/2023 8:00,11.92,29.05,10,0.17,No action needed,0
10/1/2023 9:00,15.38,31.73,62,0.13,Investigate devices left on overnight.,0.08
10/1/2023 10:00,15.32,21.71,75,0.16,Investigate devices left on overnight.,0.1
10/1/2023 11:00,16.69,20.95,6,0.27,Turn off unnecessary lights in unoccupied areas.; Shift heavy operations to off-peak hours.; Investigate devices left on overnight.,0.63
10/1/2023 12:00,5.37,17.13,86,0.23,Shift heavy operations to off-peak hours.,0.09
10/1/2023 13:00,18.36,25.6,136,0.16,No action needed,0
10/1/2023 14:00,20.33,17.51,140,0.29,Shift heavy operations to off-peak hours.,0.41
10/1/2023 15:00,16.4,19.41,130,0.3,Shift heavy operations to off-peak hours.,0.34
10/1/2023 16:00,5.31,15.45,108,0.17,No action needed,0
10/1/2023 17:00,21.46,31.98,83,0.23,Reduce HVAC cooling to save energy.; Shift heavy operations to off-peak hours.,0.59
10/1/2023 18:00,21.22,28.12,26,0.12,Reduce HVAC cooling to save energy.; Investigate devices left on overnight.,0.23
10/1/2023 19:00,11.42,19.91,23,0.18,No action needed,0
10/1/2023 20:00,17.22,24.84,124,0.19,Investigate devices left on overnight.,0.13
10/1/2023 21:00,18.09,25.08,45,0.2,No action needed,0
10/1/2023 22:00,23.19,32.34,78,0.23,Reduce HVAC cooling to save energy.; Shift heavy operations to off-peak hours.; Investigate devices left on overnight.,0.85
10/1/2023 23:00,6.3,17.22,74,0.24,Shift heavy operations to off-peak hours.,0.11
10/2/2023 0:00,19.98,18.93,23,0.16,No action needed,0
10/2/2023 1:00,21.96,26.31,78,0.28,Reduce HVAC cooling to save energy.; Shift heavy operations to off-peak hours.,0.74
10/2/2023 2:00,17.98,20.7,46,0.22,Shift heavy operations to off-peak hours.,0.28
10/2/2023 3:00,23.88,19.95,6,0.13,Turn off unnecessary lights in unoccupied areas.,0.09
10/2/2023 4:00,23.63,24.47,126,0.19,No action needed,0
10/2/2023 5:00,14.89,21.18,116,0.29,Shift heavy operations to off-peak hours.,0.3
10/2/2023 6:00,11.65,26.27,106,0.22,Shift heavy operations to off-peak hours.; Investigate devices left on overnight.,0.28
10/2/2023 7:00,10.42,30.06,26,0.12,Investigate devices left on overnight.,0.05
10/2/2023 8:00,21.95,17.23,114,0.11,No action needed,0
10/2/2023 9:00,20.41,18.56,94,0.12,No action needed,0
10/2/2023 10:00,9.33,24.35,53,0.21,Shift heavy operations to off-peak hours.,0.14
10/2/2023 11:00,19.19,18.8,109,0.17,Investigate devices left on overnight.,0.13
10/2/2023 12:00,5.11,19.85,109,0.23,Shift heavy operations to off-peak hours.,0.08
10/2/2023 13:00,17.52,26.56,147,0.21,Shift heavy operations to off-peak hours.,0.26
10/2/2023 14:00,8.17,18.13,142,0.29,Shift heavy operations to off-peak hours.,0.17
10/2/2023 15:00,14.91,23.82,45,0.17,No action needed,0
10/2/2023 16:00,9.22,22.74,102,0.13,No action needed,0
10/2/2023 17:00,23.71,29.95,89,0.18,Reduce HVAC cooling to save energy.,0.21
10/2/2023 18:00,14.69,15.9,51,0.12,No action needed,0
10/2/2023 19:00,19.2,22.23,16,0.24,Shift heavy operations to off-peak hours.,0.32
10/2/2023 20:00,9.47,19.03,119,0.23,Shift heavy operations to off-peak hours.,0.15
10/2/2023 21:00,24.8,17.05,46,0.22,Shift heavy operations to off-peak hours.,0.38
10/2/2023 22:00,15.06,22.04,77,0.18,Investigate devices left on overnight.,0.11
10/2/2023 23:00,24.18,16.52,33,0.2,No action needed,0
10/3/2023 0:00,6.78,20.52,138,0.26,Shift heavy operations to off-peak hours.,0.12
10/3/2023 1:00,14.28,28.83,25,0.12,No action needed,0
10/3/2023 2:00,6.45,33.04,83,0.22,Shift heavy operations to off-peak hours.,0.1
10/3/2023 3:00,9.21,16.3,149,0.16,No action needed,0
10/3/2023 4:00,23.7,33.84,33,0.14,Reduce HVAC cooling to save energy.,0.17
10/3/2023 5:00,16.45,32.14,20,0.23,Shift heavy operations to off-peak hours.,0.26
10/3/2023 6:00,16.76,15.1,46,0.16,Investigate devices left on overnight.,0.11
10/3/2023 7:00,7.22,25.2,34,0.29,Shift heavy operations to off-peak hours.,0.15
10/3/2023 8:00,7.7,26.69,62,0.2,No action needed,0
10/3/2023 9:00,24.26,21.39,15,0.17,No action needed,0
10/3/2023 10:00,23.36,31.47,126,0.27,Reduce HVAC cooling to save energy.; Shift heavy operations to off-peak hours.,0.76
10/3/2023 11:00,21.04,20.23,141,0.28,Shift heavy operations to off-peak hours.,0.41
10/3/2023 12:00,8.19,31.06,20,0.24,Shift heavy operations to off-peak hours.,0.14
10/3/2023 13:00,6.05,25.88,148,0.12,No action needed,0
10/3/2023 14:00,10.81,16.26,80,0.18,No action needed,0
10/3/2023 15:00,7.79,28.74,31,0.27,Shift heavy operations to off-peak hours.,0.15
10/3/2023 16:00,5.79,19.28,13,0.11,No action needed,0
10/3/2023 17:00,19.07,30.24,26,0.22,Shift heavy operations to off-peak hours.; Investigate devices left on overnight.,0.46
10/3/2023 18:00,16.86,19.95,45,0.24,Shift heavy operations to off-peak hours.,0.28
10/3/2023 19:00,23.97,28.05,38,0.1,Reduce HVAC cooling to save energy.,0.12
10/3/2023 20:00,18.29,16.84,19,0.18,No action needed,0
10/3/2023 21:00,8.27,23.12,121,0.19,No action needed,0
10/3/2023 22:00,23.3,31.5,19,0.17,Reduce HVAC cooling to save energy.,0.2
10/3/2023 23:00,9.95,25.13,90,0.28,Shift heavy operations to off-peak hours.,0.2
10/4/2023 0:00,16.9,21.24,28,0.17,No action needed,0
10/4/2023 1:00,11.36,26.25,46,0.24,Shift heavy operations to off-peak hours.,0.19
10/4/2023 2:00,14.11,25.41,144,0.16,No action needed,0
10/4/2023 3:00,16.32,21.51,103,0.24,Shift heavy operations to off-peak hours.,0.27
10/4/2023 4:00,16.46,33.24,68,0.27,Shift heavy operations to off-peak hours.,0.31
10/4/2023 5:00,15.57,24.82,85,0.29,Shift heavy operations to off-peak hours.; Investigate devices left on overnight.,0.5
10/4/2023 6:00,16.37,20.19,119,0.2,No action needed,0
10/4/2023 7:00,21.26,26.79,139,0.16,Reduce HVAC cooling to save energy.,0.17
10/4/2023 8:00,7.71,33.46,51,0.21,Shift heavy operations to off-peak hours.,0.11
10/4/2023 9:00,13.68,20.54,49,0.23,Shift heavy operations to off-peak hours.,0.22
10/4/2023 10:00,14.9,28.25,65,0.13,No action needed,0
10/4/2023 11:00,21.2,32.9,115,0.27,Reduce HVAC cooling to save energy.; Shift heavy operations to off-peak hours.,0.69
10/4/2023 12:00,19.28,19.71,60,0.24,Shift heavy operations to off-peak hours.,0.32
10/4/2023 13:00,17.04,28.14,60,0.22,Shift heavy operations to off-peak hours.,0.26
10/4/2023 14:00,19.98,19.14,98,0.29,Shift heavy operations to off-peak hours.,0.41
10/4/2023 15:00,7.49,33.52,68,0.18,No action needed,0
10/4/2023 16:00,23.21,21,25,0.22,Shift heavy operations to off-peak hours.,0.36
10/4/2023 17:00,6.29,16.45,65,0.17,No action needed,0
10/4/2023 18:00,17.37,16.69,31,0.29,Shift heavy operations to off-peak hours.,0.35
10/4/2023 19:00,6.06,26.74,67,0.28,Shift heavy operations to off-peak hours.,0.12
10/4/2023 20:00,12.35,25.17,98,0.21,Shift heavy operations to off-peak hours.,0.18
10/4/2023 21:00,5.05,26.53,59,0.14,No action needed,0
10/4/2023 22:00,22.24,23.88,54,0.21,Shift heavy operations to off-peak hours.,0.33
10/4/2023 23:00,23.13,16.97,117,0.11,No action needed,0
10/5/2023 0:00,14.37,24.78,134,0.24,Shift heavy operations to off-peak hours.,0.24
10/5/2023 1:00,10.74,30.65,81,0.29,Shift heavy operations to off-peak hours.,0.22
10/5/2023 2:00,13.27,22.37,68,0.18,No action needed,0
10/5/2023 3:00,11.04,30.61,82,0.28,Shift heavy operations to off-peak hours.,0.22
10/5/2023 4:00,14.9,27.46,27,0.23,Shift heavy operations to off-peak hours.; Investigate devices left on overnight.,0.38
10/5/2023 5:00,23.98,28.07,85,0.21,Reduce HVAC cooling to save energy.; Shift heavy operations to off-peak hours.,0.6
10/5/2023 6:00,7.7,21.87,105,0.14,No action needed,0
10/5/2023 7:00,6.01,25.76,148,0.22,Shift heavy operations to off-peak hours.,0.09
10/5/2023 8:00,19.94,22.15,90,0.28,Shift heavy operations to off-peak hours.,0.39
10/5/2023 9:00,12.46,34.24,8,0.17,Turn off unnecessary lights in unoccupied areas.; Investigate devices left on overnight.,0.15
10/5/2023 10:00,11.96,17.14,14,0.16,Investigate devices left on overnight.,0.08
10/5/2023 11:00,20.71,23.17,28,0.15,No action needed,0
10/5/2023 12:00,17.75,17.14,119,0.16,Investigate devices left on overnight.,0.11
10/5/2023 13:00,18.78,26.24,128,0.2,Investigate devices left on overnight.,0.15
10/5/2023 14:00,15.64,28.19,5,0.14,Turn off unnecessary lights in unoccupied areas.,0.07
10/5/2023 15:00,9.86,32.98,37,0.26,Shift heavy operations to off-peak hours.,0.18
10/5/2023 16:00,23.11,25.28,35,0.18,Reduce HVAC cooling to save energy.,0.21
10/5/2023 17:00,14.06,18,137,0.15,Investigate devices left on overnight.,0.08
10/5/2023 18:00,17.32,18.96,45,0.24,Shift heavy operations to off-peak hours.,0.29
10/5/2023 19:00,8.64,24.18,42,0.25,Shift heavy operations to off-peak hours.,0.15
10/5/2023 20:00,23.52,19.84,7,0.13,Turn off unnecessary lights in unoccupied areas.,0.09
10/5/2023 21:00,10.97,19.38,105,0.3,Shift heavy operations to off-peak hours.,0.23
10/5/2023 22:00,14.26,18.26,103,0.17,No action needed,0
10/5/2023 23:00,20.5,20.25,73,0.29,Shift heavy operations to off-peak hours.,0.42
10/6/2023 0:00,23.09,34.41,126,0.25,Reduce HVAC cooling to save energy.; Shift heavy operations to off-peak hours.,0.69
10/6/2023 1:00,7.9,30.61,28,0.13,No action needed,0
10/6/2023 2:00,22.1,23.55,139,0.21,Shift heavy operations to off-peak hours.,0.32
10/6/2023 3:00,10.41,31.66,89,0.12,No action needed,0
10/6/2023 4:00,23.32,22.74,133,0.29,Shift heavy operations to off-peak hours.,0.47
10/6/2023 5:00,7.22,25.31,53,0.28,Shift heavy operations to off-peak hours.,0.14
10/6/2023 6:00,15.71,34.05,53,0.12,Investigate devices left on overnight.,0.08
10/6/2023 7:00,8.65,31.16,46,0.13,No action needed,0
10/6/2023 8:00,11.39,29.13,103,0.14,No action needed,0
10/6/2023 9:00,10.15,31.27,74,0.22,Shift heavy operations to off-peak hours.,0.16
10/6/2023 10:00,19.34,27.43,88,0.27,Shift heavy operations to off-peak hours.; Investigate devices left on overnight.,0.57
10/6/2023 11:00,7.23,34.11,42,0.16,No action needed,0
10/6/2023 12:00,6.13,28.51,108,0.15,No action needed,0
10/6/2023 13:00,17.23,15,104,0.14,No action needed,0
10/6/2023 14:00,14.99,25.79,35,0.12,No action needed,0
10/6/2023 15:00,12.44,24.44,115,0.13,Investigate devices left on overnight.,0.06
10/6/2023 16:00,17.96,20.76,140,0.24,Shift heavy operations to off-peak hours.,0.3
10/6/2023 17:00,5.3,27.48,28,0.2,No action needed,0
10/6/2023 18:00,12.93,32.33,10,0.18,Investigate devices left on overnight.,0.09
10/6/2023 19:00,8.13,22.32,59,0.28,Shift heavy operations to off-peak hours.,0.16
10/6/2023 20:00,16.41,29.56,94,0.19,No action needed,0
10/6/2023 21:00,10.87,16.09,109,0.24,Shift heavy operations to off-peak hours.,0.18
10/6/2023 22:00,8.87,25.63,114,0.29,Shift heavy operations to off-peak hours.,0.18
10/6/2023 23:00,20.27,22.91,12,0.14,No action needed,0
10/7/2023 0:00,19.95,17.46,95,0.11,Investigate devices left on overnight.,0.09
10/7/2023 1:00,18.9,30.58,20,0.2,No action needed,0
10/7/2023 2:00,20.21,16.7,37,0.12,No action needed,0
10/7/2023 3:00,23.72,30.79,42,0.15,Reduce HVAC cooling to save energy.,0.18
10/7/2023 4:00,20.01,29.2,43,0.3,Reduce HVAC cooling to save energy.; Shift heavy operations to off-peak hours.,0.72
10/7/2023 5:00,19.41,30.41,144,0.25,Shift heavy operations to off-peak hours.; Investigate devices left on overnight.,0.53
10/7/2023 6:00,23.25,21.7,118,0.19,No action needed,0
10/7/2023 7:00,21.98,20.1,150,0.18,No action needed,0
10/7/2023 8:00,17.91,34.59,68,0.18,No action needed,0
10/7/2023 9:00,22.69,20.34,19,0.15,Investigate devices left on overnight.,0.14
10/7/2023 10:00,10.67,18.16,28,0.23,Shift heavy operations to off-peak hours.; Investigate devices left on overnight.,0.27
10/7/2023 11:00,7.67,27.61,149,0.25,Shift heavy operations to off-peak hours.,0.13
10/7/2023 12:00,16.49,23.71,143,0.14,Investigate devices left on overnight.,0.09
10/7/2023 13:00,21.78,29.76,98,0.25,Reduce HVAC cooling to save energy.; Shift heavy operations to off-peak hours.; Investigate devices left on overnight.,0.87
10/7/2023 14:00,20.76,34.45,57,0.16,Reduce HVAC cooling to save energy.,0.17
10/7/2023 15:00,19.33,30.34,26,0.21,Shift heavy operations to off-peak hours.,0.28
10/7/2023 16:00,16.19,32.15,70,0.18,Investigate devices left on overnight.,0.12
10/7/2023 17:00,6.96,30.98,46,0.11,No action needed,0
10/7/2023 18:00,17.81,18.96,42,0.27,Shift heavy operations to off-peak hours.; Investigate devices left on overnight.,0.53
10/7/2023 19:00,24.37,29.98,65,0.25,Reduce HVAC cooling to save energy.; Shift heavy operations to off-peak hours.,0.73
10/7/2023 20:00,17.75,20.5,116,0.28,Shift heavy operations to off-peak hours.,0.35
10/7/2023 21:00,10.29,18.15,72,0.28,Shift heavy operations to off-peak hours.; Investigate devices left on overnight.,0.32
10/7/2023 22:00,10.93,15.76,108,0.22,Shift heavy operations to off-peak hours.,0.17
10/7/2023 23:00,5.65,16.61,21,0.16,No action needed,0
10/8/2023 0:00,19.26,15.76,90,0.23,Shift heavy operations to off-peak hours.; Investigate devices left on overnight.,0.49
10/8/2023 1:00,18.56,23.48,58,0.27,Shift heavy operations to off-peak hours.,0.35
10/8/2023 2:00,5.91,31.53,71,0.12,No action needed,0
10/8/2023 3:00,6.04,24.72,92,0.2,No action needed,0
10/8/2023 4:00,12.1,17.02,109,0.16,No action needed,0
10/8/2023 5:00,7.17,19.4,119,0.29,Shift heavy operations to off-peak hours.,0.15
10/8/2023 6:00,5.93,18.77,129,0.2,No action needed,0
10/8/2023 7:00,21.41,26.01,102,0.11,Reduce HVAC cooling to save energy.,0.12
10/8/2023 8:00,15.7,27.42,123,0.15,Investigate devices left on overnight.,0.09
10/8/2023 9:00,5.45,19.51,110,0.15,No action needed,0
10/8/2023 10:00,8.1,22.82,136,0.2,No action needed,0
10/8/2023 11:00,17.89,29.98,35,0.15,No action needed,0
10/8/2023 12:00,17.73,20.05,34,0.25,Shift heavy operations to off-peak hours.,0.31
10/8/2023 13:00,23.92,20.59,56,0.23,Shift heavy operations to off-peak hours.,0.39
10/8/2023 14:00,11.12,27.35,129,0.21,Shift heavy operations to off-peak hours.,0.16
10/8/2023 15:00,9.37,26.95,55,0.24,Shift heavy operations to off-peak hours.,0.16
10/8/2023 16:00,5.53,34.21,12,0.2,No action needed,0
10/8/2023 17:00,14.92,20.88,23,0.22,Shift heavy operations to off-peak hours.; Investigate devices left on overnight.,0.36
10/8/2023 18:00,13.9,15.29,102,0.1,Investigate devices left on overnight.,0.06
10/8/2023 19:00,22.41,16.03,8,0.18,Turn off unnecessary lights in unoccupied areas.,0.12
10/8/2023 20:00,5.96,22.26,11,0.16,No action needed,0
10/8/2023 21:00,6.04,16.81,111,0.19,No action needed,0
10/8/2023 22:00,13.6,32.39,124,0.28,Shift heavy operations to off-peak hours.,0.27
10/8/2023 23:00,10.75,28.86,105,0.15,No action needed,0
10/9/2023 0:00,21.63,16.32,72,0.17,No action needed,0
10/9/2023 1:00,21.78,28.08,10,0.15,Reduce HVAC cooling to save energy.,0.16
10/9/2023 2:00,18.25,20.69,81,0.1,Investigate devices left on overnight.,0.07
10/9/2023 3:00,17.68,34.45,10,0.12,No action needed,0
10/9/2023 4:00,6.33,16.16,63,0.18,No action needed,0
10/9/2023 5:00,22.45,18.52,132,0.29,Shift heavy operations to off-peak hours.,0.46
10/9/2023 6:00,22.64,23.53,124,0.28,Shift heavy operations to off-peak hours.,0.44
10/9/2023 7:00,11.67,18.18,39,0.27,Shift heavy operations to off-peak hours.; Investigate devices left on overnight.,0.35
10/9/2023 8:00,5.68,31.1,53,0.18,No action needed,0
10/9/2023 9:00,24.42,26.28,117,0.25,Reduce HVAC cooling to save energy.; Shift heavy operations to off-peak hours.,0.73
10/9/2023 10:00,12.68,20.7,20,0.29,Shift heavy operations to off-peak hours.,0.26
10/9/2023 11:00,16.78,22.26,32,0.2,No action needed,0
10/9/2023 12:00,11.34,22.74,134,0.21,Shift heavy operations to off-peak hours.,0.17
10/9/2023 13:00,16.63,25.94,114,0.16,No action needed,0
10/9/2023 14:00,21.82,17.33,126,0.13,No action needed,0
10/9/2023 15:00,12.9,29.72,131,0.25,Shift heavy operations to off-peak hours.,0.23
10/9/2023 16:00,12.6,28.02,23,0.11,No action needed,0
10/9/2023 17:00,21.5,34.7,134,0.13,Reduce HVAC cooling to save energy.,0.14
10/9/2023 18:00,13.24,18.97,81,0.22,Shift heavy operations to off-peak hours.,0.2
10/9/2023 19:00,8.2,30.69,148,0.25,Shift heavy operations to off-peak hours.,0.14
10/9/2023 20:00,11.45,32.49,132,0.25,Shift heavy operations to off-peak hours.; Investigate devices left on overnight.,0.31
10/9/2023 21:00,10.33,21.6,148,0.21,Shift heavy operations to off-peak hours.,0.15
10/9/2023 22:00,24.67,31.66,54,0.24,Reduce HVAC cooling to save energy.; Shift heavy operations to off-peak hours.,0.71
10/9/2023 23:00,16.92,31,42,0.11,No action needed,0
10/10/2023 0:00,12.02,28.94,18,0.2,Investigate devices left on overnight.,0.1
10/10/2023 1:00,15.55,33.82,74,0.17,No action needed,0
10/10/2023 2:00,13.35,28.34,136,0.27,Shift heavy operations to off-peak hours.,0.25
10/10/2023 3:00,11.11,17.52,81,0.28,Shift heavy operations to off-peak hours.,0.22
10/10/2023 4:00,17.19,30.26,10,0.27,Shift heavy operations to off-peak hours.,0.32
10/10/2023 5:00,24.35,33.49,27,0.29,Reduce HVAC cooling to save energy.; Shift heavy operations to off-peak hours.,0.85
10/10/2023 6:00,19.6,27.22,27,0.3,Shift heavy operations to off-peak hours.; Investigate devices left on overnight.,0.65
10/10/2023 7:00,22.97,15.74,99,0.14,No action needed,0
10/10/2023 8:00,18.69,25.87,104,0.3,Shift heavy operations to off-peak hours.,0.39
10/10/2023 9:00,8.19,18.78,99,0.25,Shift heavy operations to off-peak hours.,0.14
10/10/2023 10:00,5.1,27.78,40,0.15,No action needed,0
10/10/2023 11:00,16.97,33.84,50,0.14,No action needed,0
10/10/2023 12:00,10.13,24.99,24,0.25,Shift heavy operations to off-peak hours.,0.18
10/10/2023 13:00,9.39,20.45,30,0.14,No action needed,0
10/10/2023 14:00,8.71,32.65,141,0.16,No action needed,0
10/10/2023 15:00,7.2,20.65,44,0.16,No action needed,0
10/10/2023 16:00,23.38,33.91,67,0.25,Reduce HVAC cooling to save energy.; Shift heavy operations to off-peak hours.; Investigate devices left on overnight.,0.94
10/10/2023 17:00,6.82,30.73,87,0.29,Shift heavy operations to off-peak hours.,0.14
10/10/2023 18:00,23.71,26.51,58,0.16,Reduce HVAC cooling to save energy.,0.19
10/10/2023 19:00,21.17,19.86,106,0.18,Investigate devices left on overnight.,0.15
10/10/2023 20:00,13.61,22.22,22,0.25,Shift heavy operations to off-peak hours.,0.24
10/10/2023 21:00,24.38,30.54,93,0.21,Reduce HVAC cooling to save energy.; Shift heavy operations to off-peak hours.,0.61
10/10/2023 22:00,12.11,28.86,149,0.21,Shift heavy operations to off-peak hours.,0.18
10/10/2023 23:00,16.55,23.55,88,0.22,Shift heavy operations to off-peak hours.,0.25
10/11/2023 0:00,8.98,26.17,130,0.25,Shift heavy operations to off-peak hours.,0.16
10/11/2023 1:00,10.3,16,25,0.12,No action needed,0
10/11/2023 2:00,24.41,34.99,61,0.28,Reduce HVAC cooling to save energy.; Shift heavy operations to off-peak hours.,0.82
10/11/2023 3:00,10.58,18.15,33,0.13,Investigate devices left on overnight.,0.06
10/11/2023 4:00,14.01,17.37,145,0.21,Shift heavy operations to off-peak hours.,0.21
10/11/2023 5:00,12.19,34.32,19,0.21,Shift heavy operations to off-peak hours.,0.18
10/11/2023 6:00,13.78,19.67,118,0.11,No action needed,0
10/11/2023 7:00,23.35,29.66,12,0.13,Reduce HVAC cooling to save energy.; Investigate devices left on overnight.,0.27
10/11/2023 8:00,22.21,31.18,33,0.11,Reduce HVAC cooling to save energy.,0.12
10/11/2023 9:00,15.03,25.83,27,0.25,Shift heavy operations to off-peak hours.,0.26
10/11/2023 10:00,19.63,17.65,132,0.23,Shift heavy operations to off-peak hours.,0.32
10/11/2023 11:00,19.32,26.48,13,0.22,Shift heavy operations to off-peak hours.,0.3
10/11/2023 12:00,15.15,16.55,132,0.26,Shift heavy operations to off-peak hours.,0.28
10/11/2023 13:00,8.53,22.28,130,0.27,Shift heavy operations to off-peak hours.,0.16
10/11/2023 14:00,17.44,34.31,119,0.12,No action needed,0
10/11/2023 15:00,18.98,15.14,72,0.15,No action needed,0
10/11/2023 16:00,12.03,17.13,103,0.22,Shift heavy operations to off-peak hours.,0.19
10/11/2023 17:00,7.37,32,71,0.17,No action needed,0
10/11/2023 18:00,14,30.19,90,0.18,No action needed,0
10/11/2023 19:00,21.55,24.57,80,0.2,Investigate devices left on overnight.,0.17
10/11/2023 20:00,20.62,26.7,61,0.15,Reduce HVAC cooling to save energy.,0.15
10/11/2023 21:00,21.25,15.45,91,0.2,No action needed,0
10/11/2023 22:00,21.12,34.44,95,0.11,Reduce HVAC cooling to save energy.,0.12
10/11/2023 23:00,9.18,33.42,65,0.22,Shift heavy operations to off-peak hours.,0.14
10/12/2023 0:00,14.14,19.37,67,0.11,No action needed,0
10/12/2023 1:00,13.3,30.3,135,0.22,Shift heavy operations to off-peak hours.,0.2
10/12/2023 2:00,17.75,30.07,114,0.27,Shift heavy operations to off-peak hours.,0.34
10/12/2023 3:00,21.33,31.88,86,0.25,Reduce HVAC cooling to save energy.; Shift heavy operations to off-peak hours.,0.64
10/12/2023 4:00,11.39,34.78,128,0.29,Shift heavy operations to off-peak hours.,0.23
10/12/2023 5:00,13.87,28.13,59,0.29,Shift heavy operations to off-peak hours.,0.28
10/12/2023 6:00,9.99,17.96,147,0.25,Shift heavy operations to off-peak hours.,0.17
10/12/2023 7:00,11.59,32.87,126,0.23,Shift heavy operations to off-peak hours.,0.19
10/12/2023 8:00,22.4,27.24,116,0.18,Reduce HVAC cooling to save energy.,0.2
10/12/2023 9:00,23.37,27.86,121,0.21,Reduce HVAC cooling to save energy.; Shift heavy operations to off-peak hours.,0.59
10/12/2023 10:00,8.16,31.27,99,0.15,No action needed,0
10/12/2023 11:00,5.7,25.05,131,0.14,No action needed,0
10/12/2023 12:00,8.41,31.62,10,0.17,No action needed,0
10/12/2023 13:00,5.27,28.61,17,0.21,Shift heavy operations to off-peak hours.,0.08
10/12/2023 14:00,19.18,24.2,65,0.16,No action needed,0
10/12/2023 15:00,13.4,28.09,77,0.12,No action needed,0
10/12/2023 16:00,23.7,18.66,86,0.13,No action needed,0
10/12/2023 17:00,6.47,34.64,122,0.17,No action needed,0
10/12/2023 18:00,19.07,18.62,24,0.29,Shift heavy operations to off-peak hours.,0.39
10/12/2023 19:00,18.48,27.22,26,0.29,Shift heavy operations to off-peak hours.; Investigate devices left on overnight.,0.59
10/12/2023 20:00,20.52,31.57,119,0.16,Reduce HVAC cooling to save energy.,0.16
10/12/2023 21:00,19.8,26.22,21,0.23,Shift heavy operations to off-peak hours.,0.32
10/12/2023 22:00,24.2,18.3,23,0.29,Shift heavy operations to off-peak hours.,0.49
10/12/2023 23:00,14.65,15.48,130,0.2,Investigate devices left on overnight.,0.12
10/13/2023 0:00,18.46,28.8,146,0.12,No action needed,0
10/13/2023 1:00,8.54,30.07,117,0.23,Shift heavy operations to off-peak hours.,0.14
10/13/2023 2:00,23.92,34.88,67,0.18,Reduce HVAC cooling to save energy.,0.22
10/13/2023 3:00,20.43,33.55,41,0.11,Reduce HVAC cooling to save energy.,0.11
10/13/2023 4:00,19.73,16.5,9,0.21,Turn off unnecessary lights in unoccupied areas.; Shift heavy operations to off-peak hours.,0.41
10/13/2023 5:00,23.09,27.36,80,0.28,Reduce HVAC cooling to save energy.; Shift heavy operations to off-peak hours.,0.78
10/13/2023 6:00,11.67,27.22,125,0.12,No action needed,0
10/13/2023 7:00,17.02,15.48,7,0.23,Turn off unnecessary lights in unoccupied areas.; Shift heavy operations to off-peak hours.,0.39
10/13/2023 8:00,22.16,26.53,142,0.22,Reduce HVAC cooling to save energy.; Shift heavy operations to off-peak hours.,0.59
10/13/2023 9:00,14.1,32.1,93,0.19,Investigate devices left on overnight.,0.11
10/13/2023 10:00,22.11,29.58,146,0.29,Reduce HVAC cooling to save energy.; Shift heavy operations to off-peak hours.,0.77
10/13/2023 11:00,18.34,16.14,46,0.16,Investigate devices left on overnight.,0.12
10/13/2023 12:00,7.8,19.98,31,0.21,Shift heavy operations to off-peak hours.,0.11
10/13/2023 13:00,14.26,31.89,132,0.13,No action needed,0
10/13/2023 14:00,21.94,26.74,12,0.22,Reduce HVAC cooling to save energy.; Shift heavy operations to off-peak hours.; Investigate devices left on overnight.,0.77
10/13/2023 15:00,11.48,23.93,115,0.13,No action needed,0
10/13/2023 16:00,12.83,29.17,28,0.14,No action needed,0
10/13/2023 17:00,13.65,19.41,138,0.29,Shift heavy operations to off-peak hours.,0.28
10/13/2023 18:00,7.92,24.28,148,0.25,Shift heavy operations to off-peak hours.,0.14
10/13/2023 19:00,9.9,27.51,150,0.22,Shift heavy operations to off-peak hours.,0.15
10/13/2023 20:00,9.81,24.5,59,0.25,Shift heavy operations to off-peak hours.,0.17
10/13/2023 21:00,9.46,19.85,135,0.14,No action needed,0
10/13/2023 22:00,9.99,24.2,115,0.21,Shift heavy operations to off-peak hours.,0.15
10/13/2023 23:00,20.45,19.67,67,0.18,No action needed,0
10/14/2023 0:00,9.93,26.17,108,0.14,No action needed,0
10/14/2023 1:00,14.22,23.96,33,0.14,No action needed,0
10/14/2023 2:00,22.9,33.26,38,0.22,Reduce HVAC cooling to save energy.; Shift heavy operations to off-peak hours.,0.6
10/14/2023 3:00,12.72,15.77,125,0.29,Shift heavy operations to off-peak hours.,0.26
10/14/2023 4:00,10.18,26.9,117,0.29,Shift heavy operations to off-peak hours.,0.21
10/14/2023 5:00,8.92,22.43,61,0.26,Shift heavy operations to off-peak hours.,0.16
10/14/2023 6:00,9.65,16.34,127,0.13,No action needed,0
10/14/2023 7:00,9.93,15.85,8,0.29,Turn off unnecessary lights in unoccupied areas.; Shift heavy operations to off-peak hours.,0.29
10/14/2023 8:00,18.5,27.22,135,0.17,No action needed,0
10/14/2023 9:00,12.81,32.66,91,0.29,Shift heavy operations to off-peak hours.,0.26
10/14/2023 10:00,6.61,25.1,86,0.11,No action needed,0
10/14/2023 11:00,9.98,27.43,89,0.19,No action needed,0
10/14/2023 12:00,17.55,27.21,48,0.23,Shift heavy operations to off-peak hours.; Investigate devices left on overnight.,0.44
10/14/2023 13:00,7.38,31.75,87,0.26,Shift heavy operations to off-peak hours.,0.13
10/14/2023 14:00,22.15,18.91,149,0.29,Shift heavy operations to off-peak hours.,0.45
10/14/2023 15:00,22.66,33.28,86,0.19,Reduce HVAC cooling to save energy.; Investigate devices left on overnight.,0.39
10/14/2023 16:00,14.14,21.86,6,0.2,Turn off unnecessary lights in unoccupied areas.,0.08
10/14/2023 17:00,22.78,24.24,117,0.3,Shift heavy operations to off-peak hours.; Investigate devices left on overnight.,0.75
10/14/2023 18:00,23.96,26.84,40,0.25,Reduce HVAC cooling to save energy.; Shift heavy operations to off-peak hours.,0.72
10/14/2023 19:00,17.6,24.5,9,0.16,Turn off unnecessary lights in unoccupied areas.,0.08
10/14/2023 20:00,7.88,33.93,39,0.27,Shift heavy operations to off-peak hours.,0.15
10/14/2023 21:00,9.78,32.77,100,0.25,Shift heavy operations to off-peak hours.,0.17
10/14/2023 22:00,6.61,19.29,146,0.12,No action needed,0
10/14/2023 23:00,15.38,19.09,62,0.16,No action needed,0
10/15/2023 0:00,13.08,25.69,108,0.14,No action needed,0
10/15/2023 1:00,21.58,15.2,14,0.17,No action needed,0
10/15/2023 2:00,19.51,33.57,29,0.12,Investigate devices left on overnight.,0.09
10/15/2023 3:00,24.39,19.68,28,0.12,No action needed,0
10/15/2023 4:00,20.43,23.35,107,0.18,No action needed,0
10/15/2023 5:00,15.59,21.71,133,0.2,Investigate devices left on overnight.,0.12
10/15/2023 6:00,11.31,19.6,19,0.2,No action needed,0
10/15/2023 7:00,24.64,21.48,42,0.13,Investigate devices left on overnight.,0.13
10/15/2023 8:00,10.06,18.77,16,0.27,Shift heavy operations to off-peak hours.,0.19
10/15/2023 9:00,16.42,22.3,129,0.28,Shift heavy operations to off-peak hours.,0.32
10/15/2023 10:00,22.5,21.71,82,0.12,Investigate devices left on overnight.,0.11
10/15/2023 11:00,15.85,15.96,38,0.15,Investigate devices left on overnight.,0.1
10/15/2023 12:00,7.36,31.57,147,0.1,No action needed,0
10/15/2023 13:00,19.4,33.56,117,0.11,No action needed,0
10/15/2023 14:00,7.9,34.58,64,0.15,No action needed,0
10/15/2023 15:00,15.3,28.42,50,0.17,Investigate devices left on overnight.,0.1
10/15/2023 16:00,19.41,15.38,100,0.13,Investigate devices left on overnight.,0.1
10/15/2023 17:00,24.91,28.89,16,0.24,Reduce HVAC cooling to save energy.; Shift heavy operations to off-peak hours.,0.72
10/15/2023 18:00,6.17,31.59,48,0.2,No action needed,0
10/15/2023 19:00,14.36,21.5,144,0.26,Shift heavy operations to off-peak hours.,0.26
10/15/2023 20:00,9.57,18.93,126,0.18,No action needed,0
10/15/2023 21:00,21.36,27.7,65,0.28,Reduce HVAC cooling to save energy.; Shift heavy operations to off-peak hours.,0.72
10/15/2023 22:00,6.37,27.48,26,0.28,Shift heavy operations to off-peak hours.,0.12
10/15/2023 23:00,22.34,20.47,19,0.28,Shift heavy operations to off-peak hours.,0.44
10/16/2023 0:00,7.98,34.02,76,0.25,Shift heavy operations to off-peak hours.,0.14
10/16/2023 1:00,24.65,26.08,83,0.17,Reduce HVAC cooling to save energy.,0.21
10/16/2023 2:00,16.49,34.49,102,0.15,No action needed,0
10/16/2023 3:00,10.45,15.8,115,0.19,No action needed,0
10/16/2023 4:00,20.87,25.19,5,0.16,Reduce HVAC cooling to save energy.; Turn off unnecessary lights in unoccupied areas.,0.27
10/16/2023 5:00,10.8,15.37,119,0.22,Shift heavy operations to off-peak hours.,0.17
10/16/2023 6:00,12.97,30.39,112,0.11,Investigate devices left on overnight.,0.06
10/16/2023 7:00,8.78,26.15,113,0.29,Shift heavy operations to off-peak hours.,0.18
10/16/2023 8:00,13.79,28.24,111,0.2,No action needed,0
10/16/2023 9:00,14.66,18.88,89,0.11,No action needed,0
10/16/2023 10:00,24.55,27.87,75,0.16,Reduce HVAC cooling to save energy.; Investigate devices left on overnight.,0.35
10/16/2023 11:00,14.26,16.15,51,0.13,No action needed,0
10/16/2023 12:00,6.02,28.77,129,0.27,Shift heavy operations to off-peak hours.,0.11
10/16/2023 13:00,15.64,16.98,87,0.14,Investigate devices left on overnight.,0.09
10/16/2023 14:00,23.53,27.71,75,0.13,Reduce HVAC cooling to save energy.,0.15
10/16/2023 15:00,6.51,22,128,0.28,Shift heavy operations to off-peak hours.,0.13
10/16/2023 16:00,19.62,20.5,72,0.13,No action needed,0
10/16/2023 17:00,10.88,17.25,28,0.17,Investigate devices left on overnight.,0.07
10/16/2023 18:00,17.11,21.53,13,0.24,Shift heavy operations to off-peak hours.,0.29
10/16/2023 19:00,7.13,26.59,19,0.13,No action needed,0
10/16/2023 20:00,11.69,16.15,122,0.17,No action needed,0
10/16/2023 21:00,19.37,31.1,23,0.29,Shift heavy operations to off-peak hours.; Investigate devices left on overnight.,0.62
10/16/2023 22:00,17.35,26.74,111,0.19,No action needed,0
10/16/2023 23:00,9,24.09,146,0.18,No action needed,0
10/17/2023 0:00,9.96,21.41,12,0.29,Shift heavy operations to off-peak hours.,0.2
10/17/2023 1:00,9.27,16.32,116,0.12,No action needed,0
10/17/2023 2:00,22.82,19.8,148,0.24,Shift heavy operations to off-peak hours.,0.38
10/17/2023 3:00,17.43,24.85,54,0.25,Shift heavy operations to off-peak hours.; Investigate devices left on overnight.,0.48
10/17/2023 4:00,16.73,23.1,143,0.17,No action needed,0
10/17/2023 5:00,17.85,33.34,116,0.12,No action needed,0
10/17/2023 6:00,5.45,21.62,54,0.25,Shift heavy operations to off-peak hours.,0.1
10/17/2023 7:00,20.85,33.54,115,0.22,Reduce HVAC cooling to save energy.; Shift heavy operations to off-peak hours.,0.55
10/17/2023 8:00,9.13,21.44,7,0.22,Turn off unnecessary lights in unoccupied areas.; Shift heavy operations to off-peak hours.,0.2
10/17/2023 9:00,24.45,32.44,97,0.18,Reduce HVAC cooling to save energy.,0.22
10/17/2023 10:00,11.12,29.31,79,0.25,Shift heavy operations to off-peak hours.,0.19
10/17/2023 11:00,14.09,21.56,34,0.11,No action needed,0
10/17/2023 12:00,21.73,30.34,118,0.12,Reduce HVAC cooling to save energy.,0.13
10/17/2023 13:00,9.04,30.9,68,0.3,Shift heavy operations to off-peak hours.,0.19
10/17/2023 14:00,20.03,24.57,9,0.21,Turn off unnecessary lights in unoccupied areas.; Shift heavy operations to off-peak hours.; Investigate devices left on overnight.,0.59
10/17/2023 15:00,18.62,28.03,100,0.24,Shift heavy operations to off-peak hours.,0.31
10/17/2023 16:00,11.22,26.23,67,0.13,No action needed,0
10/17/2023 17:00,7.37,15.53,86,0.22,Shift heavy operations to off-peak hours.,0.11
10/17/2023 18:00,10.55,25.74,91,0.15,No action needed,0
10/17/2023 19:00,9.39,26.19,11,0.27,Shift heavy operations to off-peak hours.,0.18
10/17/2023 20:00,24.99,20.42,89,0.23,Shift heavy operations to off-peak hours.,0.4
10/17/2023 21:00,21.62,18.27,33,0.24,Shift heavy operations to off-peak hours.; Investigate devices left on overnight.,0.57
10/17/2023 22:00,23.83,28.96,43,0.23,Reduce HVAC cooling to save energy.; Shift heavy operations to off-peak hours.,0.66
10/17/2023 23:00,16.91,20.34,74,0.25,Shift heavy operations to off-peak hours.,0.3
10/18/2023 0:00,8.1,34.86,73,0.23,Shift heavy operations to off-peak hours.,0.13
10/18/2023 1:00,5.55,19.69,73,0.15,No action needed,0
10/18/2023 2:00,9.78,26.99,13,0.17,No action needed,0
10/18/2023 3:00,18.97,22.79,23,0.12,No action needed,0
10/18/2023 4:00,8.08,28.67,22,0.18,No action needed,0
10/18/2023 5:00,22.01,17.82,99,0.28,Shift heavy operations to off-peak hours.,0.43
10/18/2023 6:00,7.18,21.8,82,0.29,Shift heavy operations to off-peak hours.,0.15
10/18/2023 7:00,20.44,23.94,104,0.26,Shift heavy operations to off-peak hours.,0.37
10/18/2023 8:00,24.63,21.09,7,0.22,Turn off unnecessary lights in unoccupied areas.; Shift heavy operations to off-peak hours.,0.54
10/18/2023 9:00,12.65,24.92,5,0.25,Turn off unnecessary lights in unoccupied areas.; Shift heavy operations to off-peak hours.,0.32
10/18/2023 10:00,16.33,24.72,45,0.27,Shift heavy operations to off-peak hours.,0.31
10/18/2023 11:00,19.48,32.6,89,0.27,Shift heavy operations to off-peak hours.,0.37
10/18/2023 12:00,23.84,21.86,40,0.14,No action needed,0
10/18/2023 13:00,17,24.36,22,0.18,Investigate devices left on overnight.,0.12
10/18/2023 14:00,18.81,31.92,120,0.15,No action needed,0
10/18/2023 15:00,19.76,29.5,25,0.24,Shift heavy operations to off-peak hours.; Investigate devices left on overnight.,0.52
10/18/2023 16:00,19.23,20.68,93,0.22,Shift heavy operations to off-peak hours.,0.3
10/18/2023 17:00,11.44,21,52,0.19,No action needed,0
10/18/2023 18:00,24.14,20.92,118,0.2,No action needed,0
10/18/2023 19:00,18.78,23.71,132,0.11,No action needed,0
10/18/2023 20:00,13.65,34.32,138,0.11,No action needed,0
10/18/2023 21:00,14.13,20.5,5,0.14,Turn off unnecessary lights in unoccupied areas.,0.06
10/18/2023 22:00,13.71,15.85,119,0.28,Shift heavy operations to off-peak hours.,0.27
10/18/2023 23:00,19.57,27.7,148,0.22,Shift heavy operations to off-peak hours.,0.3
10/19/2023 0:00,13.17,20.28,42,0.13,No action needed,0
10/19/2023 1:00,24.6,16.8,99,0.19,Investigate devices left on overnight.,0.19
10/19/2023 2:00,22.28,17.65,55,0.3,Shift heavy operations to off-peak hours.,0.47
10/19/2023 3:00,11.33,27.79,54,0.26,Shift heavy operations to off-peak hours.,0.21
10/19/2023 4:00,15.73,21.87,77,0.22,Shift heavy operations to off-peak hours.,0.24
10/19/2023 5:00,19.76,26.72,51,0.26,Shift heavy operations to off-peak hours.,0.36
10/19/2023 6:00,24.82,19.91,72,0.22,Shift heavy operations to off-peak hours.,0.38
10/19/2023 7:00,24.48,25.68,48,0.13,Reduce HVAC cooling to save energy.,0.16
10/19/2023 8:00,22.4,23.4,118,0.23,Shift heavy operations to off-peak hours.,0.36
10/19/2023 9:00,24.87,16.45,38,0.19,No action needed,0
10/19/2023 10:00,24.78,17.48,122,0.18,No action needed,0
10/19/2023 11:00,13.5,32.57,37,0.19,No action needed,0
10/19/2023 12:00,7.88,21.87,101,0.29,Shift heavy operations to off-peak hours.,0.16
10/19/2023 13:00,5.05,26.12,80,0.25,Shift heavy operations to off-peak hours.,0.09
10/19/2023 14:00,16.06,17.12,94,0.22,Shift heavy operations to off-peak hours.,0.25
10/19/2023 15:00,9.73,34.03,115,0.3,Shift heavy operations to off-peak hours.,0.2
10/19/2023 16:00,13.76,22.85,105,0.21,Shift heavy operations to off-peak hours.,0.2
10/19/2023 17:00,23.47,21.54,50,0.18,Investigate devices left on overnight.,0.17
10/19/2023 18:00,7.21,16.38,57,0.19,No action needed,0
10/19/2023 19:00,13.85,23,11,0.25,Shift heavy operations to off-peak hours.,0.24
10/19/2023 20:00,16.72,26.96,52,0.29,Shift heavy operations to off-peak hours.,0.34
10/19/2023 21:00,18.29,32.96,70,0.22,Shift heavy operations to off-peak hours.,0.28
10/19/2023 22:00,23.23,21.22,32,0.29,Shift heavy operations to off-peak hours.; Investigate devices left on overnight.,0.74
10/19/2023 23:00,16.9,34.99,58,0.21,Shift heavy operations to off-peak hours.,0.25
10/20/2023 0:00,20.03,27.18,138,0.22,Reduce HVAC cooling to save energy.; Shift heavy operations to off-peak hours.,0.53
10/20/2023 1:00,19.69,21.41,31,0.22,Shift heavy operations to off-peak hours.,0.3
10/20/2023 2:00,23.63,19.29,36,0.28,Shift heavy operations to off-peak hours.; Investigate devices left on overnight.,0.73
10/20/2023 3:00,23.12,17.43,33,0.28,Shift heavy operations to off-peak hours.,0.45
10/20/2023 4:00,20.47,23.18,80,0.16,Investigate devices left on overnight.,0.13
10/20/2023 5:00,16.27,27.21,71,0.25,Shift heavy operations to off-peak hours.; Investigate devices left on overnight.,0.45
10/20/2023 6:00,22.04,25.27,110,0.17,Reduce HVAC cooling to save energy.,0.19
10/20/2023 7:00,21.73,23.35,124,0.17,Investigate devices left on overnight.,0.15
10/20/2023 8:00,13.77,26.7,112,0.3,Shift heavy operations to off-peak hours.; Investigate devices left on overnight.,0.45
10/20/2023 9:00,12.43,18.71,123,0.18,Investigate devices left on overnight.,0.09
10/20/2023 10:00,6.56,16.36,89,0.18,No action needed,0
10/20/2023 11:00,24.72,30.68,124,0.13,Reduce HVAC cooling to save energy.; Investigate devices left on overnight.,0.29
10/20/2023 12:00,5.65,21.39,119,0.18,No action needed,0
10/20/2023 13:00,12.93,29.95,122,0.21,Shift heavy operations to off-peak hours.,0.19
10/20/2023 14:00,7.28,33.93,29,0.2,No action needed,0
10/20/2023 15:00,10.49,20.46,47,0.16,Investigate devices left on overnight.,0.07
10/20/2023 16:00,21.9,20.63,13,0.28,Shift heavy operations to off-peak hours.,0.43
10/20/2023 17:00,18.12,34.5,35,0.12,No action needed,0
10/20/2023 18:00,17,31.27,147,0.18,Investigate devices left on overnight.,0.12
10/20/2023 19:00,22.6,23.28,6,0.27,Turn off unnecessary lights in unoccupied areas.; Shift heavy operations to off-peak hours.,0.61
10/20/2023 20:00,11.5,32.57,42,0.12,No action needed,0
10/20/2023 21:00,13.72,22.46,63,0.2,No action needed,0
10/20/2023 22:00,10,29.34,143,0.17,No action needed,0
10/20/2023 23:00,20.61,30.22,115,0.21,Reduce HVAC cooling to save energy.; Shift heavy operations to off-peak hours.,0.52
10/21/2023 0:00,6.7,23.39,110,0.19,No action needed,0
10/21/2023 1:00,11.87,18.59,127,0.11,No action needed,0
10/21/2023 2:00,13.88,26.47,10,0.14,No action needed,0
10/21/2023 3:00,20.54,19.34,9,0.1,Turn off unnecessary lights in unoccupied areas.,0.06
10/21/2023 4:00,20,33.68,123,0.17,No action needed,0
10/21/2023 5:00,21.76,30.37,100,0.19,Reduce HVAC cooling to save energy.,0.21
10/21/2023 6:00,8.36,32.86,40,0.29,Shift heavy operations to off-peak hours.,0.17
10/21/2023 7:00,14.8,22.64,78,0.16,No action needed,0
10/21/2023 8:00,20.61,17.5,79,0.24,Shift heavy operations to off-peak hours.,0.35
10/21/2023 9:00,23.47,17.06,108,0.21,Shift heavy operations to off-peak hours.,0.35
10/21/2023 10:00,15.69,29.57,47,0.28,Shift heavy operations to off-peak hours.,0.31
10/21/2023 11:00,13.93,34.49,131,0.14,Investigate devices left on overnight.,0.08
10/21/2023 12:00,15.41,28.06,146,0.29,Shift heavy operations to off-peak hours.,0.31
10/21/2023 13:00,5.22,19.3,85,0.3,Shift heavy operations to off-peak hours.,0.11
10/21/2023 14:00,20,25.06,10,0.18,No action needed,0
10/21/2023 15:00,12.15,28.87,113,0.26,Shift heavy operations to off-peak hours.; Investigate devices left on overnight.,0.35
10/21/2023 16:00,22.6,17.25,94,0.12,Investigate devices left on overnight.,0.11
10/21/2023 17:00,6.09,20.99,50,0.3,Shift heavy operations to off-peak hours.,0.13
10/21/2023 18:00,15.76,32.73,19,0.21,Shift heavy operations to off-peak hours.,0.23
10/21/2023 19:00,18.96,26.33,63,0.15,Investigate devices left on overnight.,0.11
10/21/2023 20:00,20.9,27.06,119,0.28,Reduce HVAC cooling to save energy.; Shift heavy operations to off-peak hours.,0.7
10/21/2023 21:00,16.07,25.58,141,0.14,No action needed,0
10/21/2023 22:00,22.63,23.26,120,0.13,Investigate devices left on overnight.,0.12
10/21/2023 23:00,15.04,15.1,86,0.29,Shift heavy operations to off-peak hours.,0.31
10/22/2023 0:00,8.19,17.24,149,0.11,No action needed,0
10/22/2023 1:00,12.4,26.69,50,0.22,Shift heavy operations to off-peak hours.; Investigate devices left on overnight.,0.3
10/22/2023 2:00,20.33,20.73,94,0.24,Shift heavy operations to off-peak hours.; Investigate devices left on overnight.,0.54
10/22/2023 3:00,23.87,18.59,130,0.27,Shift heavy operations to off-peak hours.,0.45
10/22/2023 4:00,18.17,25.49,74,0.19,No action needed,0
10/22/2023 5:00,22.94,32.01,127,0.29,Reduce HVAC cooling to save energy.; Shift heavy operations to off-peak hours.,0.8
10/22/2023 6:00,18.24,32.92,88,0.26,Shift heavy operations to off-peak hours.,0.33
10/22/2023 7:00,9.52,17.29,123,0.16,No action needed,0
10/22/2023 8:00,24.73,30.01,96,0.16,Reduce HVAC cooling to save energy.; Investigate devices left on overnight.,0.36
10/22/2023 9:00,22.18,30.74,96,0.3,Reduce HVAC cooling to save energy.; Shift heavy operations to off-peak hours.,0.8
10/22/2023 10:00,22.83,16.86,43,0.13,Investigate devices left on overnight.,0.12
10/22/2023 11:00,6.74,30.1,107,0.22,Shift heavy operations to off-peak hours.,0.1
10/22/2023 12:00,18.57,21.19,12,0.17,No action needed,0
10/22/2023 13:00,7.42,21.61,80,0.15,No action needed,0
10/22/2023 14:00,21.87,17.41,138,0.15,No action needed,0
10/22/2023 15:00,16.91,28.78,45,0.11,No action needed,0
10/22/2023 16:00,7.32,23.83,108,0.21,Shift heavy operations to off-peak hours.,0.11
10/22/2023 17:00,23.09,29.16,72,0.15,Reduce HVAC cooling to save energy.,0.17
10/22/2023 18:00,15.58,26.33,104,0.23,Shift heavy operations to off-peak hours.,0.25
10/22/2023 19:00,12.69,19.76,135,0.2,No action needed,0
10/22/2023 20:00,10.62,33.25,114,0.24,Shift heavy operations to off-peak hours.,0.18
10/22/2023 21:00,11.17,16.17,142,0.29,Shift heavy operations to off-peak hours.,0.23
10/22/2023 22:00,15.42,34.99,130,0.15,No action needed,0
10/22/2023 23:00,8.98,31.53,127,0.23,Shift heavy operations to off-peak hours.,0.14
10/23/2023 0:00,10.02,32.13,68,0.13,No action needed,0
10/23/2023 1:00,5.96,24.84,124,0.25,Shift heavy operations to off-peak hours.,0.1
10/23/2023 2:00,14.35,19.52,46,0.27,Shift heavy operations to off-peak hours.; Investigate devices left on overnight.,0.43
10/23/2023 3:00,5.85,17.65,62,0.26,Shift heavy operations to off-peak hours.,0.11
10/23/2023 4:00,19.78,15.5,113,0.16,No action needed,0
10/23/2023 5:00,10.89,19.37,55,0.15,No action needed,0
10/23/2023 6:00,15.71,32.17,20,0.22,Shift heavy operations to off-peak hours.; Investigate devices left on overnight.,0.38
10/23/2023 7:00,21.2,28.35,101,0.11,Reduce HVAC cooling to save energy.,0.12
10/23/2023 8:00,20.58,32.15,69,0.28,Reduce HVAC cooling to save energy.; Shift heavy operations to off-peak hours.,0.69
10/23/2023 9:00,8.81,27.61,52,0.12,No action needed,0
10/23/2023 10:00,12.16,17.52,89,0.18,No action needed,0
10/23/2023 11:00,17.52,28.52,128,0.23,Shift heavy operations to off-peak hours.,0.28
10/23/2023 12:00,14.83,20.96,53,0.2,No action needed,0
10/23/2023 13:00,9.79,30.49,79,0.19,No action needed,0
10/23/2023 14:00,20.42,24.87,137,0.15,Investigate devices left on overnight.,0.12
10/23/2023 15:00,8.8,16.73,60,0.23,Shift heavy operations to off-peak hours.,0.14
10/23/2023 16:00,11.36,34.91,18,0.13,Investigate devices left on overnight.,0.06
10/23/2023 17:00,13.46,17.11,61,0.24,Shift heavy operations to off-peak hours.; Investigate devices left on overnight.,0.36
10/23/2023 18:00,24.69,26.9,109,0.25,Reduce HVAC cooling to save energy.; Shift heavy operations to off-peak hours.,0.74
10/23/2023 19:00,20.48,15.15,148,0.22,Shift heavy operations to off-peak hours.,0.32
10/23/2023 20:00,8.69,30.99,59,0.29,Shift heavy operations to off-peak hours.,0.18
10/23/2023 21:00,11.03,33.44,17,0.24,Shift heavy operations to off-peak hours.,0.19
10/23/2023 22:00,13.86,18.65,7,0.18,Turn off unnecessary lights in unoccupied areas.,0.07
10/23/2023 23:00,16.13,22.36,146,0.14,Investigate devices left on overnight.,0.09
10/24/2023 0:00,10.59,24.1,100,0.28,Shift heavy operations to off-peak hours.,0.21
10/24/2023 1:00,5.65,27.38,61,0.13,No action needed,0
10/24/2023 2:00,12.8,32.89,113,0.24,Shift heavy operations to off-peak hours.,0.22
10/24/2023 3:00,8.33,18.83,11,0.3,Shift heavy operations to off-peak hours.,0.17
10/24/2023 4:00,14.75,26.16,101,0.21,Shift heavy operations to off-peak hours.,0.22
10/24/2023 5:00,7.16,34.01,40,0.27,Shift heavy operations to off-peak hours.,0.14
10/24/2023 6:00,5.8,31.55,61,0.17,No action needed,0
10/24/2023 7:00,20.15,20.5,86,0.12,No action needed,0
10/24/2023 8:00,14.76,32.2,7,0.22,Turn off unnecessary lights in unoccupied areas.; Shift heavy operations to off-peak hours.,0.32
10/24/2023 9:00,12.37,25.82,68,0.17,Investigate devices left on overnight.,0.08
10/24/2023 10:00,16.8,32.78,64,0.23,Shift heavy operations to off-peak hours.,0.27
10/24/2023 11:00,24.85,15.46,99,0.13,No action needed,0
10/24/2023 12:00,24.09,18.23,95,0.1,No action needed,0
10/24/2023 13:00,18.58,33.01,68,0.26,Shift heavy operations to off-peak hours.; Investigate devices left on overnight.,0.53
10/24/2023 14:00,11.67,34.17,28,0.28,Shift heavy operations to off-peak hours.,0.23
10/24/2023 15:00,8.32,28.45,53,0.22,Shift heavy operations to off-peak hours.,0.13
10/24/2023 16:00,13.44,29.62,17,0.24,Shift heavy operations to off-peak hours.,0.23
10/24/2023 17:00,24.72,18.2,135,0.13,No action needed,0
10/24/2023 18:00,8.38,22.37,113,0.14,No action needed,0
10/24/2023 19:00,22.06,30.09,41,0.15,Reduce HVAC cooling to save energy.,0.17
10/24/2023 20:00,14.08,26.26,108,0.29,Shift heavy operations to off-peak hours.,0.29
10/24/2023 21:00,13.99,26.25,96,0.3,Shift heavy operations to off-peak hours.,0.29
10/24/2023 22:00,19.09,33.4,86,0.29,Shift heavy operations to off-peak hours.,0.39
10/24/2023 23:00,24.65,21.49,103,0.3,Shift heavy operations to off-peak hours.,0.52
10/25/2023 0:00,22.31,34.28,123,0.24,Reduce HVAC cooling to save energy.; Shift heavy operations to off-peak hours.; Investigate devices left on overnight.,0.86
10/25/2023 1:00,22.67,20.59,111,0.23,Shift heavy operations to off-peak hours.,0.36
10/25/2023 2:00,19.57,21.36,67,0.14,No action needed,0
10/25/2023 3:00,17.31,21.57,128,0.15,No action needed,0
10/25/2023 4:00,9.77,23.69,115,0.3,Shift heavy operations to off-peak hours.,0.21
10/25/2023 5:00,15.65,28.95,71,0.19,No action needed,0
10/25/2023 6:00,14.91,21.9,121,0.14,No action needed,0
10/25/2023 7:00,15.82,28.25,67,0.16,No action needed,0
10/25/2023 8:00,16.37,22.91,113,0.16,No action needed,0
10/25/2023 9:00,6.28,29.23,84,0.24,Shift heavy operations to off-peak hours.,0.11
10/25/2023 10:00,7.43,25.41,105,0.22,Shift heavy operations to off-peak hours.,0.11
10/25/2023 11:00,14.18,15.08,21,0.19,No action needed,0
10/25/2023 12:00,22.88,32.21,98,0.29,Reduce HVAC cooling to save energy.; Shift heavy operations to off-peak hours.,0.8
10/25/2023 13:00,10.79,26.19,30,0.25,Shift heavy operations to off-peak hours.,0.19
10/25/2023 14:00,5.28,30.08,87,0.28,Shift heavy operations to off-peak hours.,0.1
10/25/2023 15:00,7.46,21.84,28,0.27,Shift heavy operations to off-peak hours.,0.14
10/25/2023 16:00,23.53,26.61,50,0.22,Reduce HVAC cooling to save energy.; Shift heavy operations to off-peak hours.,0.62
10/25/2023 17:00,5.68,28.05,25,0.12,No action needed,0
10/25/2023 18:00,20.69,25.15,105,0.27,Reduce HVAC cooling to save energy.; Shift heavy operations to off-peak hours.,0.67
10/25/2023 19:00,9.92,32.9,90,0.18,No action needed,0
10/25/2023 20:00,17.48,32.06,75,0.16,Investigate devices left on overnight.,0.11
10/25/2023 21:00,17.82,28.07,22,0.2,Investigate devices left on overnight.,0.14
10/25/2023 22:00,11.9,28.96,61,0.13,No action needed,0
10/25/2023 23:00,5.21,30.32,13,0.2,No action needed,0
10/26/2023 0:00,19.81,28.14,14,0.26,Shift heavy operations to off-peak hours.; Investigate devices left on overnight.,0.57
10/26/2023 1:00,24.03,28.64,28,0.15,Reduce HVAC cooling to save energy.,0.18
10/26/2023 2:00,17.69,19.69,58,0.18,No action needed,0
10/26/2023 3:00,5.36,33.85,136,0.15,No action needed,0
10/26/2023 4:00,17.7,16.28,24,0.29,Shift heavy operations to off-peak hours.; Investigate devices left on overnight.,0.56
10/26/2023 5:00,21.41,34.81,106,0.2,Reduce HVAC cooling to save energy.; Investigate devices left on overnight.,0.39
10/26/2023 6:00,17.89,30.44,39,0.22,Shift heavy operations to off-peak hours.; Investigate devices left on overnight.,0.43
10/26/2023 7:00,9.87,18.86,35,0.13,No action needed,0
10/26/2023 8:00,17.28,34.18,12,0.2,No action needed,0
10/26/2023 9:00,19.65,31.98,133,0.25,Shift heavy operations to off-peak hours.,0.34
10/26/2023 10:00,21.19,19.81,68,0.2,No action needed,0
10/26/2023 11:00,7.28,21.52,42,0.27,Shift heavy operations to off-peak hours.,0.14
10/26/2023 12:00,22.58,16.41,47,0.17,No action needed,0
10/26/2023 13:00,13.21,15.9,119,0.16,No action needed,0
10/26/2023 14:00,21.3,21.37,51,0.19,No action needed,0
10/26/2023 15:00,11.23,27.2,69,0.13,No action needed,0
10/26/2023 16:00,21.02,19.84,46,0.11,No action needed,0
10/26/2023 17:00,17.18,23.4,129,0.29,Shift heavy operations to off-peak hours.,0.35
10/26/2023 18:00,5.56,16.82,91,0.13,No action needed,0
10/26/2023 19:00,8.55,26.97,105,0.16,No action needed,0
10/26/2023 20:00,19.05,15.33,144,0.18,No action needed,0
10/26/2023 21:00,22.28,25.75,49,0.15,Reduce HVAC cooling to save energy.; Investigate devices left on overnight.,0.3
10/26/2023 22:00,22.27,32.64,125,0.21,Reduce HVAC cooling to save energy.; Shift heavy operations to off-peak hours.,0.56
10/26/2023 23:00,6.43,24.19,135,0.27,Shift heavy operations to off-peak hours.,0.12
10/27/2023 0:00,7.44,31.17,72,0.22,Shift heavy operations to off-peak hours.,0.11
10/27/2023 1:00,11.5,27.98,87,0.19,No action needed,0
10/27/2023 2:00,8.56,34.03,16,0.28,Shift heavy operations to off-peak hours.,0.17
10/27/2023 3:00,11,27.61,144,0.17,No action needed,0
10/27/2023 4:00,19.23,25.45,99,0.28,Shift heavy operations to off-peak hours.,0.38
10/27/2023 5:00,15.34,21.12,33,0.21,Shift heavy operations to off-peak hours.; Investigate devices left on overnight.,0.35
10/27/2023 6:00,6.31,30.45,25,0.11,No action needed,0
10/27/2023 7:00,13.99,24.9,106,0.17,No action needed,0
10/27/2023 8:00,8.12,34.33,49,0.25,Shift heavy operations to off-peak hours.,0.14
10/27/2023 9:00,15.62,30.34,71,0.14,Investigate devices left on overnight.,0.09
10/27/2023 10:00,13.55,16.62,114,0.15,No action needed,0
10/27/2023 11:00,9.46,26.09,60,0.2,No action needed,0
10/27/2023 12:00,21.35,24.42,13,0.13,No action needed,0
10/27/2023 13:00,6.28,31.91,122,0.29,Shift heavy operations to off-peak hours.,0.13
10/27/2023 14:00,11.71,20.32,54,0.22,Shift heavy operations to off-peak hours.; Investigate devices left on overnight.,0.28
10/27/2023 15:00,14.33,25.87,45,0.23,Shift heavy operations to off-peak hours.,0.23
10/27/2023 16:00,19.77,17.51,110,0.13,No action needed,0
10/27/2023 17:00,8.32,16.17,145,0.26,Shift heavy operations to off-peak hours.,0.15
10/27/2023 18:00,19.16,20.72,103,0.25,Shift heavy operations to off-peak hours.,0.34
10/27/2023 19:00,9.57,20.85,37,0.21,Shift heavy operations to off-peak hours.,0.14
10/27/2023 20:00,9.47,17.81,106,0.23,Shift heavy operations to off-peak hours.,0.15
10/27/2023 21:00,8.94,28.5,86,0.27,Shift heavy operations to off-peak hours.,0.17
10/27/2023 22:00,8.19,20.16,51,0.12,No action needed,0
10/27/2023 23:00,18.37,27.52,64,0.27,Shift heavy operations to off-peak hours.; Investigate devices left on overnight.,0.55
10/28/2023 0:00,19.42,21.72,15,0.21,Shift heavy operations to off-peak hours.; Investigate devices left on overnight.,0.45
10/28/2023 1:00,24.59,19.3,88,0.13,No action needed,0
10/28/2023 2:00,10.07,30.71,42,0.2,No action needed,0
10/28/2023 3:00,11.25,28.64,111,0.16,No action needed,0
10/28/2023 4:00,19.06,26.74,130,0.13,No action needed,0
10/28/2023 5:00,12.26,20.39,62,0.25,Shift heavy operations to off-peak hours.,0.21
10/28/2023 6:00,8.1,16.17,78,0.28,Shift heavy operations to off-peak hours.,0.16
10/28/2023 7:00,9.08,17.37,7,0.28,Turn off unnecessary lights in unoccupied areas.; Shift heavy operations to off-peak hours.,0.25
10/28/2023 8:00,14.3,17.6,141,0.21,Shift heavy operations to off-peak hours.,0.21
10/28/2023 9:00,21.14,33.68,14,0.25,Reduce HVAC cooling to save energy.; Shift heavy operations to off-peak hours.,0.63
10/28/2023 10:00,6.89,29.16,46,0.23,Shift heavy operations to off-peak hours.,0.11
10/28/2023 11:00,17.25,31.2,41,0.21,Shift heavy operations to off-peak hours.,0.25
10/28/2023 12:00,11.26,20.81,12,0.18,No action needed,0
10/28/2023 13:00,12.47,22.16,108,0.25,Shift heavy operations to off-peak hours.,0.22
10/28/2023 14:00,5.2,17.74,113,0.15,No action needed,0
10/28/2023 15:00,7.2,33.89,131,0.16,No action needed,0
10/28/2023 16:00,6.16,23.55,19,0.22,Shift heavy operations to off-peak hours.,0.09
10/28/2023 17:00,12.27,19.55,126,0.29,Shift heavy operations to off-peak hours.,0.25
10/28/2023 18:00,16.05,34.15,37,0.16,No action needed,0
10/28/2023 19:00,13.71,25.15,147,0.19,No action needed,0
10/28/2023 20:00,22.12,23.71,136,0.26,Shift heavy operations to off-peak hours.,0.4
10/28/2023 21:00,20.93,31.15,15,0.22,Reduce HVAC cooling to save energy.; Shift heavy operations to off-peak hours.,0.55
10/28/2023 22:00,18.63,32.53,35,0.27,Shift heavy operations to off-peak hours.,0.35
10/28/2023 23:00,22.06,29.13,89,0.17,Reduce HVAC cooling to save energy.,0.19
10/29/2023 0:00,19.19,17.56,101,0.23,Shift heavy operations to off-peak hours.,0.31
10/29/2023 1:00,24.31,21.68,33,0.1,No action needed,0
10/29/2023 2:00,7.09,23.63,21,0.22,Shift heavy operations to off-peak hours.,0.11
10/29/2023 3:00,7.02,16.87,80,0.29,Shift heavy operations to off-peak hours.,0.14
10/29/2023 4:00,15.13,17.37,141,0.25,Shift heavy operations to off-peak hours.,0.26
10/29/2023 5:00,11.59,31.99,9,0.23,Turn off unnecessary lights in unoccupied areas.; Shift heavy operations to off-peak hours.,0.27
10/29/2023 6:00,18.41,17.19,88,0.18,No action needed,0
10/29/2023 7:00,20.32,24.35,56,0.26,Shift heavy operations to off-peak hours.,0.37
10/29/2023 8:00,11.84,29.57,20,0.27,Shift heavy operations to off-peak hours.,0.22
10/29/2023 9:00,19.09,31.86,61,0.12,Investigate devices left on overnight.,0.09
10/29/2023 10:00,8.52,27.19,113,0.3,Shift heavy operations to off-peak hours.,0.18
10/29/2023 11:00,22.54,19.92,110,0.16,Investigate devices left on overnight.,0.14
10/29/2023 12:00,23.17,31.33,114,0.17,Reduce HVAC cooling to save energy.; Investigate devices left on overnight.,0.35
10/29/2023 13:00,15.45,16.9,48,0.24,Shift heavy operations to off-peak hours.,0.26
10/29/2023 14:00,23.76,19.34,113,0.22,Shift heavy operations to off-peak hours.,0.37
10/29/2023 15:00,17.06,22.72,50,0.24,Shift heavy operations to off-peak hours.,0.29
10/29/2023 16:00,10.94,33.6,19,0.26,Shift heavy operations to off-peak hours.,0.2
10/29/2023 17:00,11.06,20.18,145,0.26,Shift heavy operations to off-peak hours.,0.2
10/29/2023 18:00,6.14,16.45,107,0.23,Shift heavy operations to off-peak hours.,0.1
10/29/2023 19:00,23.32,29.68,135,0.12,Reduce HVAC cooling to save energy.,0.14
10/29/2023 20:00,20.27,31.77,16,0.21,Reduce HVAC cooling to save energy.; Shift heavy operations to off-peak hours.,0.51
10/29/2023 21:00,5.72,25.61,112,0.26,Shift heavy operations to off-peak hours.,0.1
10/29/2023 22:00,19.54,20.69,13,0.27,Shift heavy operations to off-peak hours.,0.37
10/29/2023 23:00,17.3,23.04,82,0.14,No action needed,0
10/30/2023 0:00,10.85,26,108,0.27,Shift heavy operations to off-peak hours.,0.21
10/30/2023 1:00,12.79,15.76,95,0.2,Investigate devices left on overnight.,0.1
10/30/2023 2:00,15.96,30.24,9,0.14,Turn off unnecessary lights in unoccupied areas.,0.07
10/30/2023 3:00,13.22,27.5,124,0.12,No action needed,0
10/30/2023 4:00,20.72,28.52,28,0.26,Reduce HVAC cooling to save energy.; Shift heavy operations to off-peak hours.,0.65
10/30/2023 5:00,20.19,31.92,67,0.19,Reduce HVAC cooling to save energy.; Investigate devices left on overnight.,0.35
10/30/2023 6:00,13.85,28.78,39,0.15,No action needed,0
10/30/2023 7:00,8.84,31.55,8,0.3,Turn off unnecessary lights in unoccupied areas.; Shift heavy operations to off-peak hours.,0.27
10/30/2023 8:00,19.47,23.79,49,0.11,No action needed,0
10/30/2023 9:00,16.43,32,16,0.15,No action needed,0
10/30/2023 10:00,6.57,29.13,50,0.29,Shift heavy operations to off-peak hours.,0.13
10/30/2023 11:00,23.8,32.04,90,0.13,Reduce HVAC cooling to save energy.,0.15
10/30/2023 12:00,21.54,22.44,33,0.11,Investigate devices left on overnight.,0.09
10/30/2023 13:00,5.98,22.36,109,0.16,No action needed,0
10/30/2023 14:00,11.46,19.44,26,0.28,Shift heavy operations to off-peak hours.,0.22
10/30/2023 15:00,11.54,20.02,106,0.15,No action needed,0
10/30/2023 16:00,9.13,28.21,47,0.13,No action needed,0
10/30/2023 17:00,19.09,26.69,94,0.1,No action needed,0
10/30/2023 18:00,24.68,26.71,84,0.26,Reduce HVAC cooling to save energy.; Shift heavy operations to off-peak hours.; Investigate devices left on overnight.,1.03
10/30/2023 19:00,13.95,27.44,91,0.23,Shift heavy operations to off-peak hours.,0.22
10/30/2023 20:00,11.72,32.78,55,0.24,Shift heavy operations to off-peak hours.,0.2
10/30/2023 21:00,23.69,25.84,20,0.26,Reduce HVAC cooling to save energy.; Shift heavy operations to off-peak hours.; Investigate devices left on overnight.,0.99
10/30/2023 22:00,8.46,31.36,117,0.28,Shift heavy operations to off-peak hours.,0.17
10/30/2023 23:00,13.25,25.86,112,0.21,Shift heavy operations to off-peak hours.,0.19
10/31/2023 0:00,6.05,23.31,74,0.26,Shift heavy operations to off-peak hours.,0.11
10/31/2023 1:00,18.88,16.84,105,0.18,No action needed,0
10/31/2023 2:00,21.64,24.77,20,0.29,Shift heavy operations to off-peak hours.,0.44
10/31/2023 3:00,13.18,34.32,27,0.2,No action needed,0
10/31/2023 4:00,9.23,29.89,69,0.12,No action needed,0
10/31/2023 5:00,17.55,26.11,108,0.27,Shift heavy operations to off-peak hours.,0.33
10/31/2023 6:00,14.27,33.44,105,0.2,No action needed,0
10/31/2023 7:00,20.2,34.44,32,0.29,Reduce HVAC cooling to save energy.; Shift heavy operations to off-peak hours.,0.7
10/31/2023 8:00,5.61,22.14,48,0.24,Shift heavy operations to off-peak hours.,0.09
10/31/2023 9:00,23.57,18.93,145,0.29,Shift heavy operations to off-peak hours.,0.48
10/31/2023 10:00,10.24,15.05,61,0.23,Shift heavy operations to off-peak hours.,0.16
10/31/2023 11:00,18.87,15.41,84,0.12,No action needed,0
10/31/2023 12:00,6.44,16.36,84,0.27,Shift heavy operations to off-peak hours.,0.12
10/31/2023 13:00,12.5,20.59,49,0.3,Shift heavy operations to off-peak hours.,0.26
10/31/2023 14:00,15.3,19.53,126,0.18,No action needed,0
10/31/2023 15:00,9,31.63,95,0.15,No action needed,0
10/31/2023 16:00,20.44,22.69,133,0.29,Shift heavy operations to off-peak hours.,0.41
10/31/2023 17:00,24.22,28.38,32,0.28,Reduce HVAC cooling to save energy.; Shift heavy operations to off-peak hours.,0.81
10/31/2023 18:00,6.99,27.87,36,0.2,No action needed,0
10/31/2023 19:00,20.59,28.98,97,0.14,Reduce HVAC cooling to save energy.; Investigate devices left on overnight.,0.26
10/31/2023 20:00,10.57,17.84,82,0.19,No action needed,0
10/31/2023 21:00,13.29,18.76,76,0.19,No action needed,0
10/31/2023 22:00,23.57,30.35,135,0.19,Reduce HVAC cooling to save energy.,0.22
10/31/2023 23:00,21.45,15.06,86,0.13,Investigate devices left on overnight.,0.11
11/1/2023 0:00,5.26,23.48,139,0.29,Shift heavy operations to off-peak hours.,0.11
11/1/2023 1:00,9.23,19.79,88,0.27,Shift heavy operations to off-peak hours.,0.17
11/1/2023 2:00,20.47,22.56,129,0.24,Shift heavy operations to off-peak hours.,0.34
11/1/2023 3:00,11.86,22.53,99,0.1,No action needed,0
11/1/2023 4:00,9.13,21.42,70,0.13,No action needed,0
11/1/2023 5:00,11.38,30.11,64,0.21,Shift heavy operations to off-peak hours.,0.17
11/1/2023 6:00,20.44,17.21,22,0.23,Shift heavy operations to off-peak hours.; Investigate devices left on overnight.,0.52
11/1/2023 7:00,12.28,15.83,145,0.27,Shift heavy operations to off-peak hours.,0.23
11/1/2023 8:00,15.66,30.24,105,0.28,Shift heavy operations to off-peak hours.,0.31
11/1/2023 9:00,11.39,22.86,11,0.17,No action needed,0
11/1/2023 10:00,9.22,22.29,132,0.11,No action needed,0
11/1/2023 11:00,10.61,31.29,110,0.1,No action needed,0
11/1/2023 12:00,11.24,31.89,51,0.26,Shift heavy operations to off-peak hours.,0.2
11/1/2023 13:00,7.32,19.84,14,0.22,Shift heavy operations to off-peak hours.,0.11
11/1/2023 14:00,12.88,16.26,42,0.25,Shift heavy operations to off-peak hours.,0.23
11/1/2023 15:00,8.59,23.13,45,0.26,Shift heavy operations to off-peak hours.,0.16
11/1/2023 16:00,15.26,27.57,147,0.23,Shift heavy operations to off-peak hours.,0.25
11/1/2023 17:00,13.87,23.49,66,0.23,Shift heavy operations to off-peak hours.,0.22
11/1/2023 18:00,6.68,30.91,61,0.19,No action needed,0
11/1/2023 19:00,10.23,33.69,118,0.29,Shift heavy operations to off-peak hours.,0.21
11/1/2023 20:00,8.03,16.29,129,0.26,Shift heavy operations to off-peak hours.,0.15
11/1/2023 21:00,5.86,24.2,144,0.17,No action needed,0
11/1/2023 22:00,19.26,23.48,99,0.12,No action needed,0
11/1/2023 23:00,16.22,25.08,16,0.26,Shift heavy operations to off-peak hours.,0.3
11/2/2023 0:00,15.96,26.33,62,0.12,Investigate devices left on overnight.,0.08
11/2/2023 1:00,6.64,18.91,132,0.12,No action needed,0
11/2/2023 2:00,17.62,26.79,30,0.28,Shift heavy operations to off-peak hours.,0.35
11/2/2023 3:00,21.74,27.76,109,0.18,Reduce HVAC cooling to save energy.,0.2
11/2/2023 4:00,6.84,16.91,72,0.25,Shift heavy operations to off-peak hours.,0.12
11/2/2023 5:00,18.67,24.2,148,0.27,Shift heavy operations to off-peak hours.,0.35
11/2/2023 6:00,7.41,26.22,30,0.3,Shift heavy operations to off-peak hours.,0.16
11/2/2023 7:00,13.39,24.6,37,0.24,Shift heavy operations to off-peak hours.,0.22
11/2/2023 8:00,8,27.79,28,0.29,Shift heavy operations to off-peak hours.,0.16
11/2/2023 9:00,15.7,18.27,71,0.28,Shift heavy operations to off-peak hours.,0.31
11/2/2023 10:00,20.08,22.8,145,0.16,No action needed,0
11/2/2023 11:00,21.74,15.52,100,0.21,Shift heavy operations to off-peak hours.,0.32
11/2/2023 12:00,17.01,32.75,24,0.1,No action needed,0
11/2/2023 13:00,12.49,28.73,84,0.28,Shift heavy operations to off-peak hours.,0.24
11/2/2023 14:00,6.52,24.05,140,0.26,Shift heavy operations to off-peak hours.,0.12
11/2/2023 15:00,14.26,24.78,95,0.19,No action needed,0
11/2/2023 16:00,7.11,23.27,88,0.22,Shift heavy operations to off-peak hours.,0.11
11/2/2023 17:00,18.81,26.92,29,0.12,No action needed,0
11/2/2023 18:00,20.5,29.72,101,0.12,Reduce HVAC cooling to save energy.,0.12
11/2/2023 19:00,19.85,29.05,140,0.14,Investigate devices left on overnight.,0.11
11/2/2023 20:00,13.03,17.06,11,0.2,No action needed,0
11/2/2023 21:00,9.65,23.95,94,0.22,Shift heavy operations to off-peak hours.,0.15
11/2/2023 22:00,17.27,16.25,30,0.23,Shift heavy operations to off-peak hours.; Investigate devices left on overnight.,0.44
11/2/2023 23:00,17.61,28.72,112,0.12,No action needed,0
11/3/2023 0:00,15.34,34.45,148,0.16,No action needed,0
11/3/2023 1:00,17.9,31.85,33,0.2,Investigate devices left on overnight.,0.14
11/3/2023 2:00,20.5,25.63,107,0.11,Reduce HVAC cooling to save energy.,0.11
11/3/2023 3:00,16.8,33.26,37,0.29,Shift heavy operations to off-peak hours.,0.34
11/3/2023 4:00,17.25,15.04,119,0.16,No action needed,0
11/3/2023 5:00,18.55,26.87,71,0.2,No action needed,0
11/3/2023 6:00,21.17,15.14,27,0.23,Shift heavy operations to off-peak hours.; Investigate devices left on overnight.,0.54
11/3/2023 7:00,21.84,21.45,47,0.2,No action needed,0
11/3/2023 8:00,21.21,20.54,39,0.18,No action needed,0
11/3/2023 9:00,18.6,26.57,12,0.18,No action needed,0
11/3/2023 10:00,9.35,19.72,84,0.19,No action needed,0
11/3/2023 11:00,20.36,31.77,95,0.18,Reduce HVAC cooling to save energy.,0.18
11/3/2023 12:00,14.26,20.41,72,0.16,Investigate devices left on overnight.,0.09
11/3/2023 13:00,13.99,26.9,99,0.23,Shift heavy operations to off-peak hours.; Investigate devices left on overnight.,0.35
11/3/2023 14:00,8.51,31.46,120,0.3,Shift heavy operations to off-peak hours.,0.18
11/3/2023 15:00,13.58,33.59,56,0.13,No action needed,0
11/3/2023 16:00,10.37,17.42,31,0.12,No action needed,0
11/3/2023 17:00,11.48,16.52,35,0.22,Shift heavy operations to off-peak hours.,0.18
11/3/2023 18:00,13.98,21.66,123,0.29,Shift heavy operations to off-peak hours.,0.28
11/3/2023 19:00,21.94,16.55,44,0.14,No action needed,0
11/3/2023 20:00,8.34,26.83,39,0.15,No action needed,0
11/3/2023 21:00,9.25,33.86,10,0.2,No action needed,0
11/3/2023 22:00,18.02,15.33,53,0.23,Shift heavy operations to off-peak hours.,0.29
11/3/2023 23:00,21.92,30.36,108,0.15,Reduce HVAC cooling to save energy.,0.16
11/4/2023 0:00,21.1,32.4,53,0.25,Reduce HVAC cooling to save energy.; Shift heavy operations to off-peak hours.,0.63
11/4/2023 1:00,17.18,16.47,122,0.16,No action needed,0
11/4/2023 2:00,21.31,25.53,127,0.11,Reduce HVAC cooling to save energy.,0.12
11/4/2023 3:00,18.13,31.02,20,0.17,No action needed,0
11/4/2023 4:00,11.64,33.8,128,0.22,Shift heavy operations to off-peak hours.; Investigate devices left on overnight.,0.28
11/4/2023 5:00,11,23.17,17,0.27,Shift heavy operations to off-peak hours.,0.21
11/4/2023 6:00,17.98,25.73,64,0.14,No action needed,0
11/4/2023 7:00,11.07,32.23,40,0.29,Shift heavy operations to off-peak hours.,0.22
11/4/2023 8:00,7.21,24.16,75,0.29,Shift heavy operations to off-peak hours.,0.15
11/4/2023 9:00,17.15,34.45,56,0.13,Investigate devices left on overnight.,0.09
11/4/2023 10:00,7.27,23.89,115,0.26,Shift heavy operations to off-peak hours.,0.13
11/4/2023 11:00,20.88,30.46,8,0.22,Reduce HVAC cooling to save energy.; Turn off unnecessary lights in unoccupied areas.; Shift heavy operations to off-peak hours.,0.69
11/4/2023 12:00,22.72,26.3,66,0.18,Reduce HVAC cooling to save energy.,0.2
11/4/2023 13:00,18.31,22.67,110,0.23,Shift heavy operations to off-peak hours.; Investigate devices left on overnight.,0.46
11/4/2023 14:00,15.12,21.01,72,0.26,Shift heavy operations to off-peak hours.; Investigate devices left on overnight.,0.43
11/4/2023 15:00,15.95,18.54,82,0.19,No action needed,0
11/4/2023 16:00,23.27,15.57,123,0.11,No action needed,0
11/4/2023 17:00,9.58,28.1,122,0.23,Shift heavy operations to off-peak hours.,0.15
11/4/2023 18:00,21.53,25.87,81,0.28,Reduce HVAC cooling to save energy.; Shift heavy operations to off-peak hours.,0.72
11/4/2023 19:00,7.05,26.82,48,0.25,Shift heavy operations to off-peak hours.,0.12
11/4/2023 20:00,16.78,22.03,124,0.14,No action needed,0
11/4/2023 21:00,19.34,29.89,9,0.11,Turn off unnecessary lights in unoccupied areas.,0.06
11/4/2023 22:00,10.91,26.21,38,0.17,No action needed,0
11/4/2023 23:00,8.79,34.98,63,0.19,No action needed,0
11/5/2023 0:00,19.09,27,33,0.22,Shift heavy operations to off-peak hours.,0.29
11/5/2023 1:00,9.16,22.1,84,0.22,Shift heavy operations to off-peak hours.,0.14
11/5/2023 2:00,13.9,31.26,115,0.29,Shift heavy operations to off-peak hours.,0.28
11/5/2023 3:00,8.41,23.58,47,0.16,No action needed,0
11/5/2023 4:00,13.96,26.18,136,0.14,No action needed,0
11/5/2023 5:00,24.2,30.54,88,0.19,Reduce HVAC cooling to save energy.,0.23
11/5/2023 6:00,7.71,33.64,8,0.27,Turn off unnecessary lights in unoccupied areas.; Shift heavy operations to off-peak hours.,0.21
11/5/2023 7:00,12.91,29.48,122,0.18,No action needed,0
11/5/2023 8:00,22.59,15.55,44,0.28,Shift heavy operations to off-peak hours.,0.44
11/5/2023 9:00,9.92,27.7,143,0.12,No action needed,0
11/5/2023 10:00,24.87,20.24,128,0.26,Shift heavy operations to off-peak hours.,0.45
11/5/2023 11:00,5.35,18.22,23,0.22,Shift heavy operations to off-peak hours.,0.08
11/5/2023 12:00,12.49,24.97,125,0.13,No action needed,0
11/5/2023 13:00,19.33,24.38,49,0.15,No action needed,0
11/5/2023 14:00,24.86,25.04,109,0.15,Reduce HVAC cooling to save energy.,0.19
11/5/2023 15:00,6.39,28.71,49,0.18,No action needed,0
11/5/2023 16:00,16.24,30.24,14,0.22,Shift heavy operations to off-peak hours.,0.25
11/5/2023 17:00,18.04,22.1,137,0.29,Shift heavy operations to off-peak hours.,0.37
11/5/2023 18:00,17.01,27.13,125,0.12,Investigate devices left on overnight.,0.08
11/5/2023 19:00,20.42,20.05,57,0.28,Shift heavy operations to off-peak hours.; Investigate devices left on overnight.,0.63
11/5/2023 20:00,22.64,33.81,138,0.1,Reduce HVAC cooling to save energy.; Investigate devices left on overnight.,0.2
11/5/2023 21:00,7.6,30.77,12,0.12,No action needed,0
11/5/2023 22:00,5.41,31.67,48,0.3,Shift heavy operations to off-peak hours.,0.11
11/5/2023 23:00,6.68,28.02,81,0.22,Shift heavy operations to off-peak hours.,0.1
11/6/2023 0:00,5.92,26.85,60,0.21,Shift heavy operations to off-peak hours.,0.09
11/6/2023 1:00,18.94,26.7,86,0.21,Shift heavy operations to off-peak hours.; Investigate devices left on overnight.,0.44
11/6/2023 2:00,19.55,29.85,145,0.28,Shift heavy operations to off-peak hours.,0.38
11/6/2023 3:00,19.71,16.4,30,0.18,No action needed,0
11/6/2023 4:00,23.92,29.84,83,0.17,Reduce HVAC cooling to save energy.,0.2
11/6/2023 5:00,8.09,19.21,115,0.14,No action needed,0
11/6/2023 6:00,20.51,15.11,125,0.18,No action needed,0
11/6/2023 7:00,6.57,18.26,17,0.28,Shift heavy operations to off-peak hours.,0.13
11/6/2023 8:00,22.38,26.55,5,0.18,Reduce HVAC cooling to save energy.; Turn off unnecessary lights in unoccupied areas.,0.32
11/6/2023 9:00,17.83,25.41,103,0.24,Shift heavy operations to off-peak hours.; Investigate devices left on overnight.,0.47
11/6/2023 10:00,11.18,32.67,89,0.26,Shift heavy operations to off-peak hours.,0.2
11/6/2023 11:00,17.05,17.55,45,0.15,No action needed,0
11/6/2023 12:00,24.84,29.44,120,0.28,Reduce HVAC cooling to save energy.; Shift heavy operations to off-peak hours.,0.83
11/6/2023 13:00,17.23,30.87,78,0.16,No action needed,0
11/6/2023 14:00,15.73,31.4,19,0.28,Shift heavy operations to off-peak hours.,0.31
11/6/2023 15:00,20.02,33.98,76,0.14,Reduce HVAC cooling to save energy.,0.14
11/6/2023 16:00,14.88,29.96,116,0.29,Shift heavy operations to off-peak hours.,0.3
11/6/2023 17:00,6.19,32.92,76,0.2,No action needed,0
11/6/2023 18:00,9.15,23.04,65,0.16,No action needed,0
11/6/2023 19:00,17.55,24.09,38,0.2,Investigate devices left on overnight.,0.14
11/6/2023 20:00,7.71,17.53,115,0.24,Shift heavy operations to off-peak hours.,0.13
11/6/2023 21:00,10.64,28.61,65,0.17,Investigate devices left on overnight.,0.07
11/6/2023 22:00,10.75,26.36,26,0.28,Shift heavy operations to off-peak hours.,0.21
11/6/2023 23:00,17.09,29.53,132,0.14,No action needed,0
11/7/2023 0:00,18.23,32.6,84,0.22,Shift heavy operations to off-peak hours.,0.28
11/7/2023 1:00,5.11,23.15,77,0.24,Shift heavy operations to off-peak hours.,0.09
11/7/2023 2:00,9.63,23.21,102,0.21,Shift heavy operations to off-peak hours.,0.14
11/7/2023 3:00,9.92,27.63,84,0.3,Shift heavy operations to off-peak hours.,0.21
11/7/2023 4:00,15.48,18.09,17,0.11,No action needed,0
11/7/2023 5:00,23.4,20.89,82,0.25,Shift heavy operations to off-peak hours.,0.41
11/7/2023 6:00,18.21,28.88,116,0.2,No action needed,0
11/7/2023 7:00,20.86,31.76,6,0.3,Reduce HVAC cooling to save energy.; Turn off unnecessary lights in unoccupied areas.; Shift heavy operations to off-peak hours.,0.94
11/7/2023 8:00,6.54,21.33,74,0.16,No action needed,0
11/7/2023 9:00,9.69,16.01,5,0.29,Turn off unnecessary lights in unoccupied areas.; Shift heavy operations to off-peak hours.,0.28
11/7/2023 10:00,5.09,30.79,143,0.25,Shift heavy operations to off-peak hours.,0.09
11/7/2023 11:00,13.06,21.18,46,0.29,Shift heavy operations to off-peak hours.,0.27
11/7/2023 12:00,7.74,28.22,116,0.28,Shift heavy operations to off-peak hours.,0.15
11/7/2023 13:00,24.63,32.05,79,0.18,Reduce HVAC cooling to save energy.,0.22
11/7/2023 14:00,9.82,24.83,92,0.13,No action needed,0
11/7/2023 15:00,11.68,16.87,88,0.18,No action needed,0
11/7/2023 16:00,19.44,22.38,49,0.29,Shift heavy operations to off-peak hours.,0.39
11/7/2023 17:00,5.05,18.96,30,0.12,No action needed,0
11/7/2023 18:00,10.05,30.11,5,0.24,Turn off unnecessary lights in unoccupied areas.; Shift heavy operations to off-peak hours.,0.24
11/7/2023 19:00,11.71,25.95,10,0.16,No action needed,0
11/7/2023 20:00,13.4,21.38,59,0.28,Shift heavy operations to off-peak hours.,0.26
11/7/2023 21:00,12.51,25.13,115,0.13,No action needed,0
11/7/2023 22:00,7.84,19.18,127,0.23,Shift heavy operations to off-peak hours.,0.13
11/7/2023 23:00,22.52,20.39,97,0.16,Investigate devices left on overnight.,0.14
11/8/2023 0:00,21.71,15.64,55,0.11,No action needed,0
11/8/2023 1:00,20.11,16.08,40,0.23,Shift heavy operations to off-peak hours.,0.32
11/8/2023 2:00,8.51,19.66,42,0.2,No action needed,0
11/8/2023 3:00,23.1,21.09,104,0.12,No action needed,0
11/8/2023 4:00,11.18,28.02,128,0.21,Shift heavy operations to off-peak hours.,0.16
11/8/2023 5:00,19.9,24.87,118,0.22,Shift heavy operations to off-peak hours.,0.31
11/8/2023 6:00,14.79,21.79,124,0.23,Shift heavy operations to off-peak hours.,0.24
11/8/2023 7:00,6.76,22.55,77,0.15,No action needed,0
11/8/2023 8:00,7.95,19.67,65,0.16,No action needed,0
11/8/2023 9:00,7.52,30.19,108,0.21,Shift heavy operations to off-peak hours.,0.11
11/8/2023 10:00,11.24,18.76,115,0.12,No action needed,0
11/8/2023 11:00,18.77,29.57,145,0.17,No action needed,0
11/8/2023 12:00,12.71,31.02,123,0.22,Shift heavy operations to off-peak hours.,0.2
11/8/2023 13:00,9.72,28.59,24,0.11,No action needed,0
11/8/2023 14:00,23.4,21.39,104,0.2,No action needed,0
11/8/2023 15:00,9.43,21.52,71,0.11,No action needed,0
11/8/2023 16:00,22.13,26.49,149,0.16,Reduce HVAC cooling to save energy.,0.18
11/8/2023 17:00,10.44,18.49,81,0.29,Shift heavy operations to off-peak hours.; Investigate devices left on overnight.,0.33
11/8/2023 18:00,6.85,28.15,145,0.23,Shift heavy operations to off-peak hours.,0.11
11/8/2023 19:00,16.92,24.39,125,0.26,Shift heavy operations to off-peak hours.,0.31
11/8/2023 20:00,24.52,17.65,133,0.15,No action needed,0
11/8/2023 21:00,20.7,27.25,64,0.23,Reduce HVAC cooling to save energy.; Shift heavy operations to off-peak hours.,0.57
11/8/2023 22:00,10.48,24.11,126,0.12,No action needed,0
11/8/2023 23:00,12,27.08,66,0.12,No action needed,0
11/9/2023 0:00,24.98,27.11,16,0.16,Reduce HVAC cooling to save energy.,0.2
11/9/2023 1:00,6.51,25,126,0.27,Shift heavy operations to off-peak hours.,0.12
11/9/2023 2:00,5.2,16.6,137,0.16,No action needed,0
11/9/2023 3:00,7.22,18.34,68,0.24,Shift heavy operations to off-peak hours.,0.12
11/9/2023 4:00,24.46,29.83,73,0.27,Reduce HVAC cooling to save energy.; Shift heavy operations to off-peak hours.,0.79
11/9/2023 5:00,6.33,29.08,52,0.22,Shift heavy operations to off-peak hours.,0.1
11/9/2023 6:00,24.2,17.71,41,0.29,Shift heavy operations to off-peak hours.,0.49
11/9/2023 7:00,9.55,19.98,67,0.15,No action needed,0
11/9/2023 8:00,6.97,21.52,47,0.11,No action needed,0
11/9/2023 9:00,24.68,34.93,130,0.11,Reduce HVAC cooling to save energy.,0.14
11/9/2023 10:00,13.04,28.22,132,0.15,No action needed,0
11/9/2023 11:00,20.48,19.36,51,0.24,Shift heavy operations to off-peak hours.,0.34
11/9/2023 12:00,16.04,25.19,19,0.25,Shift heavy operations to off-peak hours.,0.28
11/9/2023 13:00,23.33,25.99,101,0.22,Reduce HVAC cooling to save energy.; Shift heavy operations to off-peak hours.,0.62
11/9/2023 14:00,6.94,22.96,65,0.28,Shift heavy operations to off-peak hours.,0.14
11/9/2023 15:00,17.26,28.37,66,0.14,No action needed,0
11/9/2023 16:00,18.89,17.88,109,0.24,Shift heavy operations to off-peak hours.,0.32
11/9/2023 17:00,5.73,22.57,36,0.2,No action needed,0
11/9/2023 18:00,18.06,32.13,62,0.1,No action needed,0
11/9/2023 19:00,16.12,15.95,9,0.28,Turn off unnecessary lights in unoccupied areas.; Shift heavy operations to off-peak hours.,0.45
11/9/2023 20:00,6.38,17.04,145,0.26,Shift heavy operations to off-peak hours.,0.12
11/9/2023 21:00,22.56,33.27,5,0.12,Reduce HVAC cooling to save energy.; Turn off unnecessary lights in unoccupied areas.; Investigate devices left on overnight.,0.32
11/9/2023 22:00,22.38,16.31,11,0.2,No action needed,0
11/9/2023 23:00,11.49,34.54,48,0.29,Shift heavy operations to off-peak hours.,0.23
11/10/2023 0:00,8.66,15.63,106,0.21,Shift heavy operations to off-peak hours.,0.13
11/10/2023 1:00,19.44,15.36,15,0.15,No action needed,0
11/10/2023 2:00,15.9,24.05,30,0.18,No action needed,0
11/10/2023 3:00,11.89,23.6,106,0.21,Shift heavy operations to off-peak hours.,0.17
11/10/2023 4:00,19.33,25.61,72,0.15,No action needed,0
11/10/2023 5:00,10.35,34.67,18,0.21,Shift heavy operations to off-peak hours.,0.15
11/10/2023 6:00,16.96,28.24,51,0.19,No action needed,0
11/10/2023 7:00,18.71,34.96,72,0.21,Shift heavy operations to off-peak hours.,0.28
11/10/2023 8:00,15.47,21.04,61,0.17,No action needed,0
11/10/2023 9:00,15.1,32.26,120,0.28,Shift heavy operations to off-peak hours.,0.3
11/10/2023 10:00,5.23,26.97,146,0.28,Shift heavy operations to off-peak hours.,0.1
11/10/2023 11:00,17.16,16.82,42,0.26,Shift heavy operations to off-peak hours.,0.31
11/10/2023 12:00,19.73,32.52,49,0.14,No action needed,0
11/10/2023 13:00,10.95,23.56,98,0.23,Shift heavy operations to off-peak hours.,0.18
11/10/2023 14:00,16.1,32.26,12,0.1,No action needed,0
11/10/2023 15:00,21.24,18.21,34,0.24,Shift heavy operations to off-peak hours.,0.36
11/10/2023 16:00,5.81,23.57,127,0.25,Shift heavy operations to off-peak hours.,0.1
11/10/2023 17:00,22.13,34.57,41,0.27,Reduce HVAC cooling to save energy.; Shift heavy operations to off-peak hours.,0.72
11/10/2023 18:00,10.1,16.62,111,0.14,Investigate devices left on overnight.,0.06
11/10/2023 19:00,23.43,33.17,106,0.22,Reduce HVAC cooling to save energy.; Shift heavy operations to off-peak hours.,0.62
11/10/2023 20:00,7.89,17.31,100,0.28,Shift heavy operations to off-peak hours.,0.15
11/10/2023 21:00,22.07,27.26,28,0.18,Reduce HVAC cooling to save energy.,0.2
11/10/2023 22:00,24.86,24.3,135,0.19,No action needed,0
11/10/2023 23:00,18.64,24.86,49,0.19,No action needed,0
11/11/2023 0:00,9.61,17.73,20,0.19,No action needed,0
11/11/2023 1:00,21.17,32.73,15,0.17,Reduce HVAC cooling to save energy.,0.18
11/11/2023 2:00,9.27,26.36,140,0.28,Shift heavy operations to off-peak hours.,0.18
11/11/2023 3:00,5.91,20.16,76,0.28,Shift heavy operations to off-peak hours.,0.12
11/11/2023 4:00,12.61,17.31,19,0.18,No action needed,0
11/11/2023 5:00,6.09,15.27,100,0.25,Shift heavy operations to off-peak hours.,0.11
11/11/2023 6:00,10.86,26.46,14,0.3,Shift heavy operations to off-peak hours.,0.23
11/11/2023 7:00,19.53,22.76,138,0.23,Shift heavy operations to off-peak hours.; Investigate devices left on overnight.,0.49
11/11/2023 8:00,17.12,25.21,93,0.27,Shift heavy operations to off-peak hours.,0.32
11/11/2023 9:00,5.41,33.73,117,0.2,No action needed,0
11/11/2023 10:00,5.93,30.95,18,0.29,Shift heavy operations to off-peak hours.,0.12
11/11/2023 11:00,5.92,32.31,45,0.18,No action needed,0
11/11/2023 12:00,15.94,31.87,16,0.2,No action needed,0
11/11/2023 13:00,12.91,26.75,142,0.21,Shift heavy operations to off-peak hours.,0.19
11/11/2023 14:00,17.32,32.55,72,0.14,Investigate devices left on overnight.,0.1
11/11/2023 15:00,12.72,15.36,146,0.24,Shift heavy operations to off-peak hours.,0.21
11/11/2023 16:00,16.74,29.67,131,0.25,Shift heavy operations to off-peak hours.,0.29
11/11/2023 17:00,9.5,17.68,75,0.21,Shift heavy operations to off-peak hours.,0.14
11/11/2023 18:00,7.54,23.26,42,0.22,Shift heavy operations to off-peak hours.,0.12
11/11/2023 19:00,13.01,18.58,41,0.19,No action needed,0
11/11/2023 20:00,21.9,34.78,135,0.29,Reduce HVAC cooling to save energy.; Shift heavy operations to off-peak hours.,0.76
11/11/2023 21:00,7.11,30.76,105,0.25,Shift heavy operations to off-peak hours.,0.12
11/11/2023 22:00,13.35,31.55,6,0.13,Turn off unnecessary lights in unoccupied areas.; Investigate devices left on overnight.,0.12
11/11/2023 23:00,5.04,27.6,85,0.24,Shift heavy operations to off-peak hours.,0.08
11/12/2023 0:00,11.02,22.9,38,0.15,No action needed,0
11/12/2023 1:00,15.68,19.71,101,0.3,Shift heavy operations to off-peak hours.,0.33
11/12/2023 2:00,21.95,27.59,105,0.12,Reduce HVAC cooling to save energy.,0.13
11/12/2023 3:00,8.1,25.77,31,0.11,No action needed,0
11/12/2023 4:00,12.28,27.66,19,0.24,Shift heavy operations to off-peak hours.,0.21
11/12/2023 5:00,24.07,27.32,32,0.1,Reduce HVAC cooling to save energy.,0.12
11/12/2023 6:00,12.54,28.51,40,0.17,No action needed,0
11/12/2023 7:00,14.92,29.16,31,0.12,No action needed,0
11/12/2023 8:00,22.05,21.37,88,0.18,No action needed,0
11/12/2023 9:00,7.26,28.1,44,0.25,Shift heavy operations to off-peak hours.,0.13
11/12/2023 10:00,6.31,23.15,125,0.12,No action needed,0
11/12/2023 11:00,11.7,24,52,0.19,No action needed,0
11/12/2023 12:00,6.6,26.45,125,0.24,Shift heavy operations to off-peak hours.,0.11
11/12/2023 13:00,16.84,23.22,146,0.24,Shift heavy operations to off-peak hours.; Investigate devices left on overnight.,0.44
11/12/2023 14:00,20.93,23.95,90,0.14,No action needed,0
11/12/2023 15:00,15.68,26.1,105,0.25,Shift heavy operations to off-peak hours.,0.27
11/12/2023 16:00,10.26,16.59,40,0.23,Shift heavy operations to off-peak hours.; Investigate devices left on overnight.,0.26
11/12/2023 17:00,14.74,32.23,115,0.13,No action needed,0
11/12/2023 18:00,22.97,18.87,101,0.27,Shift heavy operations to off-peak hours.; Investigate devices left on overnight.,0.68
11/12/2023 19:00,16.52,32.11,105,0.16,No action needed,0
11/12/2023 20:00,23.15,18.92,123,0.12,No action needed,0
11/12/2023 21:00,9.79,15.85,113,0.27,Shift heavy operations to off-peak hours.,0.19
11/12/2023 22:00,13.86,20.5,78,0.25,Shift heavy operations to off-peak hours.,0.24
11/12/2023 23:00,5.19,27.45,11,0.13,No action needed,0
11/13/2023 0:00,19.54,18.75,34,0.25,Shift heavy operations to off-peak hours.,0.34
11/13/2023 1:00,16.32,31.94,25,0.27,Shift heavy operations to off-peak hours.; Investigate devices left on overnight.,0.48
11/13/2023 2:00,16.32,26.95,104,0.28,Shift heavy operations to off-peak hours.,0.32
11/13/2023 3:00,16.45,32.34,20,0.16,No action needed,0
11/13/2023 4:00,15.74,18.64,146,0.13,No action needed,0
11/13/2023 5:00,19.45,31.79,51,0.18,Investigate devices left on overnight.,0.14
11/13/2023 6:00,22.4,19.93,74,0.21,Shift heavy operations to off-peak hours.; Investigate devices left on overnight.,0.52
11/13/2023 7:00,7.08,18.86,36,0.26,Shift heavy operations to off-peak hours.,0.13
11/13/2023 8:00,8.3,20.8,143,0.3,Shift heavy operations to off-peak hours.,0.17
11/13/2023 9:00,13.36,20.72,51,0.14,No action needed,0
11/13/2023 10:00,13.98,26.58,86,0.16,No action needed,0
11/13/2023 11:00,24.17,15.44,90,0.15,No action needed,0
11/13/2023 12:00,18.25,34.67,131,0.26,Shift heavy operations to off-peak hours.; Investigate devices left on overnight.,0.52
11/13/2023 13:00,8.28,20.41,61,0.16,No action needed,0
11/13/2023 14:00,11.39,31.04,30,0.14,Investigate devices left on overnight.,0.06
11/13/2023 15:00,5.32,19.53,129,0.23,Shift heavy operations to off-peak hours.,0.09
11/13/2023 16:00,7.68,19.47,71,0.17,No action needed,0
11/13/2023 17:00,13.89,34.91,108,0.12,No action needed,0
11/13/2023 18:00,9.32,33.86,9,0.3,Turn off unnecessary lights in unoccupied areas.; Shift heavy operations to off-peak hours.,0.28
11/13/2023 19:00,15.2,30.9,38,0.14,No action needed,0
11/13/2023 20:00,22.45,26.98,19,0.23,Reduce HVAC cooling to save energy.; Shift heavy operations to off-peak hours.; Investigate devices left on overnight.,0.83
11/13/2023 21:00,9.21,23.05,95,0.13,No action needed,0
11/13/2023 22:00,19.58,20.9,70,0.11,Investigate devices left on overnight.,0.09
11/13/2023 23:00,11.99,21.37,91,0.25,Shift heavy operations to off-peak hours.,0.21
11/14/2023 0:00,19.66,25.18,137,0.12,Investigate devices left on overnight.,0.09
11/14/2023 1:00,14.05,19.28,138,0.24,Shift heavy operations to off-peak hours.,0.24
11/14/2023 2:00,23.54,32.89,63,0.21,Reduce HVAC cooling to save energy.; Shift heavy operations to off-peak hours.; Investigate devices left on overnight.,0.79
11/14/2023 3:00,21.48,26.77,31,0.23,Reduce HVAC cooling to save energy.; Shift heavy operations to off-peak hours.,0.59
11/14/2023 4:00,20.48,23.55,25,0.18,Investigate devices left on overnight.,0.15
11/14/2023 5:00,18.68,29.52,125,0.15,No action needed,0
11/14/2023 6:00,22.67,15.52,130,0.25,Shift heavy operations to off-peak hours.; Investigate devices left on overnight.,0.62
11/14/2023 7:00,8.77,24.71,60,0.23,Shift heavy operations to off-peak hours.,0.14
11/14/2023 8:00,5.35,22.98,91,0.28,Shift heavy operations to off-peak hours.,0.1
11/14/2023 9:00,10.46,22.44,31,0.21,Shift heavy operations to off-peak hours.,0.15
11/14/2023 10:00,5.71,21.92,42,0.27,Shift heavy operations to off-peak hours.,0.11
11/14/2023 11:00,13.77,19.48,139,0.24,Shift heavy operations to off-peak hours.,0.23
11/14/2023 12:00,21.38,30.08,115,0.3,Reduce HVAC cooling to save energy.; Shift heavy operations to off-peak hours.; Investigate devices left on overnight.,1.03
11/14/2023 13:00,13.66,15.3,21,0.2,Investigate devices left on overnight.,0.11
11/14/2023 14:00,12.61,27.65,129,0.12,No action needed,0
11/14/2023 15:00,16.62,23.8,86,0.25,Shift heavy operations to off-peak hours.,0.29
11/14/2023 16:00,8.43,26.34,10,0.11,No action needed,0
11/14/2023 17:00,16.43,21.5,124,0.21,Shift heavy operations to off-peak hours.; Investigate devices left on overnight.,0.38
11/14/2023 18:00,22.95,33.97,117,0.13,Reduce HVAC cooling to save energy.,0.15
11/14/2023 19:00,18.7,22.54,114,0.25,Shift heavy operations to off-peak hours.,0.33
11/14/2023 20:00,5.44,30.79,104,0.14,No action needed,0
11/14/2023 21:00,19.59,16.19,93,0.25,Shift heavy operations to off-peak hours.; Investigate devices left on overnight.,0.54
11/14/2023 22:00,20.71,22.51,16,0.12,Investigate devices left on overnight.,0.1
11/14/2023 23:00,13.71,23.49,142,0.14,No action needed,0
11/15/2023 0:00,17.22,28.92,16,0.28,Shift heavy operations to off-peak hours.,0.34
11/15/2023 1:00,8.57,33.84,114,0.25,Shift heavy operations to off-peak hours.,0.15
11/15/2023 2:00,7.01,26.53,76,0.12,No action needed,0
11/15/2023 3:00,17.74,32.89,131,0.14,No action needed,0
11/15/2023 4:00,5.56,22.04,118,0.2,No action needed,0
11/15/2023 5:00,8.46,23.32,121,0.18,No action needed,0
11/15/2023 6:00,7.51,30.03,132,0.28,Shift heavy operations to off-peak hours.,0.15
11/15/2023 7:00,6.53,32.3,87,0.1,No action needed,0
11/15/2023 8:00,9.75,17.91,93,0.21,Shift heavy operations to off-peak hours.,0.14
11/15/2023 9:00,11.52,15.31,52,0.16,No action needed,0
11/15/2023 10:00,9.35,31.48,78,0.16,No action needed,0
11/15/2023 11:00,11.81,31.33,148,0.23,Shift heavy operations to off-peak hours.,0.19
11/15/2023 12:00,21.99,21.56,119,0.14,No action needed,0
11/15/2023 13:00,16.77,22.49,33,0.17,No action needed,0
11/15/2023 14:00,20.04,25.05,91,0.25,Reduce HVAC cooling to save energy.; Shift heavy operations to off-peak hours.; Investigate devices left on overnight.,0.8
11/15/2023 15:00,24.39,28.69,92,0.28,Reduce HVAC cooling to save energy.; Shift heavy operations to off-peak hours.,0.82
11/15/2023 16:00,9.77,21.2,89,0.28,Shift heavy operations to off-peak hours.,0.19
11/15/2023 17:00,14.01,24.83,93,0.18,Investigate devices left on overnight.,0.1
11/15/2023 18:00,10.9,33.28,149,0.19,No action needed,0
11/15/2023 19:00,16.55,20.21,56,0.29,Shift heavy operations to off-peak hours.,0.34
11/15/2023 20:00,9.31,18.39,34,0.27,Shift heavy operations to off-peak hours.,0.18
11/15/2023 21:00,8.73,21.69,116,0.25,Shift heavy operations to off-peak hours.,0.15
11/15/2023 22:00,13.17,17.32,112,0.17,No action needed,0
11/15/2023 23:00,15.14,20.58,128,0.28,Shift heavy operations to off-peak hours.,0.3
11/16/2023 0:00,15.75,27.05,13,0.11,No action needed,0
11/16/2023 1:00,21.39,27.65,92,0.24,Reduce HVAC cooling to save energy.; Shift heavy operations to off-peak hours.,0.62
11/16/2023 2:00,21.67,21.75,11,0.11,No action needed,0
11/16/2023 3:00,24.39,33.18,45,0.19,Reduce HVAC cooling to save energy.; Investigate devices left on overnight.,0.42
11/16/2023 4:00,14.14,26.47,20,0.24,Shift heavy operations to off-peak hours.,0.24
11/16/2023 5:00,20.88,23.37,79,0.28,Shift heavy operations to off-peak hours.,0.41
11/16/2023 6:00,9.73,15.69,117,0.26,Shift heavy operations to off-peak hours.,0.18
11/16/2023 7:00,15.77,26.69,118,0.21,Shift heavy operations to off-peak hours.,0.23
11/16/2023 8:00,24.28,34.83,33,0.13,Reduce HVAC cooling to save energy.,0.16
11/16/2023 9:00,24.37,16.3,56,0.14,Investigate devices left on overnight.,0.14
11/16/2023 10:00,13.49,23.04,47,0.23,Shift heavy operations to off-peak hours.; Investigate devices left on overnight.,0.34
11/16/2023 11:00,15.79,33.49,16,0.16,Investigate devices left on overnight.,0.1
11/16/2023 12:00,10.89,34.95,80,0.26,Shift heavy operations to off-peak hours.; Investigate devices left on overnight.,0.31
11/16/2023 13:00,9.78,24.64,56,0.13,No action needed,0
11/16/2023 14:00,10.45,21.81,75,0.18,No action needed,0
11/16/2023 15:00,5.79,34.13,132,0.16,No action needed,0
11/16/2023 16:00,6.73,30.98,119,0.29,Shift heavy operations to off-peak hours.,0.14
11/16/2023 17:00,16.19,30.68,83,0.24,Shift heavy operations to off-peak hours.,0.27
11/16/2023 18:00,6.85,20.71,56,0.11,No action needed,0
11/16/2023 19:00,16.66,30.6,66,0.21,Shift heavy operations to off-peak hours.,0.24
11/16/2023 20:00,15.72,26.56,54,0.3,Shift heavy operations to off-peak hours.; Investigate devices left on overnight.,0.52
11/16/2023 21:00,16.35,28.34,75,0.25,Shift heavy operations to off-peak hours.,0.29
11/16/2023 22:00,22.47,22.33,34,0.19,Investigate devices left on overnight.,0.17
11/16/2023 23:00,16.01,16.01,150,0.21,Shift heavy operations to off-peak hours.,0.24
11/17/2023 0:00,16.1,25.56,107,0.22,Shift heavy operations to off-peak hours.,0.25
11/17/2023 1:00,7.53,23.75,103,0.21,Shift heavy operations to off-peak hours.,0.11
11/17/2023 2:00,11.43,28,109,0.26,Shift heavy operations to off-peak hours.,0.21
11/17/2023 3:00,20.9,16.87,27,0.28,Shift heavy operations to off-peak hours.,0.41
11/17/2023 4:00,13.74,27.55,5,0.24,Turn off unnecessary lights in unoccupied areas.; Shift heavy operations to off-peak hours.,0.33
11/17/2023 5:00,8.21,23.44,109,0.29,Shift heavy operations to off-peak hours.,0.17
11/17/2023 6:00,16.56,20.1,36,0.27,Shift heavy operations to off-peak hours.; Investigate devices left on overnight.,0.49
11/17/2023 7:00,6.02,34.02,53,0.29,Shift heavy operations to off-peak hours.,0.12
11/17/2023 8:00,22.22,15.27,128,0.1,No action needed,0
11/17/2023 9:00,12.18,34.29,27,0.19,No action needed,0
11/17/2023 10:00,8.61,17.9,140,0.27,Shift heavy operations to off-peak hours.,0.16
11/17/2023 11:00,10.08,31.17,82,0.13,No action needed,0
11/17/2023 12:00,15.87,25.08,28,0.18,No action needed,0
11/17/2023 13:00,12.52,21.73,76,0.24,Shift heavy operations to off-peak hours.,0.21
11/17/2023 14:00,14.14,33.79,15,0.12,No action needed,0
11/17/2023 15:00,15.66,19.97,47,0.18,Investigate devices left on overnight.,0.11
11/17/2023 16:00,5.13,32.32,109,0.11,No action needed,0
11/17/2023 17:00,13.63,19.47,126,0.19,No action needed,0
11/17/2023 18:00,18.16,31.75,49,0.3,Shift heavy operations to off-peak hours.; Investigate devices left on overnight.,0.6
11/17/2023 19:00,7.95,31.12,82,0.24,Shift heavy operations to off-peak hours.,0.13
11/17/2023 20:00,23.46,26.02,14,0.11,Reduce HVAC cooling to save energy.,0.13
11/17/2023 21:00,23.93,24.55,67,0.13,No action needed,0
11/17/2023 22:00,9.09,26.01,9,0.2,Turn off unnecessary lights in unoccupied areas.,0.05
11/17/2023 23:00,21.97,26.58,50,0.27,Reduce HVAC cooling to save energy.; Shift heavy operations to off-peak hours.,0.71
11/18/2023 0:00,20,34.3,70,0.2,No action needed,0
11/18/2023 1:00,19.05,18.18,8,0.14,Turn off unnecessary lights in unoccupied areas.; Investigate devices left on overnight.,0.19
11/18/2023 2:00,6.36,27.23,85,0.23,Shift heavy operations to off-peak hours.,0.1
11/18/2023 3:00,22.47,21.76,134,0.23,Shift heavy operations to off-peak hours.,0.36
11/18/2023 4:00,13.48,24.42,29,0.14,Investigate devices left on overnight.,0.08
11/18/2023 5:00,20.67,15.02,121,0.16,Investigate devices left on overnight.,0.13
11/18/2023 6:00,17.08,15.71,82,0.28,Shift heavy operations to off-peak hours.,0.33
11/18/2023 7:00,15.81,25.21,88,0.29,Shift heavy operations to off-peak hours.,0.32
11/18/2023 8:00,15.91,27.34,59,0.2,No action needed,0
11/18/2023 9:00,19.02,23.18,47,0.27,Shift heavy operations to off-peak hours.,0.36
11/18/2023 10:00,5.79,27.38,23,0.12,No action needed,0
11/18/2023 11:00,8.18,18.23,125,0.13,No action needed,0
11/18/2023 12:00,13.93,15.45,93,0.13,No action needed,0
11/18/2023 13:00,7.91,27.21,119,0.23,Shift heavy operations to off-peak hours.,0.13
11/18/2023 14:00,7.18,24.01,110,0.19,No action needed,0
11/18/2023 15:00,17.7,31.24,54,0.16,No action needed,0
11/18/2023 16:00,15.61,30.68,141,0.1,No action needed,0
11/18/2023 17:00,21.71,18.97,111,0.28,Shift heavy operations to off-peak hours.; Investigate devices left on overnight.,0.67
11/18/2023 18:00,13.19,25.75,126,0.24,Shift heavy operations to off-peak hours.,0.22
11/18/2023 19:00,15.6,28.03,105,0.13,No action needed,0
11/18/2023 20:00,10.98,21.43,49,0.11,No action needed,0
11/18/2023 21:00,5.1,19.7,74,0.15,No action needed,0
11/18/2023 22:00,23.14,27.76,103,0.14,Reduce HVAC cooling to save energy.,0.16
11/18/2023 23:00,15.79,31.45,132,0.16,No action needed,0
11/19/2023 0:00,21.76,33.34,48,0.2,Reduce HVAC cooling to save energy.,0.22
11/19/2023 1:00,24.58,32.5,64,0.3,Reduce HVAC cooling to save energy.; Shift heavy operations to off-peak hours.,0.88
11/19/2023 2:00,7.75,29.63,55,0.29,Shift heavy operations to off-peak hours.,0.16
11/19/2023 3:00,11.94,15.05,32,0.27,Shift heavy operations to off-peak hours.,0.23
11/19/2023 4:00,22.63,15.11,79,0.28,Shift heavy operations to off-peak hours.,0.44
11/19/2023 5:00,12.22,34.64,8,0.28,Turn off unnecessary lights in unoccupied areas.; Shift heavy operations to off-peak hours.; Investigate devices left on overnight.,0.48
11/19/2023 6:00,17.71,20.63,5,0.25,Turn off unnecessary lights in unoccupied areas.; Shift heavy operations to off-peak hours.,0.44
11/19/2023 7:00,6.61,20.81,59,0.17,No action needed,0
11/19/2023 8:00,17.18,21.61,67,0.15,No action needed,0
11/19/2023 9:00,10.83,18.4,131,0.29,Shift heavy operations to off-peak hours.,0.22
11/19/2023 10:00,7.59,19.98,149,0.18,No action needed,0
11/19/2023 11:00,14.38,16.54,87,0.27,Shift heavy operations to off-peak hours.,0.27
11/19/2023 12:00,22.79,16.53,122,0.11,Investigate devices left on overnight.,0.1
11/19/2023 13:00,15.7,21.89,103,0.16,Investigate devices left on overnight.,0.1
11/19/2023 14:00,20.77,32.16,53,0.22,Reduce HVAC cooling to save energy.; Shift heavy operations to off-peak hours.,0.55
11/19/2023 15:00,10.33,27.88,81,0.26,Shift heavy operations to off-peak hours.,0.19
11/19/2023 16:00,22.53,29.97,118,0.16,Reduce HVAC cooling to save energy.,0.18
11/19/2023 17:00,16.45,22,53,0.18,No action needed,0
11/19/2023 18:00,17.27,34.7,63,0.11,No action needed,0
11/19/2023 19:00,11.38,19.7,48,0.14,No action needed,0
11/19/2023 20:00,8.54,24.58,150,0.13,No action needed,0
11/19/2023 21:00,17.95,15.51,32,0.14,No action needed,0
11/19/2023 22:00,20.17,18.39,71,0.15,No action needed,0
11/19/2023 23:00,10.34,30.52,28,0.21,Shift heavy operations to off-peak hours.,0.15
11/20/2023 0:00,9.16,34.17,140,0.17,No action needed,0
11/20/2023 1:00,5.25,30.11,23,0.19,No action needed,0
11/20/2023 2:00,7.89,26.83,86,0.16,No action needed,0
11/20/2023 3:00,16.76,32.46,143,0.21,Shift heavy operations to off-peak hours.; Investigate devices left on overnight.,0.39
11/20/2023 4:00,18.63,27.5,100,0.22,Shift heavy operations to off-peak hours.,0.29
11/20/2023 5:00,16.94,24.19,18,0.12,No action needed,0
11/20/2023 6:00,23.07,32.06,100,0.24,Reduce HVAC cooling to save energy.; Shift heavy operations to off-peak hours.,0.66
11/20/2023 7:00,21.24,15.51,100,0.28,Shift heavy operations to off-peak hours.; Investigate devices left on overnight.,0.65
11/20/2023 8:00,22.57,27.73,145,0.24,Reduce HVAC cooling to save energy.; Shift heavy operations to off-peak hours.,0.65
11/20/2023 9:00,18.46,20.97,55,0.19,No action needed,0
11/20/2023 10:00,24.35,16.6,59,0.23,Shift heavy operations to off-peak hours.,0.39
11/20/2023 11:00,17.58,26.84,119,0.3,Shift heavy operations to off-peak hours.,0.37
11/20/2023 12:00,5.16,15.96,47,0.26,Shift heavy operations to off-peak hours.,0.09
11/20/2023 13:00,23.4,18.7,143,0.12,Investigate devices left on overnight.,0.11
11/20/2023 14:00,16.08,16.04,65,0.12,No action needed,0
11/20/2023 15:00,23.64,27.18,42,0.24,Reduce HVAC cooling to save energy.; Shift heavy operations to off-peak hours.; Investigate devices left on overnight.,0.91
11/20/2023 16:00,9.22,24.76,138,0.23,Shift heavy operations to off-peak hours.,0.15
11/20/2023 17:00,7.17,19.65,53,0.19,No action needed,0
11/20/2023 18:00,12.17,20.94,76,0.25,Shift heavy operations to off-peak hours.; Investigate devices left on overnight.,0.33
11/20/2023 19:00,17.57,32.04,34,0.15,No action needed,0
11/20/2023 20:00,5.19,19.08,95,0.14,No action needed,0
11/20/2023 21:00,15.13,16.48,81,0.11,No action needed,0
11/20/2023 22:00,9.9,33.57,12,0.18,No action needed,0
11/20/2023 23:00,11.24,20.78,17,0.17,No action needed,0
11/21/2023 0:00,23.62,28.12,71,0.24,Reduce HVAC cooling to save energy.; Shift heavy operations to off-peak hours.,0.68
11/21/2023 1:00,19.19,26.66,68,0.24,Shift heavy operations to off-peak hours.,0.32
11/21/2023 2:00,16.31,24.66,106,0.12,No action needed,0
11/21/2023 3:00,23.46,15.32,110,0.18,No action needed,0
11/21/2023 4:00,10.89,20.38,107,0.27,Shift heavy operations to off-peak hours.,0.21
11/21/2023 5:00,19.36,16.68,35,0.19,No action needed,0
11/21/2023 6:00,11.64,27.54,150,0.21,Shift heavy operations to off-peak hours.,0.17
11/21/2023 7:00,23.11,15.37,40,0.12,Investigate devices left on overnight.,0.11
11/21/2023 8:00,14.81,24.45,112,0.26,Shift heavy operations to off-peak hours.,0.27
11/21/2023 9:00,11.99,18.6,68,0.3,Shift heavy operations to off-peak hours.,0.25
11/21/2023 10:00,22.62,16.58,48,0.23,Shift heavy operations to off-peak hours.,0.36
11/21/2023 11:00,7.61,25.49,78,0.29,Shift heavy operations to off-peak hours.,0.15
11/21/2023 12:00,21.91,20.32,35,0.12,Investigate devices left on overnight.,0.11
11/21/2023 13:00,6.93,25.47,105,0.24,Shift heavy operations to off-peak hours.,0.12
11/21/2023 14:00,9.59,30.79,144,0.24,Shift heavy operations to off-peak hours.,0.16
11/21/2023 15:00,22.64,21.93,71,0.25,Shift heavy operations to off-peak hours.,0.4
11/21/2023 16:00,13.56,15.89,52,0.25,Shift heavy operations to off-peak hours.; Investigate devices left on overnight.,0.37
11/21/2023 17:00,16.17,26.62,144,0.13,Investigate devices left on overnight.,0.08
11/21/2023 18:00,24.36,17.47,117,0.12,No action needed,0
11/21/2023 19:00,24.48,21.11,34,0.25,Shift heavy operations to off-peak hours.,0.43
11/21/2023 20:00,15.51,20.85,55,0.15,Investigate devices left on overnight.,0.09
11/21/2023 21:00,23.06,18.49,43,0.25,Shift heavy operations to off-peak hours.,0.4
11/21/2023 22:00,23.38,33.31,64,0.23,Reduce HVAC cooling to save energy.; Shift heavy operations to off-peak hours.,0.65
11/21/2023 23:00,15.78,15.99,66,0.2,Investigate devices left on overnight.,0.13
11/22/2023 0:00,18.44,18.9,27,0.1,No action needed,0
11/22/2023 1:00,8.32,30.59,67,0.26,Shift heavy operations to off-peak hours.,0.15
11/22/2023 2:00,15.56,29.2,16,0.27,Shift heavy operations to off-peak hours.,0.29
11/22/2023 3:00,11.66,22.52,122,0.26,Shift heavy operations to off-peak hours.,0.21
11/22/2023 4:00,22.32,29.11,37,0.17,Reduce HVAC cooling to save energy.,0.19
11/22/2023 5:00,5.82,28.31,25,0.23,Shift heavy operations to off-peak hours.,0.09
11/22/2023 6:00,14.02,19.36,118,0.16,No action needed,0
11/22/2023 7:00,16.35,32.56,69,0.13,No action needed,0
11/22/2023 8:00,20.15,21.67,118,0.2,No action needed,0
11/22/2023 9:00,23.89,24.75,23,0.2,No action needed,0
11/22/2023 10:00,19.88,22.87,124,0.27,Shift heavy operations to off-peak hours.; Investigate devices left on overnight.,0.59
11/22/2023 11:00,22.08,31.24,7,0.16,Reduce HVAC cooling to save energy.; Turn off unnecessary lights in unoccupied areas.,0.28
11/22/2023 12:00,16.29,16.1,75,0.14,No action needed,0
11/22/2023 13:00,24.83,32.93,137,0.19,Reduce HVAC cooling to save energy.,0.24
11/22/2023 14:00,21.04,23.27,147,0.26,Shift heavy operations to off-peak hours.,0.38
11/22/2023 15:00,21.71,29.36,126,0.14,Reduce HVAC cooling to save energy.; Investigate devices left on overnight.,0.27
11/22/2023 16:00,22.9,25.52,115,0.18,Reduce HVAC cooling to save energy.,0.21
11/22/2023 17:00,20.86,33.98,23,0.15,Reduce HVAC cooling to save energy.,0.16
11/22/2023 18:00,6.02,32.6,133,0.27,Shift heavy operations to off-peak hours.,0.11
11/22/2023 19:00,14.92,25.46,107,0.15,No action needed,0
11/22/2023 20:00,22.56,20.01,121,0.2,No action needed,0
11/22/2023 21:00,22.15,34.06,87,0.16,Reduce HVAC cooling to save energy.; Investigate devices left on overnight.,0.32
11/22/2023 22:00,6.05,28.49,7,0.14,Turn off unnecessary lights in unoccupied areas.,0.03
11/22/2023 23:00,17.17,15.02,19,0.15,No action needed,0
11/23/2023 0:00,15.67,23.33,144,0.13,Investigate devices left on overnight.,0.08
11/23/2023 1:00,11.33,27.87,132,0.21,Shift heavy operations to off-peak hours.,0.17
11/23/2023 2:00,6.59,30.82,110,0.26,Shift heavy operations to off-peak hours.,0.12
11/23/2023 3:00,10.28,33.13,107,0.29,Shift heavy operations to off-peak hours.,0.21
11/23/2023 4:00,6.15,30.62,109,0.2,No action needed,0
11/23/2023 5:00,19.34,25.69,113,0.14,No action needed,0
11/23/2023 6:00,20.97,30.64,67,0.25,Reduce HVAC cooling to save energy.; Shift heavy operations to off-peak hours.,0.63
11/23/2023 7:00,8.53,28.82,15,0.22,Shift heavy operations to off-peak hours.,0.13
11/23/2023 8:00,5.53,23.81,43,0.11,No action needed,0
11/23/2023 9:00,10.2,15.15,134,0.1,No action needed,0
11/23/2023 10:00,16.36,30.53,6,0.23,Turn off unnecessary lights in unoccupied areas.; Shift heavy operations to off-peak hours.,0.38
11/23/2023 11:00,21.11,17.5,34,0.11,No action needed,0
11/23/2023 12:00,7.48,21.62,21,0.15,No action needed,0
11/23/2023 13:00,19.11,31.53,48,0.27,Shift heavy operations to off-peak hours.,0.36
11/23/2023 14:00,6.06,30.11,100,0.11,No action needed,0
11/23/2023 15:00,9.67,31.93,33,0.23,Shift heavy operations to off-peak hours.,0.16
11/23/2023 16:00,24.24,24,100,0.15,No action needed,0
11/23/2023 17:00,12.15,31.76,10,0.14,No action needed,0
11/23/2023 18:00,13.53,32.85,94,0.14,Investigate devices left on overnight.,0.08
11/23/2023 19:00,19.49,33.29,85,0.12,No action needed,0
11/23/2023 20:00,13.42,33.66,103,0.22,Shift heavy operations to off-peak hours.,0.21
11/23/2023 21:00,9.57,23.17,88,0.25,Shift heavy operations to off-peak hours.,0.17
11/23/2023 22:00,10.49,27.89,73,0.14,No action needed,0
11/23/2023 23:00,22.5,31.34,27,0.16,Reduce HVAC cooling to save energy.,0.18
11/24/2023 0:00,10.89,23.8,25,0.15,Investigate devices left on overnight.,0.07
11/24/2023 1:00,16.43,32.21,33,0.26,Shift heavy operations to off-peak hours.; Investigate devices left on overnight.,0.47
11/24/2023 2:00,24.48,34.14,142,0.17,Reduce HVAC cooling to save energy.,0.21
11/24/2023 3:00,12.97,32.95,115,0.12,No action needed,0
11/24/2023 4:00,11.38,22.37,36,0.1,Investigate devices left on overnight.,0.05
11/24/2023 5:00,17.82,29.69,43,0.2,No action needed,0
11/24/2023 6:00,20.57,33.84,29,0.24,Reduce HVAC cooling to save energy.; Shift heavy operations to off-peak hours.,0.59
11/24/2023 7:00,11.9,22.29,149,0.24,Shift heavy operations to off-peak hours.,0.2
11/24/2023 8:00,17.63,19.89,78,0.17,No action needed,0
11/24/2023 9:00,10.37,21.99,61,0.11,No action needed,0
11/24/2023 10:00,19.35,23.26,95,0.13,No action needed,0
11/24/2023 11:00,11.35,27.14,53,0.28,Shift heavy operations to off-peak hours.,0.22
11/24/2023 12:00,5.53,21.08,121,0.25,Shift heavy operations to off-peak hours.,0.1
11/24/2023 13:00,16.39,24.6,82,0.14,No action needed,0
11/24/2023 14:00,19.34,21.57,59,0.11,No action needed,0
11/24/2023 15:00,22,22.62,108,0.2,No action needed,0
11/24/2023 16:00,9.64,18.38,126,0.21,Shift heavy operations to off-peak hours.,0.14
11/24/2023 17:00,16.97,30.66,116,0.29,Shift heavy operations to off-peak hours.,0.34
11/24/2023 18:00,10.31,31.61,58,0.24,Shift heavy operations to off-peak hours.,0.17
11/24/2023 19:00,8.69,16.32,30,0.22,Shift heavy operations to off-peak hours.,0.13
11/24/2023 20:00,24.64,25.14,119,0.28,Reduce HVAC cooling to save energy.; Shift heavy operations to off-peak hours.,0.83
11/24/2023 21:00,21.84,16.65,6,0.25,Turn off unnecessary lights in unoccupied areas.; Shift heavy operations to off-peak hours.,0.55
11/24/2023 22:00,16.26,17.4,42,0.14,No action needed,0
11/24/2023 23:00,16.17,28.12,77,0.22,Shift heavy operations to off-peak hours.,0.25
11/25/2023 0:00,24.01,16.94,113,0.14,No action needed,0
11/25/2023 1:00,15.91,30.84,88,0.25,Shift heavy operations to off-peak hours.,0.28
11/25/2023 2:00,19.22,22.56,102,0.28,Shift heavy operations to off-peak hours.; Investigate devices left on overnight.,0.59
11/25/2023 3:00,7.25,19.33,25,0.16,No action needed,0
11/25/2023 4:00,15.01,23.88,101,0.3,Shift heavy operations to off-peak hours.,0.32
11/25/2023 5:00,16.01,34,5,0.23,Turn off unnecessary lights in unoccupied areas.; Shift heavy operations to off-peak hours.,0.37
11/25/2023 6:00,15.3,34.4,93,0.22,Shift heavy operations to off-peak hours.,0.24
11/25/2023 7:00,11.98,17.19,11,0.22,Shift heavy operations to off-peak hours.,0.18
11/25/2023 8:00,23.68,16.54,118,0.14,Investigate devices left on overnight.,0.13
11/25/2023 9:00,5.96,33,31,0.13,No action needed,0
11/25/2023 10:00,18.59,18.93,58,0.28,Shift heavy operations to off-peak hours.,0.36
11/25/2023 11:00,6.59,30.33,63,0.21,Shift heavy operations to off-peak hours.,0.1
11/25/2023 12:00,6.47,32.26,87,0.27,Shift heavy operations to off-peak hours.,0.12
11/25/2023 13:00,21.98,16.61,45,0.24,Shift heavy operations to off-peak hours.,0.37
11/25/2023 14:00,14.14,19.86,75,0.19,No action needed,0
11/25/2023 15:00,6.4,25.71,100,0.16,No action needed,0
11/25/2023 16:00,7.41,18.52,12,0.18,No action needed,0
11/25/2023 17:00,17.34,26.38,32,0.11,No action needed,0
11/25/2023 18:00,16.33,19.87,64,0.26,Shift heavy operations to off-peak hours.,0.3
11/25/2023 19:00,9.32,17.13,26,0.29,Shift heavy operations to off-peak hours.,0.19
11/25/2023 20:00,9.87,22.8,64,0.1,No action needed,0
11/25/2023 21:00,13.68,20.79,111,0.16,No action needed,0
11/25/2023 22:00,10.98,17.37,140,0.12,No action needed,0
11/25/2023 23:00,6.34,19.36,150,0.22,Shift heavy operations to off-peak hours.,0.1
11/26/2023 0:00,19.81,27.56,124,0.22,Shift heavy operations to off-peak hours.,0.31
11/26/2023 1:00,23.63,20.25,117,0.17,No action needed,0
11/26/2023 2:00,12.49,24.87,57,0.24,Shift heavy operations to off-peak hours.,0.21
11/26/2023 3:00,9.01,24.25,59,0.28,Shift heavy operations to off-peak hours.,0.18
11/26/2023 4:00,24.87,22.24,58,0.14,No action needed,0
11/26/2023 5:00,15.26,34.58,143,0.23,Shift heavy operations to off-peak hours.,0.25
11/26/2023 6:00,19.39,25.41,115,0.11,No action needed,0
11/26/2023 7:00,21.43,15.98,99,0.17,Investigate devices left on overnight.,0.15
11/26/2023 8:00,14.35,26.89,116,0.18,No action needed,0
11/26/2023 9:00,22.66,32.99,86,0.13,Reduce HVAC cooling to save energy.,0.15
11/26/2023 10:00,14.63,18.61,104,0.12,No action needed,0
11/26/2023 11:00,7.07,24.44,29,0.25,Shift heavy operations to off-peak hours.,0.12
11/26/2023 12:00,14.07,18.15,75,0.17,No action needed,0
11/26/2023 13:00,20.95,32.57,114,0.18,Reduce HVAC cooling to save energy.,0.19
11/26/2023 14:00,23.82,26.14,125,0.15,Reduce HVAC cooling to save energy.,0.18
11/26/2023 15:00,11.77,23.44,106,0.2,No action needed,0
11/26/2023 16:00,16.86,34.99,103,0.12,Investigate devices left on overnight.,0.08
11/26/2023 17:00,15.6,28.03,86,0.24,Shift heavy operations to off-peak hours.,0.26
11/26/2023 18:00,6.83,21.63,76,0.18,No action needed,0
11/26/2023 19:00,13.84,15.47,6,0.29,Turn off unnecessary lights in unoccupied areas.; Shift heavy operations to off-peak hours.,0.4
11/26/2023 20:00,13.52,22.45,15,0.13,No action needed,0
11/26/2023 21:00,7.52,26.9,77,0.27,Shift heavy operations to off-peak hours.,0.14
11/26/2023 22:00,12.66,29.9,87,0.17,No action needed,0
11/26/2023 23:00,7.86,19.64,115,0.29,Shift heavy operations to off-peak hours.,0.16
11/27/2023 0:00,8.83,30.69,10,0.16,No action needed,0
11/27/2023 1:00,21.85,24.78,43,0.26,Shift heavy operations to off-peak hours.; Investigate devices left on overnight.,0.62
11/27/2023 2:00,9.4,31.36,65,0.25,Shift heavy operations to off-peak hours.,0.16
11/27/2023 3:00,16.62,34.45,106,0.24,Shift heavy operations to off-peak hours.,0.28
11/27/2023 4:00,20.81,17.6,26,0.13,Investigate devices left on overnight.,0.11
11/27/2023 5:00,12.59,30.42,33,0.28,Shift heavy operations to off-peak hours.,0.25
11/27/2023 6:00,11.87,32.8,94,0.11,No action needed,0
11/27/2023 7:00,8.36,17.43,38,0.24,Shift heavy operations to off-peak hours.,0.14
11/27/2023 8:00,19.22,22.23,116,0.1,No action needed,0
11/27/2023 9:00,17.43,17.54,20,0.1,No action needed,0
11/27/2023 10:00,24.26,31.84,82,0.24,Reduce HVAC cooling to save energy.; Shift heavy operations to off-peak hours.,0.7
11/27/2023 11:00,5.24,21.57,10,0.2,No action needed,0
11/27/2023 12:00,14.61,18.19,140,0.13,No action needed,0
11/27/2023 13:00,18.97,32.68,74,0.2,Investigate devices left on overnight.,0.15
11/27/2023 14:00,12.65,23.95,27,0.23,Shift heavy operations to off-peak hours.,0.2
11/27/2023 15:00,21.33,20.63,96,0.1,No action needed,0
11/27/2023 16:00,21.07,34.54,145,0.25,Reduce HVAC cooling to save energy.; Shift heavy operations to off-peak hours.,0.63
11/27/2023 17:00,20.44,31.78,78,0.16,Reduce HVAC cooling to save energy.,0.16
11/27/2023 18:00,11.88,20.13,103,0.22,Shift heavy operations to off-peak hours.; Investigate devices left on overnight.,0.29
11/27/2023 19:00,9.61,29.99,103,0.14,No action needed,0
11/27/2023 20:00,8.3,16.92,144,0.15,No action needed,0
11/27/2023 21:00,16.3,32.08,134,0.21,Shift heavy operations to off-peak hours.,0.24
11/27/2023 22:00,6.14,17.97,60,0.19,No action needed,0
11/27/2023 23:00,24.96,21.74,25,0.11,No action needed,0
11/28/2023 0:00,22.3,15.7,97,0.19,No action needed,0
11/28/2023 1:00,8.17,27.48,6,0.21,Turn off unnecessary lights in unoccupied areas.; Shift heavy operations to off-peak hours.,0.17
11/28/2023 2:00,15.57,26.05,31,0.18,No action needed,0
11/28/2023 3:00,10.48,22.66,47,0.26,Shift heavy operations to off-peak hours.,0.19
11/28/2023 4:00,22.15,24.27,147,0.15,Investigate devices left on overnight.,0.13
11/28/2023 5:00,6.7,17.57,20,0.12,No action needed,0
11/28/2023 6:00,15.63,15.28,124,0.14,No action needed,0
11/28/2023 7:00,15.8,21.5,99,0.1,No action needed,0
11/28/2023 8:00,8.6,29.5,82,0.26,Shift heavy operations to off-peak hours.,0.16
11/28/2023 9:00,5.05,26.36,52,0.1,No action needed,0
11/28/2023 10:00,22.98,25.44,116,0.1,Reduce HVAC cooling to save energy.,0.11
11/28/2023 11:00,22.25,30.12,60,0.17,Reduce HVAC cooling to save energy.; Investigate devices left on overnight.,0.34
11/28/2023 12:00,15.97,21.1,19,0.12,No action needed,0
11/28/2023 13:00,17.21,27.23,59,0.1,No action needed,0
11/28/2023 14:00,15.32,18.88,74,0.16,No action needed,0
11/28/2023 15:00,19.27,30.53,30,0.13,No action needed,0
11/28/2023 16:00,13.06,31.25,98,0.22,Shift heavy operations to off-peak hours.,0.2
11/28/2023 17:00,15.18,34.23,102,0.21,Shift heavy operations to off-peak hours.,0.22
11/28/2023 18:00,11.43,21.21,110,0.22,Shift heavy operations to off-peak hours.,0.18
11/28/2023 19:00,18.81,25.02,96,0.13,No action needed,0
11/28/2023 20:00,7.21,32.7,124,0.15,No action needed,0
11/28/2023 21:00,16.52,16.97,14,0.21,Shift heavy operations to off-peak hours.,0.24
11/28/2023 22:00,19.37,15.76,78,0.1,No action needed,0
11/28/2023 23:00,18.09,19.25,27,0.11,No action needed,0
11/29/2023 0:00,9.24,23.24,37,0.2,No action needed,0
11/29/2023 1:00,11.91,18.24,147,0.22,Shift heavy operations to off-peak hours.; Investigate devices left on overnight.,0.29
11/29/2023 2:00,14.56,26.04,107,0.29,Shift heavy operations to off-peak hours.; Investigate devices left on overnight.,0.46
11/29/2023 3:00,21.26,34.04,136,0.18,Reduce HVAC cooling to save energy.; Investigate devices left on overnight.,0.34
11/29/2023 4:00,23.9,18.41,79,0.18,No action needed,0
11/29/2023 5:00,8.25,20.81,37,0.16,No action needed,0
11/29/2023 6:00,18.21,16.86,113,0.19,No action needed,0
11/29/2023 7:00,5.07,18.24,17,0.25,Shift heavy operations to off-peak hours.,0.09
11/29/2023 8:00,16.36,15.33,111,0.18,No action needed,0
11/29/2023 9:00,7.31,34.28,141,0.19,No action needed,0
11/29/2023 10:00,12.57,27.11,57,0.23,Shift heavy operations to off-peak hours.,0.2
11/29/2023 11:00,14.75,22.44,75,0.28,Shift heavy operations to off-peak hours.,0.29
11/29/2023 12:00,18.16,20.31,68,0.26,Shift heavy operations to off-peak hours.,0.33
11/29/2023 13:00,23.97,33.91,138,0.19,Reduce HVAC cooling to save energy.; Investigate devices left on overnight.,0.41
11/29/2023 14:00,23.96,31.09,40,0.3,Reduce HVAC cooling to save energy.; Shift heavy operations to off-peak hours.,0.86
11/29/2023 15:00,9.75,17.98,132,0.1,No action needed,0
11/29/2023 16:00,21.34,33.79,57,0.11,Reduce HVAC cooling to save energy.,0.12
11/29/2023 17:00,23.11,15.85,8,0.22,Turn off unnecessary lights in unoccupied areas.; Shift heavy operations to off-peak hours.,0.51
11/29/2023 18:00,23.12,27.85,7,0.13,Reduce HVAC cooling to save energy.; Turn off unnecessary lights in unoccupied areas.; Investigate devices left on overnight.,0.36
11/29/2023 19:00,24.3,25.57,12,0.23,Reduce HVAC cooling to save energy.; Shift heavy operations to off-peak hours.,0.67
11/29/2023 20:00,15.8,17.85,82,0.1,No action needed,0
11/29/2023 21:00,13.58,31.42,125,0.11,No action needed,0
11/29/2023 22:00,24.6,32.61,132,0.16,Reduce HVAC cooling to save energy.,0.2
11/29/2023 23:00,11.09,20.59,124,0.13,No action needed,0
11/30/2023 0:00,17.44,26.1,48,0.29,Shift heavy operations to off-peak hours.,0.35
11/30/2023 1:00,10.44,21.45,113,0.25,Shift heavy operations to off-peak hours.,0.18
11/30/2023 2:00,13.51,31.25,95,0.18,No action needed,0
11/30/2023 3:00,5.58,23.38,139,0.3,Shift heavy operations to off-peak hours.,0.12
11/30/2023 4:00,13.9,18.61,17,0.26,Shift heavy operations to off-peak hours.,0.25
11/30/2023 5:00,22.64,32,33,0.11,Reduce HVAC cooling to save energy.,0.12
11/30/2023 6:00,16.68,21.78,119,0.25,Shift heavy operations to off-peak hours.,0.29
11/30/2023 7:00,12.7,24.35,39,0.15,No action needed,0
11/30/2023 8:00,19.08,22.21,149,0.21,Shift heavy operations to off-peak hours.,0.28
11/30/2023 9:00,23.03,29.26,139,0.16,Reduce HVAC cooling to save energy.; Investigate devices left on overnight.,0.33
11/30/2023 10:00,10.62,16.04,16,0.15,No action needed,0
11/30/2023 11:00,12.71,28.87,149,0.2,No action needed,0
11/30/2023 12:00,7.33,16.96,37,0.14,No action needed,0
11/30/2023 13:00,15.43,26.19,66,0.16,No action needed,0
11/30/2023 14:00,18.09,30.94,61,0.29,Shift heavy operations to off-peak hours.,0.37
11/30/2023 15:00,11.84,25.24,33,0.12,No action needed,0
11/30/2023 16:00,22.82,16.29,5,0.25,Turn off unnecessary lights in unoccupied areas.; Shift heavy operations to off-peak hours.,0.57
11/30/2023 17:00,7.56,15.87,54,0.27,Shift heavy operations to off-peak hours.,0.14
11/30/2023 18:00,13.81,23.73,119,0.16,Investigate devices left on overnight.,0.09
11/30/2023 19:00,24.14,34.98,48,0.12,Reduce HVAC cooling to save energy.; Investigate devices left on overnight.,0.26
11/30/2023 20:00,15.81,18.22,126,0.22,Shift heavy operations to off-peak hours.,0.24
11/30/2023 21:00,19.42,33.92,145,0.28,Shift heavy operations to off-peak hours.,0.38
11/30/2023 22:00,23.92,16.82,107,0.16,No action needed,0
11/30/2023 23:00,10.1,20.25,55,0.26,Shift heavy operations to off-peak hours.,0.18
12/1/2023 0:00,23.69,26.43,135,0.22,Reduce HVAC cooling to save energy.; Shift heavy operations to off-peak hours.,0.63
12/1/2023 1:00,24.09,28.7,137,0.27,Reduce HVAC cooling to save energy.; Shift heavy operations to off-peak hours.,0.78
12/1/2023 2:00,14.08,21.78,140,0.12,No action needed,0
12/1/2023 3:00,10.16,33.93,135,0.16,Investigate devices left on overnight.,0.07
12/1/2023 4:00,17.46,27.74,71,0.16,No action needed,0
12/1/2023 5:00,8.25,25.5,43,0.16,No action needed,0
12/1/2023 6:00,9.63,15.66,41,0.15,No action needed,0
12/1/2023 7:00,19.71,26.27,42,0.15,No action needed,0
12/1/2023 8:00,20.08,25.7,37,0.18,Reduce HVAC cooling to save energy.,0.18
12/1/2023 9:00,17.58,18.82,49,0.17,No action needed,0
12/1/2023 10:00,10.05,18.74,105,0.1,Investigate devices left on overnight.,0.04
12/1/2023 11:00,18.03,33.81,124,0.18,No action needed,0
12/1/2023 12:00,19.98,24.41,134,0.27,Shift heavy operations to off-peak hours.,0.38
12/1/2023 13:00,7.69,34.81,17,0.24,Shift heavy operations to off-peak hours.,0.13
12/1/2023 14:00,5.84,32.77,19,0.15,No action needed,0
12/1/2023 15:00,21.16,25.71,83,0.23,Reduce HVAC cooling to save energy.; Shift heavy operations to off-peak hours.,0.58
12/1/2023 16:00,13.11,22.81,150,0.26,Shift heavy operations to off-peak hours.,0.24
12/1/2023 17:00,23.2,33.35,147,0.25,Reduce HVAC cooling to save energy.; Shift heavy operations to off-peak hours.,0.7
12/1/2023 18:00,11.78,34.48,113,0.12,No action needed,0
12/1/2023 19:00,11.85,28.27,22,0.29,Shift heavy operations to off-peak hours.; Investigate devices left on overnight.,0.38
12/1/2023 20:00,9.6,19.57,39,0.23,Shift heavy operations to off-peak hours.,0.15
12/1/2023 21:00,5.12,21.28,52,0.24,Shift heavy operations to off-peak hours.,0.09
12/1/2023 22:00,17.13,15.59,133,0.14,No action needed,0
12/1/2023 23:00,18.13,33.08,124,0.16,No action needed,0
12/2/2023 0:00,5.7,27.61,77,0.25,Shift heavy operations to off-peak hours.,0.1
12/2/2023 1:00,21.4,19.54,20,0.27,Shift heavy operations to off-peak hours.,0.4
12/2/2023 2:00,17.29,26.5,103,0.28,Shift heavy operations to off-peak hours.,0.34
12/2/2023 3:00,20.33,17.77,110,0.26,Shift heavy operations to off-peak hours.,0.37
12/2/2023 4:00,14.66,22.89,59,0.26,Shift heavy operations to off-peak hours.,0.27
12/2/2023 5:00,20.09,17.25,89,0.26,Shift heavy operations to off-peak hours.,0.37
12/2/2023 6:00,6.54,16.53,89,0.22,Shift heavy operations to off-peak hours.,0.1
12/2/2023 7:00,6.72,32.36,119,0.18,No action needed,0
12/2/2023 8:00,17.57,31.89,94,0.27,Shift heavy operations to off-peak hours.; Investigate devices left on overnight.,0.52
12/2/2023 9:00,9.85,32.41,79,0.18,No action needed,0
12/2/2023 10:00,11.91,25.97,80,0.29,Shift heavy operations to off-peak hours.; Investigate devices left on overnight.,0.38
12/2/2023 11:00,12.74,16.82,133,0.11,No action needed,0
12/2/2023 12:00,7.9,22.82,83,0.12,No action needed,0
12/2/2023 13:00,21.32,15.77,121,0.23,Shift heavy operations to off-peak hours.,0.34
12/2/2023 14:00,19.58,24.65,103,0.18,No action needed,0
12/2/2023 15:00,11.38,28.69,5,0.1,Turn off unnecessary lights in unoccupied areas.,0.03
12/2/2023 16:00,17.52,25.34,73,0.12,No action needed,0
12/2/2023 17:00,10.02,15.27,25,0.13,No action needed,0
12/2/2023 18:00,6.07,17.98,88,0.11,No action needed,0
12/2/2023 19:00,16.86,31.51,123,0.19,Investigate devices left on overnight.,0.13
12/2/2023 20:00,18.89,31.86,62,0.25,Shift heavy operations to off-peak hours.,0.33
12/2/2023 21:00,6.63,17.24,141,0.27,Shift heavy operations to off-peak hours.,0.13
12/2/2023 22:00,18.81,27.58,121,0.24,Shift heavy operations to off-peak hours.,0.32
12/2/2023 23:00,16.8,17.04,100,0.22,Shift heavy operations to off-peak hours.; Investigate devices left on overnight.,0.41
12/3/2023 0:00,8.71,30.48,111,0.29,Shift heavy operations to off-peak hours.,0.18
12/3/2023 1:00,8.57,20.68,69,0.2,No action needed,0
12/3/2023 2:00,19.98,21.71,143,0.29,Shift heavy operations to off-peak hours.,0.41
12/3/2023 3:00,20.93,33.89,10,0.15,Reduce HVAC cooling to save energy.; Investigate devices left on overnight.,0.28
12/3/2023 4:00,17.88,27.84,133,0.24,Shift heavy operations to off-peak hours.; Investigate devices left on overnight.,0.47
12/3/2023 5:00,20.35,29.96,32,0.14,Reduce HVAC cooling to save energy.,0.14
12/3/2023 6:00,14.31,22.89,147,0.19,No action needed,0
12/3/2023 7:00,20.82,24.78,118,0.2,No action needed,0
12/3/2023 8:00,6.73,29.1,142,0.22,Shift heavy operations to off-peak hours.,0.1
12/3/2023 9:00,5.85,32.39,39,0.29,Shift heavy operations to off-peak hours.,0.12
12/3/2023 10:00,18.39,24.55,12,0.13,No action needed,0
12/3/2023 11:00,7.86,17.82,84,0.11,No action needed,0
12/3/2023 12:00,13.46,20.2,73,0.25,Shift heavy operations to off-peak hours.,0.24
12/3/2023 13:00,11.32,26.74,133,0.17,No action needed,0
12/3/2023 14:00,8.52,28.88,41,0.23,Shift heavy operations to off-peak hours.,0.14
12/3/2023 15:00,15.26,32.52,51,0.18,No action needed,0
12/3/2023 16:00,8.69,25.59,150,0.11,No action needed,0
12/3/2023 17:00,14.71,31.92,23,0.15,Investigate devices left on overnight.,0.09
12/3/2023 18:00,21,30.06,38,0.19,Reduce HVAC cooling to save energy.,0.2
12/3/2023 19:00,21.72,15.79,119,0.26,Shift heavy operations to off-peak hours.,0.4
12/3/2023 20:00,8.7,15.29,95,0.26,Shift heavy operations to off-peak hours.,0.16
12/3/2023 21:00,13.07,21.58,61,0.24,Shift heavy operations to off-peak hours.,0.22
12/3/2023 22:00,23.71,28.29,76,0.26,Reduce HVAC cooling to save energy.; Shift heavy operations to off-peak hours.,0.74
12/3/2023 23:00,7.31,18.42,140,0.18,No action needed,0
12/4/2023 0:00,9.9,27.29,69,0.16,No action needed,0
12/4/2023 1:00,11.61,23.16,16,0.21,Shift heavy operations to off-peak hours.,0.17
12/4/2023 2:00,8.17,31.64,76,0.24,Shift heavy operations to off-peak hours.,0.14
12/4/2023 3:00,22.17,26.99,124,0.29,Reduce HVAC cooling to save energy.; Shift heavy operations to off-peak hours.,0.77
12/4/2023 4:00,15.42,32.32,113,0.18,No action needed,0
12/4/2023 5:00,15.17,33.85,22,0.16,No action needed,0
12/4/2023 6:00,6.61,23.88,140,0.23,Shift heavy operations to off-peak hours.,0.11
12/4/2023 7:00,20.28,25.06,54,0.24,Reduce HVAC cooling to save energy.; Shift heavy operations to off-peak hours.; Investigate devices left on overnight.,0.78
12/4/2023 8:00,10.66,18.15,149,0.17,No action needed,0
12/4/2023 9:00,22,16.78,21,0.23,Shift heavy operations to off-peak hours.; Investigate devices left on overnight.,0.56
12/4/2023 10:00,15.02,22.05,116,0.19,No action needed,0
12/4/2023 11:00,15.88,21.94,122,0.26,Shift heavy operations to off-peak hours.,0.29
12/4/2023 12:00,17.63,29.71,55,0.24,Shift heavy operations to off-peak hours.,0.3
12/4/2023 13:00,18.96,20.97,147,0.17,No action needed,0
12/4/2023 14:00,12.47,16.53,123,0.14,Investigate devices left on overnight.,0.07
12/4/2023 15:00,11.37,33.5,143,0.18,No action needed,0
12/4/2023 16:00,23.77,33.73,88,0.22,Reduce HVAC cooling to save energy.; Shift heavy operations to off-peak hours.,0.63
12/4/2023 17:00,17.67,15.49,123,0.13,No action needed,0
12/4/2023 18:00,8.82,27.17,38,0.1,No action needed,0
12/4/2023 19:00,16.94,15.09,84,0.29,Shift heavy operations to off-peak hours.,0.34
12/4/2023 20:00,23.54,17.17,108,0.11,No action needed,0
12/4/2023 21:00,6.28,32.53,12,0.28,Shift heavy operations to off-peak hours.,0.12
12/4/2023 22:00,15.72,22.8,140,0.13,No action needed,0
12/4/2023 23:00,6.24,25.55,84,0.2,No action needed,0
12/5/2023 0:00,23.24,29.96,20,0.14,Reduce HVAC cooling to save energy.,0.16
12/5/2023 1:00,12.4,20.17,147,0.16,Investigate devices left on overnight.,0.08
12/5/2023 2:00,5.18,27.57,51,0.25,Shift heavy operations to off-peak hours.,0.09
12/5/2023 3:00,11.26,33.47,95,0.13,No action needed,0
12/5/2023 4:00,11.2,28.32,140,0.25,Shift heavy operations to off-peak hours.; Investigate devices left on overnight.,0.31
12/5/2023 5:00,7.54,24.57,75,0.12,No action needed,0
12/5/2023 6:00,21.83,23.34,147,0.11,No action needed,0
12/5/2023 7:00,7.87,17.19,22,0.29,Shift heavy operations to off-peak hours.,0.16
12/5/2023 8:00,16.01,20.93,73,0.14,No action needed,0
12/5/2023 9:00,22.3,31,138,0.1,Reduce HVAC cooling to save energy.,0.11
12/5/2023 10:00,14.68,17.09,38,0.23,Shift heavy operations to off-peak hours.,0.24
12/5/2023 11:00,14.31,16.92,143,0.28,Shift heavy operations to off-peak hours.,0.28
12/5/2023 12:00,17.81,33.21,145,0.24,Shift heavy operations to off-peak hours.,0.3
12/5/2023 13:00,24.22,18.24,109,0.2,No action needed,0
12/5/2023 14:00,5.81,32.89,92,0.1,No action needed,0
12/5/2023 15:00,14.55,33.17,149,0.27,Shift heavy operations to off-peak hours.,0.27
12/5/2023 16:00,12.94,32.17,104,0.22,Shift heavy operations to off-peak hours.,0.2
12/5/2023 17:00,11.75,19.48,92,0.18,No action needed,0
12/5/2023 18:00,21.62,25.77,67,0.19,Reduce HVAC cooling to save energy.; Investigate devices left on overnight.,0.37
12/5/2023 19:00,19.52,15.67,107,0.22,Shift heavy operations to off-peak hours.; Investigate devices left on overnight.,0.47
12/5/2023 20:00,8.44,34.08,92,0.21,Shift heavy operations to off-peak hours.,0.12
12/5/2023 21:00,23.55,29.76,130,0.26,Reduce HVAC cooling to save energy.; Shift heavy operations to off-peak hours.,0.73
12/5/2023 22:00,7.12,22.8,24,0.17,No action needed,0
12/5/2023 23:00,14.46,33.9,147,0.22,Shift heavy operations to off-peak hours.,0.22
12/6/2023 0:00,7.58,15.1,128,0.3,Shift heavy operations to off-peak hours.,0.16
12/6/2023 1:00,6.65,28.67,14,0.12,No action needed,0
12/6/2023 2:00,19.45,18.69,51,0.22,Shift heavy operations to off-peak hours.,0.3
12/6/2023 3:00,10.01,25.43,130,0.14,No action needed,0
12/6/2023 4:00,10.39,33.54,51,0.16,No action needed,0
12/6/2023 5:00,13.61,27.18,45,0.16,No action needed,0
12/6/2023 6:00,23.83,15.36,127,0.15,No action needed,0
12/6/2023 7:00,11.18,27.53,113,0.2,No action needed,0
12/6/2023 8:00,17.75,27.92,37,0.11,No action needed,0
12/6/2023 9:00,18.62,30.09,59,0.2,No action needed,0
12/6/2023 10:00,5.48,25.58,24,0.16,No action needed,0
12/6/2023 11:00,19.07,24.94,39,0.24,Shift heavy operations to off-peak hours.,0.32
12/6/2023 12:00,6.91,34.54,110,0.11,No action needed,0
12/6/2023 13:00,13.9,15.91,126,0.15,No action needed,0
12/6/2023 14:00,20.16,21.44,5,0.24,Turn off unnecessary lights in unoccupied areas.; Shift heavy operations to off-peak hours.; Investigate devices left on overnight.,0.68
12/6/2023 15:00,14.69,25.73,115,0.15,No action needed,0
12/6/2023 16:00,17.5,27.1,94,0.24,Shift heavy operations to off-peak hours.,0.29
12/6/2023 17:00,5.48,15.86,13,0.16,No action needed,0
12/6/2023 18:00,6.31,32.17,83,0.19,No action needed,0
12/6/2023 19:00,17.93,31.2,10,0.12,No action needed,0
12/6/2023 20:00,17.69,32.84,8,0.2,Turn off unnecessary lights in unoccupied areas.,0.11
12/6/2023 21:00,14.83,23.45,142,0.15,No action needed,0
12/6/2023 22:00,15.98,17.43,97,0.13,No action needed,0
12/6/2023 23:00,22.55,24.03,11,0.13,No action needed,0
12/7/2023 0:00,18.36,18.14,72,0.28,Shift heavy operations to off-peak hours.,0.36
12/7/2023 1:00,9.57,26.39,6,0.26,Turn off unnecessary lights in unoccupied areas.; Shift heavy operations to off-peak hours.,0.25
12/7/2023 2:00,23.6,25.86,93,0.21,Reduce HVAC cooling to save energy.; Shift heavy operations to off-peak hours.; Investigate devices left on overnight.,0.79
12/7/2023 3:00,16.01,21.72,145,0.12,No action needed,0
12/7/2023 4:00,6.64,15.87,124,0.3,Shift heavy operations to off-peak hours.,0.14
12/7/2023 5:00,17.29,15.2,22,0.24,Shift heavy operations to off-peak hours.,0.29
12/7/2023 6:00,23.91,30.8,140,0.27,Reduce HVAC cooling to save energy.; Shift heavy operations to off-peak hours.,0.77
12/7/2023 7:00,13.96,18.63,134,0.13,No action needed,0
12/7/2023 8:00,19.11,21.29,67,0.18,No action needed,0
12/7/2023 9:00,18.42,19.63,54,0.29,Shift heavy operations to off-peak hours.,0.37
12/7/2023 10:00,9.92,27.93,141,0.15,No action needed,0
12/7/2023 11:00,17.9,20.18,10,0.2,Investigate devices left on overnight.,0.14
12/7/2023 12:00,21.44,24.1,144,0.28,Shift heavy operations to off-peak hours.,0.42
12/7/2023 13:00,6.86,15.3,76,0.28,Shift heavy operations to off-peak hours.,0.13
12/7/2023 14:00,23.79,22.4,130,0.14,No action needed,0
12/7/2023 15:00,24.45,30.48,73,0.14,Reduce HVAC cooling to save energy.,0.17
12/7/2023 16:00,12.29,31.86,20,0.2,No action needed,0
12/7/2023 17:00,21.22,22.33,82,0.17,No action needed,0
12/7/2023 18:00,21.28,27.47,112,0.12,Reduce HVAC cooling to save energy.,0.13
12/7/2023 19:00,9.67,19.2,55,0.15,No action needed,0
12/7/2023 20:00,23.52,30.34,83,0.25,Reduce HVAC cooling to save energy.; Shift heavy operations to off-peak hours.; Investigate devices left on overnight.,0.94
12/7/2023 21:00,15.31,20.05,52,0.28,Shift heavy operations to off-peak hours.,0.3
12/7/2023 22:00,6.68,16.19,122,0.25,Shift heavy operations to off-peak hours.,0.12
12/7/2023 23:00,23.22,21.08,93,0.29,Shift heavy operations to off-peak hours.; Investigate devices left on overnight.,0.74
12/8/2023 0:00,15.42,26.08,146,0.22,Shift heavy operations to off-peak hours.,0.24
12/8/2023 1:00,15.93,28.91,113,0.28,Shift heavy operations to off-peak hours.,0.31
12/8/2023 2:00,20.65,23.54,75,0.12,No action needed,0
12/8/2023 3:00,22.72,20.93,115,0.21,Shift heavy operations to off-peak hours.,0.33
12/8/2023 4:00,13.74,19.69,132,0.25,Shift heavy operations to off-peak hours.,0.24
12/8/2023 5:00,18.16,16.97,13,0.14,No action needed,0
12/8/2023 6:00,24.18,33.99,49,0.21,Reduce HVAC cooling to save energy.; Shift heavy operations to off-peak hours.,0.61
12/8/2023 7:00,21.68,34.89,121,0.25,Reduce HVAC cooling to save energy.; Shift heavy operations to off-peak hours.,0.65
12/8/2023 8:00,5.22,22,138,0.21,Shift heavy operations to off-peak hours.,0.08
12/8/2023 9:00,13.12,23.68,66,0.16,No action needed,0
12/8/2023 10:00,10.32,20.39,72,0.21,Shift heavy operations to off-peak hours.,0.15
12/8/2023 11:00,24.78,30.96,79,0.28,Reduce HVAC cooling to save energy.; Shift heavy operations to off-peak hours.; Investigate devices left on overnight.,1.11
12/8/2023 12:00,20.57,15.2,26,0.22,Shift heavy operations to off-peak hours.; Investigate devices left on overnight.,0.5
12/8/2023 13:00,18.81,18.29,8,0.14,Turn off unnecessary lights in unoccupied areas.,0.08
12/8/2023 14:00,19.37,22.91,149,0.21,Shift heavy operations to off-peak hours.,0.28
12/8/2023 15:00,15.23,21.02,72,0.3,Shift heavy operations to off-peak hours.,0.32
12/8/2023 16:00,15.56,33.74,143,0.22,Shift heavy operations to off-peak hours.; Investigate devices left on overnight.,0.38
12/8/2023 17:00,6.17,33.35,44,0.22,Shift heavy operations to off-peak hours.,0.1
12/8/2023 18:00,18.57,19.17,106,0.24,Shift heavy operations to off-peak hours.; Investigate devices left on overnight.,0.49
12/8/2023 19:00,5.35,26.14,53,0.16,No action needed,0
12/8/2023 20:00,23.09,19.07,38,0.15,No action needed,0
12/8/2023 21:00,11.95,29.24,139,0.28,Shift heavy operations to off-peak hours.; Investigate devices left on overnight.,0.37
12/8/2023 22:00,10.22,25.76,83,0.19,No action needed,0
12/8/2023 23:00,10.15,33.97,148,0.25,Shift heavy operations to off-peak hours.,0.18
12/9/2023 0:00,5.09,24.82,81,0.11,No action needed,0
12/9/2023 1:00,11.24,22.16,108,0.16,Investigate devices left on overnight.,0.07
12/9/2023 2:00,23.43,26.31,131,0.13,Reduce HVAC cooling to save energy.,0.15
12/9/2023 3:00,22.69,29.14,19,0.12,Reduce HVAC cooling to save energy.,0.14
12/9/2023 4:00,5.5,25.29,44,0.2,No action needed,0
12/9/2023 5:00,20.82,30.11,46,0.2,Reduce HVAC cooling to save energy.,0.21
12/9/2023 6:00,9.23,27.84,54,0.17,No action needed,0
12/9/2023 7:00,15.9,26.69,139,0.21,Shift heavy operations to off-peak hours.,0.23
12/9/2023 8:00,12.22,21.61,143,0.12,No action needed,0
12/9/2023 9:00,7.25,34.73,126,0.12,No action needed,0
12/9/2023 10:00,10.73,25.27,92,0.29,Shift heavy operations to off-peak hours.,0.22
12/9/2023 11:00,13.33,30.37,25,0.28,Shift heavy operations to off-peak hours.,0.26
12/9/2023 12:00,6.27,32.2,33,0.12,No action needed,0
12/9/2023 13:00,18.14,33.97,47,0.16,No action needed,0
12/9/2023 14:00,7.66,20.99,94,0.17,No action needed,0
12/9/2023 15:00,5.78,31.6,74,0.16,No action needed,0
12/9/2023 16:00,6.99,17.52,115,0.15,No action needed,0
12/9/2023 17:00,17.49,29.69,129,0.26,Shift heavy operations to off-peak hours.,0.32
12/9/2023 18:00,16.07,23.63,105,0.28,Shift heavy operations to off-peak hours.,0.31
12/9/2023 19:00,14.82,30.07,26,0.25,Shift heavy operations to off-peak hours.,0.26
12/9/2023 20:00,22.62,29.47,32,0.27,Reduce HVAC cooling to save energy.; Shift heavy operations to off-peak hours.,0.73
12/9/2023 21:00,16.92,25.96,31,0.28,Shift heavy operations to off-peak hours.,0.33
12/9/2023 22:00,18.48,33.98,56,0.23,Shift heavy operations to off-peak hours.,0.3
12/9/2023 23:00,6.98,21.94,79,0.1,No action needed,0
12/10/2023 0:00,21.94,19.41,93,0.11,No action needed,0
12/10/2023 1:00,19.43,23.04,78,0.2,No action needed,0
12/10/2023 2:00,20.59,23.02,79,0.23,Shift heavy operations to off-peak hours.; Investigate devices left on overnight.,0.52
12/10/2023 3:00,22.51,18.38,70,0.11,Investigate devices left on overnight.,0.1
12/10/2023 4:00,12.69,27.81,139,0.21,Shift heavy operations to off-peak hours.,0.19
12/10/2023 5:00,18.9,15.07,54,0.15,No action needed,0
12/10/2023 6:00,14.99,25.52,24,0.28,Shift heavy operations to off-peak hours.; Investigate devices left on overnight.,0.46
12/10/2023 7:00,15.35,26.9,112,0.22,Shift heavy operations to off-peak hours.,0.24
12/10/2023 8:00,21.15,30.23,150,0.27,Reduce HVAC cooling to save energy.; Shift heavy operations to off-peak hours.,0.69
12/10/2023 9:00,12.91,34.8,34,0.21,Shift heavy operations to off-peak hours.,0.19
12/10/2023 10:00,22.65,17.63,148,0.16,No action needed,0
12/10/2023 11:00,21.45,33.16,108,0.17,Reduce HVAC cooling to save energy.; Investigate devices left on overnight.,0.33
12/10/2023 12:00,16.26,35,81,0.15,Investigate devices left on overnight.,0.1
12/10/2023 13:00,24.43,31.9,122,0.19,Reduce HVAC cooling to save energy.,0.23
12/10/2023 14:00,10.13,26.53,123,0.23,Shift heavy operations to off-peak hours.,0.16
12/10/2023 15:00,9.71,21.66,19,0.25,Shift heavy operations to off-peak hours.,0.17
12/10/2023 16:00,18.76,29.38,80,0.14,Investigate devices left on overnight.,0.11
12/10/2023 17:00,5.95,15.99,143,0.29,Shift heavy operations to off-peak hours.,0.12
12/10/2023 18:00,7.26,22.94,77,0.16,No action needed,0
12/10/2023 19:00,24.79,28.47,72,0.23,Reduce HVAC cooling to save energy.; Shift heavy operations to off-peak hours.,0.68
12/10/2023 20:00,7.61,27.39,99,0.12,No action needed,0
12/10/2023 21:00,10.59,25.45,117,0.12,Investigate devices left on overnight.,0.05
12/10/2023 22:00,16.32,26.42,96,0.22,Shift heavy operations to off-peak hours.,0.25
12/10/2023 23:00,17.27,17.14,7,0.23,Turn off unnecessary lights in unoccupied areas.; Shift heavy operations to off-peak hours.,0.4
12/11/2023 0:00,11.45,18.5,13,0.25,Shift heavy operations to off-peak hours.; Investigate devices left on overnight.,0.31
12/11/2023 1:00,19.76,34.53,59,0.18,No action needed,0
12/11/2023 2:00,23.88,19.64,87,0.11,No action needed,0
12/11/2023 3:00,11.94,27.17,66,0.11,No action needed,0
12/11/2023 4:00,9.67,30.7,29,0.16,No action needed,0
12/11/2023 5:00,13.01,33.91,84,0.27,Shift heavy operations to off-peak hours.,0.25
12/11/2023 6:00,16.06,21.26,76,0.26,Shift heavy operations to off-peak hours.,0.29
12/11/2023 7:00,6.35,27.61,71,0.23,Shift heavy operations to off-peak hours.,0.1
12/11/2023 8:00,8.7,22.1,39,0.29,Shift heavy operations to off-peak hours.,0.18
12/11/2023 9:00,17.04,31.5,12,0.25,Shift heavy operations to off-peak hours.,0.3
12/11/2023 10:00,10.07,16,113,0.24,Shift heavy operations to off-peak hours.,0.17
12/11/2023 11:00,17.67,23.27,148,0.12,Investigate devices left on overnight.,0.08
12/11/2023 12:00,13.23,18.93,90,0.11,Investigate devices left on overnight.,0.06
12/11/2023 13:00,7.25,31.12,47,0.16,No action needed,0
12/11/2023 14:00,8.63,31,24,0.23,Shift heavy operations to off-peak hours.,0.14
12/11/2023 15:00,20.56,33.43,142,0.3,Reduce HVAC cooling to save energy.; Shift heavy operations to off-peak hours.,0.74
12/11/2023 16:00,17.35,18.36,138,0.11,Investigate devices left on overnight.,0.08
12/11/2023 17:00,9.1,28.11,129,0.26,Shift heavy operations to off-peak hours.,0.17
12/11/2023 18:00,15.71,22.36,101,0.26,Shift heavy operations to off-peak hours.; Investigate devices left on overnight.,0.45
12/11/2023 19:00,14.69,32.12,109,0.21,Shift heavy operations to off-peak hours.,0.22
12/11/2023 20:00,5.92,33.69,150,0.3,Shift heavy operations to off-peak hours.,0.12
12/11/2023 21:00,9.39,25.51,117,0.19,No action needed,0
12/11/2023 22:00,21.33,28.38,25,0.23,Reduce HVAC cooling to save energy.; Shift heavy operations to off-peak hours.; Investigate devices left on overnight.,0.78
12/11/2023 23:00,15.16,22.09,52,0.15,No action needed,0
12/12/2023 0:00,24.29,31.66,45,0.26,Reduce HVAC cooling to save energy.; Shift heavy operations to off-peak hours.,0.76
12/12/2023 1:00,5.54,23.82,102,0.23,Shift heavy operations to off-peak hours.,0.09
12/12/2023 2:00,10.44,26.98,13,0.2,Investigate devices left on overnight.,0.08
12/12/2023 3:00,17.08,25.74,66,0.18,No action needed,0
12/12/2023 4:00,19.72,32.54,88,0.23,Shift heavy operations to off-peak hours.; Investigate devices left on overnight.,0.5
12/12/2023 5:00,7.2,27.07,150,0.21,Shift heavy operations to off-peak hours.,0.11
12/12/2023 6:00,13.4,19.98,117,0.16,Investigate devices left on overnight.,0.09
12/12/2023 7:00,16.05,28.68,125,0.21,Shift heavy operations to off-peak hours.; Investigate devices left on overnight.,0.37
12/12/2023 8:00,5.07,32.31,77,0.23,Shift heavy operations to off-peak hours.,0.08
12/12/2023 9:00,24.09,24.59,111,0.25,Shift heavy operations to off-peak hours.; Investigate devices left on overnight.,0.66
12/12/2023 10:00,9.54,27.47,149,0.12,No action needed,0
12/12/2023 11:00,8.47,18.73,40,0.17,No action needed,0
12/12/2023 12:00,18.49,32.97,22,0.29,Shift heavy operations to off-peak hours.,0.38
12/12/2023 13:00,13.47,33.36,53,0.25,Shift heavy operations to off-peak hours.; Investigate devices left on overnight.,0.37
12/12/2023 14:00,21.42,17.49,82,0.16,No action needed,0
12/12/2023 15:00,9.8,26.26,115,0.22,Shift heavy operations to off-peak hours.,0.15
12/12/2023 16:00,23.25,25.69,21,0.22,Reduce HVAC cooling to save energy.; Shift heavy operations to off-peak hours.; Investigate devices left on overnight.,0.82
12/12/2023 17:00,23.04,31.97,104,0.15,Reduce HVAC cooling to save energy.; Investigate devices left on overnight.,0.31
12/12/2023 18:00,17.65,17.44,26,0.29,Shift heavy operations to off-peak hours.,0.36
12/12/2023 19:00,9.65,21.65,73,0.12,No action needed,0
12/12/2023 20:00,8.59,28.02,107,0.15,No action needed,0
12/12/2023 21:00,19.67,33.19,68,0.18,No action needed,0
12/12/2023 22:00,6.61,32.23,140,0.26,Shift heavy operations to off-peak hours.,0.12
12/12/2023 23:00,14.58,24.92,25,0.2,Investigate devices left on overnight.,0.12
12/13/2023 0:00,15.01,20.22,17,0.22,Shift heavy operations to off-peak hours.,0.23
12/13/2023 1:00,6.49,23.99,46,0.19,No action needed,0
12/13/2023 2:00,8.1,15.69,94,0.22,Shift heavy operations to off-peak hours.,0.12
12/13/2023 3:00,6.37,33.08,104,0.27,Shift heavy operations to off-peak hours.,0.12
12/13/2023 4:00,16.17,30.62,49,0.24,Shift heavy operations to off-peak hours.,0.27
12/13/2023 5:00,10.02,29.08,124,0.18,No action needed,0
12/13/2023 6:00,20.11,22.65,141,0.11,Investigate devices left on overnight.,0.09
12/13/2023 7:00,7.84,34.43,51,0.15,No action needed,0
12/13/2023 8:00,9.93,30.98,111,0.22,Shift heavy operations to off-peak hours.,0.15
12/13/2023 9:00,20.05,21.43,50,0.24,Shift heavy operations to off-peak hours.,0.34
12/13/2023 10:00,17.21,28.56,70,0.27,Shift heavy operations to off-peak hours.,0.33
12/13/2023 11:00,17.43,15.02,130,0.18,No action needed,0
12/13/2023 12:00,11.85,30.09,149,0.18,No action needed,0
12/13/2023 13:00,5.35,18.72,37,0.27,Shift heavy operations to off-peak hours.,0.1
12/13/2023 14:00,13.55,30.06,110,0.18,No action needed,0
12/13/2023 15:00,8.02,22.65,89,0.26,Shift heavy operations to off-peak hours.,0.15
12/13/2023 16:00,24.3,27.77,55,0.1,Reduce HVAC cooling to save energy.; Investigate devices left on overnight.,0.22
12/13/2023 17:00,20.2,22.45,44,0.28,Shift heavy operations to off-peak hours.; Investigate devices left on overnight.,0.62
12/13/2023 18:00,20,34.97,9,0.12,Turn off unnecessary lights in unoccupied areas.,0.07
12/13/2023 19:00,23.86,22.75,37,0.23,Shift heavy operations to off-peak hours.,0.38
12/13/2023 20:00,22.74,30.23,49,0.12,Reduce HVAC cooling to save energy.,0.14
12/13/2023 21:00,22.57,32.48,61,0.29,Reduce HVAC cooling to save energy.; Shift heavy operations to off-peak hours.,0.79
12/13/2023 22:00,6.85,25.92,42,0.18,No action needed,0
12/13/2023 23:00,12.79,28.96,117,0.13,No action needed,0
12/14/2023 0:00,7.32,30.08,16,0.29,Shift heavy operations to off-peak hours.,0.15
12/14/2023 1:00,16.83,32.84,147,0.27,Shift heavy operations to off-peak hours.,0.32
12/14/2023 2:00,15.57,26.07,65,0.17,No action needed,0
12/14/2023 3:00,16.29,19.15,86,0.19,Investigate devices left on overnight.,0.12
12/14/2023 4:00,24.82,30.42,39,0.11,Reduce HVAC cooling to save energy.,0.14
12/14/2023 5:00,16.93,28.28,120,0.25,Shift heavy operations to off-peak hours.; Investigate devices left on overnight.,0.47
12/14/2023 6:00,24.83,24.8,31,0.18,No action needed,0
12/14/2023 7:00,18.76,33.47,140,0.28,Shift heavy operations to off-peak hours.,0.37
12/14/2023 8:00,11.48,19.35,20,0.25,Shift heavy operations to off-peak hours.; Investigate devices left on overnight.,0.32
12/14/2023 9:00,7.46,26.87,12,0.19,No action needed,0
12/14/2023 10:00,23.36,28.03,17,0.21,Reduce HVAC cooling to save energy.; Shift heavy operations to off-peak hours.,0.59
12/14/2023 11:00,23.4,16.06,79,0.23,Shift heavy operations to off-peak hours.,0.38
12/14/2023 12:00,19.24,16.88,20,0.13,Investigate devices left on overnight.,0.1
12/14/2023 13:00,12.48,15.4,130,0.12,No action needed,0
12/14/2023 14:00,21.41,18.41,28,0.29,Shift heavy operations to off-peak hours.,0.43
12/14/2023 15:00,8.13,17.93,67,0.2,No action needed,0
12/14/2023 16:00,12.64,15.38,37,0.2,No action needed,0
12/14/2023 17:00,7.79,34.55,97,0.15,No action needed,0
12/14/2023 18:00,6.93,33.43,75,0.27,Shift heavy operations to off-peak hours.,0.13
12/14/2023 19:00,9.94,30.29,103,0.13,No action needed,0
12/14/2023 20:00,18.43,19.68,137,0.3,Shift heavy operations to off-peak hours.,0.39
12/14/2023 21:00,14.5,32.15,144,0.26,Shift heavy operations to off-peak hours.; Investigate devices left on overnight.,0.41
12/14/2023 22:00,6.77,34.44,79,0.13,No action needed,0
12/14/2023 23:00,17.93,26.09,42,0.16,No action needed,0
12/15/2023 0:00,8.91,31.21,75,0.24,Shift heavy operations to off-peak hours.,0.15
12/15/2023 1:00,8.23,24.53,94,0.24,Shift heavy operations to off-peak hours.,0.14
12/15/2023 2:00,12.27,21.58,145,0.12,No action needed,0
12/15/2023 3:00,15.97,16.54,54,0.17,No action needed,0
12/15/2023 4:00,11.37,21.14,73,0.27,Shift heavy operations to off-peak hours.,0.21
12/15/2023 5:00,8.64,15.35,24,0.1,No action needed,0
12/15/2023 6:00,21.66,32.42,5,0.27,Reduce HVAC cooling to save energy.; Turn off unnecessary lights in unoccupied areas.; Shift heavy operations to off-peak hours.,0.88
12/15/2023 7:00,7.22,20.35,118,0.12,No action needed,0
12/15/2023 8:00,16.4,17.23,80,0.15,No action needed,0
12/15/2023 9:00,24.26,26.69,80,0.19,Reduce HVAC cooling to save energy.,0.23
12/15/2023 10:00,24.15,30.82,49,0.27,Reduce HVAC cooling to save energy.; Shift heavy operations to off-peak hours.; Investigate devices left on overnight.,1.04
12/15/2023 11:00,6.08,15.83,130,0.24,Shift heavy operations to off-peak hours.,0.1
12/15/2023 12:00,7.07,25,20,0.21,Shift heavy operations to off-peak hours.,0.1
12/15/2023 13:00,22.84,24.25,67,0.2,No action needed,0
12/15/2023 14:00,8.73,25.16,75,0.14,No action needed,0
12/15/2023 15:00,14.83,34.86,75,0.26,Shift heavy operations to off-peak hours.,0.27
12/15/2023 16:00,5.29,20.47,117,0.26,Shift heavy operations to off-peak hours.,0.1
12/15/2023 17:00,7.03,23.21,58,0.28,Shift heavy operations to off-peak hours.,0.14
12/15/2023 18:00,13.29,16.6,73,0.23,Shift heavy operations to off-peak hours.,0.21
12/15/2023 19:00,21.88,21.97,148,0.22,Shift heavy operations to off-peak hours.; Investigate devices left on overnight.,0.53
12/15/2023 20:00,20.82,24.1,91,0.12,No action needed,0
12/15/2023 21:00,15.91,23.24,19,0.24,Shift heavy operations to off-peak hours.,0.27
12/15/2023 22:00,13.01,21.15,86,0.16,No action needed,0
12/15/2023 23:00,20.29,18.94,33,0.23,Shift heavy operations to off-peak hours.; Investigate devices left on overnight.,0.51
12/16/2023 0:00,13.09,33.34,35,0.19,No action needed,0
12/16/2023 1:00,11.85,15.42,14,0.23,Shift heavy operations to off-peak hours.,0.19
12/16/2023 2:00,19.75,30.81,134,0.22,Shift heavy operations to off-peak hours.; Investigate devices left on overnight.,0.48
12/16/2023 3:00,9.99,20.56,83,0.19,No action needed,0
12/16/2023 4:00,19.33,27.68,42,0.21,Shift heavy operations to off-peak hours.,0.28
12/16/2023 5:00,12.46,23.41,134,0.25,Shift heavy operations to off-peak hours.; Investigate devices left on overnight.,0.34
12/16/2023 6:00,5.31,21.64,137,0.17,No action needed,0
12/16/2023 7:00,8.97,30.46,83,0.27,Shift heavy operations to off-peak hours.,0.17
12/16/2023 8:00,6.35,24.58,29,0.25,Shift heavy operations to off-peak hours.,0.11
12/16/2023 9:00,6.61,24.69,64,0.3,Shift heavy operations to off-peak hours.,0.14
12/16/2023 10:00,24.84,15.1,119,0.28,Shift heavy operations to off-peak hours.,0.49
12/16/2023 11:00,16.77,23.18,59,0.17,No action needed,0
12/16/2023 12:00,12.54,26.08,74,0.16,Investigate devices left on overnight.,0.08
12/16/2023 13:00,18.25,34.07,76,0.19,Investigate devices left on overnight.,0.14
12/16/2023 14:00,22.44,15.31,70,0.2,No action needed,0
12/16/2023 15:00,20.89,15.09,52,0.28,Shift heavy operations to off-peak hours.,0.41
12/16/2023 16:00,17.74,16.46,128,0.14,No action needed,0
12/16/2023 17:00,16.36,34.84,16,0.29,Shift heavy operations to off-peak hours.,0.33
12/16/2023 18:00,7.85,16.47,41,0.27,Shift heavy operations to off-peak hours.,0.15
12/16/2023 19:00,20.52,15.9,34,0.3,Shift heavy operations to off-peak hours.,0.43
12/16/2023 20:00,18.04,24.02,26,0.27,Shift heavy operations to off-peak hours.,0.34
12/16/2023 21:00,6.41,19.75,32,0.16,No action needed,0
12/16/2023 22:00,15.85,23.15,60,0.22,Shift heavy operations to off-peak hours.; Investigate devices left on overnight.,0.38
12/16/2023 23:00,7.2,21.25,115,0.23,Shift heavy operations to off-peak hours.,0.12
12/17/2023 0:00,11.83,34.77,58,0.13,No action needed,0
12/17/2023 1:00,10.21,27.85,149,0.11,Investigate devices left on overnight.,0.04
12/17/2023 2:00,10.94,26.48,79,0.16,No action needed,0
12/17/2023 3:00,24.64,22.02,59,0.12,No action needed,0
12/17/2023 4:00,11.94,24.45,31,0.15,No action needed,0
12/17/2023 5:00,5.54,26.52,66,0.2,No action needed,0
12/17/2023 6:00,16.84,26.99,53,0.19,No action needed,0
12/17/2023 7:00,15.12,32.4,50,0.12,No action needed,0
12/17/2023 8:00,10.6,32.46,74,0.23,Shift heavy operations to off-peak hours.; Investigate devices left on overnight.,0.27
12/17/2023 9:00,9.5,31.32,45,0.26,Shift heavy operations to off-peak hours.,0.17
12/17/2023 10:00,17.74,30.19,85,0.19,No action needed,0
12/17/2023 11:00,8.48,34.51,35,0.3,Shift heavy operations to off-peak hours.,0.18
12/17/2023 12:00,10.07,18.71,110,0.26,Shift heavy operations to off-peak hours.; Investigate devices left on overnight.,0.29
12/17/2023 13:00,5.86,18.08,34,0.26,Shift heavy operations to off-peak hours.,0.11
12/17/2023 14:00,20.93,23.18,37,0.25,Shift heavy operations to off-peak hours.; Investigate devices left on overnight.,0.58
12/17/2023 15:00,9.71,19.1,18,0.28,Shift heavy operations to off-peak hours.,0.19
12/17/2023 16:00,9.29,34.35,46,0.27,Shift heavy operations to off-peak hours.,0.18
12/17/2023 17:00,5.1,15.59,127,0.21,Shift heavy operations to off-peak hours.,0.07
12/17/2023 18:00,20.31,15.06,18,0.17,Investigate devices left on overnight.,0.14
12/17/2023 19:00,19.93,16.32,95,0.26,Shift heavy operations to off-peak hours.,0.36
12/17/2023 20:00,22.54,29.01,24,0.27,Reduce HVAC cooling to save energy.; Shift heavy operations to off-peak hours.,0.73
12/17/2023 21:00,18.16,17.05,38,0.28,Shift heavy operations to off-peak hours.,0.36
12/17/2023 22:00,13.32,28.84,110,0.29,Shift heavy operations to off-peak hours.; Investigate devices left on overnight.,0.42
12/17/2023 23:00,14.69,29.19,101,0.16,No action needed,0
12/18/2023 0:00,12.37,24.42,10,0.12,No action needed,0
12/18/2023 1:00,13.13,24.29,55,0.24,Shift heavy operations to off-peak hours.,0.22
12/18/2023 2:00,5.34,26.1,93,0.17,No action needed,0
12/18/2023 3:00,11.96,18.35,141,0.2,No action needed,0
12/18/2023 4:00,13.59,16.31,36,0.22,Shift heavy operations to off-peak hours.,0.21
12/18/2023 5:00,7.59,24.07,60,0.26,Shift heavy operations to off-peak hours.,0.14
12/18/2023 6:00,10.88,31.68,86,0.11,No action needed,0
12/18/2023 7:00,7.88,19.8,129,0.15,No action needed,0
12/18/2023 8:00,16.29,16.09,143,0.15,Investigate devices left on overnight.,0.1
12/18/2023 9:00,5.45,16.57,37,0.11,No action needed,0
12/18/2023 10:00,9.38,33.7,111,0.28,Shift heavy operations to off-peak hours.,0.18
12/18/2023 11:00,24.45,32.43,60,0.2,Reduce HVAC cooling to save energy.,0.24
12/18/2023 12:00,12.59,22.86,114,0.21,Shift heavy operations to off-peak hours.,0.19
12/18/2023 13:00,13.63,27.02,43,0.27,Shift heavy operations to off-peak hours.,0.26
12/18/2023 14:00,13.89,24.44,118,0.11,No action needed,0
12/18/2023 15:00,19.48,19.32,145,0.17,Investigate devices left on overnight.,0.13
12/18/2023 16:00,18.45,26.75,6,0.14,Turn off unnecessary lights in unoccupied areas.,0.08
12/18/2023 17:00,24.49,19.4,47,0.28,Shift heavy operations to off-peak hours.,0.48
12/18/2023 18:00,17.99,24.4,103,0.27,Shift heavy operations to off-peak hours.,0.34
12/18/2023 19:00,10.37,34.73,90,0.26,Shift heavy operations to off-peak hours.,0.19
12/18/2023 20:00,12.51,28.36,43,0.24,Shift heavy operations to off-peak hours.,0.21
12/18/2023 21:00,17.81,19.51,45,0.11,No action needed,0
12/18/2023 22:00,8.57,24.34,96,0.21,Shift heavy operations to off-peak hours.,0.13
12/18/2023 23:00,11.96,28.71,11,0.13,No action needed,0
12/19/2023 0:00,14.86,30.78,53,0.17,No action needed,0
12/19/2023 1:00,24,19.11,136,0.29,Shift heavy operations to off-peak hours.,0.49
12/19/2023 2:00,18.7,26.43,86,0.17,Investigate devices left on overnight.,0.13
12/19/2023 3:00,24.51,31.64,17,0.19,Reduce HVAC cooling to save energy.,0.23
12/19/2023 4:00,22.85,31.66,89,0.2,Reduce HVAC cooling to save energy.; Investigate devices left on overnight.,0.41
12/19/2023 5:00,7.73,22.25,127,0.21,Shift heavy operations to off-peak hours.,0.11
12/19/2023 6:00,5.11,24.81,61,0.24,Shift heavy operations to off-peak hours.,0.09
12/19/2023 7:00,18.81,22.55,18,0.29,Shift heavy operations to off-peak hours.; Investigate devices left on overnight.,0.6
12/19/2023 8:00,16.95,33.7,102,0.23,Shift heavy operations to off-peak hours.,0.27
12/19/2023 9:00,5.32,26.93,72,0.27,Shift heavy operations to off-peak hours.,0.1
12/19/2023 10:00,13.15,18.85,9,0.14,Turn off unnecessary lights in unoccupied areas.,0.06
12/19/2023 11:00,9.88,25.65,74,0.13,No action needed,0
12/19/2023 12:00,5.87,24.39,142,0.1,No action needed,0
12/19/2023 13:00,8.16,21.08,149,0.21,Shift heavy operations to off-peak hours.,0.12
12/19/2023 14:00,17.32,15.24,80,0.16,No action needed,0
12/19/2023 15:00,9.74,18.49,119,0.22,Shift heavy operations to off-peak hours.,0.15
12/19/2023 16:00,16.33,30.27,142,0.25,Shift heavy operations to off-peak hours.,0.29
12/19/2023 17:00,9.66,25.46,129,0.3,Shift heavy operations to off-peak hours.,0.2
12/19/2023 18:00,10.86,18.03,75,0.18,No action needed,0
12/19/2023 19:00,15.91,21.83,26,0.2,No action needed,0
12/19/2023 20:00,16.15,18.58,102,0.28,Shift heavy operations to off-peak hours.,0.32
12/19/2023 21:00,20.33,31.59,142,0.14,Reduce HVAC cooling to save energy.; Investigate devices left on overnight.,0.26
12/19/2023 22:00,14.03,20.96,145,0.22,Shift heavy operations to off-peak hours.; Investigate devices left on overnight.,0.34
12/19/2023 23:00,22.78,18.12,45,0.23,Shift heavy operations to off-peak hours.,0.37
12/20/2023 0:00,14.05,23.88,111,0.21,Shift heavy operations to off-peak hours.,0.21
12/20/2023 1:00,7.21,29.02,6,0.15,Turn off unnecessary lights in unoccupied areas.,0.03
12/20/2023 2:00,23.1,32.43,129,0.12,Reduce HVAC cooling to save energy.; Investigate devices left on overnight.,0.25
12/20/2023 3:00,21.33,18.97,54,0.24,Shift heavy operations to off-peak hours.; Investigate devices left on overnight.,0.56
12/20/2023 4:00,5.59,23.72,39,0.15,No action needed,0
12/20/2023 5:00,11.69,26.85,63,0.27,Shift heavy operations to off-peak hours.,0.22
12/20/2023 6:00,17.64,21.99,87,0.27,Shift heavy operations to off-peak hours.; Investigate devices left on overnight.,0.52
12/20/2023 7:00,19.71,15.39,38,0.24,Shift heavy operations to off-peak hours.,0.33
12/20/2023 8:00,23.87,24.4,26,0.23,Shift heavy operations to off-peak hours.; Investigate devices left on overnight.,0.6
12/20/2023 9:00,6.3,32.7,86,0.15,No action needed,0
12/20/2023 10:00,9.12,30.53,38,0.28,Shift heavy operations to off-peak hours.,0.18
12/20/2023 11:00,8.86,19.65,109,0.24,Shift heavy operations to off-peak hours.,0.15
12/20/2023 12:00,16.05,22.38,62,0.27,Shift heavy operations to off-peak hours.,0.3
12/20/2023 13:00,20.25,33.29,80,0.11,Reduce HVAC cooling to save energy.; Investigate devices left on overnight.,0.2
12/20/2023 14:00,18.02,19.12,48,0.23,Shift heavy operations to off-peak hours.,0.29
12/20/2023 15:00,22.52,31.09,12,0.21,Reduce HVAC cooling to save energy.; Shift heavy operations to off-peak hours.; Investigate devices left on overnight.,0.76
12/20/2023 16:00,24.6,33.76,121,0.2,Reduce HVAC cooling to save energy.,0.25
12/20/2023 17:00,7.56,28.61,116,0.3,Shift heavy operations to off-peak hours.,0.16
12/20/2023 18:00,18.63,17.88,107,0.13,No action needed,0
12/20/2023 19:00,18.8,26.56,18,0.28,Shift heavy operations to off-peak hours.,0.37
12/20/2023 20:00,12.36,18.33,50,0.26,Shift heavy operations to off-peak hours.,0.22
12/20/2023 21:00,23.41,15.94,105,0.26,Shift heavy operations to off-peak hours.,0.43
12/20/2023 22:00,9.13,31.53,48,0.11,No action needed,0
12/20/2023 23:00,10.84,25.94,79,0.2,No action needed,0
12/21/2023 0:00,22,29.11,20,0.18,Reduce HVAC cooling to save energy.,0.2
12/21/2023 1:00,5.61,22.89,141,0.24,Shift heavy operations to off-peak hours.,0.09
12/21/2023 2:00,13.22,32.6,7,0.18,Turn off unnecessary lights in unoccupied areas.,0.07
12/21/2023 3:00,14.32,24.83,55,0.28,Shift heavy operations to off-peak hours.,0.28
12/21/2023 4:00,11.99,16.87,67,0.19,No action needed,0
12/21/2023 5:00,15.61,21.52,32,0.15,No action needed,0
12/21/2023 6:00,11.73,24.44,87,0.18,No action needed,0
12/21/2023 7:00,20.08,34.37,63,0.2,Reduce HVAC cooling to save energy.,0.2
12/21/2023 8:00,21.21,19.65,146,0.12,No action needed,0
12/21/2023 9:00,17.04,20.17,113,0.25,Shift heavy operations to off-peak hours.,0.3
12/21/2023 10:00,7.52,28.31,111,0.27,Shift heavy operations to off-peak hours.,0.14
12/21/2023 11:00,5.15,34.82,54,0.21,Shift heavy operations to off-peak hours.,0.08
12/21/2023 12:00,20.38,28.38,56,0.15,Reduce HVAC cooling to save energy.; Investigate devices left on overnight.,0.28
12/21/2023 13:00,20.95,20.92,29,0.23,Shift heavy operations to off-peak hours.,0.34
12/21/2023 14:00,6.94,17.85,148,0.13,No action needed,0
12/21/2023 15:00,7.29,31.44,111,0.14,No action needed,0
12/21/2023 16:00,17.79,34.7,98,0.27,Shift heavy operations to off-peak hours.; Investigate devices left on overnight.,0.53
12/21/2023 17:00,17.09,19.87,113,0.18,No action needed,0
12/21/2023 18:00,14.34,27.95,87,0.29,Shift heavy operations to off-peak hours.,0.29
12/21/2023 19:00,23.23,22.3,120,0.13,No action needed,0
12/21/2023 20:00,12.25,30.14,61,0.24,Shift heavy operations to off-peak hours.,0.21
12/21/2023 21:00,20.64,28.24,85,0.1,Reduce HVAC cooling to save energy.,0.1
12/21/2023 22:00,24.2,34.06,124,0.16,Reduce HVAC cooling to save energy.,0.19
12/21/2023 23:00,8.04,25.22,121,0.15,No action needed,0
12/22/2023 0:00,18.55,30.4,12,0.12,Investigate devices left on overnight.,0.09
12/22/2023 1:00,10.1,32.99,70,0.24,Shift heavy operations to off-peak hours.; Investigate devices left on overnight.,0.27
12/22/2023 2:00,20.29,21.46,118,0.26,Shift heavy operations to off-peak hours.,0.37
12/22/2023 3:00,24.18,15.1,38,0.13,No action needed,0
12/22/2023 4:00,19.25,26.58,6,0.16,Turn off unnecessary lights in unoccupied areas.,0.09
12/22/2023 5:00,19.86,23.26,18,0.26,Shift heavy operations to off-peak hours.,0.36
12/22/2023 6:00,22.26,16.37,8,0.26,Turn off unnecessary lights in unoccupied areas.; Shift heavy operations to off-peak hours.,0.58
12/22/2023 7:00,7.04,34.09,118,0.19,No action needed,0
12/22/2023 8:00,7.98,24.26,19,0.22,Shift heavy operations to off-peak hours.,0.12
12/22/2023 9:00,7.47,30.32,7,0.29,Turn off unnecessary lights in unoccupied areas.; Shift heavy operations to off-peak hours.,0.22
12/22/2023 10:00,21.4,20.73,5,0.15,Turn off unnecessary lights in unoccupied areas.,0.1
12/22/2023 11:00,12.01,19.68,28,0.18,No action needed,0
12/22/2023 12:00,14.1,16.27,95,0.28,Shift heavy operations to off-peak hours.,0.28
12/22/2023 13:00,11.39,34.56,61,0.18,No action needed,0
12/22/2023 14:00,19.04,17.62,102,0.25,Shift heavy operations to off-peak hours.,0.33
12/22/2023 15:00,18.61,33.29,120,0.27,Shift heavy operations to off-peak hours.,0.35
12/22/2023 16:00,7.41,34.56,37,0.28,Shift heavy operations to off-peak hours.,0.15
12/22/2023 17:00,17.19,16.69,71,0.28,Shift heavy operations to off-peak hours.,0.34
12/22/2023 18:00,10.06,15.75,85,0.25,Shift heavy operations to off-peak hours.; Investigate devices left on overnight.,0.28
12/22/2023 19:00,9.54,17.21,148,0.15,No action needed,0
12/22/2023 20:00,22.39,26.66,52,0.2,Reduce HVAC cooling to save energy.,0.22
12/22/2023 21:00,13.33,22.8,41,0.15,No action needed,0
12/22/2023 22:00,5.09,15.14,144,0.15,No action needed,0
12/22/2023 23:00,22.51,17.8,82,0.16,Investigate devices left on overnight.,0.14
12/23/2023 0:00,5.9,24.02,58,0.2,No action needed,0
12/23/2023 1:00,12.49,24.04,52,0.24,Shift heavy operations to off-peak hours.,0.21
12/23/2023 2:00,22.66,17.91,112,0.22,Shift heavy operations to off-peak hours.,0.35
12/23/2023 3:00,10.08,26.16,72,0.22,Shift heavy operations to off-peak hours.,0.16
12/23/2023 4:00,21.96,34.02,91,0.16,Reduce HVAC cooling to save energy.,0.18
12/23/2023 5:00,11.73,23.25,128,0.13,Investigate devices left on overnight.,0.06
12/23/2023 6:00,13.31,26.48,144,0.18,No action needed,0
12/23/2023 7:00,6.41,25.5,70,0.29,Shift heavy operations to off-peak hours.,0.13
12/23/2023 8:00,20.2,19.35,65,0.18,Investigate devices left on overnight.,0.15
12/23/2023 9:00,23.14,25.74,87,0.16,Reduce HVAC cooling to save energy.; Investigate devices left on overnight.,0.33
12/23/2023 10:00,11.43,22.31,64,0.13,No action needed,0
12/23/2023 11:00,11.98,31.62,19,0.2,No action needed,0
12/23/2023 12:00,17.9,22.42,42,0.17,No action needed,0
12/23/2023 13:00,23.7,25.83,61,0.18,Reduce HVAC cooling to save energy.,0.21
12/23/2023 14:00,24.09,21.41,135,0.14,Investigate devices left on overnight.,0.13
12/23/2023 15:00,10.96,21.62,97,0.25,Shift heavy operations to off-peak hours.; Investigate devices left on overnight.,0.3
12/23/2023 16:00,19.61,29.86,71,0.24,Shift heavy operations to off-peak hours.,0.33
12/23/2023 17:00,9.88,27.73,113,0.24,Shift heavy operations to off-peak hours.,0.17
12/23/2023 18:00,7.08,32.64,144,0.21,Shift heavy operations to off-peak hours.,0.1
12/23/2023 19:00,7.4,27.79,45,0.26,Shift heavy operations to off-peak hours.,0.13
12/23/2023 20:00,12.74,28.23,141,0.23,Shift heavy operations to off-peak hours.; Investigate devices left on overnight.,0.32
12/23/2023 21:00,20.9,21.7,43,0.2,No action needed,0
12/23/2023 22:00,22.47,25.27,120,0.15,Reduce HVAC cooling to save energy.; Investigate devices left on overnight.,0.3
12/23/2023 23:00,23.37,33.58,83,0.3,Reduce HVAC cooling to save energy.; Shift heavy operations to off-peak hours.; Investigate devices left on overnight.,1.12
12/24/2023 0:00,15.73,22.28,140,0.25,Shift heavy operations to off-peak hours.,0.28
12/24/2023 1:00,22.61,33.77,128,0.26,Reduce HVAC cooling to save energy.; Shift heavy operations to off-peak hours.; Investigate devices left on overnight.,0.94
12/24/2023 2:00,11.08,24.67,118,0.29,Shift heavy operations to off-peak hours.,0.22
12/24/2023 3:00,7.89,33.13,135,0.13,No action needed,0
12/24/2023 4:00,19.07,15.44,18,0.12,No action needed,0
12/24/2023 5:00,18.56,24.28,148,0.27,Shift heavy operations to off-peak hours.,0.35
12/24/2023 6:00,5,15.77,119,0.15,No action needed,0
12/24/2023 7:00,14.36,20.77,76,0.18,No action needed,0
12/24/2023 8:00,17.55,17.99,22,0.21,Shift heavy operations to off-peak hours.,0.26
12/24/2023 9:00,24.38,19.44,29,0.19,No action needed,0
12/24/2023 10:00,18.41,15.56,121,0.26,Shift heavy operations to off-peak hours.,0.34
12/24/2023 11:00,22.52,26.34,121,0.28,Reduce HVAC cooling to save energy.; Shift heavy operations to off-peak hours.,0.76
12/24/2023 12:00,22.96,17.16,108,0.12,No action needed,0
12/24/2023 13:00,16.6,17.16,91,0.17,No action needed,0
12/24/2023 14:00,15.53,19.39,12,0.14,No action needed,0
12/24/2023 15:00,18.18,18.03,36,0.14,No action needed,0
12/24/2023 16:00,11.58,17.39,21,0.14,No action needed,0
12/24/2023 17:00,8.67,24.39,102,0.21,Shift heavy operations to off-peak hours.,0.13
12/24/2023 18:00,10.85,22.38,109,0.16,No action needed,0
12/24/2023 19:00,8.71,25.53,103,0.26,Shift heavy operations to off-peak hours.,0.16
12/24/2023 20:00,5.69,33.94,108,0.16,No action needed,0
12/24/2023 21:00,15.93,28.33,122,0.26,Shift heavy operations to off-peak hours.; Investigate devices left on overnight.,0.46
12/24/2023 22:00,19.02,15.87,67,0.27,Shift heavy operations to off-peak hours.,0.36
12/24/2023 23:00,20.49,33.21,107,0.23,Reduce HVAC cooling to save energy.; Shift heavy operations to off-peak hours.,0.57
12/25/2023 0:00,21.3,20.13,67,0.24,Shift heavy operations to off-peak hours.,0.36
12/25/2023 1:00,14.17,31.32,28,0.17,No action needed,0
12/25/2023 2:00,17.14,34.14,125,0.24,Shift heavy operations to off-peak hours.; Investigate devices left on overnight.,0.45
12/25/2023 3:00,14.93,21.3,89,0.14,No action needed,0
12/25/2023 4:00,10.4,30.18,96,0.11,No action needed,0
12/25/2023 5:00,6.73,20.67,131,0.28,Shift heavy operations to off-peak hours.,0.13
12/25/2023 6:00,8.58,25.86,19,0.29,Shift heavy operations to off-peak hours.,0.17
12/25/2023 7:00,21.13,33.8,49,0.26,Reduce HVAC cooling to save energy.; Shift heavy operations to off-peak hours.,0.66
12/25/2023 8:00,5.54,32.83,54,0.21,Shift heavy operations to off-peak hours.,0.08
12/25/2023 9:00,6.98,28.57,127,0.23,Shift heavy operations to off-peak hours.,0.11
12/25/2023 10:00,22.25,28.53,57,0.14,Reduce HVAC cooling to save energy.,0.16
12/25/2023 11:00,21.72,28.03,146,0.19,Reduce HVAC cooling to save energy.,0.21
12/25/2023 12:00,6.86,33.31,11,0.18,No action needed,0
12/25/2023 13:00,14.33,27.71,142,0.12,No action needed,0
12/25/2023 14:00,11.79,29.66,43,0.28,Shift heavy operations to off-peak hours.,0.23
12/25/2023 15:00,19.06,30.33,144,0.17,No action needed,0
12/25/2023 16:00,23.85,19,54,0.22,Shift heavy operations to off-peak hours.; Investigate devices left on overnight.,0.58
12/25/2023 17:00,23.75,17.02,66,0.21,Shift heavy operations to off-peak hours.,0.35
12/25/2023 18:00,18.41,23.35,36,0.1,Investigate devices left on overnight.,0.07
12/25/2023 19:00,24.58,19.19,38,0.15,No action needed,0
12/25/2023 20:00,18.08,31.89,36,0.26,Shift heavy operations to off-peak hours.,0.33
12/25/2023 21:00,17.89,23.08,83,0.25,Shift heavy operations to off-peak hours.,0.31
12/25/2023 22:00,13.79,26.62,24,0.12,No action needed,0
12/25/2023 23:00,9,16.26,79,0.26,Shift heavy operations to off-peak hours.,0.16
12/26/2023 0:00,12.99,18.59,48,0.25,Shift heavy operations to off-peak hours.,0.23
12/26/2023 1:00,5.04,18.82,21,0.23,Shift heavy operations to off-peak hours.,0.08
12/26/2023 2:00,5.05,27.8,119,0.29,Shift heavy operations to off-peak hours.,0.1
12/26/2023 3:00,24.16,24.18,87,0.11,No action needed,0
12/26/2023 4:00,23.34,16.24,32,0.18,Investigate devices left on overnight.,0.17
12/26/2023 5:00,12.86,22.9,64,0.2,No action needed,0
12/26/2023 6:00,8.7,15.86,57,0.18,No action needed,0
12/26/2023 7:00,6.11,22.7,40,0.12,No action needed,0
12/26/2023 8:00,16.61,32.12,108,0.12,No action needed,0
12/26/2023 9:00,6.58,22.72,79,0.21,Shift heavy operations to off-peak hours.,0.1
12/26/2023 10:00,18.09,33.93,75,0.11,No action needed,0
12/26/2023 11:00,16.34,33.82,35,0.15,No action needed,0
12/26/2023 12:00,12.4,33.58,32,0.19,Investigate devices left on overnight.,0.09
12/26/2023 13:00,16.69,34.31,44,0.17,No action needed,0
12/26/2023 14:00,6.2,30.84,92,0.25,Shift heavy operations to off-peak hours.,0.11
12/26/2023 15:00,18.26,29.46,107,0.3,Shift heavy operations to off-peak hours.,0.38
12/26/2023 16:00,20.78,23.68,140,0.15,No action needed,0
12/26/2023 17:00,9.37,24.85,31,0.22,Shift heavy operations to off-peak hours.,0.14
12/26/2023 18:00,10.56,32.68,19,0.27,Shift heavy operations to off-peak hours.; Investigate devices left on overnight.,0.31
12/26/2023 19:00,24.86,22.67,64,0.15,No action needed,0
12/26/2023 20:00,20.35,31.33,131,0.25,Reduce HVAC cooling to save energy.; Shift heavy operations to off-peak hours.; Investigate devices left on overnight.,0.81
12/26/2023 21:00,15.89,31.75,19,0.14,No action needed,0
12/26/2023 22:00,13.68,31.64,101,0.16,No action needed,0
12/26/2023 23:00,7.33,20.02,122,0.27,Shift heavy operations to off-peak hours.,0.14
12/27/2023 0:00,23.36,27.98,16,0.21,Reduce HVAC cooling to save energy.; Shift heavy operations to off-peak hours.,0.59
12/27/2023 1:00,24.31,31.48,69,0.27,Reduce HVAC cooling to save energy.; Shift heavy operations to off-peak hours.; Investigate devices left on overnight.,1.05
12/27/2023 2:00,15.47,21.1,97,0.13,No action needed,0
12/27/2023 3:00,7.67,33.57,94,0.27,Shift heavy operations to off-peak hours.,0.14
12/27/2023 4:00,22.88,31.02,53,0.14,Reduce HVAC cooling to save energy.,0.16
12/27/2023 5:00,6.75,19.49,9,0.1,Turn off unnecessary lights in unoccupied areas.,0.02
12/27/2023 6:00,12.3,19.4,117,0.13,No action needed,0
12/27/2023 7:00,5.44,31.35,37,0.25,Shift heavy operations to off-peak hours.,0.1
12/27/2023 8:00,9.81,27.69,103,0.15,No action needed,0
12/27/2023 9:00,18.03,28.4,75,0.28,Shift heavy operations to off-peak hours.,0.35
12/27/2023 10:00,5.63,15.67,98,0.29,Shift heavy operations to off-peak hours.,0.11
12/27/2023 11:00,13.4,28.64,129,0.12,Investigate devices left on overnight.,0.06
12/27/2023 12:00,13.72,32.07,37,0.21,Shift heavy operations to off-peak hours.; Investigate devices left on overnight.,0.32
12/27/2023 13:00,10.31,15.43,59,0.21,Shift heavy operations to off-peak hours.,0.15
12/27/2023 14:00,6.16,22.27,45,0.26,Shift heavy operations to off-peak hours.,0.11
12/27/2023 15:00,7.33,20.77,68,0.29,Shift heavy operations to off-peak hours.,0.15
12/27/2023 16:00,13,20.13,125,0.11,No action needed,0
12/27/2023 17:00,7.83,22.17,103,0.27,Shift heavy operations to off-peak hours.,0.15
12/27/2023 18:00,16.16,24.49,11,0.16,No action needed,0
12/27/2023 19:00,13.37,34.61,19,0.23,Shift heavy operations to off-peak hours.,0.22
12/27/2023 20:00,11.54,31.76,128,0.29,Shift heavy operations to off-peak hours.,0.23
12/27/2023 21:00,8.29,20.05,86,0.3,Shift heavy operations to off-peak hours.,0.17
12/27/2023 22:00,14.3,27.88,7,0.19,Turn off unnecessary lights in unoccupied areas.,0.08
12/27/2023 23:00,15.05,19.92,84,0.21,Shift heavy operations to off-peak hours.,0.22
12/28/2023 0:00,8.68,22.94,25,0.27,Shift heavy operations to off-peak hours.,0.16
12/28/2023 1:00,21.41,18.02,145,0.28,Shift heavy operations to off-peak hours.; Investigate devices left on overnight.,0.66
12/28/2023 2:00,24.07,28.34,117,0.28,Reduce HVAC cooling to save energy.; Shift heavy operations to off-peak hours.; Investigate devices left on overnight.,1.08
12/28/2023 3:00,5.92,24.42,90,0.27,Shift heavy operations to off-peak hours.,0.11
12/28/2023 4:00,17.65,29.78,82,0.23,Shift heavy operations to off-peak hours.,0.28
12/28/2023 5:00,24.92,20.74,16,0.17,No action needed,0
12/28/2023 6:00,23.03,17.58,32,0.22,Shift heavy operations to off-peak hours.,0.35
12/28/2023 7:00,24.61,34.05,104,0.29,Reduce HVAC cooling to save energy.; Shift heavy operations to off-peak hours.,0.86
12/28/2023 8:00,10.12,32.06,86,0.13,No action needed,0
12/28/2023 9:00,20.07,21.4,141,0.24,Shift heavy operations to off-peak hours.,0.34
12/28/2023 10:00,19.04,19.32,14,0.12,No action needed,0
12/28/2023 11:00,5.61,17.47,142,0.17,No action needed,0
12/28/2023 12:00,12.9,24.9,148,0.1,No action needed,0
12/28/2023 13:00,15.3,21.1,22,0.24,Shift heavy operations to off-peak hours.,0.26
12/28/2023 14:00,5.22,27,58,0.27,Shift heavy operations to off-peak hours.,0.1
12/28/2023 15:00,9.69,25.89,11,0.22,Shift heavy operations to off-peak hours.,0.15
12/28/2023 16:00,20,26.65,27,0.28,Shift heavy operations to off-peak hours.; Investigate devices left on overnight.,0.62
12/28/2023 17:00,13.61,20.02,68,0.27,Shift heavy operations to off-peak hours.,0.26
12/28/2023 18:00,20.68,32.38,102,0.2,Reduce HVAC cooling to save energy.; Investigate devices left on overnight.,0.37
12/28/2023 19:00,11.1,32.28,58,0.21,Shift heavy operations to off-peak hours.,0.16
12/28/2023 20:00,24.42,18.36,11,0.12,Investigate devices left on overnight.,0.12
12/28/2023 21:00,7.06,26.9,145,0.3,Shift heavy operations to off-peak hours.,0.15
12/28/2023 22:00,19.24,16.91,136,0.24,Shift heavy operations to off-peak hours.,0.32
12/28/2023 23:00,17.7,24.79,110,0.25,Shift heavy operations to off-peak hours.,0.31
12/29/2023 0:00,23.83,24.33,60,0.26,Shift heavy operations to off-peak hours.,0.43
12/29/2023 1:00,24.56,32.48,15,0.27,Reduce HVAC cooling to save energy.; Shift heavy operations to off-peak hours.,0.8
12/29/2023 2:00,12.52,15.98,9,0.14,Turn off unnecessary lights in unoccupied areas.; Investigate devices left on overnight.,0.12
12/29/2023 3:00,16,15.76,83,0.12,No action needed,0
12/29/2023 4:00,5.47,31.88,34,0.24,Shift heavy operations to off-peak hours.,0.09
12/29/2023 5:00,5.83,34.83,136,0.28,Shift heavy operations to off-peak hours.,0.11
12/29/2023 6:00,7.99,26.97,33,0.18,No action needed,0
12/29/2023 7:00,22.72,27.89,147,0.13,Reduce HVAC cooling to save energy.,0.15
12/29/2023 8:00,17.08,33.55,64,0.23,Shift heavy operations to off-peak hours.,0.27
12/29/2023 9:00,5.1,16.65,60,0.27,Shift heavy operations to off-peak hours.,0.1
12/29/2023 10:00,5.85,16.69,37,0.25,Shift heavy operations to off-peak hours.,0.1
12/29/2023 11:00,18.32,30.19,128,0.25,Shift heavy operations to off-peak hours.,0.32
12/29/2023 12:00,8.4,29.12,111,0.14,No action needed,0
12/29/2023 13:00,20.76,21.47,44,0.22,Shift heavy operations to off-peak hours.,0.32
12/29/2023 14:00,20.26,25.38,75,0.26,Reduce HVAC cooling to save energy.; Shift heavy operations to off-peak hours.,0.63
12/29/2023 15:00,15.23,15.82,52,0.27,Shift heavy operations to off-peak hours.,0.29
12/29/2023 16:00,18.91,16.32,110,0.27,Shift heavy operations to off-peak hours.,0.36
12/29/2023 17:00,17.92,27.3,51,0.29,Shift heavy operations to off-peak hours.,0.36
12/29/2023 18:00,21.76,22.87,126,0.29,Shift heavy operations to off-peak hours.,0.44
12/29/2023 19:00,5.51,22.1,97,0.18,No action needed,0
12/29/2023 20:00,12.49,33.33,133,0.16,No action needed,0
12/29/2023 21:00,12.63,26.31,125,0.2,Investigate devices left on overnight.,0.1
12/29/2023 22:00,14.93,25.98,141,0.11,No action needed,0
12/29/2023 23:00,14.62,33.04,59,0.15,Investigate devices left on overnight.,0.09
12/30/2023 0:00,6.14,27.17,65,0.29,Shift heavy operations to off-peak hours.,0.12
12/30/2023 1:00,24.39,22.05,75,0.18,Investigate devices left on overnight.,0.18
12/30/2023 2:00,21.44,32.08,78,0.28,Reduce HVAC cooling to save energy.; Shift heavy operations to off-peak hours.,0.72
12/30/2023 3:00,7.31,31.2,137,0.14,No action needed,0
12/30/2023 4:00,11.22,22.85,17,0.29,Shift heavy operations to off-peak hours.,0.23
12/30/2023 5:00,21.37,31.38,121,0.21,Reduce HVAC cooling to save energy.; Shift heavy operations to off-peak hours.,0.54
12/30/2023 6:00,6.95,32.88,55,0.3,Shift heavy operations to off-peak hours.,0.15
12/30/2023 7:00,14.52,16.2,145,0.17,No action needed,0
12/30/2023 8:00,18.63,16.65,54,0.27,Shift heavy operations to off-peak hours.,0.35
12/30/2023 9:00,24.03,25.91,54,0.23,Reduce HVAC cooling to save energy.; Shift heavy operations to off-peak hours.,0.66
12/30/2023 10:00,13.11,29.43,45,0.2,Investigate devices left on overnight.,0.1
12/30/2023 11:00,24.92,34.19,69,0.17,Reduce HVAC cooling to save energy.,0.21
12/30/2023 12:00,23.82,22.2,81,0.25,Shift heavy operations to off-peak hours.,0.42
12/30/2023 13:00,9.66,22.77,138,0.28,Shift heavy operations to off-peak hours.,0.19
12/30/2023 14:00,6.31,16.18,136,0.28,Shift heavy operations to off-peak hours.,0.12
12/30/2023 15:00,11.54,23.78,50,0.11,No action needed,0
12/30/2023 16:00,23.37,15.68,58,0.28,Shift heavy operations to off-peak hours.,0.46
12/30/2023 17:00,20.71,34.22,43,0.26,Reduce HVAC cooling to save energy.; Shift heavy operations to off-peak hours.; Investigate devices left on overnight.,0.86
12/30/2023 18:00,14.71,29.76,15,0.25,Shift heavy operations to off-peak hours.,0.26
12/30/2023 19:00,12.06,26.52,44,0.19,No action needed,0
12/30/2023 20:00,23.96,16.48,103,0.18,No action needed,0
12/30/2023 21:00,18.55,15.22,135,0.18,No action needed,0
12/30/2023 22:00,23.78,28.35,113,0.14,Reduce HVAC cooling to save energy.,0.17
12/30/2023 23:00,11.93,19.44,136,0.21,Shift heavy operations to off-peak hours.; Investigate devices left on overnight.,0.28
12/31/2023 0:00,15.93,21.44,104,0.11,No action needed,0
12/31/2023 1:00,6.44,32.04,34,0.2,No action needed,0
12/31/2023 2:00,9.03,19.65,91,0.22,Shift heavy operations to off-peak hours.,0.14
12/31/2023 3:00,11.26,29.29,23,0.16,No action needed,0
12/31/2023 4:00,24.96,18.39,57,0.1,No action needed,0
12/31/2023 5:00,24.98,18.86,106,0.24,Shift heavy operations to off-peak hours.; Investigate devices left on overnight.,0.66
12/31/2023 6:00,22.14,31.18,68,0.24,Reduce HVAC cooling to save energy.; Shift heavy operations to off-peak hours.,0.64
12/31/2023 7:00,22.8,30.7,42,0.27,Reduce HVAC cooling to save energy.; Shift heavy operations to off-peak hours.; Investigate devices left on overnight.,0.98
12/31/2023 8:00,6.28,17.15,36,0.26,Shift heavy operations to off-peak hours.,0.11
12/31/2023 9:00,16.59,32.11,119,0.14,No action needed,0
12/31/2023 10:00,7.15,21.56,70,0.16,No action needed,0
12/31/2023 11:00,19.22,33.74,109,0.2,No action needed,0
12/31/2023 12:00,16.74,33.36,23,0.26,Shift heavy operations to off-peak hours.,0.3
12/31/2023 13:00,7.69,17.66,129,0.19,No action needed,0
12/31/2023 14:00,19.46,27.59,150,0.17,No action needed,0
12/31/2023 15:00,17.96,25.94,131,0.26,Shift heavy operations to off-peak hours.,0.33
12/31/2023 16:00,6.49,16.3,89,0.26,Shift heavy operations to off-peak hours.,0.12
12/31/2023 17:00,18.87,31.36,84,0.28,Shift heavy operations to off-peak hours.,0.37
12/31/2023 18:00,9.65,18.12,37,0.23,Shift heavy operations to off-peak hours.,0.16
12/31/2023 19:00,12.82,29.29,106,0.2,No action needed,0
12/31/2023 20:00,19.51,16.33,69,0.3,Shift heavy operations to off-peak hours.; Investigate devices left on overnight.,0.64
12/31/2023 21:00,16.91,26.33,89,0.13,No action needed,0
12/31/2023 22:00,6.2,23.52,67,0.22,Shift heavy operations to off-peak hours.,0.1
12/31/2023 23:00,19.28,17.52,140,0.19,No action needed,0
