,Timestamp,Energy Consumption (kWh),Temperature (°C),Building Occupancy,Energy Tariff ($/kWh)
0,1/1/2023 0:00,10.85,34.85,51.0,0.23
1,1/1/2023 1:00,14.96,30.51,26.0,0.19
2,1/1/2023 2:00,7.74,26.13,58.0,0.25
3,1/1/2023 3:00,15.78,34.92,39.0,0.2
4,1/1/2023 4:00,15.71,26.44,37.0,0.12
5,1/1/2023 5:00,16.72,25.69,34.0,0.24
6,1/1/2023 6:00,20.17,21.51,85.0,0.24
7,1/1/2023 7:00,12.24,28.93,48.0,0.19
8,1/1/2023 8:00,12.8,23.88,107.0,0.22
9,1/1/2023 9:00,14.59,19.11,66.0,0.18
10,1/1/2023 10:00,20.77,19.06,116.0,0.28
11,1/1/2023 11:00,24.55,18.38,69.0,0.21
12,1/1/2023 12:00,21.1,26.1,27.0,0.24
13,1/1/2023 13:00,8.92,25.78,33.0,0.21
14,1/1/2023 14:00,7.27,24.5,71.0,0.28
15,1/1/2023 15:00,22.89,20.83,51.0,0.13
16,1/1/2023 16:00,22.96,26.81,127.0,0.19
17,1/1/2023 17:00,24.37,31.26,113.0,0.15
18,1/1/2023 18:00,14.72,26.5,7.0,0.12
19,1/1/2023 19:00,15.77,17.39,138.0,0.25
20,1/1/2023 20:00,24.38,33.55,17.0,0.27
21,1/1/2023 21:00,23.28,29.28,81.0,0.2
22,1/1/2023 22:00,12.19,28.79,61.0,0.23
23,1/1/2023 23:00,12.62,32.58,24.0,0.27
24,1/2/2023 0:00,23.91,31.88,42.0,0.21
25,1/2/2023 1:00,18.12,18.35,12.0,0.26
26,1/2/2023 2:00,23.42,15.69,54.0,0.28
27,1/2/2023 3:00,12.15,30.08,95.0,0.15
28,1/2/2023 4:00,23.5,18.88,93.0,0.11
29,1/2/2023 5:00,11.86,32.61,81.0,0.26
30,1/2/2023 6:00,5.55,31.99,44.0,0.18
31,1/2/2023 7:00,6.02,25.92,37.0,0.22
32,1/2/2023 8:00,14.55,16.95,138.0,0.12
33,1/2/2023 9:00,21.24,28.6,34.0,0.13
34,1/2/2023 10:00,11.08,25.85,141.0,0.13
35,1/2/2023 11:00,17.4,18.26,29.0,0.13
36,1/2/2023 12:00,6.96,26.41,74.0,0.2
37,1/2/2023 13:00,7.13,23.05,84.0,0.14
38,1/2/2023 14:00,13.12,28.14,9.0,0.21
39,1/2/2023 15:00,12.46,27.09,34.0,0.21
40,1/2/2023 16:00,14.6,25.34,31.0,0.19
41,1/2/2023 17:00,10.39,28.22,24.0,0.19
42,1/2/2023 18:00,23.42,18.2,147.0,0.18
43,1/2/2023 19:00,12.3,23.61,96.0,0.19
44,1/2/2023 20:00,24.53,33.39,121.0,0.15
45,1/2/2023 21:00,5.62,32.61,85.0,0.23
46,1/2/2023 22:00,7.4,33.36,146.0,0.24
47,1/2/2023 23:00,17.76,34.8,50.0,0.26
48,1/3/2023 0:00,23.62,24.48,104.0,0.13
49,1/3/2023 1:00,6.02,34.23,74.0,0.17
50,1/3/2023 2:00,17.39,24.36,18.0,0.12
51,1/3/2023 3:00,20.3,19.83,120.0,0.11
52,1/3/2023 4:00,8.91,31.58,11.0,0.13
53,1/3/2023 5:00,11.09,26.75,14.0,0.21
54,1/3/2023 6:00,23.64,27.32,79.0,0.28
55,1/3/2023 7:00,16.53,17.55,98.0,0.25
56,1/3/2023 8:00,11.64,25.91,57.0,0.25
57,1/3/2023 9:00,13.71,20.27,39.0,0.2
58,1/3/2023 10:00,5.61,30.72,13.0,0.27
59,1/3/2023 11:00,6.04,20.34,18.0,0.27
60,1/3/2023 12:00,14.59,18.07,6.0,0.12
61,1/3/2023 13:00,12.83,23.89,57.0,0.13
62,1/3/2023 14:00,5.22,33.07,67.0,0.18
63,1/3/2023 15:00,13.57,16.38,133.0,0.12
64,1/3/2023 16:00,15.12,25.91,29.0,0.17
65,1/3/2023 17:00,12.55,19.58,19.0,0.22
66,1/3/2023 18:00,7.47,24.76,135.0,0.26
67,1/3/2023 19:00,11.08,27.96,37.0,0.3
68,1/3/2023 20:00,24.04,24.37,136.0,0.17
69,1/3/2023 21:00,18.18,31.3,72.0,0.26
70,1/3/2023 22:00,16.91,25.35,37.0,0.12
71,1/3/2023 23:00,19.09,32.42,32.0,0.16
72,1/4/2023 0:00,9.21,34.54,41.0,0.25
73,1/4/2023 1:00,11.16,20.4,50.0,0.22
74,1/4/2023 2:00,20.53,19.88,12.0,0.2
75,1/4/2023 3:00,8.15,26.51,56.0,0.13
76,1/4/2023 4:00,6.75,21.14,96.0,0.28
77,1/4/2023 5:00,23.67,15.86,32.0,0.27
78,1/4/2023 6:00,17.23,30.87,52.0,0.2
79,1/4/2023 7:00,19.17,15.15,123.0,0.19
80,1/4/2023 8:00,16.89,28.78,31.0,0.24
81,1/4/2023 9:00,10.01,21.24,28.0,0.29
82,1/4/2023 10:00,12.61,27.52,95.0,0.13
83,1/4/2023 11:00,14.04,15.74,106.0,0.22
84,1/4/2023 12:00,17.46,31.99,63.0,0.15
85,1/4/2023 13:00,24.8,34.24,104.0,0.22
86,1/4/2023 14:00,18.03,27.58,56.0,0.25
87,1/4/2023 15:00,12.38,19.15,69.0,0.16
88,1/4/2023 16:00,18.14,30.81,13.0,0.27
89,1/4/2023 17:00,21.77,20.15,130.0,0.18
90,1/4/2023 18:00,12.37,32.56,100.0,0.2
91,1/4/2023 19:00,13.36,26.88,132.0,0.14
92,1/4/2023 20:00,11.31,26.08,93.0,0.17
93,1/4/2023 21:00,12.56,33.7,79.0,0.26
94,1/4/2023 22:00,18.11,30.07,80.0,0.19
95,1/4/2023 23:00,17.16,26.09,98.0,0.25
96,1/5/2023 0:00,16.44,19.36,118.0,0.17
97,1/5/2023 1:00,23.65,20.31,43.0,0.23
98,1/5/2023 2:00,13.43,18.72,94.0,0.14
99,1/5/2023 3:00,19.47,16.82,37.0,0.19
100,1/5/2023 4:00,6.93,17.78,127.0,0.12
101,1/5/2023 5:00,23.09,18.99,100.0,0.29
102,1/5/2023 6:00,19.76,15.98,65.0,0.18
103,1/5/2023 7:00,5.19,28.95,80.0,0.26
104,1/5/2023 8:00,6.34,23.07,34.0,0.15
105,1/5/2023 9:00,22.15,34.11,20.0,0.26
106,1/5/2023 10:00,7.78,26.14,134.0,0.16
107,1/5/2023 11:00,5.03,30.51,86.0,0.23
108,1/5/2023 12:00,17.8,25.02,70.0,0.13
109,1/5/2023 13:00,18.53,20.12,44.0,0.22
110,1/5/2023 14:00,16.06,28.13,89.0,0.13
111,1/5/2023 15:00,11.45,15.98,36.0,0.21
112,1/5/2023 16:00,15.21,31.95,150.0,0.28
113,1/5/2023 17:00,14.76,22.08,17.0,0.16
114,1/5/2023 18:00,21.49,23.2,51.0,0.12
115,1/5/2023 19:00,18.15,21.56,144.0,0.16
116,1/5/2023 20:00,23.95,19.93,60.0,0.28
117,1/5/2023 21:00,7.28,28.9,129.0,0.29
118,1/5/2023 22:00,16.23,22.99,63.0,0.2
119,1/5/2023 23:00,8.49,24.36,23.0,0.18
120,1/6/2023 0:00,9.25,19.85,30.0,0.23
121,1/6/2023 1:00,11.0,20.37,95.0,0.18
122,1/6/2023 2:00,7.31,31.84,117.0,0.15
123,1/6/2023 3:00,21.01,16.51,66.0,0.23
124,1/6/2023 4:00,13.83,22.9,36.0,0.22
125,1/6/2023 5:00,15.69,33.05,65.0,0.28
126,1/6/2023 6:00,22.11,24.89,14.0,0.13
127,1/6/2023 7:00,20.36,22.25,61.0,0.27
128,1/6/2023 8:00,10.51,15.97,14.0,0.3
129,1/6/2023 9:00,15.15,23.94,103.0,0.24
130,1/6/2023 10:00,5.26,32.09,105.0,0.26
131,1/6/2023 11:00,24.3,25.64,125.0,0.17
132,1/6/2023 12:00,10.92,17.74,123.0,0.2
133,1/6/2023 13:00,9.47,17.47,6.0,0.15
134,1/6/2023 14:00,16.88,21.13,128.0,0.29
135,1/6/2023 15:00,21.68,21.72,25.0,0.28
136,1/6/2023 16:00,24.12,31.82,91.0,0.29
137,1/6/2023 17:00,12.46,33.71,75.0,0.28
138,1/6/2023 18:00,13.16,30.93,34.0,0.21
139,1/6/2023 19:00,20.26,24.16,119.0,0.23
140,1/6/2023 20:00,6.1,32.28,40.0,0.29
141,1/6/2023 21:00,10.47,29.06,65.0,0.21
142,1/6/2023 22:00,16.59,17.81,113.0,0.3
143,1/6/2023 23:00,19.24,20.1,150.0,0.23
144,1/7/2023 0:00,8.04,22.01,68.0,0.18
145,1/7/2023 1:00,6.11,24.64,58.0,0.27
146,1/7/2023 2:00,13.22,31.92,68.0,0.15
147,1/7/2023 3:00,16.56,30.35,42.0,0.11
148,1/7/2023 4:00,18.64,19.71,123.0,0.18
149,1/7/2023 5:00,16.29,17.49,23.0,0.27
150,1/7/2023 6:00,7.09,15.16,41.0,0.18
151,1/7/2023 7:00,20.28,21.22,131.0,0.12
152,1/7/2023 8:00,23.55,19.99,115.0,0.28
153,1/7/2023 9:00,8.14,17.69,74.0,0.25
154,1/7/2023 10:00,8.99,29.53,119.0,0.21
155,1/7/2023 11:00,23.14,19.54,49.0,0.21
156,1/7/2023 12:00,10.72,24.71,140.0,0.24
157,1/7/2023 13:00,5.77,30.11,36.0,0.13
158,1/7/2023 14:00,13.16,29.86,117.0,0.27
159,1/7/2023 15:00,13.09,33.47,138.0,0.15
160,1/7/2023 16:00,16.47,32.84,54.0,0.1
161,1/7/2023 17:00,13.8,27.89,30.0,0.28
162,1/7/2023 18:00,9.26,33.44,34.0,0.23
163,1/7/2023 19:00,24.81,22.08,21.0,0.18
164,1/7/2023 20:00,15.36,32.65,94.0,0.16
165,1/7/2023 21:00,6.05,23.39,18.0,0.18
166,1/7/2023 22:00,16.0,33.91,32.0,0.28
167,1/7/2023 23:00,14.65,25.36,59.0,0.22
168,1/8/2023 0:00,15.87,24.34,37.0,0.11
169,1/8/2023 1:00,18.3,30.95,60.0,0.22
170,1/8/2023 2:00,15.41,29.39,7.0,0.16
171,1/8/2023 3:00,17.69,21.53,123.0,0.19
172,1/8/2023 4:00,13.71,33.87,19.0,0.23
173,1/8/2023 5:00,7.3,28.25,102.0,0.11
174,1/8/2023 6:00,14.87,18.08,24.0,0.27
175,1/8/2023 7:00,11.64,29.78,84.0,0.23
176,1/8/2023 8:00,6.95,15.9,36.0,0.21
177,1/8/2023 9:00,8.1,33.88,122.0,0.19
178,1/8/2023 10:00,9.76,27.23,96.0,0.12
179,1/8/2023 11:00,5.51,29.0,146.0,0.22
180,1/8/2023 12:00,22.31,20.49,52.0,0.14
181,1/8/2023 13:00,23.04,25.22,81.0,0.13
182,1/8/2023 14:00,5.39,24.33,102.0,0.12
183,1/8/2023 15:00,17.66,24.97,104.0,0.15
184,1/8/2023 16:00,24.15,31.38,114.0,0.2
185,1/8/2023 17:00,23.15,31.8,38.0,0.26
186,1/8/2023 18:00,14.18,18.21,46.0,0.28
187,1/8/2023 19:00,20.72,21.98,66.0,0.23
188,1/8/2023 20:00,9.58,17.83,18.0,0.22
189,1/8/2023 21:00,12.51,16.98,135.0,0.11
190,1/8/2023 22:00,12.5,22.79,7.0,0.17
191,1/8/2023 23:00,17.12,31.07,27.0,0.27
192,1/9/2023 0:00,23.54,28.33,64.0,0.25
193,1/9/2023 1:00,14.49,28.38,86.0,0.25
194,1/9/2023 2:00,14.53,28.53,114.0,0.2
195,1/9/2023 3:00,12.86,22.68,134.0,0.23
196,1/9/2023 4:00,10.21,18.58,59.0,0.15
197,1/9/2023 5:00,6.64,18.78,97.0,0.29
198,1/9/2023 6:00,24.44,22.34,66.0,0.25
199,1/9/2023 7:00,20.75,32.92,85.0,0.24
200,1/9/2023 8:00,22.29,25.8,134.0,0.11
201,1/9/2023 9:00,15.72,15.7,20.0,0.22
202,1/9/2023 10:00,15.49,22.16,61.0,0.28
203,1/9/2023 11:00,10.31,25.54,38.0,0.26
204,1/9/2023 12:00,21.82,24.73,146.0,0.29
205,1/9/2023 13:00,20.89,31.42,127.0,0.29
206,1/9/2023 14:00,8.23,32.05,48.0,0.24
207,1/9/2023 15:00,9.54,24.02,78.0,0.27
208,1/9/2023 16:00,24.68,25.84,14.0,0.15
209,1/9/2023 17:00,12.01,34.48,56.0,0.16
210,1/9/2023 18:00,9.81,28.9,92.0,0.1
211,1/9/2023 19:00,19.28,26.86,38.0,0.14
212,1/9/2023 20:00,23.48,29.11,26.0,0.26
213,1/9/2023 21:00,9.67,34.09,111.0,0.28
214,1/9/2023 22:00,23.8,19.07,62.0,0.29
215,1/9/2023 23:00,16.38,32.69,89.0,0.13
216,1/10/2023 0:00,14.43,34.93,85.0,0.25
217,1/10/2023 1:00,14.82,21.66,57.0,0.15
218,1/10/2023 2:00,19.22,25.52,37.0,0.14
219,1/10/2023 3:00,16.18,17.44,134.0,0.19
220,1/10/2023 4:00,16.2,28.59,41.0,0.23
221,1/10/2023 5:00,7.54,15.17,45.0,0.18
222,1/10/2023 6:00,6.36,17.48,61.0,0.29
223,1/10/2023 7:00,8.75,21.71,78.0,0.2
224,1/10/2023 8:00,11.52,28.23,40.0,0.1
225,1/10/2023 9:00,19.98,18.55,126.0,0.2
226,1/10/2023 10:00,8.0,28.69,32.0,0.25
227,1/10/2023 11:00,15.41,19.95,117.0,0.23
228,1/10/2023 12:00,20.79,16.77,43.0,0.2
229,1/10/2023 13:00,14.38,23.73,6.0,0.24
230,1/10/2023 14:00,11.73,29.47,27.0,0.29
231,1/10/2023 15:00,18.51,26.27,67.0,0.2
232,1/10/2023 16:00,15.01,21.14,55.0,0.16
233,1/10/2023 17:00,9.33,24.38,22.0,0.3
234,1/10/2023 18:00,24.88,29.44,44.0,0.17
235,1/10/2023 19:00,16.11,34.1,149.0,0.19
236,1/10/2023 20:00,9.46,16.83,112.0,0.25
237,1/10/2023 21:00,17.86,27.6,100.0,0.23
238,1/10/2023 22:00,18.4,22.7,112.0,0.12
239,1/10/2023 23:00,19.69,28.06,24.0,0.23
240,1/11/2023 0:00,11.08,25.75,43.0,0.11
241,1/11/2023 1:00,12.01,18.11,42.0,0.25
242,1/11/2023 2:00,13.39,32.49,94.0,0.29
243,1/11/2023 3:00,10.87,21.36,107.0,0.11
244,1/11/2023 4:00,23.94,16.01,35.0,0.15
245,1/11/2023 5:00,18.36,16.16,94.0,0.13
246,1/11/2023 6:00,6.37,27.4,148.0,0.14
247,1/11/2023 7:00,8.46,17.04,31.0,0.21
248,1/11/2023 8:00,13.11,19.01,40.0,0.19
249,1/11/2023 9:00,20.04,26.13,25.0,0.11
250,1/11/2023 10:00,13.04,17.84,89.0,0.2
251,1/11/2023 11:00,16.36,23.82,61.0,0.25
252,1/11/2023 12:00,11.68,15.68,140.0,0.17
253,1/11/2023 13:00,22.54,20.19,95.0,0.19
254,1/11/2023 14:00,20.07,26.87,96.0,0.13
255,1/11/2023 15:00,18.63,17.01,112.0,0.27
256,1/11/2023 16:00,19.9,20.29,24.0,0.24
257,1/11/2023 17:00,7.97,22.13,103.0,0.17
258,1/11/2023 18:00,13.13,26.95,47.0,0.29
259,1/11/2023 19:00,22.19,33.66,135.0,0.1
260,1/11/2023 20:00,13.8,27.75,129.0,0.17
261,1/11/2023 21:00,23.51,30.87,125.0,0.17
262,1/11/2023 22:00,17.53,30.72,124.0,0.15
263,1/11/2023 23:00,20.76,21.37,144.0,0.1
264,1/12/2023 0:00,20.35,31.5,118.0,0.11
265,1/12/2023 1:00,18.92,20.29,64.0,0.16
266,1/12/2023 2:00,18.18,21.1,38.0,0.19
267,1/12/2023 3:00,23.33,25.69,31.0,0.2
268,1/12/2023 4:00,20.28,25.1,82.0,0.21
269,1/12/2023 5:00,20.55,21.76,105.0,0.12
270,1/12/2023 6:00,15.26,22.15,58.0,0.2
271,1/12/2023 7:00,24.63,31.08,96.0,0.3
272,1/12/2023 8:00,5.37,21.74,70.0,0.14
273,1/12/2023 9:00,22.16,32.53,78.0,0.15
274,1/12/2023 10:00,6.27,28.52,140.0,0.1
275,1/12/2023 11:00,20.4,18.3,146.0,0.21
276,1/12/2023 12:00,18.95,27.78,71.0,0.29
277,1/12/2023 13:00,13.53,27.2,23.0,0.26
278,1/12/2023 14:00,20.51,21.69,78.0,0.16
279,1/12/2023 15:00,11.81,26.4,12.0,0.2
280,1/12/2023 16:00,16.88,30.74,148.0,0.13
281,1/12/2023 17:00,9.15,24.81,20.0,0.19
282,1/12/2023 18:00,13.9,33.09,45.0,0.16
283,1/12/2023 19:00,20.43,15.0,39.0,0.15
284,1/12/2023 20:00,24.58,27.99,8.0,0.1
285,1/12/2023 21:00,7.84,18.11,43.0,0.19
286,1/12/2023 22:00,6.91,24.64,117.0,0.24
287,1/12/2023 23:00,12.39,22.23,30.0,0.17
288,1/13/2023 0:00,17.76,33.38,79.0,0.22
289,1/13/2023 1:00,6.09,24.1,92.0,0.27
290,1/13/2023 2:00,10.1,31.68,67.0,0.28
291,1/13/2023 3:00,17.4,28.1,108.0,0.25
292,1/13/2023 4:00,24.63,17.48,70.0,0.19
293,1/13/2023 5:00,13.92,17.19,59.0,0.2
294,1/13/2023 6:00,22.25,17.64,66.0,0.2
295,1/13/2023 7:00,14.86,25.81,10.0,0.21
296,1/13/2023 8:00,7.94,28.54,46.0,0.17
297,1/13/2023 9:00,13.79,19.53,101.0,0.18
298,1/13/2023 10:00,20.33,32.17,54.0,0.3
299,1/13/2023 11:00,11.63,17.56,83.0,0.24
300,1/13/2023 12:00,7.87,28.01,62.0,0.23
301,1/13/2023 13:00,7.8,20.68,14.0,0.28
302,1/13/2023 14:00,14.58,21.97,5.0,0.12
303,1/13/2023 15:00,23.52,32.9,68.0,0.17
304,1/13/2023 16:00,22.9,28.58,85.0,0.1
305,1/13/2023 17:00,10.35,20.06,62.0,0.3
306,1/13/2023 18:00,7.96,23.77,136.0,0.18
307,1/13/2023 19:00,6.63,16.57,10.0,0.19
308,1/13/2023 20:00,16.26,26.67,91.0,0.15
309,1/13/2023 21:00,13.1,32.33,150.0,0.23
310,1/13/2023 22:00,17.75,34.92,42.0,0.29
311,1/13/2023 23:00,21.09,19.14,46.0,0.16
312,1/14/2023 0:00,9.51,15.98,76.0,0.17
313,1/14/2023 1:00,10.44,30.87,140.0,0.2
314,1/14/2023 2:00,22.75,15.93,60.0,0.17
315,1/14/2023 3:00,15.31,23.86,99.0,0.27
316,1/14/2023 4:00,15.25,24.36,146.0,0.17
317,1/14/2023 5:00,12.37,22.75,98.0,0.22
318,1/14/2023 6:00,9.31,20.46,91.0,0.27
319,1/14/2023 7:00,11.06,27.72,72.0,0.13
320,1/14/2023 8:00,22.92,19.9,131.0,0.17
321,1/14/2023 9:00,16.5,28.97,89.0,0.29
322,1/14/2023 10:00,5.19,20.07,11.0,0.24
323,1/14/2023 11:00,20.99,33.91,28.0,0.18
324,1/14/2023 12:00,22.07,20.15,128.0,0.22
325,1/14/2023 13:00,16.56,17.16,140.0,0.29
326,1/14/2023 14:00,7.33,33.95,41.0,0.13
327,1/14/2023 15:00,24.59,21.67,43.0,0.23
328,1/14/2023 16:00,20.34,21.11,117.0,0.12
329,1/14/2023 17:00,22.09,25.0,75.0,0.18
330,1/14/2023 18:00,9.35,23.03,93.0,0.24
331,1/14/2023 19:00,17.32,25.13,95.0,0.28
332,1/14/2023 20:00,16.72,21.87,34.0,0.23
333,1/14/2023 21:00,10.01,32.15,28.0,0.18
334,1/14/2023 22:00,23.3,18.87,87.0,0.13
335,1/14/2023 23:00,9.62,18.59,103.0,0.13
336,1/15/2023 0:00,19.11,17.82,96.0,0.21
337,1/15/2023 1:00,10.18,27.39,112.0,0.29
338,1/15/2023 2:00,7.71,21.82,86.0,0.11
339,1/15/2023 3:00,21.69,24.44,133.0,0.1
340,1/15/2023 4:00,6.41,15.92,133.0,0.29
341,1/15/2023 5:00,18.62,33.77,125.0,0.14
342,1/15/2023 6:00,21.54,15.12,150.0,0.14
343,1/15/2023 7:00,14.59,28.5,61.0,0.21
344,1/15/2023 8:00,16.76,23.51,111.0,0.29
345,1/15/2023 9:00,9.21,17.96,141.0,0.16
346,1/15/2023 10:00,22.61,32.32,13.0,0.13
347,1/15/2023 11:00,23.95,29.12,145.0,0.26
348,1/15/2023 12:00,6.14,33.24,50.0,0.29
349,1/15/2023 13:00,12.12,25.37,39.0,0.19
350,1/15/2023 14:00,12.89,26.08,87.0,0.12
351,1/15/2023 15:00,19.72,18.47,97.0,0.26
352,1/15/2023 16:00,5.76,15.45,66.0,0.27
353,1/15/2023 17:00,8.93,15.83,62.0,0.22
354,1/15/2023 18:00,19.91,31.24,41.0,0.18
355,1/15/2023 19:00,22.6,32.08,106.0,0.26
356,1/15/2023 20:00,8.95,28.57,91.0,0.28
357,1/15/2023 21:00,23.23,18.53,58.0,0.2
358,1/15/2023 22:00,21.3,29.85,17.0,0.23
359,1/15/2023 23:00,13.39,19.39,85.0,0.15
360,1/16/2023 0:00,10.26,15.42,6.0,0.14
361,1/16/2023 1:00,13.17,33.45,22.0,0.21
362,1/16/2023 2:00,11.73,20.07,68.0,0.18
363,1/16/2023 3:00,12.39,28.06,139.0,0.29
364,1/16/2023 4:00,16.25,27.07,16.0,0.13
365,1/16/2023 5:00,23.45,17.24,132.0,0.28
366,1/16/2023 6:00,11.16,27.9,99.0,0.19
367,1/16/2023 7:00,15.47,26.34,65.0,0.17
368,1/16/2023 8:00,15.77,19.02,7.0,0.1
369,1/16/2023 9:00,7.0,25.53,129.0,0.12
370,1/16/2023 10:00,5.34,27.85,51.0,0.15
371,1/16/2023 11:00,11.5,27.18,146.0,0.22
372,1/16/2023 12:00,7.42,21.99,18.0,0.25
373,1/16/2023 13:00,16.65,20.3,139.0,0.18
374,1/16/2023 14:00,24.62,24.42,138.0,0.24
375,1/16/2023 15:00,5.74,21.68,56.0,0.18
376,1/16/2023 16:00,5.24,19.86,30.0,0.22
377,1/16/2023 17:00,11.34,27.69,15.0,0.3
378,1/16/2023 18:00,13.02,30.47,88.0,0.28
379,1/16/2023 19:00,24.99,30.47,56.0,0.19
380,1/16/2023 20:00,22.13,29.72,101.0,0.28
381,1/16/2023 21:00,20.47,33.26,28.0,0.13
382,1/16/2023 22:00,11.71,16.9,136.0,0.14
383,1/16/2023 23:00,19.02,27.72,90.0,0.16
384,1/17/2023 0:00,22.31,24.33,145.0,0.3
385,1/17/2023 1:00,17.11,28.75,48.0,0.17
386,1/17/2023 2:00,20.98,23.08,94.0,0.23
387,1/17/2023 3:00,5.12,18.71,144.0,0.18
388,1/17/2023 4:00,24.26,23.1,5.0,0.13
389,1/17/2023 5:00,17.65,24.44,133.0,0.14
390,1/17/2023 6:00,24.11,28.62,29.0,0.11
391,1/17/2023 7:00,23.48,23.31,121.0,0.22
392,1/17/2023 8:00,5.83,33.32,69.0,0.18
393,1/17/2023 9:00,6.51,24.55,125.0,0.28
394,1/17/2023 10:00,6.54,17.94,116.0,0.12
395,1/17/2023 11:00,24.9,31.32,85.0,0.11
396,1/17/2023 12:00,23.57,28.73,137.0,0.16
397,1/17/2023 13:00,23.25,25.75,107.0,0.2
398,1/17/2023 14:00,12.74,24.96,12.0,0.17
399,1/17/2023 15:00,10.49,25.51,77.0,0.15
400,1/17/2023 16:00,15.91,19.66,17.0,0.18
401,1/17/2023 17:00,5.62,18.29,27.0,0.16
402,1/17/2023 18:00,20.32,18.02,112.0,0.26
403,1/17/2023 19:00,20.15,27.36,113.0,0.19
404,1/17/2023 20:00,24.61,32.58,38.0,0.21
405,1/17/2023 21:00,8.85,33.39,88.0,0.27
406,1/17/2023 22:00,17.36,17.57,94.0,0.12
407,1/17/2023 23:00,22.1,20.2,17.0,0.23
408,1/18/2023 0:00,12.02,29.92,54.0,0.15
409,1/18/2023 1:00,7.26,17.78,90.0,0.12
410,1/18/2023 2:00,18.87,27.44,8.0,0.29
411,1/18/2023 3:00,11.71,17.76,118.0,0.26
412,1/18/2023 4:00,13.04,31.97,127.0,0.1
413,1/18/2023 5:00,10.83,31.03,6.0,0.1
414,1/18/2023 6:00,12.23,30.43,140.0,0.15
415,1/18/2023 7:00,11.25,19.34,19.0,0.15
416,1/18/2023 8:00,11.42,28.35,150.0,0.27
417,1/18/2023 9:00,15.54,28.58,21.0,0.23
418,1/18/2023 10:00,19.94,20.16,92.0,0.16
419,1/18/2023 11:00,14.26,27.47,118.0,0.23
420,1/18/2023 12:00,7.26,19.19,54.0,0.11
421,1/18/2023 13:00,17.18,17.22,126.0,0.13
422,1/18/2023 14:00,8.14,29.65,34.0,0.11
423,1/18/2023 15:00,22.95,28.59,63.0,0.21
424,1/18/2023 16:00,8.2,19.53,63.0,0.23
425,1/18/2023 17:00,16.6,26.34,16.0,0.17
426,1/18/2023 18:00,14.83,20.83,26.0,0.29
427,1/18/2023 19:00,17.33,26.48,31.0,0.18
428,1/18/2023 20:00,22.28,16.97,94.0,0.3
429,1/18/2023 21:00,10.68,34.93,85.0,0.19
430,1/18/2023 22:00,12.9,28.42,117.0,0.26
431,1/18/2023 23:00,24.16,31.84,122.0,0.12
432,1/19/2023 0:00,18.56,22.95,118.0,0.11
433,1/19/2023 1:00,15.12,17.37,134.0,0.1
434,1/19/2023 2:00,23.99,25.09,126.0,0.1
435,1/19/2023 3:00,11.46,21.08,113.0,0.21
436,1/19/2023 4:00,23.52,28.83,125.0,0.29
437,1/19/2023 5:00,23.49,29.93,148.0,0.18
438,1/19/2023 6:00,24.65,30.64,90.0,0.28
439,1/19/2023 7:00,14.12,31.03,142.0,0.22
440,1/19/2023 8:00,7.43,26.49,131.0,0.27
441,1/19/2023 9:00,17.64,32.6,51.0,0.27
442,1/19/2023 10:00,7.06,16.78,29.0,0.2
443,1/19/2023 11:00,24.52,31.04,27.0,0.24
444,1/19/2023 12:00,8.03,31.59,61.0,0.21
445,1/19/2023 13:00,22.74,20.34,113.0,0.19
446,1/19/2023 14:00,9.75,19.15,38.0,0.11
447,1/19/2023 15:00,8.71,23.11,24.0,0.27
448,1/19/2023 16:00,12.07,16.9,65.0,0.18
449,1/19/2023 17:00,15.66,26.29,24.0,0.3
450,1/19/2023 18:00,5.85,25.37,65.0,0.27
451,1/19/2023 19:00,12.17,27.43,94.0,0.12
452,1/19/2023 20:00,13.45,16.89,36.0,0.13
453,1/19/2023 21:00,17.57,32.86,30.0,0.24
454,1/19/2023 22:00,14.16,26.51,30.0,0.18
455,1/19/2023 23:00,22.72,26.33,83.0,0.28
456,1/20/2023 0:00,11.76,26.99,109.0,0.21
457,1/20/2023 1:00,15.61,30.42,141.0,0.29
458,1/20/2023 2:00,8.31,32.35,14.0,0.16
459,1/20/2023 3:00,18.62,31.92,49.0,0.15
460,1/20/2023 4:00,15.06,19.1,23.0,0.29
461,1/20/2023 5:00,7.97,25.06,56.0,0.17
462,1/20/2023 6:00,23.43,15.72,115.0,0.14
463,1/20/2023 7:00,9.65,23.69,70.0,0.24
464,1/20/2023 8:00,8.81,23.86,101.0,0.14
465,1/20/2023 9:00,16.72,29.8,139.0,0.29
466,1/20/2023 10:00,16.12,28.47,72.0,0.29
467,1/20/2023 11:00,22.17,29.78,12.0,0.11
468,1/20/2023 12:00,22.18,31.76,107.0,0.2
469,1/20/2023 13:00,22.57,16.82,88.0,0.17
470,1/20/2023 14:00,13.31,23.59,60.0,0.24
471,1/20/2023 15:00,12.75,31.93,20.0,0.15
472,1/20/2023 16:00,24.83,32.4,148.0,0.26
473,1/20/2023 17:00,23.59,17.64,23.0,0.16
474,1/20/2023 18:00,23.05,19.01,101.0,0.13
475,1/20/2023 19:00,14.1,33.97,65.0,0.25
476,1/20/2023 20:00,9.77,24.68,92.0,0.16
477,1/20/2023 21:00,10.85,17.73,146.0,0.22
478,1/20/2023 22:00,24.31,20.12,96.0,0.25
479,1/20/2023 23:00,13.62,17.89,58.0,0.14
480,1/21/2023 0:00,24.05,16.79,71.0,0.11
481,1/21/2023 1:00,14.63,25.19,102.0,0.23
482,1/21/2023 2:00,13.18,19.47,19.0,0.14
483,1/21/2023 3:00,24.76,17.91,87.0,0.19
484,1/21/2023 4:00,6.05,15.65,22.0,0.1
485,1/21/2023 5:00,20.3,21.53,37.0,0.2
486,1/21/2023 6:00,16.93,26.88,101.0,0.15
487,1/21/2023 7:00,8.44,23.83,20.0,0.19
488,1/21/2023 8:00,6.72,29.03,53.0,0.3
489,1/21/2023 9:00,23.17,16.18,84.0,0.22
490,1/21/2023 10:00,15.66,17.95,120.0,0.23
491,1/21/2023 11:00,8.33,30.95,70.0,0.22
492,1/21/2023 12:00,11.69,22.58,36.0,0.23
493,1/21/2023 13:00,22.74,33.96,37.0,0.27
494,1/21/2023 14:00,22.34,21.89,45.0,0.29
495,1/21/2023 15:00,13.17,30.46,113.0,0.19
496,1/21/2023 16:00,15.23,33.86,131.0,0.13
497,1/21/2023 17:00,21.83,32.47,141.0,0.23
498,1/21/2023 18:00,16.45,25.63,56.0,0.17
499,1/21/2023 19:00,6.82,20.39,67.0,0.17
500,1/21/2023 20:00,10.26,15.42,24.0,0.26
501,1/21/2023 21:00,22.29,34.62,115.0,0.11
502,1/21/2023 22:00,20.56,30.26,95.0,0.1
503,1/21/2023 23:00,19.87,16.38,142.0,0.27
504,1/22/2023 0:00,6.77,25.74,11.0,0.12
505,1/22/2023 1:00,10.52,20.04,119.0,0.24
506,1/22/2023 2:00,13.25,19.32,102.0,0.13
507,1/22/2023 3:00,17.51,28.24,60.0,0.25
508,1/22/2023 4:00,10.21,18.58,17.0,0.24
509,1/22/2023 5:00,13.24,20.1,123.0,0.19
510,1/22/2023 6:00,13.56,25.37,121.0,0.2
511,1/22/2023 7:00,18.2,18.95,7.0,0.1
512,1/22/2023 8:00,16.2,19.51,102.0,0.27
513,1/22/2023 9:00,16.43,31.64,94.0,0.29
514,1/22/2023 10:00,13.6,18.98,16.0,0.26
515,1/22/2023 11:00,21.02,27.56,124.0,0.26
516,1/22/2023 12:00,13.57,25.29,69.0,0.21
517,1/22/2023 13:00,24.11,19.41,45.0,0.13
518,1/22/2023 14:00,16.55,18.22,136.0,0.17
519,1/22/2023 15:00,13.84,18.07,31.0,0.27
520,1/22/2023 16:00,9.19,34.82,43.0,0.17
521,1/22/2023 17:00,19.61,29.01,89.0,0.14
522,1/22/2023 18:00,12.29,20.73,64.0,0.11
523,1/22/2023 19:00,8.69,19.84,7.0,0.24
524,1/22/2023 20:00,24.25,33.12,50.0,0.23
525,1/22/2023 21:00,17.7,26.27,30.0,0.17
526,1/22/2023 22:00,24.75,24.87,120.0,0.28
527,1/22/2023 23:00,12.92,19.49,82.0,0.29
528,1/23/2023 0:00,9.97,27.6,104.0,0.16
529,1/23/2023 1:00,15.26,16.31,116.0,0.3
530,1/23/2023 2:00,13.67,25.82,68.0,0.15
531,1/23/2023 3:00,17.83,31.83,7.0,0.15
532,1/23/2023 4:00,5.27,17.28,51.0,0.1
533,1/23/2023 5:00,16.08,30.2,106.0,0.19
534,1/23/2023 6:00,11.84,23.71,100.0,0.21
535,1/23/2023 7:00,17.82,20.92,70.0,0.14
536,1/23/2023 8:00,10.82,16.36,76.0,0.16
537,1/23/2023 9:00,8.33,22.93,9.0,0.21
538,1/23/2023 10:00,18.74,31.43,46.0,0.27
539,1/23/2023 11:00,18.03,17.42,148.0,0.13
540,1/23/2023 12:00,8.43,20.9,129.0,0.17
541,1/23/2023 13:00,15.74,21.74,29.0,0.21
542,1/23/2023 14:00,14.77,31.68,108.0,0.15
543,1/23/2023 15:00,23.61,18.28,5.0,0.2
544,1/23/2023 16:00,9.44,24.58,90.0,0.27
545,1/23/2023 17:00,19.92,18.84,32.0,0.25
546,1/23/2023 18:00,15.15,27.02,87.0,0.28
547,1/23/2023 19:00,24.37,32.88,8.0,0.22
548,1/23/2023 20:00,8.58,20.57,8.0,0.15
549,1/23/2023 21:00,9.28,16.59,47.0,0.15
550,1/23/2023 22:00,14.24,18.85,43.0,0.18
551,1/23/2023 23:00,12.06,26.96,93.0,0.23
552,1/24/2023 0:00,19.95,27.82,15.0,0.15
553,1/24/2023 1:00,18.14,26.66,119.0,0.23
554,1/24/2023 2:00,15.15,24.39,94.0,0.16
555,1/24/2023 3:00,14.69,19.86,69.0,0.28
556,1/24/2023 4:00,6.72,22.95,43.0,0.24
557,1/24/2023 5:00,14.6,34.58,28.0,0.24
558,1/24/2023 6:00,19.32,25.63,136.0,0.2
559,1/24/2023 7:00,14.46,17.41,44.0,0.17
560,1/24/2023 8:00,20.08,24.62,26.0,0.13
561,1/24/2023 9:00,12.28,34.33,79.0,0.2
562,1/24/2023 10:00,18.45,21.16,57.0,0.28
563,1/24/2023 11:00,15.59,32.04,13.0,0.19
564,1/24/2023 12:00,6.85,28.76,44.0,0.19
565,1/24/2023 13:00,15.84,34.51,65.0,0.14
566,1/24/2023 14:00,11.84,18.3,67.0,0.1
567,1/24/2023 15:00,15.11,21.4,61.0,0.13
568,1/24/2023 16:00,21.83,27.16,27.0,0.17
569,1/24/2023 17:00,18.51,20.67,115.0,0.23
570,1/24/2023 18:00,18.17,26.92,133.0,0.28
571,1/24/2023 19:00,20.86,22.89,61.0,0.27
572,1/24/2023 20:00,13.12,22.84,136.0,0.18
573,1/24/2023 21:00,5.64,24.5,96.0,0.22
574,1/24/2023 22:00,19.51,20.43,78.0,0.21
575,1/24/2023 23:00,23.36,34.73,106.0,0.24
576,1/25/2023 0:00,7.27,27.19,105.0,0.2
577,1/25/2023 1:00,24.66,30.88,62.0,0.24
578,1/25/2023 2:00,20.08,23.18,123.0,0.16
579,1/25/2023 3:00,19.45,28.91,121.0,0.19
580,1/25/2023 4:00,10.67,25.57,133.0,0.14
581,1/25/2023 5:00,19.95,33.49,129.0,0.21
582,1/25/2023 6:00,24.06,19.31,148.0,0.24
583,1/25/2023 7:00,9.88,20.8,135.0,0.29
584,1/25/2023 8:00,14.32,23.87,150.0,0.17
585,1/25/2023 9:00,14.14,32.43,116.0,0.26
586,1/25/2023 10:00,5.28,32.93,109.0,0.13
587,1/25/2023 11:00,18.21,15.93,70.0,0.22
588,1/25/2023 12:00,23.95,32.41,146.0,0.2
589,1/25/2023 13:00,8.59,22.18,113.0,0.25
590,1/25/2023 14:00,17.44,15.29,48.0,0.25
591,1/25/2023 15:00,17.36,21.95,53.0,0.18
592,1/25/2023 16:00,5.31,21.98,125.0,0.12
593,1/25/2023 17:00,15.04,29.8,77.0,0.21
594,1/25/2023 18:00,8.69,21.26,96.0,0.21
595,1/25/2023 19:00,21.49,26.8,142.0,0.2
596,1/25/2023 20:00,19.8,17.23,112.0,0.25
597,1/25/2023 21:00,16.0,20.29,48.0,0.2
598,1/25/2023 22:00,20.56,17.88,65.0,0.2
599,1/25/2023 23:00,13.16,22.2,130.0,0.26
600,1/26/2023 0:00,24.73,22.6,95.0,0.12
601,1/26/2023 1:00,20.71,21.01,120.0,0.18
602,1/26/2023 2:00,11.58,18.71,25.0,0.12
603,1/26/2023 3:00,22.44,30.35,111.0,0.18
604,1/26/2023 4:00,11.62,15.19,62.0,0.16
605,1/26/2023 5:00,9.51,27.04,94.0,0.28
606,1/26/2023 6:00,18.42,23.13,115.0,0.25
607,1/26/2023 7:00,10.6,26.17,36.0,0.1
608,1/26/2023 8:00,20.92,34.55,150.0,0.17
609,1/26/2023 9:00,5.41,15.5,134.0,0.17
610,1/26/2023 10:00,19.28,31.13,7.0,0.13
611,1/26/2023 11:00,20.64,22.66,79.0,0.19
612,1/26/2023 12:00,5.72,19.93,138.0,0.24
613,1/26/2023 13:00,24.16,29.38,90.0,0.18
614,1/26/2023 14:00,12.03,31.25,110.0,0.23
615,1/26/2023 15:00,9.43,22.44,94.0,0.14
616,1/26/2023 16:00,23.18,19.37,150.0,0.25
617,1/26/2023 17:00,15.02,17.87,65.0,0.19
618,1/26/2023 18:00,9.01,24.31,69.0,0.1
619,1/26/2023 19:00,13.93,16.83,41.0,0.12
620,1/26/2023 20:00,9.17,17.49,98.0,0.28
621,1/26/2023 21:00,17.79,15.55,69.0,0.14
622,1/26/2023 22:00,5.17,17.44,15.0,0.22
623,1/26/2023 23:00,5.46,23.74,149.0,0.23
624,1/27/2023 0:00,13.55,29.73,115.0,0.29
625,1/27/2023 1:00,21.06,26.93,132.0,0.18
626,1/27/2023 2:00,16.83,18.4,66.0,0.2
627,1/27/2023 3:00,16.32,26.1,109.0,0.14
628,1/27/2023 4:00,23.19,16.35,85.0,0.21
629,1/27/2023 5:00,20.96,22.9,108.0,0.29
630,1/27/2023 6:00,14.16,22.4,143.0,0.14
631,1/27/2023 7:00,16.36,17.57,65.0,0.26
632,1/27/2023 8:00,15.36,26.24,39.0,0.2
633,1/27/2023 9:00,14.11,21.26,55.0,0.29
634,1/27/2023 10:00,21.65,34.54,135.0,0.14
635,1/27/2023 11:00,16.98,30.7,16.0,0.24
636,1/27/2023 12:00,23.88,32.33,83.0,0.27
637,1/27/2023 13:00,5.36,32.02,130.0,0.26
638,1/27/2023 14:00,21.36,23.13,27.0,0.21
639,1/27/2023 15:00,20.57,30.92,44.0,0.12
640,1/27/2023 16:00,21.84,26.33,138.0,0.29
641,1/27/2023 17:00,13.96,33.41,58.0,0.17
642,1/27/2023 18:00,24.08,30.33,98.0,0.11
643,1/27/2023 19:00,5.06,20.34,96.0,0.21
644,1/27/2023 20:00,14.11,20.59,83.0,0.19
645,1/27/2023 21:00,11.38,32.1,45.0,0.25
646,1/27/2023 22:00,16.21,15.65,53.0,0.21
647,1/27/2023 23:00,10.56,27.21,101.0,0.2
648,1/28/2023 0:00,8.45,17.1,118.0,0.17
649,1/28/2023 1:00,20.26,33.63,117.0,0.23
650,1/28/2023 2:00,23.65,17.5,6.0,0.24
651,1/28/2023 3:00,11.61,25.57,102.0,0.17
652,1/28/2023 4:00,5.81,33.25,81.0,0.14
653,1/28/2023 5:00,16.36,24.64,66.0,0.22
654,1/28/2023 6:00,12.24,18.31,100.0,0.24
655,1/28/2023 7:00,13.49,32.22,72.0,0.27
656,1/28/2023 8:00,16.88,20.06,66.0,0.17
657,1/28/2023 9:00,11.95,22.65,49.0,0.25
658,1/28/2023 10:00,6.98,31.05,144.0,0.21
659,1/28/2023 11:00,19.68,32.06,9.0,0.26
660,1/28/2023 12:00,24.56,27.22,132.0,0.27
661,1/28/2023 13:00,24.01,18.65,52.0,0.16
662,1/28/2023 14:00,15.26,22.18,65.0,0.28
663,1/28/2023 15:00,14.0,30.25,109.0,0.2
664,1/28/2023 16:00,17.19,20.25,65.0,0.16
665,1/28/2023 17:00,8.1,24.33,139.0,0.14
666,1/28/2023 18:00,20.83,25.49,60.0,0.21
667,1/28/2023 19:00,19.13,24.38,40.0,0.18
668,1/28/2023 20:00,15.08,19.45,123.0,0.22
669,1/28/2023 21:00,15.21,29.97,65.0,0.29
670,1/28/2023 22:00,10.76,32.56,87.0,0.15
671,1/28/2023 23:00,18.61,30.84,52.0,0.13
672,1/29/2023 0:00,5.37,34.77,94.0,0.18
673,1/29/2023 1:00,18.32,25.29,50.0,0.1
674,1/29/2023 2:00,20.56,26.87,143.0,0.14
675,1/29/2023 3:00,18.45,16.5,28.0,0.24
676,1/29/2023 4:00,16.66,15.49,147.0,0.14
677,1/29/2023 5:00,20.7,23.18,117.0,0.13
678,1/29/2023 6:00,13.79,28.39,43.0,0.14
679,1/29/2023 7:00,11.06,24.11,30.0,0.29
680,1/29/2023 8:00,11.16,31.93,67.0,0.22
681,1/29/2023 9:00,14.1,18.18,49.0,0.27
682,1/29/2023 10:00,24.47,16.98,137.0,0.18
683,1/29/2023 11:00,15.12,26.19,125.0,0.12
684,1/29/2023 12:00,23.94,21.22,50.0,0.11
685,1/29/2023 13:00,5.5,18.68,47.0,0.16
686,1/29/2023 14:00,11.4,34.07,87.0,0.3
687,1/29/2023 15:00,9.82,32.32,59.0,0.18
688,1/29/2023 16:00,8.25,25.58,94.0,0.12
689,1/29/2023 17:00,16.93,19.27,79.0,0.26
690,1/29/2023 18:00,9.9,24.55,115.0,0.29
691,1/29/2023 19:00,8.95,21.93,27.0,0.14
692,1/29/2023 20:00,18.79,16.14,11.0,0.21
693,1/29/2023 21:00,10.59,34.86,84.0,0.21
694,1/29/2023 22:00,8.26,25.52,76.0,0.23
695,1/29/2023 23:00,5.43,28.03,93.0,0.22
696,1/30/2023 0:00,16.11,23.29,93.0,0.14
697,1/30/2023 1:00,16.22,29.64,85.0,0.18
698,1/30/2023 2:00,19.36,16.92,147.0,0.21
699,1/30/2023 3:00,19.43,27.36,9.0,0.14
700,1/30/2023 4:00,15.18,16.0,64.0,0.29
701,1/30/2023 5:00,19.95,33.79,117.0,0.1
702,1/30/2023 6:00,21.37,24.51,104.0,0.22
703,1/30/2023 7:00,5.91,26.03,54.0,0.18
704,1/30/2023 8:00,21.13,16.62,136.0,0.2
705,1/30/2023 9:00,8.88,27.09,123.0,0.15
706,1/30/2023 10:00,5.2,31.83,97.0,0.16
707,1/30/2023 11:00,17.68,19.31,23.0,0.11
708,1/30/2023 12:00,19.45,18.79,17.0,0.25
709,1/30/2023 13:00,22.92,32.46,43.0,0.21
710,1/30/2023 14:00,12.01,17.64,114.0,0.16
711,1/30/2023 15:00,7.57,26.88,119.0,0.24
712,1/30/2023 16:00,23.73,17.45,62.0,0.21
713,1/30/2023 17:00,24.55,25.1,138.0,0.16
714,1/30/2023 18:00,6.04,23.01,12.0,0.25
715,1/30/2023 19:00,8.9,31.88,136.0,0.13
716,1/30/2023 20:00,22.54,16.34,145.0,0.25
717,1/30/2023 21:00,22.61,33.86,53.0,0.15
718,1/30/2023 22:00,11.63,22.56,78.0,0.2
719,1/30/2023 23:00,23.65,21.78,57.0,0.29
720,1/31/2023 0:00,22.96,19.42,22.0,0.2
721,1/31/2023 1:00,7.49,15.34,33.0,0.28
722,1/31/2023 2:00,23.99,18.29,62.0,0.29
723,1/31/2023 3:00,5.52,27.62,111.0,0.22
724,1/31/2023 4:00,20.66,19.71,136.0,0.17
725,1/31/2023 5:00,13.47,31.12,88.0,0.21
726,1/31/2023 6:00,13.66,34.75,122.0,0.26
727,1/31/2023 7:00,8.76,16.51,127.0,0.29
728,1/31/2023 8:00,15.95,15.39,92.0,0.24
729,1/31/2023 9:00,6.92,32.68,99.0,0.16
730,1/31/2023 10:00,12.33,19.62,104.0,0.27
731,1/31/2023 11:00,13.13,18.94,135.0,0.24
732,1/31/2023 12:00,12.34,23.33,61.0,0.18
733,1/31/2023 13:00,5.85,32.49,127.0,0.27
734,1/31/2023 14:00,10.3,19.41,75.0,0.12
735,1/31/2023 15:00,23.98,22.54,122.0,0.25
736,1/31/2023 16:00,17.39,32.78,71.0,0.2
737,1/31/2023 17:00,9.77,21.27,140.0,0.1
738,1/31/2023 18:00,24.64,24.63,35.0,0.14
739,1/31/2023 19:00,22.5,33.66,115.0,0.19
740,1/31/2023 20:00,24.79,16.56,126.0,0.27
741,1/31/2023 21:00,13.21,18.9,27.0,0.27
742,1/31/2023 22:00,10.61,16.52,24.0,0.3
743,1/31/2023 23:00,23.63,18.27,61.0,0.15
744,2/1/2023 0:00,6.55,18.67,70.0,0.18
745,2/1/2023 1:00,10.39,24.46,33.0,0.14
746,2/1/2023 2:00,21.06,23.61,49.0,0.17
747,2/1/2023 3:00,6.27,33.31,43.0,0.2
748,2/1/2023 4:00,7.43,20.23,87.0,0.15
749,2/1/2023 5:00,14.11,26.56,92.0,0.28
750,2/1/2023 6:00,13.0,23.36,92.0,0.27
751,2/1/2023 7:00,15.98,34.34,89.0,0.15
752,2/1/2023 8:00,6.96,15.72,44.0,0.18
753,2/1/2023 9:00,8.18,25.17,142.0,0.2
754,2/1/2023 10:00,15.6,28.44,100.0,0.18
755,2/1/2023 11:00,17.72,33.97,49.0,0.25
756,2/1/2023 12:00,19.13,33.4,56.0,0.27
757,2/1/2023 13:00,23.7,25.49,86.0,0.21
758,2/1/2023 14:00,18.87,28.17,6.0,0.15
759,2/1/2023 15:00,9.51,34.74,94.0,0.24
760,2/1/2023 16:00,6.06,29.59,46.0,0.19
761,2/1/2023 17:00,10.24,20.54,25.0,0.23
762,2/1/2023 18:00,12.16,27.24,113.0,0.24
763,2/1/2023 19:00,10.55,30.23,10.0,0.12
764,2/1/2023 20:00,8.64,31.52,71.0,0.16
765,2/1/2023 21:00,17.34,18.38,143.0,0.11
766,2/1/2023 22:00,21.62,33.86,94.0,0.24
767,2/1/2023 23:00,8.74,28.28,82.0,0.23
768,2/2/2023 0:00,10.55,26.08,90.0,0.18
769,2/2/2023 1:00,24.34,31.33,17.0,0.24
770,2/2/2023 2:00,18.79,15.81,7.0,0.16
771,2/2/2023 3:00,15.26,22.3,50.0,0.16
772,2/2/2023 4:00,17.19,31.28,32.0,0.21
773,2/2/2023 5:00,19.04,21.01,88.0,0.19
774,2/2/2023 6:00,24.01,28.47,9.0,0.27
775,2/2/2023 7:00,24.94,16.73,57.0,0.16
776,2/2/2023 8:00,21.39,29.88,30.0,0.23
777,2/2/2023 9:00,10.18,24.16,30.0,0.15
778,2/2/2023 10:00,18.95,27.55,59.0,0.29
779,2/2/2023 11:00,24.04,31.06,113.0,0.19
780,2/2/2023 12:00,6.47,22.71,138.0,0.26
781,2/2/2023 13:00,10.31,26.94,21.0,0.28
782,2/2/2023 14:00,5.62,29.79,118.0,0.23
783,2/2/2023 15:00,11.36,17.69,138.0,0.13
784,2/2/2023 16:00,6.33,25.32,11.0,0.3
785,2/2/2023 17:00,11.66,19.77,87.0,0.12
786,2/2/2023 18:00,8.75,27.07,129.0,0.26
787,2/2/2023 19:00,24.05,31.76,93.0,0.3
788,2/2/2023 20:00,22.52,19.73,103.0,0.29
789,2/2/2023 21:00,6.2,23.2,104.0,0.22
790,2/2/2023 22:00,18.92,18.63,128.0,0.15
791,2/2/2023 23:00,13.66,33.87,32.0,0.15
792,2/3/2023 0:00,17.32,20.97,62.0,0.17
793,2/3/2023 1:00,17.2,18.84,11.0,0.13
794,2/3/2023 2:00,21.33,31.3,8.0,0.22
795,2/3/2023 3:00,16.77,29.36,142.0,0.21
796,2/3/2023 4:00,10.63,16.56,127.0,0.25
797,2/3/2023 5:00,17.34,32.28,97.0,0.3
798,2/3/2023 6:00,5.31,33.2,102.0,0.21
799,2/3/2023 7:00,17.18,32.81,125.0,0.13
800,2/3/2023 8:00,12.57,30.78,142.0,0.19
801,2/3/2023 9:00,19.11,31.53,23.0,0.3
802,2/3/2023 10:00,15.2,21.81,100.0,0.25
803,2/3/2023 11:00,10.34,23.23,67.0,0.23
804,2/3/2023 12:00,23.4,28.4,123.0,0.15
805,2/3/2023 13:00,21.33,20.2,59.0,0.2
806,2/3/2023 14:00,17.49,28.06,21.0,0.21
807,2/3/2023 15:00,20.39,30.68,125.0,0.18
808,2/3/2023 16:00,7.65,25.31,43.0,0.23
809,2/3/2023 17:00,7.92,34.46,80.0,0.23
810,2/3/2023 18:00,13.67,33.47,6.0,0.26
811,2/3/2023 19:00,24.28,29.64,125.0,0.16
812,2/3/2023 20:00,12.46,33.37,29.0,0.3
813,2/3/2023 21:00,13.09,27.61,17.0,0.3
814,2/3/2023 22:00,21.82,29.43,124.0,0.3
815,2/3/2023 23:00,13.85,23.72,93.0,0.18
816,2/4/2023 0:00,15.25,16.88,111.0,0.28
817,2/4/2023 1:00,23.41,23.4,42.0,0.24
818,2/4/2023 2:00,17.34,31.8,14.0,0.11
819,2/4/2023 3:00,20.68,16.61,115.0,0.25
820,2/4/2023 4:00,10.94,34.8,67.0,0.21
821,2/4/2023 5:00,14.99,25.8,70.0,0.17
822,2/4/2023 6:00,10.05,19.22,104.0,0.14
823,2/4/2023 7:00,21.24,25.2,80.0,0.22
824,2/4/2023 8:00,20.15,31.35,65.0,0.22
825,2/4/2023 9:00,7.58,15.46,115.0,0.26
826,2/4/2023 10:00,15.17,23.79,12.0,0.14
827,2/4/2023 11:00,11.83,21.6,33.0,0.16
828,2/4/2023 12:00,14.63,18.1,150.0,0.16
829,2/4/2023 13:00,16.35,29.17,26.0,0.12
830,2/4/2023 14:00,6.76,16.9,102.0,0.18
831,2/4/2023 15:00,22.96,27.74,140.0,0.15
832,2/4/2023 16:00,16.55,15.86,143.0,0.17
833,2/4/2023 17:00,10.39,16.83,41.0,0.29
834,2/4/2023 18:00,19.15,16.85,37.0,0.14
835,2/4/2023 19:00,7.2,19.25,150.0,0.19
836,2/4/2023 20:00,11.42,16.2,60.0,0.21
837,2/4/2023 21:00,16.78,18.2,49.0,0.14
838,2/4/2023 22:00,15.69,15.62,55.0,0.23
839,2/4/2023 23:00,12.81,19.19,128.0,0.1
840,2/5/2023 0:00,13.06,23.51,7.0,0.11
841,2/5/2023 1:00,10.63,31.6,100.0,0.15
842,2/5/2023 2:00,17.72,28.8,45.0,0.19
843,2/5/2023 3:00,8.91,31.47,60.0,0.18
844,2/5/2023 4:00,16.25,18.18,44.0,0.22
845,2/5/2023 5:00,8.35,15.36,75.0,0.26
846,2/5/2023 6:00,18.57,17.97,63.0,0.25
847,2/5/2023 7:00,13.52,33.27,119.0,0.29
848,2/5/2023 8:00,14.14,27.96,58.0,0.17
849,2/5/2023 9:00,6.03,34.18,115.0,0.15
850,2/5/2023 10:00,5.22,28.05,148.0,0.19
851,2/5/2023 11:00,9.93,16.23,67.0,0.2
852,2/5/2023 12:00,6.27,30.03,92.0,0.26
853,2/5/2023 13:00,10.29,22.94,93.0,0.2
854,2/5/2023 14:00,14.56,32.18,114.0,0.29
855,2/5/2023 15:00,22.93,16.28,71.0,0.19
856,2/5/2023 16:00,14.58,28.63,150.0,0.23
857,2/5/2023 17:00,19.77,26.1,77.0,0.27
858,2/5/2023 18:00,14.36,21.24,74.0,0.18
859,2/5/2023 19:00,23.77,26.49,56.0,0.14
860,2/5/2023 20:00,16.24,17.05,54.0,0.25
861,2/5/2023 21:00,19.76,31.89,136.0,0.25
862,2/5/2023 22:00,22.0,26.98,31.0,0.27
863,2/5/2023 23:00,11.31,22.48,6.0,0.21
864,2/6/2023 0:00,12.59,33.57,148.0,0.23
865,2/6/2023 1:00,20.97,19.55,80.0,0.17
866,2/6/2023 2:00,12.09,23.07,51.0,0.25
867,2/6/2023 3:00,14.34,21.77,113.0,0.23
868,2/6/2023 4:00,22.61,24.22,86.0,0.12
869,2/6/2023 5:00,14.65,29.19,17.0,0.14
870,2/6/2023 6:00,16.52,23.3,68.0,0.18
871,2/6/2023 7:00,17.59,31.88,32.0,0.21
872,2/6/2023 8:00,16.81,19.82,100.0,0.17
873,2/6/2023 9:00,5.95,25.68,109.0,0.16
874,2/6/2023 10:00,14.62,27.69,34.0,0.2
875,2/6/2023 11:00,21.48,28.25,138.0,0.15
876,2/6/2023 12:00,16.2,18.84,53.0,0.22
877,2/6/2023 13:00,22.77,25.97,50.0,0.17
878,2/6/2023 14:00,7.54,20.57,42.0,0.11
879,2/6/2023 15:00,22.48,34.05,57.0,0.11
880,2/6/2023 16:00,17.65,16.5,49.0,0.25
881,2/6/2023 17:00,19.45,18.3,115.0,0.24
882,2/6/2023 18:00,9.65,24.95,69.0,0.21
883,2/6/2023 19:00,5.24,21.99,10.0,0.16
884,2/6/2023 20:00,23.26,17.82,148.0,0.23
885,2/6/2023 21:00,10.05,23.8,25.0,0.28
886,2/6/2023 22:00,6.55,20.75,88.0,0.11
887,2/6/2023 23:00,8.93,24.27,129.0,0.1
888,2/7/2023 0:00,7.75,33.02,49.0,0.27
889,2/7/2023 1:00,17.37,31.36,88.0,0.18
890,2/7/2023 2:00,24.64,21.46,12.0,0.26
891,2/7/2023 3:00,21.08,22.35,87.0,0.29
892,2/7/2023 4:00,22.13,17.93,31.0,0.19
893,2/7/2023 5:00,12.37,27.38,59.0,0.23
894,2/7/2023 6:00,21.97,31.08,98.0,0.13
895,2/7/2023 7:00,21.6,18.54,134.0,0.25
896,2/7/2023 8:00,7.86,21.95,27.0,0.27
897,2/7/2023 9:00,20.92,17.83,124.0,0.26
898,2/7/2023 10:00,17.93,21.57,38.0,0.11
899,2/7/2023 11:00,23.27,23.76,96.0,0.21
900,2/7/2023 12:00,20.51,17.59,131.0,0.2
901,2/7/2023 13:00,14.08,26.02,64.0,0.21
902,2/7/2023 14:00,13.11,29.38,133.0,0.12
903,2/7/2023 15:00,14.08,18.57,87.0,0.11
904,2/7/2023 16:00,20.32,34.14,150.0,0.16
905,2/7/2023 17:00,11.57,17.59,99.0,0.17
906,2/7/2023 18:00,10.06,34.07,36.0,0.16
907,2/7/2023 19:00,14.81,20.69,69.0,0.2
908,2/7/2023 20:00,11.16,31.43,93.0,0.14
909,2/7/2023 21:00,19.3,29.97,138.0,0.13
910,2/7/2023 22:00,5.32,17.42,117.0,0.16
911,2/7/2023 23:00,23.95,28.31,61.0,0.26
912,2/8/2023 0:00,9.38,18.51,34.0,0.28
913,2/8/2023 1:00,10.71,31.44,45.0,0.18
914,2/8/2023 2:00,5.05,21.86,134.0,0.23
915,2/8/2023 3:00,23.63,24.46,129.0,0.24
916,2/8/2023 4:00,14.8,21.21,39.0,0.1
917,2/8/2023 5:00,9.1,22.22,145.0,0.18
918,2/8/2023 6:00,20.26,32.15,75.0,0.29
919,2/8/2023 7:00,10.5,26.93,63.0,0.13
920,2/8/2023 8:00,11.5,32.16,76.0,0.27
921,2/8/2023 9:00,18.11,26.52,92.0,0.19
922,2/8/2023 10:00,16.51,26.62,33.0,0.22
923,2/8/2023 11:00,17.19,27.63,43.0,0.24
924,2/8/2023 12:00,13.08,21.61,75.0,0.27
925,2/8/2023 13:00,19.01,29.7,107.0,0.16
926,2/8/2023 14:00,14.0,23.7,89.0,0.13
927,2/8/2023 15:00,21.51,17.45,37.0,0.1
928,2/8/2023 16:00,18.63,15.04,129.0,0.14
929,2/8/2023 17:00,14.89,18.25,130.0,0.25
930,2/8/2023 18:00,21.64,22.07,116.0,0.19
931,2/8/2023 19:00,15.99,15.32,99.0,0.1
932,2/8/2023 20:00,6.27,17.6,32.0,0.13
933,2/8/2023 21:00,14.03,21.58,29.0,0.29
934,2/8/2023 22:00,15.54,22.52,95.0,0.11
935,2/8/2023 23:00,7.14,17.65,116.0,0.23
936,2/9/2023 0:00,8.32,29.76,30.0,0.16
937,2/9/2023 1:00,16.29,16.79,86.0,0.1
938,2/9/2023 2:00,19.54,24.94,23.0,0.25
939,2/9/2023 3:00,21.04,17.9,49.0,0.22
940,2/9/2023 4:00,10.57,18.33,94.0,0.19
941,2/9/2023 5:00,13.92,21.29,21.0,0.16
942,2/9/2023 6:00,22.91,19.32,85.0,0.11
943,2/9/2023 7:00,20.3,21.62,52.0,0.3
944,2/9/2023 8:00,6.21,17.32,147.0,0.2
945,2/9/2023 9:00,21.39,17.1,67.0,0.16
946,2/9/2023 10:00,10.22,33.76,16.0,0.18
947,2/9/2023 11:00,20.21,29.7,120.0,0.19
948,2/9/2023 12:00,13.91,34.56,50.0,0.13
949,2/9/2023 13:00,19.64,33.82,107.0,0.12
950,2/9/2023 14:00,11.69,22.8,124.0,0.16
951,2/9/2023 15:00,14.49,22.52,83.0,0.11
952,2/9/2023 16:00,13.82,21.13,9.0,0.11
953,2/9/2023 17:00,8.87,24.64,6.0,0.18
954,2/9/2023 18:00,24.67,21.46,146.0,0.16
955,2/9/2023 19:00,10.56,18.44,105.0,0.28
956,2/9/2023 20:00,5.33,33.33,143.0,0.16
957,2/9/2023 21:00,5.58,32.48,136.0,0.2
958,2/9/2023 22:00,21.23,19.41,25.0,0.3
959,2/9/2023 23:00,9.28,29.26,45.0,0.27
960,2/10/2023 0:00,8.88,25.3,146.0,0.29
961,2/10/2023 1:00,22.72,19.06,72.0,0.15
962,2/10/2023 2:00,17.43,18.92,14.0,0.2
963,2/10/2023 3:00,17.02,15.64,138.0,0.16
964,2/10/2023 4:00,13.54,15.0,30.0,0.13
965,2/10/2023 5:00,19.2,20.47,5.0,0.21
966,2/10/2023 6:00,19.81,17.48,147.0,0.27
967,2/10/2023 7:00,23.31,18.28,96.0,0.17
968,2/10/2023 8:00,20.12,22.24,75.0,0.24
969,2/10/2023 9:00,16.52,21.29,24.0,0.12
970,2/10/2023 10:00,22.22,29.56,91.0,0.21
971,2/10/2023 11:00,21.32,20.36,25.0,0.2
972,2/10/2023 12:00,9.05,33.88,20.0,0.11
973,2/10/2023 13:00,13.61,18.46,110.0,0.13
974,2/10/2023 14:00,14.66,32.52,41.0,0.25
975,2/10/2023 15:00,23.28,17.4,18.0,0.19
976,2/10/2023 16:00,11.87,31.27,121.0,0.2
977,2/10/2023 17:00,22.74,15.31,92.0,0.21
978,2/10/2023 18:00,13.3,26.3,148.0,0.18
979,2/10/2023 19:00,19.73,22.85,32.0,0.19
980,2/10/2023 20:00,11.83,24.41,85.0,0.26
981,2/10/2023 21:00,21.93,21.65,27.0,0.24
982,2/10/2023 22:00,15.54,24.29,67.0,0.15
983,2/10/2023 23:00,22.75,32.07,13.0,0.23
984,2/11/2023 0:00,8.0,27.48,115.0,0.23
985,2/11/2023 1:00,13.84,25.24,125.0,0.12
986,2/11/2023 2:00,16.22,27.14,145.0,0.22
987,2/11/2023 3:00,6.84,28.32,111.0,0.25
988,2/11/2023 4:00,20.36,15.32,16.0,0.24
989,2/11/2023 5:00,6.17,20.01,71.0,0.15
990,2/11/2023 6:00,19.06,33.81,96.0,0.23
991,2/11/2023 7:00,15.56,20.21,37.0,0.18
992,2/11/2023 8:00,23.64,16.95,71.0,0.12
993,2/11/2023 9:00,21.1,27.65,142.0,0.25
994,2/11/2023 10:00,23.62,21.84,5.0,0.22
995,2/11/2023 11:00,22.57,23.84,55.0,0.15
996,2/11/2023 12:00,12.02,26.28,105.0,0.28
997,2/11/2023 13:00,9.44,34.86,84.0,0.2
998,2/11/2023 14:00,22.88,30.19,78.0,0.2
999,2/11/2023 15:00,16.17,19.69,64.0,0.14
1000,2/11/2023 16:00,7.55,28.57,92.0,0.25
1001,2/11/2023 17:00,21.94,30.63,136.0,0.17
1002,2/11/2023 18:00,18.73,32.24,93.0,0.21
1003,2/11/2023 19:00,16.92,23.06,32.0,0.19
1004,2/11/2023 20:00,10.33,23.92,40.0,0.1
1005,2/11/2023 21:00,15.23,23.46,73.0,0.17
1006,2/11/2023 22:00,9.36,32.88,24.0,0.17
1007,2/11/2023 23:00,15.99,19.71,89.0,0.24
1008,2/12/2023 0:00,11.88,32.25,115.0,0.19
1009,2/12/2023 1:00,22.54,17.13,16.0,0.26
1010,2/12/2023 2:00,16.47,32.7,77.0,0.28
1011,2/12/2023 3:00,7.77,24.34,108.0,0.28
1012,2/12/2023 4:00,13.62,18.39,23.0,0.21
1013,2/12/2023 5:00,6.93,33.43,30.0,0.11
1014,2/12/2023 6:00,13.83,30.97,103.0,0.24
1015,2/12/2023 7:00,24.6,18.25,148.0,0.29
1016,2/12/2023 8:00,10.11,31.69,46.0,0.12
1017,2/12/2023 9:00,24.31,22.54,37.0,0.24
1018,2/12/2023 10:00,21.07,28.18,100.0,0.12
1019,2/12/2023 11:00,11.38,33.78,14.0,0.18
1020,2/12/2023 12:00,11.09,21.86,95.0,0.17
1021,2/12/2023 13:00,14.36,30.28,32.0,0.11
1022,2/12/2023 14:00,14.02,16.11,87.0,0.16
1023,2/12/2023 15:00,11.39,16.63,78.0,0.16
1024,2/12/2023 16:00,10.79,21.42,70.0,0.12
1025,2/12/2023 17:00,10.89,21.3,70.0,0.17
1026,2/12/2023 18:00,15.1,19.78,53.0,0.13
1027,2/12/2023 19:00,12.95,15.14,71.0,0.19
1028,2/12/2023 20:00,21.67,17.46,137.0,0.12
1029,2/12/2023 21:00,5.74,28.85,149.0,0.27
1030,2/12/2023 22:00,10.6,20.94,89.0,0.24
1031,2/12/2023 23:00,24.72,19.52,104.0,0.22
1032,2/13/2023 0:00,16.27,32.31,110.0,0.25
1033,2/13/2023 1:00,7.68,17.32,115.0,0.15
1034,2/13/2023 2:00,8.23,16.46,109.0,0.21
1035,2/13/2023 3:00,16.41,22.28,137.0,0.26
1036,2/13/2023 4:00,14.34,20.57,149.0,0.24
1037,2/13/2023 5:00,16.88,20.04,111.0,0.29
1038,2/13/2023 6:00,16.1,26.41,17.0,0.27
1039,2/13/2023 7:00,17.13,30.05,5.0,0.16
1040,2/13/2023 8:00,17.92,34.92,76.0,0.25
1041,2/13/2023 9:00,6.28,23.0,119.0,0.25
1042,2/13/2023 10:00,6.09,29.07,46.0,0.29
1043,2/13/2023 11:00,20.03,17.27,37.0,0.13
1044,2/13/2023 12:00,10.44,34.58,128.0,0.15
1045,2/13/2023 13:00,20.82,21.25,37.0,0.26
1046,2/13/2023 14:00,6.91,19.94,111.0,0.27
1047,2/13/2023 15:00,5.57,33.8,12.0,0.13
1048,2/13/2023 16:00,6.41,29.22,67.0,0.1
1049,2/13/2023 17:00,22.5,24.2,66.0,0.24
1050,2/13/2023 18:00,18.49,20.81,6.0,0.18
1051,2/13/2023 19:00,22.6,31.07,12.0,0.28
1052,2/13/2023 20:00,8.08,34.58,107.0,0.14
1053,2/13/2023 21:00,18.58,32.65,26.0,0.18
1054,2/13/2023 22:00,8.27,24.68,59.0,0.14
1055,2/13/2023 23:00,15.26,29.33,86.0,0.26
1056,2/14/2023 0:00,10.79,22.7,80.0,0.29
1057,2/14/2023 1:00,6.84,31.08,121.0,0.21
1058,2/14/2023 2:00,9.2,27.02,65.0,0.18
1059,2/14/2023 3:00,8.67,26.61,86.0,0.18
1060,2/14/2023 4:00,11.53,32.12,58.0,0.1
1061,2/14/2023 5:00,6.71,34.96,82.0,0.21
1062,2/14/2023 6:00,23.67,15.12,138.0,0.15
1063,2/14/2023 7:00,13.71,25.68,83.0,0.3
1064,2/14/2023 8:00,24.25,19.11,133.0,0.26
1065,2/14/2023 9:00,5.14,16.72,48.0,0.24
1066,2/14/2023 10:00,14.38,18.44,53.0,0.28
1067,2/14/2023 11:00,6.89,18.15,48.0,0.21
1068,2/14/2023 12:00,15.5,27.15,44.0,0.24
1069,2/14/2023 13:00,18.92,27.78,32.0,0.16
1070,2/14/2023 14:00,16.53,29.68,32.0,0.21
1071,2/14/2023 15:00,15.59,20.27,99.0,0.26
1072,2/14/2023 16:00,12.76,16.83,136.0,0.23
1073,2/14/2023 17:00,20.67,24.64,20.0,0.18
1074,2/14/2023 18:00,7.07,29.91,72.0,0.14
1075,2/14/2023 19:00,20.41,17.1,10.0,0.29
1076,2/14/2023 20:00,15.18,15.3,102.0,0.16
1077,2/14/2023 21:00,5.92,21.29,117.0,0.13
1078,2/14/2023 22:00,18.93,15.05,7.0,0.25
1079,2/14/2023 23:00,17.11,32.58,28.0,0.22
1080,2/15/2023 0:00,15.73,23.19,106.0,0.25
1081,2/15/2023 1:00,20.13,19.61,79.0,0.22
1082,2/15/2023 2:00,7.13,16.95,62.0,0.13
1083,2/15/2023 3:00,15.91,34.44,41.0,0.28
1084,2/15/2023 4:00,7.46,34.62,92.0,0.25
1085,2/15/2023 5:00,24.83,25.25,9.0,0.15
1086,2/15/2023 6:00,20.72,32.42,101.0,0.27
1087,2/15/2023 7:00,20.89,33.99,93.0,0.17
1088,2/15/2023 8:00,6.35,21.08,60.0,0.15
1089,2/15/2023 9:00,9.61,33.55,67.0,0.24
1090,2/15/2023 10:00,12.99,31.21,122.0,0.25
1091,2/15/2023 11:00,18.63,16.2,110.0,0.29
1092,2/15/2023 12:00,23.03,22.01,81.0,0.18
1093,2/15/2023 13:00,23.87,25.98,14.0,0.14
1094,2/15/2023 14:00,23.85,33.71,143.0,0.17
1095,2/15/2023 15:00,18.5,15.1,65.0,0.16
1096,2/15/2023 16:00,13.49,18.28,92.0,0.11
1097,2/15/2023 17:00,16.6,34.03,108.0,0.16
1098,2/15/2023 18:00,5.25,25.43,54.0,0.12
1099,2/15/2023 19:00,8.01,15.48,120.0,0.17
1100,2/15/2023 20:00,18.6,21.82,81.0,0.21
1101,2/15/2023 21:00,16.05,30.58,106.0,0.1
1102,2/15/2023 22:00,18.05,29.64,76.0,0.27
1103,2/15/2023 23:00,17.67,32.49,101.0,0.16
1104,2/16/2023 0:00,6.04,33.91,73.0,0.27
1105,2/16/2023 1:00,6.89,22.21,74.0,0.24
1106,2/16/2023 2:00,23.58,26.86,68.0,0.21
1107,2/16/2023 3:00,12.89,22.26,150.0,0.18
1108,2/16/2023 4:00,21.15,19.22,141.0,0.24
1109,2/16/2023 5:00,19.39,29.89,150.0,0.11
1110,2/16/2023 6:00,8.17,31.09,149.0,0.15
1111,2/16/2023 7:00,17.8,19.17,143.0,0.1
1112,2/16/2023 8:00,19.46,15.65,133.0,0.15
1113,2/16/2023 9:00,11.59,33.5,149.0,0.17
1114,2/16/2023 10:00,7.53,31.25,84.0,0.1
1115,2/16/2023 11:00,13.59,16.86,97.0,0.26
1116,2/16/2023 12:00,22.77,26.47,95.0,0.12
1117,2/16/2023 13:00,16.45,25.39,62.0,0.18
1118,2/16/2023 14:00,23.98,30.82,94.0,0.26
1119,2/16/2023 15:00,16.06,25.36,62.0,0.27
1120,2/16/2023 16:00,19.38,27.04,141.0,0.23
1121,2/16/2023 17:00,9.91,15.93,89.0,0.24
1122,2/16/2023 18:00,12.05,28.31,117.0,0.16
1123,2/16/2023 19:00,23.41,21.02,91.0,0.13
1124,2/16/2023 20:00,17.41,18.54,60.0,0.14
1125,2/16/2023 21:00,5.0,18.31,21.0,0.12
1126,2/16/2023 22:00,19.22,29.67,18.0,0.23
1127,2/16/2023 23:00,10.78,32.57,44.0,0.2
1128,2/17/2023 0:00,11.19,34.54,97.0,0.17
1129,2/17/2023 1:00,22.04,26.46,42.0,0.23
1130,2/17/2023 2:00,8.41,15.81,22.0,0.1
1131,2/17/2023 3:00,9.42,19.85,25.0,0.24
1132,2/17/2023 4:00,15.32,28.27,44.0,0.26
1133,2/17/2023 5:00,21.85,34.46,102.0,0.15
1134,2/17/2023 6:00,21.12,25.23,34.0,0.16
1135,2/17/2023 7:00,13.19,31.15,101.0,0.24
1136,2/17/2023 8:00,17.41,31.58,61.0,0.22
1137,2/17/2023 9:00,13.05,17.39,134.0,0.21
1138,2/17/2023 10:00,20.78,17.8,150.0,0.29
1139,2/17/2023 11:00,19.04,18.86,9.0,0.1
1140,2/17/2023 12:00,7.05,16.38,109.0,0.2
1141,2/17/2023 13:00,14.11,23.21,106.0,0.29
1142,2/17/2023 14:00,12.53,28.05,8.0,0.3
1143,2/17/2023 15:00,21.06,23.02,123.0,0.21
1144,2/17/2023 16:00,20.52,30.06,132.0,0.14
1145,2/17/2023 17:00,14.3,29.97,74.0,0.27
1146,2/17/2023 18:00,16.58,30.7,72.0,0.24
1147,2/17/2023 19:00,8.83,21.6,17.0,0.24
1148,2/17/2023 20:00,18.51,24.41,73.0,0.25
1149,2/17/2023 21:00,12.64,27.14,108.0,0.27
1150,2/17/2023 22:00,5.26,29.43,28.0,0.11
1151,2/17/2023 23:00,13.09,29.05,26.0,0.14
1152,2/18/2023 0:00,9.31,29.38,114.0,0.27
1153,2/18/2023 1:00,13.17,18.65,36.0,0.15
1154,2/18/2023 2:00,23.94,32.48,10.0,0.29
1155,2/18/2023 3:00,10.83,23.8,33.0,0.23
1156,2/18/2023 4:00,17.69,29.51,81.0,0.2
1157,2/18/2023 5:00,9.48,25.07,19.0,0.23
1158,2/18/2023 6:00,15.86,29.46,121.0,0.14
1159,2/18/2023 7:00,20.93,19.58,53.0,0.24
1160,2/18/2023 8:00,23.62,32.61,127.0,0.12
1161,2/18/2023 9:00,17.31,19.05,148.0,0.14
1162,2/18/2023 10:00,6.49,22.03,84.0,0.25
1163,2/18/2023 11:00,6.21,17.04,98.0,0.21
1164,2/18/2023 12:00,14.25,27.79,76.0,0.27
1165,2/18/2023 13:00,5.12,31.34,150.0,0.18
1166,2/18/2023 14:00,21.15,30.69,47.0,0.13
1167,2/18/2023 15:00,13.6,30.3,129.0,0.15
1168,2/18/2023 16:00,9.49,27.69,59.0,0.29
1169,2/18/2023 17:00,17.6,30.88,148.0,0.24
1170,2/18/2023 18:00,9.49,24.87,119.0,0.14
1171,2/18/2023 19:00,6.91,17.9,113.0,0.2
1172,2/18/2023 20:00,12.13,16.09,82.0,0.17
1173,2/18/2023 21:00,8.07,16.95,133.0,0.19
1174,2/18/2023 22:00,7.88,30.2,34.0,0.23
1175,2/18/2023 23:00,15.61,18.59,127.0,0.22
1176,2/19/2023 0:00,20.31,30.42,142.0,0.19
1177,2/19/2023 1:00,19.03,32.41,84.0,0.14
1178,2/19/2023 2:00,12.86,15.8,32.0,0.18
1179,2/19/2023 3:00,18.82,17.35,8.0,0.3
1180,2/19/2023 4:00,24.89,32.97,7.0,0.24
1181,2/19/2023 5:00,11.84,27.3,28.0,0.12
1182,2/19/2023 6:00,14.46,30.7,68.0,0.26
1183,2/19/2023 7:00,21.28,29.14,130.0,0.13
1184,2/19/2023 8:00,12.65,33.41,61.0,0.22
1185,2/19/2023 9:00,5.29,27.76,56.0,0.18
1186,2/19/2023 10:00,6.16,28.47,116.0,0.27
1187,2/19/2023 11:00,17.52,24.61,35.0,0.27
1188,2/19/2023 12:00,10.28,25.02,11.0,0.18
1189,2/19/2023 13:00,5.35,25.88,76.0,0.15
1190,2/19/2023 14:00,15.55,18.67,43.0,0.19
1191,2/19/2023 15:00,10.96,20.55,62.0,0.21
1192,2/19/2023 16:00,20.51,31.15,37.0,0.1
1193,2/19/2023 17:00,22.84,15.44,114.0,0.23
1194,2/19/2023 18:00,14.1,32.62,79.0,0.14
1195,2/19/2023 19:00,14.05,18.7,81.0,0.25
1196,2/19/2023 20:00,7.65,19.77,68.0,0.24
1197,2/19/2023 21:00,7.11,17.43,16.0,0.17
1198,2/19/2023 22:00,15.36,32.85,39.0,0.24
1199,2/19/2023 23:00,16.3,16.57,121.0,0.12
1200,2/20/2023 0:00,8.78,31.96,40.0,0.18
1201,2/20/2023 1:00,12.0,29.58,62.0,0.13
1202,2/20/2023 2:00,5.57,30.13,121.0,0.17
1203,2/20/2023 3:00,10.09,20.29,114.0,0.12
1204,2/20/2023 4:00,18.3,29.83,16.0,0.27
1205,2/20/2023 5:00,17.49,25.26,89.0,0.26
1206,2/20/2023 6:00,15.42,33.37,47.0,0.13
1207,2/20/2023 7:00,11.58,32.53,32.0,0.2
1208,2/20/2023 8:00,9.01,28.59,22.0,0.14
1209,2/20/2023 9:00,6.65,23.29,41.0,0.14
1210,2/20/2023 10:00,21.42,24.69,103.0,0.21
1211,2/20/2023 11:00,23.29,15.84,104.0,0.25
1212,2/20/2023 12:00,19.31,18.83,20.0,0.14
1213,2/20/2023 13:00,18.97,34.21,59.0,0.2
1214,2/20/2023 14:00,22.16,23.3,53.0,0.28
1215,2/20/2023 15:00,14.04,22.07,50.0,0.3
1216,2/20/2023 16:00,22.28,23.04,142.0,0.14
1217,2/20/2023 17:00,23.99,22.69,64.0,0.15
1218,2/20/2023 18:00,5.62,15.85,80.0,0.2
1219,2/20/2023 19:00,10.75,24.86,140.0,0.1
1220,2/20/2023 20:00,8.47,20.35,96.0,0.14
1221,2/20/2023 21:00,15.02,16.2,68.0,0.12
1222,2/20/2023 22:00,6.66,28.78,146.0,0.18
1223,2/20/2023 23:00,20.31,21.34,138.0,0.12
1224,2/21/2023 0:00,17.15,29.94,83.0,0.14
1225,2/21/2023 1:00,5.27,23.43,150.0,0.29
1226,2/21/2023 2:00,17.65,22.34,11.0,0.17
1227,2/21/2023 3:00,21.26,25.01,60.0,0.19
1228,2/21/2023 4:00,20.4,23.56,53.0,0.19
1229,2/21/2023 5:00,10.48,16.15,7.0,0.12
1230,2/21/2023 6:00,13.96,29.43,33.0,0.13
1231,2/21/2023 7:00,17.51,31.99,5.0,0.28
1232,2/21/2023 8:00,14.63,33.96,7.0,0.29
1233,2/21/2023 9:00,19.14,25.86,8.0,0.22
1234,2/21/2023 10:00,20.31,26.06,51.0,0.22
1235,2/21/2023 11:00,24.57,33.97,137.0,0.14
1236,2/21/2023 12:00,8.52,18.28,116.0,0.17
1237,2/21/2023 13:00,15.59,24.71,146.0,0.24
1238,2/21/2023 14:00,14.05,22.69,121.0,0.18
1239,2/21/2023 15:00,8.5,26.49,6.0,0.12
1240,2/21/2023 16:00,24.96,19.58,101.0,0.22
1241,2/21/2023 17:00,16.81,16.96,104.0,0.14
1242,2/21/2023 18:00,11.42,27.62,99.0,0.19
1243,2/21/2023 19:00,12.09,27.08,42.0,0.18
1244,2/21/2023 20:00,20.9,27.08,91.0,0.27
1245,2/21/2023 21:00,13.25,18.73,75.0,0.11
1246,2/21/2023 22:00,24.09,28.69,5.0,0.18
1247,2/21/2023 23:00,15.9,33.32,118.0,0.21
1248,2/22/2023 0:00,21.04,28.12,89.0,0.18
1249,2/22/2023 1:00,11.67,33.2,133.0,0.1
1250,2/22/2023 2:00,17.07,15.08,117.0,0.14
1251,2/22/2023 3:00,22.38,25.25,97.0,0.21
1252,2/22/2023 4:00,7.04,28.14,11.0,0.24
1253,2/22/2023 5:00,7.37,24.09,142.0,0.24
1254,2/22/2023 6:00,6.83,17.31,93.0,0.27
1255,2/22/2023 7:00,6.8,15.4,13.0,0.26
1256,2/22/2023 8:00,14.49,19.88,90.0,0.12
1257,2/22/2023 9:00,18.3,33.96,119.0,0.26
1258,2/22/2023 10:00,15.12,21.26,133.0,0.22
1259,2/22/2023 11:00,10.76,25.37,63.0,0.17
1260,2/22/2023 12:00,7.16,27.53,50.0,0.17
1261,2/22/2023 13:00,16.36,27.52,23.0,0.19
1262,2/22/2023 14:00,21.71,22.15,103.0,0.13
1263,2/22/2023 15:00,20.19,27.93,81.0,0.2
1264,2/22/2023 16:00,6.93,31.13,80.0,0.21
1265,2/22/2023 17:00,23.22,21.69,135.0,0.19
1266,2/22/2023 18:00,10.75,18.15,7.0,0.24
1267,2/22/2023 19:00,10.44,33.8,13.0,0.23
1268,2/22/2023 20:00,12.2,32.03,88.0,0.18
1269,2/22/2023 21:00,17.21,15.95,13.0,0.21
1270,2/22/2023 22:00,11.45,34.47,8.0,0.2
1271,2/22/2023 23:00,23.3,19.16,36.0,0.25
1272,2/23/2023 0:00,7.73,34.08,129.0,0.16
1273,2/23/2023 1:00,16.66,20.59,90.0,0.15
1274,2/23/2023 2:00,19.08,31.73,69.0,0.18
1275,2/23/2023 3:00,20.52,20.56,50.0,0.25
1276,2/23/2023 4:00,16.82,15.29,35.0,0.23
1277,2/23/2023 5:00,13.79,21.97,108.0,0.29
1278,2/23/2023 6:00,5.0,27.07,46.0,0.25
1279,2/23/2023 7:00,24.66,20.77,137.0,0.18
1280,2/23/2023 8:00,24.21,19.54,48.0,0.19
1281,2/23/2023 9:00,13.45,21.12,16.0,0.13
1282,2/23/2023 10:00,22.77,27.4,50.0,0.28
1283,2/23/2023 11:00,8.77,32.03,71.0,0.22
1284,2/23/2023 12:00,20.73,19.79,129.0,0.21
1285,2/23/2023 13:00,20.05,16.46,66.0,0.17
1286,2/23/2023 14:00,17.99,33.2,114.0,0.29
1287,2/23/2023 15:00,13.95,30.64,72.0,0.2
1288,2/23/2023 16:00,9.11,33.91,50.0,0.22
1289,2/23/2023 17:00,16.67,33.26,28.0,0.23
1290,2/23/2023 18:00,14.43,22.16,114.0,0.21
1291,2/23/2023 19:00,8.84,21.54,58.0,0.14
1292,2/23/2023 20:00,18.43,34.75,146.0,0.25
1293,2/23/2023 21:00,23.06,21.44,94.0,0.24
1294,2/23/2023 22:00,16.33,24.95,121.0,0.28
1295,2/23/2023 23:00,14.51,34.93,81.0,0.1
1296,2/24/2023 0:00,17.14,19.31,119.0,0.13
1297,2/24/2023 1:00,17.49,27.89,9.0,0.17
1298,2/24/2023 2:00,22.92,30.38,98.0,0.28
1299,2/24/2023 3:00,6.09,17.59,91.0,0.2
1300,2/24/2023 4:00,7.45,33.34,101.0,0.27
1301,2/24/2023 5:00,10.04,15.9,98.0,0.14
1302,2/24/2023 6:00,14.88,18.46,55.0,0.11
1303,2/24/2023 7:00,13.07,24.18,6.0,0.3
1304,2/24/2023 8:00,14.91,22.22,144.0,0.19
1305,2/24/2023 9:00,11.03,34.68,114.0,0.28
1306,2/24/2023 10:00,15.29,28.86,40.0,0.22
1307,2/24/2023 11:00,12.97,22.42,78.0,0.17
1308,2/24/2023 12:00,18.44,15.95,136.0,0.17
1309,2/24/2023 13:00,9.82,22.17,31.0,0.2
1310,2/24/2023 14:00,14.95,29.58,118.0,0.19
1311,2/24/2023 15:00,10.26,17.69,95.0,0.18
1312,2/24/2023 16:00,24.55,22.0,138.0,0.14
1313,2/24/2023 17:00,22.83,33.44,103.0,0.24
1314,2/24/2023 18:00,19.59,32.0,67.0,0.3
1315,2/24/2023 19:00,5.99,16.92,32.0,0.13
1316,2/24/2023 20:00,10.63,22.62,124.0,0.12
1317,2/24/2023 21:00,24.91,25.19,24.0,0.21
1318,2/24/2023 22:00,9.4,29.74,119.0,0.23
1319,2/24/2023 23:00,16.27,17.99,97.0,0.24
1320,2/25/2023 0:00,21.32,15.69,19.0,0.18
1321,2/25/2023 1:00,24.96,23.52,122.0,0.13
1322,2/25/2023 2:00,14.04,15.83,123.0,0.21
1323,2/25/2023 3:00,12.04,15.75,8.0,0.16
1324,2/25/2023 4:00,24.2,18.11,15.0,0.29
1325,2/25/2023 5:00,13.82,32.94,50.0,0.24
1326,2/25/2023 6:00,8.43,30.4,127.0,0.2
1327,2/25/2023 7:00,11.04,17.37,59.0,0.26
1328,2/25/2023 8:00,11.09,22.19,47.0,0.29
1329,2/25/2023 9:00,19.57,16.11,101.0,0.1
1330,2/25/2023 10:00,17.12,33.16,126.0,0.24
1331,2/25/2023 11:00,23.5,25.53,66.0,0.17
1332,2/25/2023 12:00,14.98,32.42,97.0,0.2
1333,2/25/2023 13:00,17.39,34.86,73.0,0.23
1334,2/25/2023 14:00,19.31,19.73,44.0,0.11
1335,2/25/2023 15:00,23.66,22.41,79.0,0.29
1336,2/25/2023 16:00,10.52,28.13,103.0,0.27
1337,2/25/2023 17:00,19.4,23.53,62.0,0.25
1338,2/25/2023 18:00,19.6,33.33,19.0,0.29
1339,2/25/2023 19:00,16.35,23.29,42.0,0.14
1340,2/25/2023 20:00,21.51,16.02,26.0,0.27
1341,2/25/2023 21:00,19.0,32.16,59.0,0.26
1342,2/25/2023 22:00,8.08,22.44,126.0,0.18
1343,2/25/2023 23:00,23.88,28.64,63.0,0.16
1344,2/26/2023 0:00,23.69,31.8,25.0,0.25
1345,2/26/2023 1:00,6.15,19.36,133.0,0.2
1346,2/26/2023 2:00,5.97,18.85,149.0,0.24
1347,2/26/2023 3:00,9.58,15.9,75.0,0.17
1348,2/26/2023 4:00,9.97,25.81,14.0,0.18
1349,2/26/2023 5:00,14.61,21.04,145.0,0.28
1350,2/26/2023 6:00,8.42,22.97,103.0,0.16
1351,2/26/2023 7:00,17.17,30.08,49.0,0.11
1352,2/26/2023 8:00,15.95,31.79,45.0,0.1
1353,2/26/2023 9:00,5.27,34.81,146.0,0.22
1354,2/26/2023 10:00,5.25,23.83,110.0,0.2
1355,2/26/2023 11:00,16.04,30.61,94.0,0.28
1356,2/26/2023 12:00,10.16,16.04,65.0,0.2
1357,2/26/2023 13:00,11.47,18.08,87.0,0.12
1358,2/26/2023 14:00,10.97,34.65,62.0,0.22
1359,2/26/2023 15:00,12.47,34.45,41.0,0.21
1360,2/26/2023 16:00,9.69,15.38,148.0,0.21
1361,2/26/2023 17:00,11.57,24.62,107.0,0.15
1362,2/26/2023 18:00,12.15,33.75,35.0,0.21
1363,2/26/2023 19:00,5.25,26.61,76.0,0.16
1364,2/26/2023 20:00,22.18,18.54,33.0,0.18
1365,2/26/2023 21:00,8.42,18.0,146.0,0.13
1366,2/26/2023 22:00,10.34,25.9,23.0,0.11
1367,2/26/2023 23:00,7.1,32.04,106.0,0.27
1368,2/27/2023 0:00,21.92,24.18,94.0,0.27
1369,2/27/2023 1:00,6.3,25.7,22.0,0.15
1370,2/27/2023 2:00,14.72,16.66,44.0,0.12
1371,2/27/2023 3:00,22.86,21.21,54.0,0.21
1372,2/27/2023 4:00,7.96,15.87,87.0,0.15
1373,2/27/2023 5:00,22.23,18.63,18.0,0.24
1374,2/27/2023 6:00,17.74,24.45,133.0,0.27
1375,2/27/2023 7:00,14.52,15.64,11.0,0.25
1376,2/27/2023 8:00,17.74,18.48,129.0,0.26
1377,2/27/2023 9:00,19.92,16.02,147.0,0.16
1378,2/27/2023 10:00,16.72,23.35,137.0,0.21
1379,2/27/2023 11:00,8.39,15.47,85.0,0.11
1380,2/27/2023 12:00,19.95,15.57,83.0,0.22
1381,2/27/2023 13:00,15.43,26.21,99.0,0.24
1382,2/27/2023 14:00,15.09,32.2,28.0,0.2
1383,2/27/2023 15:00,8.39,16.62,134.0,0.12
1384,2/27/2023 16:00,13.11,33.33,5.0,0.3
1385,2/27/2023 17:00,6.11,24.09,70.0,0.2
1386,2/27/2023 18:00,7.34,22.89,43.0,0.22
1387,2/27/2023 19:00,5.42,34.4,6.0,0.2
1388,2/27/2023 20:00,19.92,21.91,24.0,0.11
1389,2/27/2023 21:00,20.18,17.99,111.0,0.12
1390,2/27/2023 22:00,5.28,29.06,131.0,0.13
1391,2/27/2023 23:00,17.78,30.85,43.0,0.24
1392,2/28/2023 0:00,9.55,32.71,25.0,0.18
1393,2/28/2023 1:00,5.9,16.5,112.0,0.21
1394,2/28/2023 2:00,14.36,15.22,139.0,0.22
1395,2/28/2023 3:00,9.31,26.42,91.0,0.11
1396,2/28/2023 4:00,14.13,34.04,131.0,0.11
1397,2/28/2023 5:00,20.66,22.07,128.0,0.28
1398,2/28/2023 6:00,8.05,26.11,30.0,0.17
1399,2/28/2023 7:00,23.92,20.88,48.0,0.29
1400,2/28/2023 8:00,6.33,18.01,150.0,0.19
1401,2/28/2023 9:00,18.03,21.2,138.0,0.16
1402,2/28/2023 10:00,24.56,20.3,21.0,0.13
1403,2/28/2023 11:00,13.29,20.04,121.0,0.26
1404,2/28/2023 12:00,17.63,23.51,39.0,0.14
1405,2/28/2023 13:00,23.89,26.14,12.0,0.11
1406,2/28/2023 14:00,19.37,30.72,59.0,0.11
1407,2/28/2023 15:00,6.24,21.96,67.0,0.1
1408,2/28/2023 16:00,18.24,19.27,84.0,0.11
1409,2/28/2023 17:00,11.22,15.05,143.0,0.26
1410,2/28/2023 18:00,17.64,24.77,64.0,0.22
1411,2/28/2023 19:00,17.31,15.36,130.0,0.18
1412,2/28/2023 20:00,22.34,15.96,44.0,0.26
1413,2/28/2023 21:00,24.5,30.92,106.0,0.19
1414,2/28/2023 22:00,15.67,27.38,123.0,0.1
1415,2/28/2023 23:00,13.75,21.56,111.0,0.17
1416,3/1/2023 0:00,12.61,31.34,135.0,0.29
1417,3/1/2023 1:00,17.16,16.41,16.0,0.27
1418,3/1/2023 2:00,22.68,24.27,147.0,0.28
1419,3/1/2023 3:00,9.73,16.21,71.0,0.29
1420,3/1/2023 4:00,8.3,23.06,9.0,0.29
1421,3/1/2023 5:00,10.09,29.43,117.0,0.13
1422,3/1/2023 6:00,7.96,23.59,53.0,0.27
1423,3/1/2023 7:00,13.49,32.89,76.0,0.28
1424,3/1/2023 8:00,7.66,26.79,35.0,0.18
1425,3/1/2023 9:00,11.98,19.3,47.0,0.17
1426,3/1/2023 10:00,5.78,28.41,72.0,0.15
1427,3/1/2023 11:00,19.41,32.73,130.0,0.14
1428,3/1/2023 12:00,20.17,15.99,49.0,0.29
1429,3/1/2023 13:00,5.75,31.69,66.0,0.21
1430,3/1/2023 14:00,13.75,31.82,54.0,0.1
1431,3/1/2023 15:00,16.03,28.04,146.0,0.2
1432,3/1/2023 16:00,24.62,31.32,84.0,0.24
1433,3/1/2023 17:00,10.69,32.89,68.0,0.15
1434,3/1/2023 18:00,5.05,20.45,22.0,0.12
1435,3/1/2023 19:00,22.43,29.53,72.0,0.29
1436,3/1/2023 20:00,11.96,28.61,149.0,0.26
1437,3/1/2023 21:00,15.14,26.39,17.0,0.11
1438,3/1/2023 22:00,24.71,15.87,103.0,0.28
1439,3/1/2023 23:00,16.05,31.2,140.0,0.18
1440,3/2/2023 0:00,18.7,22.43,95.0,0.17
1441,3/2/2023 1:00,14.27,27.93,114.0,0.24
1442,3/2/2023 2:00,19.07,29.07,36.0,0.29
1443,3/2/2023 3:00,22.48,16.34,76.0,0.2
1444,3/2/2023 4:00,9.34,15.57,67.0,0.28
1445,3/2/2023 5:00,6.62,30.16,19.0,0.26
1446,3/2/2023 6:00,6.96,28.32,146.0,0.11
1447,3/2/2023 7:00,6.11,19.06,50.0,0.24
1448,3/2/2023 8:00,21.48,26.97,76.0,0.16
1449,3/2/2023 9:00,15.67,23.65,71.0,0.23
1450,3/2/2023 10:00,24.75,27.4,118.0,0.13
1451,3/2/2023 11:00,16.63,19.49,75.0,0.26
1452,3/2/2023 12:00,23.13,24.29,109.0,0.25
1453,3/2/2023 13:00,14.8,19.65,83.0,0.15
1454,3/2/2023 14:00,10.41,28.06,117.0,0.2
1455,3/2/2023 15:00,6.02,25.31,30.0,0.2
1456,3/2/2023 16:00,12.66,28.55,115.0,0.15
1457,3/2/2023 17:00,23.92,18.21,51.0,0.18
1458,3/2/2023 18:00,5.66,33.96,138.0,0.2
1459,3/2/2023 19:00,23.49,26.98,94.0,0.28
1460,3/2/2023 20:00,20.12,24.71,39.0,0.27
1461,3/2/2023 21:00,21.56,19.64,60.0,0.21
1462,3/2/2023 22:00,15.39,32.83,32.0,0.26
1463,3/2/2023 23:00,15.4,31.07,136.0,0.27
1464,3/3/2023 0:00,13.47,32.92,26.0,0.22
1465,3/3/2023 1:00,5.51,29.43,124.0,0.14
1466,3/3/2023 2:00,6.07,20.92,15.0,0.28
1467,3/3/2023 3:00,23.91,25.67,135.0,0.15
1468,3/3/2023 4:00,22.86,15.55,147.0,0.11
1469,3/3/2023 5:00,12.46,30.55,138.0,0.29
1470,3/3/2023 6:00,23.48,17.93,93.0,0.13
1471,3/3/2023 7:00,12.04,32.52,51.0,0.23
1472,3/3/2023 8:00,12.62,33.44,135.0,0.21
1473,3/3/2023 9:00,21.45,32.94,10.0,0.18
1474,3/3/2023 10:00,5.35,21.66,89.0,0.24
1475,3/3/2023 11:00,7.81,23.67,70.0,0.27
1476,3/3/2023 12:00,24.12,15.71,124.0,0.27
1477,3/3/2023 13:00,11.35,27.69,53.0,0.29
1478,3/3/2023 14:00,24.1,23.96,54.0,0.2
1479,3/3/2023 15:00,7.28,33.17,21.0,0.12
1480,3/3/2023 16:00,19.32,24.21,69.0,0.18
1481,3/3/2023 17:00,18.73,26.3,59.0,0.15
1482,3/3/2023 18:00,11.2,33.19,71.0,0.26
1483,3/3/2023 19:00,12.18,18.97,109.0,0.14
1484,3/3/2023 20:00,9.31,20.18,46.0,0.1
1485,3/3/2023 21:00,17.48,26.28,65.0,0.2
1486,3/3/2023 22:00,12.56,32.65,32.0,0.17
1487,3/3/2023 23:00,23.92,29.29,50.0,0.11
1488,3/4/2023 0:00,16.51,32.72,62.0,0.28
1489,3/4/2023 1:00,6.67,33.22,40.0,0.14
1490,3/4/2023 2:00,24.43,27.1,31.0,0.24
1491,3/4/2023 3:00,16.93,33.82,128.0,0.23
1492,3/4/2023 4:00,20.76,27.82,26.0,0.26
1493,3/4/2023 5:00,7.41,21.41,84.0,0.26
1494,3/4/2023 6:00,14.12,34.67,83.0,0.26
1495,3/4/2023 7:00,12.43,19.29,96.0,0.22
1496,3/4/2023 8:00,11.95,27.06,17.0,0.28
1497,3/4/2023 9:00,9.51,26.15,116.0,0.19
1498,3/4/2023 10:00,14.85,35.0,65.0,0.2
1499,3/4/2023 11:00,22.57,23.49,31.0,0.15
1500,3/4/2023 12:00,10.11,16.14,41.0,0.27
1501,3/4/2023 13:00,11.85,30.71,147.0,0.15
1502,3/4/2023 14:00,23.74,34.63,61.0,0.26
1503,3/4/2023 15:00,21.58,29.98,48.0,0.29
1504,3/4/2023 16:00,12.28,18.13,13.0,0.11
1505,3/4/2023 17:00,21.87,29.66,149.0,0.27
1506,3/4/2023 18:00,6.67,17.8,150.0,0.12
1507,3/4/2023 19:00,14.69,23.51,102.0,0.13
1508,3/4/2023 20:00,17.83,18.55,42.0,0.14
1509,3/4/2023 21:00,10.41,22.7,132.0,0.19
1510,3/4/2023 22:00,17.07,20.13,109.0,0.22
1511,3/4/2023 23:00,14.5,26.32,142.0,0.23
1512,3/5/2023 0:00,10.27,34.95,70.0,0.18
1513,3/5/2023 1:00,13.62,34.09,94.0,0.19
1514,3/5/2023 2:00,23.11,25.91,8.0,0.17
1515,3/5/2023 3:00,22.35,24.26,149.0,0.18
1516,3/5/2023 4:00,23.0,31.24,141.0,0.24
1517,3/5/2023 5:00,24.47,20.79,97.0,0.11
1518,3/5/2023 6:00,11.04,30.92,67.0,0.11
1519,3/5/2023 7:00,9.26,33.57,63.0,0.21
1520,3/5/2023 8:00,18.15,27.08,37.0,0.28
1521,3/5/2023 9:00,11.01,34.29,58.0,0.11
1522,3/5/2023 10:00,14.18,28.88,124.0,0.3
1523,3/5/2023 11:00,20.91,24.3,144.0,0.29
1524,3/5/2023 12:00,21.25,16.59,98.0,0.12
1525,3/5/2023 13:00,10.64,15.89,50.0,0.2
1526,3/5/2023 14:00,8.22,21.89,34.0,0.12
1527,3/5/2023 15:00,10.48,17.96,64.0,0.25
1528,3/5/2023 16:00,16.62,26.18,131.0,0.17
1529,3/5/2023 17:00,21.45,32.84,46.0,0.22
1530,3/5/2023 18:00,6.35,34.21,100.0,0.14
1531,3/5/2023 19:00,9.11,31.59,102.0,0.2
1532,3/5/2023 20:00,20.94,24.59,118.0,0.3
1533,3/5/2023 21:00,15.08,26.22,115.0,0.12
1534,3/5/2023 22:00,24.49,15.91,149.0,0.27
1535,3/5/2023 23:00,22.32,32.26,5.0,0.29
1536,3/6/2023 0:00,6.36,21.19,135.0,0.14
1537,3/6/2023 1:00,5.01,22.89,100.0,0.29
1538,3/6/2023 2:00,14.22,17.2,36.0,0.26
1539,3/6/2023 3:00,9.92,24.58,82.0,0.2
1540,3/6/2023 4:00,17.61,19.1,96.0,0.2
1541,3/6/2023 5:00,20.83,18.37,75.0,0.27
1542,3/6/2023 6:00,13.94,23.56,149.0,0.12
1543,3/6/2023 7:00,23.68,15.04,143.0,0.1
1544,3/6/2023 8:00,20.19,23.72,110.0,0.17
1545,3/6/2023 9:00,21.79,31.95,59.0,0.29
1546,3/6/2023 10:00,10.77,21.18,11.0,0.11
1547,3/6/2023 11:00,8.88,19.42,139.0,0.1
1548,3/6/2023 12:00,14.41,17.89,48.0,0.22
1549,3/6/2023 13:00,6.12,18.21,72.0,0.26
1550,3/6/2023 14:00,20.76,30.7,93.0,0.23
1551,3/6/2023 15:00,19.59,31.91,120.0,0.17
1552,3/6/2023 16:00,15.57,19.29,72.0,0.15
1553,3/6/2023 17:00,10.07,29.74,68.0,0.12
1554,3/6/2023 18:00,24.68,16.15,64.0,0.11
1555,3/6/2023 19:00,16.48,28.31,50.0,0.28
1556,3/6/2023 20:00,12.27,33.13,133.0,0.11
1557,3/6/2023 21:00,20.98,15.8,150.0,0.3
1558,3/6/2023 22:00,12.81,27.26,91.0,0.12
1559,3/6/2023 23:00,16.84,22.6,76.0,0.2
1560,3/7/2023 0:00,22.23,17.66,9.0,0.15
1561,3/7/2023 1:00,21.87,34.2,128.0,0.15
1562,3/7/2023 2:00,16.93,22.85,27.0,0.23
1563,3/7/2023 3:00,17.78,23.8,93.0,0.21
1564,3/7/2023 4:00,10.44,29.19,5.0,0.24
1565,3/7/2023 5:00,12.96,20.24,120.0,0.15
1566,3/7/2023 6:00,16.73,24.32,14.0,0.16
1567,3/7/2023 7:00,20.14,22.98,47.0,0.12
1568,3/7/2023 8:00,9.14,18.09,80.0,0.16
1569,3/7/2023 9:00,13.11,23.88,94.0,0.28
1570,3/7/2023 10:00,17.28,18.54,38.0,0.2
1571,3/7/2023 11:00,9.06,34.7,144.0,0.18
1572,3/7/2023 12:00,12.58,30.5,55.0,0.24
1573,3/7/2023 13:00,9.47,24.83,19.0,0.18
1574,3/7/2023 14:00,21.74,30.56,81.0,0.14
1575,3/7/2023 15:00,24.23,23.96,83.0,0.19
1576,3/7/2023 16:00,24.33,22.8,58.0,0.28
1577,3/7/2023 17:00,20.03,27.41,69.0,0.26
1578,3/7/2023 18:00,24.1,22.35,14.0,0.17
1579,3/7/2023 19:00,18.6,22.58,69.0,0.19
1580,3/7/2023 20:00,20.92,33.54,149.0,0.3
1581,3/7/2023 21:00,15.17,21.45,75.0,0.13
1582,3/7/2023 22:00,12.13,30.59,77.0,0.3
1583,3/7/2023 23:00,15.49,23.31,108.0,0.27
1584,3/8/2023 0:00,17.93,31.37,118.0,0.22
1585,3/8/2023 1:00,10.05,16.53,83.0,0.19
1586,3/8/2023 2:00,10.99,31.58,30.0,0.29
1587,3/8/2023 3:00,17.34,26.41,112.0,0.24
1588,3/8/2023 4:00,9.46,18.6,5.0,0.14
1589,3/8/2023 5:00,24.24,22.33,50.0,0.26
1590,3/8/2023 6:00,23.19,22.55,66.0,0.27
1591,3/8/2023 7:00,22.01,30.42,140.0,0.23
1592,3/8/2023 8:00,8.95,21.18,42.0,0.16
1593,3/8/2023 9:00,24.92,16.0,83.0,0.13
1594,3/8/2023 10:00,15.6,33.12,24.0,0.18
1595,3/8/2023 11:00,11.89,24.4,43.0,0.19
1596,3/8/2023 12:00,22.16,31.42,112.0,0.25
1597,3/8/2023 13:00,22.57,23.54,93.0,0.19
1598,3/8/2023 14:00,12.13,23.07,135.0,0.23
1599,3/8/2023 15:00,23.46,31.64,26.0,0.23
1600,3/8/2023 16:00,14.16,19.97,30.0,0.2
1601,3/8/2023 17:00,9.38,29.58,122.0,0.1
1602,3/8/2023 18:00,6.16,22.35,55.0,0.2
1603,3/8/2023 19:00,12.95,30.1,117.0,0.27
1604,3/8/2023 20:00,10.55,24.33,5.0,0.29
1605,3/8/2023 21:00,15.5,21.29,111.0,0.29
1606,3/8/2023 22:00,17.87,27.21,58.0,0.2
1607,3/8/2023 23:00,11.74,25.78,89.0,0.1
1608,3/9/2023 0:00,20.17,21.04,141.0,0.24
1609,3/9/2023 1:00,13.44,24.26,14.0,0.12
1610,3/9/2023 2:00,6.83,31.69,21.0,0.28
1611,3/9/2023 3:00,15.89,20.71,147.0,0.1
1612,3/9/2023 4:00,11.65,21.7,73.0,0.24
1613,3/9/2023 5:00,7.57,29.03,131.0,0.21
1614,3/9/2023 6:00,13.84,26.95,15.0,0.29
1615,3/9/2023 7:00,6.36,30.08,33.0,0.12
1616,3/9/2023 8:00,24.93,32.1,113.0,0.3
1617,3/9/2023 9:00,24.96,15.55,99.0,0.25
1618,3/9/2023 10:00,17.98,21.07,21.0,0.3
1619,3/9/2023 11:00,18.71,15.78,50.0,0.28
1620,3/9/2023 12:00,10.88,30.45,35.0,0.26
1621,3/9/2023 13:00,5.35,15.81,131.0,0.1
1622,3/9/2023 14:00,19.46,26.6,116.0,0.2
1623,3/9/2023 15:00,18.73,31.43,29.0,0.2
1624,3/9/2023 16:00,7.96,17.34,41.0,0.17
1625,3/9/2023 17:00,16.94,28.23,91.0,0.2
1626,3/9/2023 18:00,15.15,19.96,28.0,0.15
1627,3/9/2023 19:00,6.32,25.11,95.0,0.28
1628,3/9/2023 20:00,19.67,23.35,136.0,0.29
1629,3/9/2023 21:00,13.41,20.86,131.0,0.2
1630,3/9/2023 22:00,11.33,30.38,66.0,0.2
1631,3/9/2023 23:00,7.93,24.7,145.0,0.11
1632,3/10/2023 0:00,17.46,34.42,115.0,0.26
1633,3/10/2023 1:00,5.4,18.76,150.0,0.11
1634,3/10/2023 2:00,15.33,16.78,116.0,0.27
1635,3/10/2023 3:00,23.89,28.75,41.0,0.15
1636,3/10/2023 4:00,7.85,26.58,35.0,0.12
1637,3/10/2023 5:00,19.06,27.99,99.0,0.2
1638,3/10/2023 6:00,13.84,16.51,120.0,0.18
1639,3/10/2023 7:00,22.38,28.32,124.0,0.27
1640,3/10/2023 8:00,18.53,30.16,121.0,0.16
1641,3/10/2023 9:00,19.56,27.54,11.0,0.11
1642,3/10/2023 10:00,13.3,21.63,110.0,0.17
1643,3/10/2023 11:00,6.16,28.74,95.0,0.23
1644,3/10/2023 12:00,19.4,17.12,12.0,0.2
1645,3/10/2023 13:00,13.15,27.61,39.0,0.18
1646,3/10/2023 14:00,20.04,24.35,119.0,0.25
1647,3/10/2023 15:00,16.17,17.78,21.0,0.19
1648,3/10/2023 16:00,21.27,29.36,112.0,0.22
1649,3/10/2023 17:00,5.73,16.56,67.0,0.11
1650,3/10/2023 18:00,13.05,18.89,23.0,0.23
1651,3/10/2023 19:00,17.64,23.01,22.0,0.27
1652,3/10/2023 20:00,24.43,25.28,109.0,0.25
1653,3/10/2023 21:00,22.86,17.17,94.0,0.26
1654,3/10/2023 22:00,16.77,25.47,14.0,0.27
1655,3/10/2023 23:00,16.87,25.99,89.0,0.1
1656,3/11/2023 0:00,9.73,23.74,42.0,0.28
1657,3/11/2023 1:00,14.4,20.63,21.0,0.18
1658,3/11/2023 2:00,9.83,21.6,50.0,0.17
1659,3/11/2023 3:00,20.81,15.78,90.0,0.28
1660,3/11/2023 4:00,9.91,28.8,66.0,0.16
1661,3/11/2023 5:00,14.54,28.66,106.0,0.25
1662,3/11/2023 6:00,17.25,20.39,117.0,0.19
1663,3/11/2023 7:00,6.72,24.37,137.0,0.17
1664,3/11/2023 8:00,11.48,34.48,49.0,0.11
1665,3/11/2023 9:00,5.91,32.76,149.0,0.11
1666,3/11/2023 10:00,5.35,17.03,57.0,0.24
1667,3/11/2023 11:00,5.06,24.99,70.0,0.14
1668,3/11/2023 12:00,13.74,28.06,19.0,0.26
1669,3/11/2023 13:00,13.99,29.64,83.0,0.16
1670,3/11/2023 14:00,19.07,23.79,82.0,0.14
1671,3/11/2023 15:00,23.68,16.2,75.0,0.14
1672,3/11/2023 16:00,17.52,26.16,109.0,0.25
1673,3/11/2023 17:00,7.14,21.41,22.0,0.27
1674,3/11/2023 18:00,11.04,32.71,79.0,0.25
1675,3/11/2023 19:00,16.94,23.27,135.0,0.24
1676,3/11/2023 20:00,5.11,24.61,129.0,0.15
1677,3/11/2023 21:00,18.97,20.43,145.0,0.17
1678,3/11/2023 22:00,12.03,17.34,150.0,0.19
1679,3/11/2023 23:00,12.52,16.68,62.0,0.28
1680,3/12/2023 0:00,6.32,31.21,142.0,0.1
1681,3/12/2023 1:00,24.82,17.54,77.0,0.21
1682,3/12/2023 2:00,22.7,20.41,95.0,0.18
1683,3/12/2023 3:00,9.67,27.42,91.0,0.24
1684,3/12/2023 4:00,5.35,19.4,55.0,0.27
1685,3/12/2023 5:00,14.82,33.0,41.0,0.28
1686,3/12/2023 6:00,21.12,19.36,21.0,0.23
1687,3/12/2023 7:00,14.56,15.58,102.0,0.16
1688,3/12/2023 8:00,22.64,18.54,109.0,0.16
1689,3/12/2023 9:00,17.97,28.41,83.0,0.16
1690,3/12/2023 10:00,22.34,31.22,144.0,0.29
1691,3/12/2023 11:00,21.29,31.94,117.0,0.22
1692,3/12/2023 12:00,15.12,34.28,60.0,0.2
1693,3/12/2023 13:00,10.8,26.11,149.0,0.11
1694,3/12/2023 14:00,5.88,22.49,62.0,0.16
1695,3/12/2023 15:00,14.78,20.87,109.0,0.18
1696,3/12/2023 16:00,12.66,24.34,58.0,0.23
1697,3/12/2023 17:00,20.9,18.34,121.0,0.23
1698,3/12/2023 18:00,10.44,25.17,22.0,0.14
1699,3/12/2023 19:00,13.69,26.04,73.0,0.17
1700,3/12/2023 20:00,8.28,15.66,98.0,0.14
1701,3/12/2023 21:00,8.65,33.98,31.0,0.26
1702,3/12/2023 22:00,5.03,20.02,18.0,0.22
1703,3/12/2023 23:00,18.23,24.39,89.0,0.28
1704,3/13/2023 0:00,15.26,20.38,99.0,0.11
1705,3/13/2023 1:00,21.54,30.9,22.0,0.21
1706,3/13/2023 2:00,24.66,20.43,135.0,0.21
1707,3/13/2023 3:00,15.9,21.67,46.0,0.11
1708,3/13/2023 4:00,24.97,25.23,56.0,0.17
1709,3/13/2023 5:00,21.53,21.92,98.0,0.17
1710,3/13/2023 6:00,17.72,23.34,142.0,0.16
1711,3/13/2023 7:00,14.53,22.01,15.0,0.21
1712,3/13/2023 8:00,15.71,33.58,29.0,0.2
1713,3/13/2023 9:00,13.84,27.21,73.0,0.13
1714,3/13/2023 10:00,17.19,26.47,72.0,0.3
1715,3/13/2023 11:00,11.64,34.86,90.0,0.19
1716,3/13/2023 12:00,23.31,18.29,25.0,0.11
1717,3/13/2023 13:00,20.41,15.67,121.0,0.12
1718,3/13/2023 14:00,20.71,18.03,142.0,0.26
1719,3/13/2023 15:00,15.14,25.21,95.0,0.14
1720,3/13/2023 16:00,18.08,30.65,37.0,0.22
1721,3/13/2023 17:00,7.75,33.19,83.0,0.22
1722,3/13/2023 18:00,20.9,27.2,46.0,0.25
1723,3/13/2023 19:00,14.28,32.03,69.0,0.28
1724,3/13/2023 20:00,23.19,34.31,61.0,0.18
1725,3/13/2023 21:00,20.86,20.4,33.0,0.17
1726,3/13/2023 22:00,12.98,31.83,91.0,0.2
1727,3/13/2023 23:00,5.49,29.26,94.0,0.28
1728,3/14/2023 0:00,6.89,20.12,112.0,0.11
1729,3/14/2023 1:00,14.61,21.93,33.0,0.19
1730,3/14/2023 2:00,18.6,19.48,26.0,0.22
1731,3/14/2023 3:00,22.67,26.18,134.0,0.19
1732,3/14/2023 4:00,19.38,15.58,27.0,0.19
1733,3/14/2023 5:00,8.23,26.9,113.0,0.27
1734,3/14/2023 6:00,6.3,32.39,60.0,0.14
1735,3/14/2023 7:00,17.28,22.62,90.0,0.1
1736,3/14/2023 8:00,18.68,28.54,143.0,0.17
1737,3/14/2023 9:00,9.95,23.22,18.0,0.13
1738,3/14/2023 10:00,14.22,33.76,103.0,0.18
1739,3/14/2023 11:00,21.1,21.08,8.0,0.28
1740,3/14/2023 12:00,9.16,33.41,69.0,0.2
1741,3/14/2023 13:00,6.45,17.37,109.0,0.29
1742,3/14/2023 14:00,21.08,28.25,65.0,0.13
1743,3/14/2023 15:00,12.9,28.91,92.0,0.26
1744,3/14/2023 16:00,10.4,28.45,91.0,0.13
1745,3/14/2023 17:00,23.86,20.47,39.0,0.23
1746,3/14/2023 18:00,15.45,20.11,138.0,0.24
1747,3/14/2023 19:00,9.31,22.82,115.0,0.26
1748,3/14/2023 20:00,24.28,19.52,87.0,0.19
1749,3/14/2023 21:00,5.05,29.51,41.0,0.18
1750,3/14/2023 22:00,18.87,22.27,99.0,0.27
1751,3/14/2023 23:00,18.26,18.39,35.0,0.27
1752,3/15/2023 0:00,15.33,32.64,137.0,0.28
1753,3/15/2023 1:00,17.77,16.42,146.0,0.18
1754,3/15/2023 2:00,11.81,26.57,91.0,0.23
1755,3/15/2023 3:00,5.13,21.68,149.0,0.19
1756,3/15/2023 4:00,10.17,34.9,44.0,0.13
1757,3/15/2023 5:00,19.94,18.87,64.0,0.12
1758,3/15/2023 6:00,17.38,33.15,38.0,0.22
1759,3/15/2023 7:00,18.36,27.81,91.0,0.21
1760,3/15/2023 8:00,13.04,16.09,67.0,0.21
1761,3/15/2023 9:00,5.41,25.06,33.0,0.24
1762,3/15/2023 10:00,18.64,34.38,107.0,0.12
1763,3/15/2023 11:00,9.28,29.33,39.0,0.28
1764,3/15/2023 12:00,12.93,23.09,14.0,0.11
1765,3/15/2023 13:00,23.66,33.31,41.0,0.14
1766,3/15/2023 14:00,14.36,28.94,102.0,0.13
1767,3/15/2023 15:00,21.49,27.08,120.0,0.26
1768,3/15/2023 16:00,17.5,28.27,51.0,0.28
1769,3/15/2023 17:00,22.3,17.22,44.0,0.14
1770,3/15/2023 18:00,15.81,18.54,137.0,0.19
1771,3/15/2023 19:00,13.64,15.09,94.0,0.22
1772,3/15/2023 20:00,17.7,19.89,146.0,0.2
1773,3/15/2023 21:00,13.72,15.59,135.0,0.13
1774,3/15/2023 22:00,14.02,16.54,81.0,0.12
1775,3/15/2023 23:00,13.91,22.29,57.0,0.22
1776,3/16/2023 0:00,6.92,20.53,45.0,0.25
1777,3/16/2023 1:00,14.06,34.64,83.0,0.2
1778,3/16/2023 2:00,12.62,27.39,55.0,0.29
1779,3/16/2023 3:00,14.43,21.72,71.0,0.19
1780,3/16/2023 4:00,5.97,25.01,103.0,0.12
1781,3/16/2023 5:00,13.42,26.89,137.0,0.13
1782,3/16/2023 6:00,22.76,30.06,150.0,0.3
1783,3/16/2023 7:00,6.4,32.42,112.0,0.14
1784,3/16/2023 8:00,12.57,30.3,120.0,0.13
1785,3/16/2023 9:00,17.08,25.16,147.0,0.16
1786,3/16/2023 10:00,22.84,27.9,122.0,0.13
1787,3/16/2023 11:00,15.02,19.88,64.0,0.23
1788,3/16/2023 12:00,13.12,15.96,50.0,0.28
1789,3/16/2023 13:00,18.54,19.95,35.0,0.12
1790,3/16/2023 14:00,13.8,25.82,105.0,0.23
1791,3/16/2023 15:00,8.97,21.74,24.0,0.27
1792,3/16/2023 16:00,16.91,24.26,70.0,0.16
1793,3/16/2023 17:00,12.92,31.89,138.0,0.19
1794,3/16/2023 18:00,13.02,18.38,49.0,0.16
1795,3/16/2023 19:00,10.17,21.84,97.0,0.15
1796,3/16/2023 20:00,18.17,19.0,139.0,0.16
1797,3/16/2023 21:00,14.65,18.99,129.0,0.12
1798,3/16/2023 22:00,24.57,21.18,12.0,0.14
1799,3/16/2023 23:00,15.34,22.13,40.0,0.18
1800,3/17/2023 0:00,24.21,32.48,13.0,0.22
1801,3/17/2023 1:00,10.79,19.62,108.0,0.27
1802,3/17/2023 2:00,5.97,15.91,39.0,0.11
1803,3/17/2023 3:00,16.36,27.89,84.0,0.2
1804,3/17/2023 4:00,8.16,30.63,37.0,0.26
1805,3/17/2023 5:00,10.58,23.36,46.0,0.3
1806,3/17/2023 6:00,14.78,26.96,9.0,0.1
1807,3/17/2023 7:00,7.54,22.94,44.0,0.17
1808,3/17/2023 8:00,7.41,16.6,41.0,0.15
1809,3/17/2023 9:00,8.2,22.11,146.0,0.15
1810,3/17/2023 10:00,18.4,21.16,31.0,0.23
1811,3/17/2023 11:00,16.53,27.77,119.0,0.29
1812,3/17/2023 12:00,21.28,15.39,41.0,0.24
1813,3/17/2023 13:00,6.6,20.3,123.0,0.27
1814,3/17/2023 14:00,16.05,18.82,103.0,0.27
1815,3/17/2023 15:00,21.14,32.02,65.0,0.11
1816,3/17/2023 16:00,15.38,20.28,112.0,0.19
1817,3/17/2023 17:00,8.39,25.3,122.0,0.16
1818,3/17/2023 18:00,6.29,17.22,5.0,0.23
1819,3/17/2023 19:00,6.86,20.75,129.0,0.15
1820,3/17/2023 20:00,10.12,19.24,30.0,0.22
1821,3/17/2023 21:00,5.02,33.69,59.0,0.28
1822,3/17/2023 22:00,15.5,21.48,35.0,0.23
1823,3/17/2023 23:00,18.07,24.2,24.0,0.22
1824,3/18/2023 0:00,9.85,21.73,130.0,0.25
1825,3/18/2023 1:00,24.33,29.88,121.0,0.11
1826,3/18/2023 2:00,8.64,25.75,111.0,0.17
1827,3/18/2023 3:00,11.22,31.62,105.0,0.22
1828,3/18/2023 4:00,20.79,22.03,76.0,0.12
1829,3/18/2023 5:00,15.97,16.81,49.0,0.27
1830,3/18/2023 6:00,5.79,15.08,6.0,0.3
1831,3/18/2023 7:00,20.04,29.84,135.0,0.18
1832,3/18/2023 8:00,8.63,24.39,107.0,0.24
1833,3/18/2023 9:00,15.32,32.12,52.0,0.14
1834,3/18/2023 10:00,6.95,15.57,46.0,0.11
1835,3/18/2023 11:00,14.4,17.31,73.0,0.13
1836,3/18/2023 12:00,5.14,32.22,150.0,0.23
1837,3/18/2023 13:00,6.88,28.65,122.0,0.21
1838,3/18/2023 14:00,9.11,28.0,85.0,0.26
1839,3/18/2023 15:00,19.33,18.34,31.0,0.29
1840,3/18/2023 16:00,9.6,30.96,134.0,0.11
1841,3/18/2023 17:00,8.24,17.01,149.0,0.21
1842,3/18/2023 18:00,21.63,25.42,21.0,0.25
1843,3/18/2023 19:00,11.56,30.7,47.0,0.22
1844,3/18/2023 20:00,15.38,31.83,6.0,0.17
1845,3/18/2023 21:00,5.42,31.66,56.0,0.17
1846,3/18/2023 22:00,18.47,24.6,28.0,0.11
1847,3/18/2023 23:00,13.89,31.55,18.0,0.18
1848,3/19/2023 0:00,13.39,26.37,70.0,0.17
1849,3/19/2023 1:00,7.9,25.72,111.0,0.11
1850,3/19/2023 2:00,20.25,17.42,75.0,0.12
1851,3/19/2023 3:00,22.78,33.59,38.0,0.17
1852,3/19/2023 4:00,24.89,18.87,6.0,0.21
1853,3/19/2023 5:00,18.47,24.02,81.0,0.11
1854,3/19/2023 6:00,14.35,21.75,34.0,0.21
1855,3/19/2023 7:00,12.99,30.88,57.0,0.26
1856,3/19/2023 8:00,13.67,17.97,34.0,0.12
1857,3/19/2023 9:00,16.1,21.46,135.0,0.16
1858,3/19/2023 10:00,10.7,33.25,99.0,0.29
1859,3/19/2023 11:00,22.92,21.22,137.0,0.15
1860,3/19/2023 12:00,19.96,15.47,85.0,0.23
1861,3/19/2023 13:00,16.5,25.78,137.0,0.12
1862,3/19/2023 14:00,7.42,25.29,20.0,0.25
1863,3/19/2023 15:00,24.76,24.75,39.0,0.17
1864,3/19/2023 16:00,18.83,24.96,60.0,0.12
1865,3/19/2023 17:00,19.24,26.87,29.0,0.22
1866,3/19/2023 18:00,15.92,28.79,76.0,0.11
1867,3/19/2023 19:00,8.93,15.43,111.0,0.27
1868,3/19/2023 20:00,14.97,31.72,67.0,0.22
1869,3/19/2023 21:00,18.02,16.01,25.0,0.25
1870,3/19/2023 22:00,20.43,18.52,79.0,0.11
1871,3/19/2023 23:00,23.82,34.35,148.0,0.21
1872,3/20/2023 0:00,16.36,30.64,48.0,0.21
1873,3/20/2023 1:00,16.45,32.54,52.0,0.2
1874,3/20/2023 2:00,9.45,19.57,133.0,0.3
1875,3/20/2023 3:00,10.79,19.85,123.0,0.1
1876,3/20/2023 4:00,11.22,31.52,95.0,0.25
1877,3/20/2023 5:00,19.73,30.8,20.0,0.14
1878,3/20/2023 6:00,19.52,27.96,146.0,0.21
1879,3/20/2023 7:00,14.19,26.85,87.0,0.16
1880,3/20/2023 8:00,6.12,24.52,115.0,0.22
1881,3/20/2023 9:00,8.32,17.71,17.0,0.22
1882,3/20/2023 10:00,11.47,34.35,62.0,0.16
1883,3/20/2023 11:00,24.59,27.67,101.0,0.16
1884,3/20/2023 12:00,8.54,15.9,123.0,0.21
1885,3/20/2023 13:00,18.11,30.47,27.0,0.17
1886,3/20/2023 14:00,21.09,17.63,115.0,0.24
1887,3/20/2023 15:00,5.44,31.9,51.0,0.14
1888,3/20/2023 16:00,20.62,28.08,130.0,0.2
1889,3/20/2023 17:00,24.57,23.12,102.0,0.25
1890,3/20/2023 18:00,9.0,21.03,112.0,0.11
1891,3/20/2023 19:00,18.9,23.95,141.0,0.15
1892,3/20/2023 20:00,19.38,17.29,58.0,0.27
1893,3/20/2023 21:00,19.12,19.64,128.0,0.26
1894,3/20/2023 22:00,15.06,17.35,141.0,0.24
1895,3/20/2023 23:00,13.5,19.14,5.0,0.17
1896,3/21/2023 0:00,9.63,25.7,125.0,0.28
1897,3/21/2023 1:00,15.73,28.97,13.0,0.16
1898,3/21/2023 2:00,15.1,19.2,53.0,0.18
1899,3/21/2023 3:00,24.39,34.89,116.0,0.22
1900,3/21/2023 4:00,7.27,34.94,37.0,0.28
1901,3/21/2023 5:00,18.04,16.19,115.0,0.29
1902,3/21/2023 6:00,15.81,30.44,27.0,0.12
1903,3/21/2023 7:00,19.25,28.59,51.0,0.15
1904,3/21/2023 8:00,7.58,25.57,66.0,0.26
1905,3/21/2023 9:00,17.94,15.4,136.0,0.15
1906,3/21/2023 10:00,7.84,21.89,112.0,0.15
1907,3/21/2023 11:00,13.93,33.87,17.0,0.16
1908,3/21/2023 12:00,19.44,23.55,89.0,0.28
1909,3/21/2023 13:00,16.35,29.16,119.0,0.25
1910,3/21/2023 14:00,7.08,33.95,32.0,0.27
1911,3/21/2023 15:00,23.17,21.96,116.0,0.14
1912,3/21/2023 16:00,12.49,32.17,43.0,0.14
1913,3/21/2023 17:00,18.3,19.49,35.0,0.24
1914,3/21/2023 18:00,10.67,18.88,144.0,0.25
1915,3/21/2023 19:00,23.26,33.09,86.0,0.25
1916,3/21/2023 20:00,20.4,31.5,112.0,0.16
1917,3/21/2023 21:00,8.22,23.48,76.0,0.21
1918,3/21/2023 22:00,12.83,17.6,125.0,0.16
1919,3/21/2023 23:00,17.18,29.16,69.0,0.2
1920,3/22/2023 0:00,24.29,24.18,121.0,0.1
1921,3/22/2023 1:00,8.54,23.89,65.0,0.24
1922,3/22/2023 2:00,23.56,26.26,57.0,0.23
1923,3/22/2023 3:00,16.24,33.51,143.0,0.27
1924,3/22/2023 4:00,5.5,34.79,56.0,0.21
1925,3/22/2023 5:00,6.42,28.48,133.0,0.13
1926,3/22/2023 6:00,9.86,19.92,43.0,0.13
1927,3/22/2023 7:00,23.0,25.52,102.0,0.12
1928,3/22/2023 8:00,15.8,21.35,125.0,0.17
1929,3/22/2023 9:00,9.58,34.77,55.0,0.1
1930,3/22/2023 10:00,14.02,21.44,81.0,0.14
1931,3/22/2023 11:00,11.82,15.61,51.0,0.19
1932,3/22/2023 12:00,8.97,33.31,127.0,0.23
1933,3/22/2023 13:00,13.91,21.98,15.0,0.26
1934,3/22/2023 14:00,5.81,21.7,76.0,0.23
1935,3/22/2023 15:00,18.82,28.26,82.0,0.29
1936,3/22/2023 16:00,7.01,30.46,86.0,0.3
1937,3/22/2023 17:00,10.97,33.81,123.0,0.12
1938,3/22/2023 18:00,21.66,31.33,73.0,0.29
1939,3/22/2023 19:00,18.38,21.38,51.0,0.16
1940,3/22/2023 20:00,8.55,33.29,78.0,0.13
1941,3/22/2023 21:00,20.31,19.39,68.0,0.1
1942,3/22/2023 22:00,9.46,31.49,93.0,0.26
1943,3/22/2023 23:00,18.39,19.42,130.0,0.14
1944,3/23/2023 0:00,13.36,27.22,53.0,0.13
1945,3/23/2023 1:00,14.71,18.26,11.0,0.3
1946,3/23/2023 2:00,12.83,23.77,60.0,0.23
1947,3/23/2023 3:00,13.77,27.88,79.0,0.12
1948,3/23/2023 4:00,13.83,18.54,102.0,0.17
1949,3/23/2023 5:00,18.07,18.56,146.0,0.21
1950,3/23/2023 6:00,11.51,25.06,36.0,0.18
1951,3/23/2023 7:00,5.12,28.49,11.0,0.16
1952,3/23/2023 8:00,13.79,26.34,92.0,0.25
1953,3/23/2023 9:00,13.36,31.94,7.0,0.16
1954,3/23/2023 10:00,6.25,30.69,67.0,0.27
1955,3/23/2023 11:00,23.28,34.91,132.0,0.13
1956,3/23/2023 12:00,19.14,28.2,149.0,0.13
1957,3/23/2023 13:00,14.41,24.64,40.0,0.18
1958,3/23/2023 14:00,9.36,25.78,52.0,0.14
1959,3/23/2023 15:00,18.18,17.25,62.0,0.18
1960,3/23/2023 16:00,8.24,16.8,51.0,0.11
1961,3/23/2023 17:00,24.12,27.89,56.0,0.15
1962,3/23/2023 18:00,18.89,25.23,112.0,0.18
1963,3/23/2023 19:00,24.49,31.86,59.0,0.15
1964,3/23/2023 20:00,9.24,34.26,116.0,0.2
1965,3/23/2023 21:00,21.76,31.11,12.0,0.19
1966,3/23/2023 22:00,18.48,18.45,100.0,0.15
1967,3/23/2023 23:00,5.36,23.92,39.0,0.25
1968,3/24/2023 0:00,9.61,31.93,145.0,0.18
1969,3/24/2023 1:00,20.78,32.37,100.0,0.27
1970,3/24/2023 2:00,11.1,22.57,86.0,0.26
1971,3/24/2023 3:00,8.05,33.88,102.0,0.13
1972,3/24/2023 4:00,5.87,22.46,126.0,0.26
1973,3/24/2023 5:00,21.96,18.6,150.0,0.25
1974,3/24/2023 6:00,19.14,21.69,71.0,0.18
1975,3/24/2023 7:00,8.64,21.75,54.0,0.29
1976,3/24/2023 8:00,14.2,19.35,140.0,0.25
1977,3/24/2023 9:00,5.29,15.03,62.0,0.28
1978,3/24/2023 10:00,9.26,25.74,29.0,0.11
1979,3/24/2023 11:00,12.04,17.65,33.0,0.2
1980,3/24/2023 12:00,17.4,20.53,23.0,0.13
1981,3/24/2023 13:00,12.8,25.31,22.0,0.25
1982,3/24/2023 14:00,13.17,18.15,105.0,0.13
1983,3/24/2023 15:00,17.27,16.89,5.0,0.21
1984,3/24/2023 16:00,8.79,27.4,65.0,0.11
1985,3/24/2023 17:00,14.7,19.91,41.0,0.17
1986,3/24/2023 18:00,15.76,15.5,73.0,0.25
1987,3/24/2023 19:00,8.49,32.94,18.0,0.23
1988,3/24/2023 20:00,9.8,28.81,82.0,0.21
1989,3/24/2023 21:00,18.77,27.44,35.0,0.1
1990,3/24/2023 22:00,8.82,20.81,147.0,0.18
1991,3/24/2023 23:00,5.31,31.64,49.0,0.14
1992,3/25/2023 0:00,15.32,29.28,73.0,0.26
1993,3/25/2023 1:00,18.76,28.93,85.0,0.28
1994,3/25/2023 2:00,18.76,31.01,73.0,0.18
1995,3/25/2023 3:00,19.16,26.82,39.0,0.22
1996,3/25/2023 4:00,11.64,34.63,104.0,0.19
1997,3/25/2023 5:00,14.26,26.4,84.0,0.19
1998,3/25/2023 6:00,20.88,34.0,138.0,0.21
1999,3/25/2023 7:00,10.89,23.96,140.0,0.26
2000,3/25/2023 8:00,19.06,15.35,37.0,0.11
2001,3/25/2023 9:00,14.51,34.53,147.0,0.14
2002,3/25/2023 10:00,11.8,15.82,91.0,0.23
2003,3/25/2023 11:00,23.05,18.48,41.0,0.17
2004,3/25/2023 12:00,7.14,27.29,26.0,0.1
2005,3/25/2023 13:00,24.82,17.92,133.0,0.11
2006,3/25/2023 14:00,6.76,20.89,32.0,0.23
2007,3/25/2023 15:00,6.06,26.34,137.0,0.1
2008,3/25/2023 16:00,12.35,25.04,33.0,0.16
2009,3/25/2023 17:00,7.54,18.57,11.0,0.2
2010,3/25/2023 18:00,16.65,21.73,55.0,0.25
2011,3/25/2023 19:00,19.85,15.23,49.0,0.17
2012,3/25/2023 20:00,14.65,15.14,49.0,0.13
2013,3/25/2023 21:00,21.61,20.59,96.0,0.2
2014,3/25/2023 22:00,11.97,18.84,86.0,0.2
2015,3/25/2023 23:00,15.59,22.45,76.0,0.21
2016,3/26/2023 0:00,11.18,32.36,38.0,0.12
2017,3/26/2023 1:00,7.41,25.9,18.0,0.15
2018,3/26/2023 2:00,15.98,26.73,36.0,0.22
2019,3/26/2023 3:00,9.76,18.14,145.0,0.29
2020,3/26/2023 4:00,18.15,32.46,41.0,0.15
2021,3/26/2023 5:00,10.62,24.25,30.0,0.28
2022,3/26/2023 6:00,7.85,17.01,85.0,0.14
2023,3/26/2023 7:00,13.57,25.23,133.0,0.18
2024,3/26/2023 8:00,24.76,28.94,58.0,0.17
2025,3/26/2023 9:00,23.35,21.01,101.0,0.1
2026,3/26/2023 10:00,6.56,32.87,14.0,0.11
2027,3/26/2023 11:00,18.7,31.42,41.0,0.15
2028,3/26/2023 12:00,20.65,29.12,8.0,0.15
2029,3/26/2023 13:00,10.55,25.74,23.0,0.11
2030,3/26/2023 14:00,19.66,17.53,83.0,0.28
2031,3/26/2023 15:00,18.98,22.98,129.0,0.22
2032,3/26/2023 16:00,19.29,21.0,9.0,0.19
2033,3/26/2023 17:00,9.52,23.11,61.0,0.11
2034,3/26/2023 18:00,6.55,27.5,83.0,0.14
2035,3/26/2023 19:00,15.95,23.11,19.0,0.16
2036,3/26/2023 20:00,11.55,33.73,145.0,0.17
2037,3/26/2023 21:00,9.65,25.99,40.0,0.29
2038,3/26/2023 22:00,15.14,28.32,64.0,0.2
2039,3/26/2023 23:00,9.4,17.41,76.0,0.27
2040,3/27/2023 0:00,21.32,34.17,128.0,0.2
2041,3/27/2023 1:00,21.26,17.45,56.0,0.18
2042,3/27/2023 2:00,6.7,17.68,39.0,0.22
2043,3/27/2023 3:00,8.91,31.29,53.0,0.11
2044,3/27/2023 4:00,23.18,17.8,29.0,0.26
2045,3/27/2023 5:00,14.4,20.84,25.0,0.21
2046,3/27/2023 6:00,13.71,34.95,11.0,0.3
2047,3/27/2023 7:00,8.09,30.38,109.0,0.25
2048,3/27/2023 8:00,6.17,23.0,85.0,0.16
2049,3/27/2023 9:00,17.31,19.82,18.0,0.25
2050,3/27/2023 10:00,5.25,28.97,89.0,0.21
2051,3/27/2023 11:00,10.39,17.72,57.0,0.19
2052,3/27/2023 12:00,17.02,24.63,76.0,0.14
2053,3/27/2023 13:00,6.51,28.19,11.0,0.16
2054,3/27/2023 14:00,12.23,25.11,62.0,0.15
2055,3/27/2023 15:00,5.17,17.46,20.0,0.28
2056,3/27/2023 16:00,16.61,21.85,54.0,0.12
2057,3/27/2023 17:00,13.82,33.84,50.0,0.19
2058,3/27/2023 18:00,9.56,26.15,105.0,0.26
2059,3/27/2023 19:00,15.48,33.62,53.0,0.2
2060,3/27/2023 20:00,23.41,22.95,131.0,0.24
2061,3/27/2023 21:00,5.53,30.47,27.0,0.18
2062,3/27/2023 22:00,24.3,26.9,102.0,0.14
2063,3/27/2023 23:00,13.08,26.31,96.0,0.13
2064,3/28/2023 0:00,8.65,34.54,130.0,0.29
2065,3/28/2023 1:00,11.47,16.84,86.0,0.26
2066,3/28/2023 2:00,17.82,34.88,12.0,0.29
2067,3/28/2023 3:00,7.54,15.99,122.0,0.18
2068,3/28/2023 4:00,22.49,15.41,26.0,0.26
2069,3/28/2023 5:00,11.49,21.2,17.0,0.12
2070,3/28/2023 6:00,10.59,32.71,89.0,0.23
2071,3/28/2023 7:00,5.55,16.39,131.0,0.27
2072,3/28/2023 8:00,24.56,25.82,138.0,0.18
2073,3/28/2023 9:00,8.77,26.67,80.0,0.23
2074,3/28/2023 10:00,15.99,19.4,81.0,0.24
2075,3/28/2023 11:00,17.9,18.61,27.0,0.17
2076,3/28/2023 12:00,19.08,19.28,88.0,0.27
2077,3/28/2023 13:00,23.35,27.17,77.0,0.24
2078,3/28/2023 14:00,6.69,32.27,34.0,0.18
2079,3/28/2023 15:00,23.92,28.42,121.0,0.16
2080,3/28/2023 16:00,8.61,20.52,80.0,0.19
2081,3/28/2023 17:00,5.1,26.34,57.0,0.14
2082,3/28/2023 18:00,12.01,17.97,121.0,0.14
2083,3/28/2023 19:00,7.17,25.86,90.0,0.26
2084,3/28/2023 20:00,22.09,22.15,133.0,0.15
2085,3/28/2023 21:00,23.53,17.59,108.0,0.29
2086,3/28/2023 22:00,19.68,17.82,144.0,0.1
2087,3/28/2023 23:00,8.42,20.62,18.0,0.13
2088,3/29/2023 0:00,11.89,22.92,130.0,0.16
2089,3/29/2023 1:00,21.2,27.62,26.0,0.26
2090,3/29/2023 2:00,5.79,34.28,107.0,0.22
2091,3/29/2023 3:00,7.34,24.72,123.0,0.15
2092,3/29/2023 4:00,10.88,21.08,111.0,0.29
2093,3/29/2023 5:00,5.44,28.73,69.0,0.27
2094,3/29/2023 6:00,17.33,15.17,11.0,0.24
2095,3/29/2023 7:00,7.0,28.88,91.0,0.15
2096,3/29/2023 8:00,12.31,17.38,14.0,0.29
2097,3/29/2023 9:00,14.21,17.12,66.0,0.24
2098,3/29/2023 10:00,21.1,23.07,19.0,0.27
2099,3/29/2023 11:00,24.28,18.64,95.0,0.21
2100,3/29/2023 12:00,9.07,20.79,107.0,0.29
2101,3/29/2023 13:00,9.57,19.41,25.0,0.2
2102,3/29/2023 14:00,7.04,26.56,149.0,0.27
2103,3/29/2023 15:00,7.83,29.68,15.0,0.2
2104,3/29/2023 16:00,23.28,31.47,53.0,0.14
2105,3/29/2023 17:00,7.86,32.84,71.0,0.21
2106,3/29/2023 18:00,13.0,33.92,41.0,0.14
2107,3/29/2023 19:00,18.38,23.7,57.0,0.19
2108,3/29/2023 20:00,22.37,23.74,84.0,0.12
2109,3/29/2023 21:00,21.91,26.64,121.0,0.17
2110,3/29/2023 22:00,19.31,21.64,25.0,0.3
2111,3/29/2023 23:00,8.89,17.01,79.0,0.26
2112,3/30/2023 0:00,9.77,25.17,53.0,0.1
2113,3/30/2023 1:00,14.76,19.88,53.0,0.15
2114,3/30/2023 2:00,24.75,26.5,117.0,0.19
2115,3/30/2023 3:00,18.52,29.03,18.0,0.27
2116,3/30/2023 4:00,24.31,20.45,119.0,0.24
2117,3/30/2023 5:00,15.13,31.91,144.0,0.11
2118,3/30/2023 6:00,5.02,28.23,134.0,0.29
2119,3/30/2023 7:00,21.63,27.83,21.0,0.17
2120,3/30/2023 8:00,12.85,18.64,123.0,0.2
2121,3/30/2023 9:00,21.57,33.98,145.0,0.11
2122,3/30/2023 10:00,21.11,19.77,84.0,0.17
2123,3/30/2023 11:00,13.84,22.38,59.0,0.24
2124,3/30/2023 12:00,5.55,23.22,101.0,0.15
2125,3/30/2023 13:00,24.03,25.13,97.0,0.27
2126,3/30/2023 14:00,22.62,25.94,32.0,0.17
2127,3/30/2023 15:00,19.17,28.28,65.0,0.18
2128,3/30/2023 16:00,16.46,18.07,108.0,0.14
2129,3/30/2023 17:00,8.18,15.93,79.0,0.19
2130,3/30/2023 18:00,8.49,31.5,21.0,0.16
2131,3/30/2023 19:00,22.48,15.6,143.0,0.2
2132,3/30/2023 20:00,8.24,32.23,18.0,0.24
2133,3/30/2023 21:00,16.43,25.94,94.0,0.26
2134,3/30/2023 22:00,16.81,31.95,111.0,0.22
2135,3/30/2023 23:00,20.61,18.78,64.0,0.23
2136,3/31/2023 0:00,21.04,30.74,107.0,0.24
2137,3/31/2023 1:00,19.54,29.32,33.0,0.18
2138,3/31/2023 2:00,12.86,31.91,116.0,0.14
2139,3/31/2023 3:00,17.73,31.8,55.0,0.28
2140,3/31/2023 4:00,10.33,19.71,51.0,0.27
2141,3/31/2023 5:00,24.33,24.54,147.0,0.29
2142,3/31/2023 6:00,5.4,33.5,109.0,0.19
2143,3/31/2023 7:00,8.24,18.55,23.0,0.19
2144,3/31/2023 8:00,14.56,32.77,136.0,0.13
2145,3/31/2023 9:00,21.71,24.82,61.0,0.1
2146,3/31/2023 10:00,18.89,15.83,137.0,0.19
2147,3/31/2023 11:00,14.12,34.34,66.0,0.19
2148,3/31/2023 12:00,19.02,24.5,132.0,0.16
2149,3/31/2023 13:00,23.87,24.17,9.0,0.11
2150,3/31/2023 14:00,23.28,16.68,124.0,0.12
2151,3/31/2023 15:00,12.27,29.29,100.0,0.12
2152,3/31/2023 16:00,22.43,34.81,137.0,0.21
2153,3/31/2023 17:00,10.39,25.74,71.0,0.14
2154,3/31/2023 18:00,11.77,21.19,46.0,0.3
2155,3/31/2023 19:00,6.69,21.35,24.0,0.21
2156,3/31/2023 20:00,13.12,28.43,85.0,0.25
2157,3/31/2023 21:00,6.88,32.75,66.0,0.17
2158,3/31/2023 22:00,17.51,21.3,40.0,0.15
2159,3/31/2023 23:00,21.22,28.07,56.0,0.29
2160,4/1/2023 0:00,22.74,25.61,11.0,0.21
2161,4/1/2023 1:00,23.74,17.35,96.0,0.21
2162,4/1/2023 2:00,8.88,26.29,93.0,0.16
2163,4/1/2023 3:00,24.05,18.74,95.0,0.17
2164,4/1/2023 4:00,18.61,23.2,57.0,0.1
2165,4/1/2023 5:00,24.43,16.66,9.0,0.21
2166,4/1/2023 6:00,18.83,24.24,139.0,0.16
2167,4/1/2023 7:00,15.03,17.01,49.0,0.16
2168,4/1/2023 8:00,14.97,30.75,82.0,0.1
2169,4/1/2023 9:00,10.88,18.02,11.0,0.23
2170,4/1/2023 10:00,19.26,24.3,20.0,0.11
2171,4/1/2023 11:00,12.47,25.88,118.0,0.29
2172,4/1/2023 12:00,21.61,16.94,124.0,0.29
2173,4/1/2023 13:00,9.37,21.45,25.0,0.13
2174,4/1/2023 14:00,12.04,16.38,6.0,0.13
2175,4/1/2023 15:00,7.03,28.97,62.0,0.1
2176,4/1/2023 16:00,6.51,28.35,75.0,0.23
2177,4/1/2023 17:00,21.55,34.42,75.0,0.15
2178,4/1/2023 18:00,24.52,26.34,12.0,0.2
2179,4/1/2023 19:00,20.77,34.74,62.0,0.17
2180,4/1/2023 20:00,16.85,34.24,26.0,0.19
2181,4/1/2023 21:00,22.51,18.24,81.0,0.2
2182,4/1/2023 22:00,21.23,23.28,42.0,0.24
2183,4/1/2023 23:00,13.4,32.86,39.0,0.29
2184,4/2/2023 0:00,15.91,22.35,104.0,0.23
2185,4/2/2023 1:00,18.06,20.33,93.0,0.14
2186,4/2/2023 2:00,11.92,25.41,79.0,0.23
2187,4/2/2023 3:00,11.55,26.98,75.0,0.14
2188,4/2/2023 4:00,12.59,31.47,78.0,0.28
2189,4/2/2023 5:00,24.76,15.1,45.0,0.2
2190,4/2/2023 6:00,5.2,26.69,110.0,0.25
2191,4/2/2023 7:00,10.38,19.0,124.0,0.27
2192,4/2/2023 8:00,15.34,33.75,100.0,0.19
2193,4/2/2023 9:00,15.3,32.79,91.0,0.23
2194,4/2/2023 10:00,18.42,19.75,45.0,0.3
2195,4/2/2023 11:00,22.38,28.95,17.0,0.27
2196,4/2/2023 12:00,12.15,31.62,32.0,0.14
2197,4/2/2023 13:00,7.59,27.14,143.0,0.19
2198,4/2/2023 14:00,12.63,29.7,148.0,0.17
2199,4/2/2023 15:00,23.47,17.41,65.0,0.29
2200,4/2/2023 16:00,10.86,20.02,140.0,0.23
2201,4/2/2023 17:00,7.42,26.02,8.0,0.19
2202,4/2/2023 18:00,16.81,29.93,60.0,0.18
2203,4/2/2023 19:00,22.44,18.19,34.0,0.11
2204,4/2/2023 20:00,6.01,29.45,84.0,0.19
2205,4/2/2023 21:00,17.75,30.83,97.0,0.17
2206,4/2/2023 22:00,22.24,17.72,82.0,0.17
2207,4/2/2023 23:00,24.21,17.49,38.0,0.19
2208,4/3/2023 0:00,8.7,34.85,135.0,0.17
2209,4/3/2023 1:00,13.53,24.4,100.0,0.16
2210,4/3/2023 2:00,17.5,34.22,101.0,0.13
2211,4/3/2023 3:00,5.14,18.57,134.0,0.3
2212,4/3/2023 4:00,7.73,17.49,32.0,0.26
2213,4/3/2023 5:00,10.62,25.65,139.0,0.18
2214,4/3/2023 6:00,15.06,15.82,141.0,0.12
2215,4/3/2023 7:00,9.35,20.57,9.0,0.28
2216,4/3/2023 8:00,15.88,34.86,90.0,0.26
2217,4/3/2023 9:00,11.34,23.49,93.0,0.15
2218,4/3/2023 10:00,19.55,24.67,69.0,0.24
2219,4/3/2023 11:00,14.03,17.04,123.0,0.22
2220,4/3/2023 12:00,9.47,24.9,21.0,0.15
2221,4/3/2023 13:00,13.28,32.75,145.0,0.2
2222,4/3/2023 14:00,20.89,21.45,135.0,0.26
2223,4/3/2023 15:00,10.51,19.27,119.0,0.25
2224,4/3/2023 16:00,22.67,22.73,48.0,0.19
2225,4/3/2023 17:00,22.13,27.88,18.0,0.19
2226,4/3/2023 18:00,11.22,21.4,18.0,0.15
2227,4/3/2023 19:00,17.65,31.31,112.0,0.21
2228,4/3/2023 20:00,6.86,32.77,38.0,0.18
2229,4/3/2023 21:00,17.84,30.93,52.0,0.27
2230,4/3/2023 22:00,23.11,33.09,81.0,0.19
2231,4/3/2023 23:00,11.09,17.93,89.0,0.17
2232,4/4/2023 0:00,5.44,15.15,124.0,0.23
2233,4/4/2023 1:00,16.61,18.03,89.0,0.13
2234,4/4/2023 2:00,20.24,25.93,31.0,0.22
2235,4/4/2023 3:00,17.15,33.99,15.0,0.27
2236,4/4/2023 4:00,10.28,26.89,98.0,0.22
2237,4/4/2023 5:00,15.46,16.56,18.0,0.17
2238,4/4/2023 6:00,9.41,26.29,45.0,0.17
2239,4/4/2023 7:00,12.33,20.85,22.0,0.19
2240,4/4/2023 8:00,14.03,22.61,141.0,0.25
2241,4/4/2023 9:00,19.28,24.82,22.0,0.29
2242,4/4/2023 10:00,10.61,17.65,5.0,0.13
2243,4/4/2023 11:00,6.76,31.93,47.0,0.21
2244,4/4/2023 12:00,21.21,21.24,19.0,0.1
2245,4/4/2023 13:00,18.12,31.32,82.0,0.19
2246,4/4/2023 14:00,19.31,22.85,53.0,0.22
2247,4/4/2023 15:00,12.1,16.84,120.0,0.15
2248,4/4/2023 16:00,18.32,15.82,102.0,0.14
2249,4/4/2023 17:00,9.02,28.97,116.0,0.14
2250,4/4/2023 18:00,19.78,18.26,61.0,0.15
2251,4/4/2023 19:00,24.37,19.08,84.0,0.12
2252,4/4/2023 20:00,7.53,16.62,53.0,0.2
2253,4/4/2023 21:00,21.41,29.12,145.0,0.27
2254,4/4/2023 22:00,17.82,27.84,27.0,0.15
2255,4/4/2023 23:00,20.58,27.51,101.0,0.14
2256,4/5/2023 0:00,5.1,15.75,128.0,0.17
2257,4/5/2023 1:00,15.91,25.92,119.0,0.13
2258,4/5/2023 2:00,10.95,26.74,107.0,0.26
2259,4/5/2023 3:00,19.47,24.07,121.0,0.19
2260,4/5/2023 4:00,16.76,30.68,86.0,0.2
2261,4/5/2023 5:00,15.89,32.36,110.0,0.25
2262,4/5/2023 6:00,14.61,17.43,50.0,0.11
2263,4/5/2023 7:00,19.68,31.38,42.0,0.12
2264,4/5/2023 8:00,11.9,32.78,11.0,0.1
2265,4/5/2023 9:00,9.43,29.41,64.0,0.12
2266,4/5/2023 10:00,6.01,26.16,133.0,0.18
2267,4/5/2023 11:00,10.28,22.98,84.0,0.17
2268,4/5/2023 12:00,24.47,15.91,38.0,0.24
2269,4/5/2023 13:00,15.59,20.73,88.0,0.25
2270,4/5/2023 14:00,10.94,32.27,136.0,0.16
2271,4/5/2023 15:00,7.58,26.56,110.0,0.18
2272,4/5/2023 16:00,16.26,17.47,97.0,0.15
2273,4/5/2023 17:00,8.53,15.13,23.0,0.25
2274,4/5/2023 18:00,17.95,16.08,6.0,0.29
2275,4/5/2023 19:00,19.1,19.69,17.0,0.18
2276,4/5/2023 20:00,18.24,24.17,55.0,0.15
2277,4/5/2023 21:00,11.04,21.89,30.0,0.2
2278,4/5/2023 22:00,21.07,33.05,101.0,0.14
2279,4/5/2023 23:00,16.57,23.95,131.0,0.26
2280,4/6/2023 0:00,5.84,26.85,9.0,0.16
2281,4/6/2023 1:00,13.9,18.35,9.0,0.3
2282,4/6/2023 2:00,23.13,15.6,136.0,0.26
2283,4/6/2023 3:00,11.62,25.56,28.0,0.19
2284,4/6/2023 4:00,11.28,33.16,110.0,0.29
2285,4/6/2023 5:00,10.3,31.74,132.0,0.19
2286,4/6/2023 6:00,20.17,19.31,47.0,0.21
2287,4/6/2023 7:00,18.45,31.02,123.0,0.19
2288,4/6/2023 8:00,11.93,23.65,15.0,0.29
2289,4/6/2023 9:00,8.46,21.29,38.0,0.22
2290,4/6/2023 10:00,24.42,21.07,38.0,0.3
2291,4/6/2023 11:00,12.63,27.5,86.0,0.23
2292,4/6/2023 12:00,20.19,32.74,75.0,0.11
2293,4/6/2023 13:00,15.95,32.9,46.0,0.29
2294,4/6/2023 14:00,24.3,16.45,96.0,0.26
2295,4/6/2023 15:00,23.0,30.46,90.0,0.18
2296,4/6/2023 16:00,17.76,15.3,35.0,0.17
2297,4/6/2023 17:00,18.01,34.35,63.0,0.1
2298,4/6/2023 18:00,23.38,19.13,92.0,0.25
2299,4/6/2023 19:00,22.02,26.52,59.0,0.24
2300,4/6/2023 20:00,17.99,15.49,128.0,0.13
2301,4/6/2023 21:00,12.87,24.35,5.0,0.28
2302,4/6/2023 22:00,23.26,17.68,128.0,0.21
2303,4/6/2023 23:00,7.76,15.77,138.0,0.27
2304,4/7/2023 0:00,18.68,26.25,124.0,0.24
2305,4/7/2023 1:00,14.92,27.56,136.0,0.19
2306,4/7/2023 2:00,18.25,31.09,32.0,0.27
2307,4/7/2023 3:00,11.09,30.37,65.0,0.19
2308,4/7/2023 4:00,5.97,29.84,112.0,0.27
2309,4/7/2023 5:00,11.08,23.9,113.0,0.14
2310,4/7/2023 6:00,6.1,16.38,130.0,0.18
2311,4/7/2023 7:00,18.14,24.3,95.0,0.23
2312,4/7/2023 8:00,23.17,21.77,114.0,0.28
2313,4/7/2023 9:00,18.67,28.29,146.0,0.21
2314,4/7/2023 10:00,13.35,18.96,57.0,0.16
2315,4/7/2023 11:00,13.16,28.48,103.0,0.27
2316,4/7/2023 12:00,21.16,25.94,117.0,0.14
2317,4/7/2023 13:00,6.24,17.9,30.0,0.18
2318,4/7/2023 14:00,7.92,21.83,98.0,0.21
2319,4/7/2023 15:00,9.73,26.7,49.0,0.13
2320,4/7/2023 16:00,19.47,30.46,148.0,0.14
2321,4/7/2023 17:00,24.46,25.68,80.0,0.19
2322,4/7/2023 18:00,15.87,27.07,27.0,0.26
2323,4/7/2023 19:00,7.24,26.11,65.0,0.29
2324,4/7/2023 20:00,19.9,22.36,8.0,0.16
2325,4/7/2023 21:00,12.1,22.07,90.0,0.14
2326,4/7/2023 22:00,9.63,29.09,133.0,0.15
2327,4/7/2023 23:00,8.05,26.93,127.0,0.14
2328,4/8/2023 0:00,6.64,19.41,5.0,0.15
2329,4/8/2023 1:00,8.56,17.04,134.0,0.14
2330,4/8/2023 2:00,11.04,27.95,89.0,0.11
2331,4/8/2023 3:00,22.86,22.79,27.0,0.25
2332,4/8/2023 4:00,18.53,26.58,32.0,0.13
2333,4/8/2023 5:00,5.86,32.74,93.0,0.17
2334,4/8/2023 6:00,12.51,25.92,53.0,0.21
2335,4/8/2023 7:00,6.41,27.28,110.0,0.14
2336,4/8/2023 8:00,7.97,23.8,118.0,0.15
2337,4/8/2023 9:00,8.4,25.8,135.0,0.27
2338,4/8/2023 10:00,10.72,18.28,99.0,0.28
2339,4/8/2023 11:00,10.13,21.48,87.0,0.16
2340,4/8/2023 12:00,10.92,21.82,140.0,0.3
2341,4/8/2023 13:00,8.37,26.8,124.0,0.2
2342,4/8/2023 14:00,6.76,23.95,35.0,0.23
2343,4/8/2023 15:00,18.89,31.36,130.0,0.3
2344,4/8/2023 16:00,13.41,23.94,8.0,0.16
2345,4/8/2023 17:00,24.11,31.33,40.0,0.19
2346,4/8/2023 18:00,19.53,29.04,57.0,0.16
2347,4/8/2023 19:00,24.41,34.69,122.0,0.25
2348,4/8/2023 20:00,11.33,16.32,114.0,0.27
2349,4/8/2023 21:00,21.91,30.74,35.0,0.19
2350,4/8/2023 22:00,13.07,30.7,39.0,0.11
2351,4/8/2023 23:00,13.64,30.22,88.0,0.14
2352,4/9/2023 0:00,15.68,32.12,25.0,0.23
2353,4/9/2023 1:00,16.9,23.02,47.0,0.29
2354,4/9/2023 2:00,13.59,29.83,120.0,0.27
2355,4/9/2023 3:00,18.8,34.84,132.0,0.1
2356,4/9/2023 4:00,17.91,15.36,44.0,0.23
2357,4/9/2023 5:00,14.0,17.55,38.0,0.17
2358,4/9/2023 6:00,11.71,22.19,26.0,0.28
2359,4/9/2023 7:00,24.64,21.36,52.0,0.11
2360,4/9/2023 8:00,19.56,20.34,127.0,0.27
2361,4/9/2023 9:00,13.68,34.32,99.0,0.18
2362,4/9/2023 10:00,14.86,16.93,83.0,0.19
2363,4/9/2023 11:00,13.73,22.0,62.0,0.16
2364,4/9/2023 12:00,14.49,34.09,70.0,0.1
2365,4/9/2023 13:00,18.89,34.91,106.0,0.12
2366,4/9/2023 14:00,12.5,27.48,96.0,0.18
2367,4/9/2023 15:00,7.56,31.31,32.0,0.23
2368,4/9/2023 16:00,7.1,30.05,113.0,0.25
2369,4/9/2023 17:00,8.78,34.89,13.0,0.25
2370,4/9/2023 18:00,6.05,15.32,119.0,0.17
2371,4/9/2023 19:00,18.21,19.81,94.0,0.21
2372,4/9/2023 20:00,12.1,32.55,115.0,0.14
2373,4/9/2023 21:00,13.31,23.85,40.0,0.17
2374,4/9/2023 22:00,23.11,33.87,6.0,0.23
2375,4/9/2023 23:00,18.51,23.11,93.0,0.28
2376,4/10/2023 0:00,24.64,27.56,108.0,0.21
2377,4/10/2023 1:00,15.48,26.28,62.0,0.25
2378,4/10/2023 2:00,14.94,23.21,97.0,0.23
2379,4/10/2023 3:00,22.64,34.6,72.0,0.22
2380,4/10/2023 4:00,8.66,16.89,138.0,0.15
2381,4/10/2023 5:00,22.13,21.86,8.0,0.19
2382,4/10/2023 6:00,12.09,28.97,31.0,0.19
2383,4/10/2023 7:00,16.65,25.2,12.0,0.11
2384,4/10/2023 8:00,7.7,23.55,88.0,0.17
2385,4/10/2023 9:00,20.22,32.87,19.0,0.23
2386,4/10/2023 10:00,16.09,15.82,130.0,0.18
2387,4/10/2023 11:00,21.41,30.33,6.0,0.3
2388,4/10/2023 12:00,21.91,22.86,7.0,0.22
2389,4/10/2023 13:00,21.04,21.7,36.0,0.27
2390,4/10/2023 14:00,24.64,24.29,132.0,0.23
2391,4/10/2023 15:00,22.53,19.73,122.0,0.26
2392,4/10/2023 16:00,14.5,20.42,93.0,0.26
2393,4/10/2023 17:00,22.21,24.25,24.0,0.19
2394,4/10/2023 18:00,10.86,33.97,49.0,0.21
2395,4/10/2023 19:00,20.85,16.59,118.0,0.29
2396,4/10/2023 20:00,18.84,31.47,44.0,0.29
2397,4/10/2023 21:00,10.49,29.51,20.0,0.28
2398,4/10/2023 22:00,15.23,20.21,47.0,0.22
2399,4/10/2023 23:00,7.08,20.64,91.0,0.28
2400,4/11/2023 0:00,8.61,32.96,92.0,0.19
2401,4/11/2023 1:00,10.36,17.49,128.0,0.18
2402,4/11/2023 2:00,16.07,22.78,77.0,0.24
2403,4/11/2023 3:00,17.18,24.64,27.0,0.26
2404,4/11/2023 4:00,19.34,34.39,136.0,0.24
2405,4/11/2023 5:00,17.84,15.73,74.0,0.21
2406,4/11/2023 6:00,20.75,24.67,13.0,0.28
2407,4/11/2023 7:00,17.78,34.53,84.0,0.23
2408,4/11/2023 8:00,22.37,20.52,104.0,0.2
2409,4/11/2023 9:00,20.26,23.64,87.0,0.16
2410,4/11/2023 10:00,23.14,29.32,86.0,0.14
2411,4/11/2023 11:00,13.01,32.24,44.0,0.15
2412,4/11/2023 12:00,11.02,19.52,24.0,0.11
2413,4/11/2023 13:00,17.88,23.26,79.0,0.26
2414,4/11/2023 14:00,24.04,17.66,102.0,0.18
2415,4/11/2023 15:00,16.91,31.57,136.0,0.11
2416,4/11/2023 16:00,16.99,21.41,134.0,0.23
2417,4/11/2023 17:00,13.27,23.63,121.0,0.23
2418,4/11/2023 18:00,16.9,27.0,50.0,0.26
2419,4/11/2023 19:00,17.95,29.17,149.0,0.18
2420,4/11/2023 20:00,12.79,22.61,40.0,0.23
2421,4/11/2023 21:00,19.69,17.44,19.0,0.17
2422,4/11/2023 22:00,20.3,25.91,136.0,0.28
2423,4/11/2023 23:00,18.92,20.41,29.0,0.1
2424,4/12/2023 0:00,7.77,18.15,18.0,0.12
2425,4/12/2023 1:00,9.62,32.8,129.0,0.21
2426,4/12/2023 2:00,22.68,25.84,5.0,0.19
2427,4/12/2023 3:00,6.75,17.05,30.0,0.27
2428,4/12/2023 4:00,22.59,25.61,75.0,0.14
2429,4/12/2023 5:00,7.91,27.3,138.0,0.18
2430,4/12/2023 6:00,23.5,23.76,87.0,0.12
2431,4/12/2023 7:00,18.0,25.64,136.0,0.1
2432,4/12/2023 8:00,17.3,32.96,72.0,0.18
2433,4/12/2023 9:00,19.49,15.6,91.0,0.28
2434,4/12/2023 10:00,11.08,22.05,85.0,0.14
2435,4/12/2023 11:00,9.94,34.88,102.0,0.24
2436,4/12/2023 12:00,8.88,29.36,117.0,0.24
2437,4/12/2023 13:00,6.92,27.4,115.0,0.27
2438,4/12/2023 14:00,18.42,26.38,65.0,0.1
2439,4/12/2023 15:00,23.74,25.4,73.0,0.23
2440,4/12/2023 16:00,21.54,32.62,113.0,0.13
2441,4/12/2023 17:00,14.48,22.47,33.0,0.12
2442,4/12/2023 18:00,20.28,17.9,107.0,0.14
2443,4/12/2023 19:00,22.24,33.28,26.0,0.21
2444,4/12/2023 20:00,18.04,30.92,80.0,0.23
2445,4/12/2023 21:00,12.15,25.91,97.0,0.27
2446,4/12/2023 22:00,11.87,21.92,97.0,0.26
2447,4/12/2023 23:00,15.74,23.03,124.0,0.23
2448,4/13/2023 0:00,12.73,16.38,19.0,0.27
2449,4/13/2023 1:00,12.64,24.55,33.0,0.12
2450,4/13/2023 2:00,22.81,24.42,8.0,0.28
2451,4/13/2023 3:00,9.82,34.36,5.0,0.16
2452,4/13/2023 4:00,20.2,27.89,32.0,0.14
2453,4/13/2023 5:00,19.87,19.05,120.0,0.29
2454,4/13/2023 6:00,9.37,31.33,51.0,0.14
2455,4/13/2023 7:00,14.57,33.98,109.0,0.25
2456,4/13/2023 8:00,21.99,28.45,87.0,0.22
2457,4/13/2023 9:00,10.27,27.2,71.0,0.17
2458,4/13/2023 10:00,24.34,25.14,28.0,0.22
2459,4/13/2023 11:00,6.14,19.02,145.0,0.24
2460,4/13/2023 12:00,16.45,22.42,23.0,0.11
2461,4/13/2023 13:00,19.75,15.54,137.0,0.13
2462,4/13/2023 14:00,14.89,23.6,65.0,0.27
2463,4/13/2023 15:00,14.73,30.06,102.0,0.26
2464,4/13/2023 16:00,17.94,23.81,81.0,0.14
2465,4/13/2023 17:00,15.31,19.31,66.0,0.27
2466,4/13/2023 18:00,6.59,32.49,113.0,0.13
2467,4/13/2023 19:00,23.52,26.3,148.0,0.18
2468,4/13/2023 20:00,20.11,28.97,136.0,0.16
2469,4/13/2023 21:00,22.09,21.7,148.0,0.21
2470,4/13/2023 22:00,12.02,26.45,148.0,0.19
2471,4/13/2023 23:00,9.85,22.39,10.0,0.13
2472,4/14/2023 0:00,13.98,17.0,146.0,0.27
2473,4/14/2023 1:00,6.48,23.53,48.0,0.23
2474,4/14/2023 2:00,13.16,26.74,55.0,0.23
2475,4/14/2023 3:00,9.59,33.35,29.0,0.17
2476,4/14/2023 4:00,15.69,17.65,75.0,0.26
2477,4/14/2023 5:00,5.16,33.88,38.0,0.1
2478,4/14/2023 6:00,7.5,25.64,103.0,0.24
2479,4/14/2023 7:00,14.08,29.85,22.0,0.11
2480,4/14/2023 8:00,6.55,27.93,99.0,0.16
2481,4/14/2023 9:00,10.08,15.72,132.0,0.18
2482,4/14/2023 10:00,22.97,32.58,90.0,0.11
2483,4/14/2023 11:00,11.14,19.93,67.0,0.23
2484,4/14/2023 12:00,24.69,31.95,62.0,0.14
2485,4/14/2023 13:00,9.13,25.64,34.0,0.17
2486,4/14/2023 14:00,10.37,25.04,127.0,0.11
2487,4/14/2023 15:00,5.44,32.48,133.0,0.21
2488,4/14/2023 16:00,18.75,17.17,34.0,0.23
2489,4/14/2023 17:00,5.3,19.26,94.0,0.13
2490,4/14/2023 18:00,7.7,20.81,149.0,0.2
2491,4/14/2023 19:00,15.48,29.61,77.0,0.2
2492,4/14/2023 20:00,23.4,26.56,123.0,0.26
2493,4/14/2023 21:00,18.04,34.38,84.0,0.28
2494,4/14/2023 22:00,11.32,20.46,49.0,0.1
2495,4/14/2023 23:00,12.29,29.85,138.0,0.12
2496,4/15/2023 0:00,14.51,18.34,83.0,0.23
2497,4/15/2023 1:00,13.58,27.95,42.0,0.19
2498,4/15/2023 2:00,22.38,34.65,22.0,0.25
2499,4/15/2023 3:00,10.8,22.42,85.0,0.18
2500,4/15/2023 4:00,14.19,26.79,76.0,0.12
2501,4/15/2023 5:00,19.83,32.25,47.0,0.17
2502,4/15/2023 6:00,10.14,16.74,82.0,0.23
2503,4/15/2023 7:00,20.76,30.08,103.0,0.22
2504,4/15/2023 8:00,18.31,31.17,50.0,0.19
2505,4/15/2023 9:00,14.84,15.1,126.0,0.24
2506,4/15/2023 10:00,18.42,23.23,55.0,0.24
2507,4/15/2023 11:00,20.19,32.93,132.0,0.25
2508,4/15/2023 12:00,7.15,32.59,38.0,0.12
2509,4/15/2023 13:00,15.29,15.63,65.0,0.12
2510,4/15/2023 14:00,19.08,23.04,70.0,0.26
2511,4/15/2023 15:00,18.48,26.2,90.0,0.18
2512,4/15/2023 16:00,14.43,26.08,98.0,0.12
2513,4/15/2023 17:00,17.49,30.18,102.0,0.27
2514,4/15/2023 18:00,20.13,22.78,119.0,0.13
2515,4/15/2023 19:00,8.86,16.56,144.0,0.24
2516,4/15/2023 20:00,18.89,27.11,64.0,0.12
2517,4/15/2023 21:00,17.45,33.2,105.0,0.19
2518,4/15/2023 22:00,5.55,25.1,105.0,0.22
2519,4/15/2023 23:00,7.05,27.34,109.0,0.2
2520,4/16/2023 0:00,7.03,28.83,41.0,0.16
2521,4/16/2023 1:00,23.35,27.92,59.0,0.1
2522,4/16/2023 2:00,21.75,34.61,85.0,0.14
2523,4/16/2023 3:00,6.83,33.98,44.0,0.22
2524,4/16/2023 4:00,20.73,22.67,65.0,0.17
2525,4/16/2023 5:00,13.98,32.38,5.0,0.22
2526,4/16/2023 6:00,7.0,19.0,76.0,0.18
2527,4/16/2023 7:00,11.94,26.46,58.0,0.21
2528,4/16/2023 8:00,9.34,21.6,52.0,0.13
2529,4/16/2023 9:00,17.73,19.57,125.0,0.11
2530,4/16/2023 10:00,8.38,25.44,63.0,0.3
2531,4/16/2023 11:00,21.63,26.37,13.0,0.16
2532,4/16/2023 12:00,21.3,21.92,68.0,0.21
2533,4/16/2023 13:00,12.82,25.4,139.0,0.22
2534,4/16/2023 14:00,19.17,28.6,101.0,0.18
2535,4/16/2023 15:00,11.87,20.07,39.0,0.27
2536,4/16/2023 16:00,14.86,32.95,113.0,0.19
2537,4/16/2023 17:00,5.59,29.6,127.0,0.12
2538,4/16/2023 18:00,16.47,30.3,79.0,0.23
2539,4/16/2023 19:00,11.81,15.39,78.0,0.23
2540,4/16/2023 20:00,23.93,24.02,67.0,0.29
2541,4/16/2023 21:00,16.81,33.95,75.0,0.17
2542,4/16/2023 22:00,7.09,23.32,100.0,0.1
2543,4/16/2023 23:00,19.39,21.09,48.0,0.22
2544,4/17/2023 0:00,6.34,16.75,17.0,0.16
2545,4/17/2023 1:00,17.66,22.92,31.0,0.11
2546,4/17/2023 2:00,8.72,20.8,18.0,0.26
2547,4/17/2023 3:00,23.28,26.0,37.0,0.25
2548,4/17/2023 4:00,11.75,23.26,27.0,0.23
2549,4/17/2023 5:00,7.86,29.51,27.0,0.2
2550,4/17/2023 6:00,11.0,24.23,105.0,0.22
2551,4/17/2023 7:00,23.93,29.05,53.0,0.19
2552,4/17/2023 8:00,22.93,31.09,75.0,0.14
2553,4/17/2023 9:00,14.66,23.29,59.0,0.18
2554,4/17/2023 10:00,6.96,19.59,32.0,0.3
2555,4/17/2023 11:00,11.99,18.75,28.0,0.15
2556,4/17/2023 12:00,8.89,18.47,106.0,0.15
2557,4/17/2023 13:00,9.02,26.36,100.0,0.19
2558,4/17/2023 14:00,9.97,22.31,107.0,0.15
2559,4/17/2023 15:00,23.11,31.25,34.0,0.11
2560,4/17/2023 16:00,21.73,28.46,74.0,0.23
2561,4/17/2023 17:00,5.76,33.28,112.0,0.25
2562,4/17/2023 18:00,5.06,18.26,110.0,0.13
2563,4/17/2023 19:00,5.43,30.11,70.0,0.26
2564,4/17/2023 20:00,18.0,16.44,86.0,0.14
2565,4/17/2023 21:00,20.99,33.85,129.0,0.22
2566,4/17/2023 22:00,18.24,20.5,76.0,0.25
2567,4/17/2023 23:00,24.98,25.37,50.0,0.27
2568,4/18/2023 0:00,20.81,16.51,58.0,0.15
2569,4/18/2023 1:00,20.1,19.08,149.0,0.26
2570,4/18/2023 2:00,22.91,26.21,9.0,0.1
2571,4/18/2023 3:00,21.41,20.52,60.0,0.1
2572,4/18/2023 4:00,16.77,29.12,105.0,0.28
2573,4/18/2023 5:00,20.57,28.84,143.0,0.23
2574,4/18/2023 6:00,9.73,19.24,113.0,0.18
2575,4/18/2023 7:00,13.93,27.73,48.0,0.22
2576,4/18/2023 8:00,14.26,20.66,123.0,0.13
2577,4/18/2023 9:00,10.28,28.44,124.0,0.14
2578,4/18/2023 10:00,23.02,30.63,142.0,0.19
2579,4/18/2023 11:00,9.27,32.73,37.0,0.21
2580,4/18/2023 12:00,7.31,32.81,103.0,0.18
2581,4/18/2023 13:00,9.35,26.75,79.0,0.13
2582,4/18/2023 14:00,16.57,26.65,39.0,0.22
2583,4/18/2023 15:00,6.17,29.38,57.0,0.3
2584,4/18/2023 16:00,15.42,23.8,47.0,0.23
2585,4/18/2023 17:00,20.94,17.82,49.0,0.23
2586,4/18/2023 18:00,12.0,31.39,77.0,0.11
2587,4/18/2023 19:00,7.08,23.15,15.0,0.11
2588,4/18/2023 20:00,12.53,33.2,81.0,0.11
2589,4/18/2023 21:00,7.58,33.96,48.0,0.22
2590,4/18/2023 22:00,24.2,28.41,118.0,0.25
2591,4/18/2023 23:00,8.14,33.26,36.0,0.21
2592,4/19/2023 0:00,13.06,30.92,138.0,0.17
2593,4/19/2023 1:00,24.86,24.0,61.0,0.11
2594,4/19/2023 2:00,18.78,32.95,56.0,0.26
2595,4/19/2023 3:00,15.37,24.29,110.0,0.15
2596,4/19/2023 4:00,16.74,23.09,150.0,0.17
2597,4/19/2023 5:00,7.78,32.5,111.0,0.26
2598,4/19/2023 6:00,5.99,15.07,92.0,0.28
2599,4/19/2023 7:00,18.14,29.13,68.0,0.17
2600,4/19/2023 8:00,12.71,28.69,9.0,0.11
2601,4/19/2023 9:00,9.29,26.34,88.0,0.12
2602,4/19/2023 10:00,12.72,28.72,67.0,0.21
2603,4/19/2023 11:00,22.78,33.15,35.0,0.11
2604,4/19/2023 12:00,23.78,22.86,111.0,0.19
2605,4/19/2023 13:00,21.86,30.49,54.0,0.22
2606,4/19/2023 14:00,8.83,34.62,128.0,0.15
2607,4/19/2023 15:00,7.19,26.05,46.0,0.25
2608,4/19/2023 16:00,9.07,25.55,50.0,0.13
2609,4/19/2023 17:00,19.43,28.55,129.0,0.11
2610,4/19/2023 18:00,13.58,16.79,6.0,0.23
2611,4/19/2023 19:00,7.34,16.13,126.0,0.13
2612,4/19/2023 20:00,21.45,21.42,83.0,0.18
2613,4/19/2023 21:00,13.12,29.31,66.0,0.27
2614,4/19/2023 22:00,15.4,25.52,41.0,0.16
2615,4/19/2023 23:00,22.61,17.15,45.0,0.22
2616,4/20/2023 0:00,22.68,18.7,79.0,0.26
2617,4/20/2023 1:00,15.21,24.4,67.0,0.22
2618,4/20/2023 2:00,10.42,15.72,81.0,0.2
2619,4/20/2023 3:00,17.78,27.73,148.0,0.24
2620,4/20/2023 4:00,14.14,29.1,110.0,0.26
2621,4/20/2023 5:00,16.44,15.44,45.0,0.21
2622,4/20/2023 6:00,10.71,17.58,7.0,0.19
2623,4/20/2023 7:00,19.09,18.02,101.0,0.24
2624,4/20/2023 8:00,18.38,32.27,149.0,0.28
2625,4/20/2023 9:00,6.23,28.67,107.0,0.18
2626,4/20/2023 10:00,16.36,28.21,143.0,0.26
2627,4/20/2023 11:00,22.38,17.94,42.0,0.18
2628,4/20/2023 12:00,10.11,22.63,36.0,0.22
2629,4/20/2023 13:00,24.14,24.34,5.0,0.11
2630,4/20/2023 14:00,15.88,23.1,13.0,0.15
2631,4/20/2023 15:00,23.45,26.83,84.0,0.15
2632,4/20/2023 16:00,15.47,28.7,135.0,0.1
2633,4/20/2023 17:00,18.86,21.41,44.0,0.3
2634,4/20/2023 18:00,18.04,28.21,55.0,0.21
2635,4/20/2023 19:00,23.1,28.67,144.0,0.18
2636,4/20/2023 20:00,23.86,34.89,80.0,0.21
2637,4/20/2023 21:00,17.72,33.6,31.0,0.21
2638,4/20/2023 22:00,6.83,34.5,52.0,0.24
2639,4/20/2023 23:00,11.43,22.63,35.0,0.3
2640,4/21/2023 0:00,17.01,23.83,51.0,0.24
2641,4/21/2023 1:00,15.83,32.1,88.0,0.14
2642,4/21/2023 2:00,12.44,32.87,86.0,0.23
2643,4/21/2023 3:00,6.5,33.03,6.0,0.18
2644,4/21/2023 4:00,13.0,16.62,62.0,0.28
2645,4/21/2023 5:00,19.47,32.74,35.0,0.15
2646,4/21/2023 6:00,14.32,30.45,77.0,0.2
2647,4/21/2023 7:00,6.17,27.65,58.0,0.12
2648,4/21/2023 8:00,12.53,32.34,86.0,0.25
2649,4/21/2023 9:00,14.19,15.95,129.0,0.2
2650,4/21/2023 10:00,12.27,32.53,93.0,0.19
2651,4/21/2023 11:00,17.89,29.49,28.0,0.13
2652,4/21/2023 12:00,24.54,32.54,12.0,0.24
2653,4/21/2023 13:00,9.62,24.65,22.0,0.28
2654,4/21/2023 14:00,14.55,18.75,91.0,0.26
2655,4/21/2023 15:00,20.06,24.01,125.0,0.27
2656,4/21/2023 16:00,9.51,27.28,137.0,0.22
2657,4/21/2023 17:00,16.51,19.8,137.0,0.25
2658,4/21/2023 18:00,24.61,28.03,63.0,0.17
2659,4/21/2023 19:00,6.17,34.51,16.0,0.17
2660,4/21/2023 20:00,17.96,19.9,61.0,0.2
2661,4/21/2023 21:00,19.81,16.52,117.0,0.2
2662,4/21/2023 22:00,11.53,24.24,79.0,0.14
2663,4/21/2023 23:00,15.73,17.01,41.0,0.28
2664,4/22/2023 0:00,20.09,31.44,44.0,0.29
2665,4/22/2023 1:00,7.02,27.13,50.0,0.13
2666,4/22/2023 2:00,17.61,30.34,75.0,0.21
2667,4/22/2023 3:00,15.14,28.99,41.0,0.17
2668,4/22/2023 4:00,14.91,22.97,127.0,0.12
2669,4/22/2023 5:00,6.77,23.3,87.0,0.23
2670,4/22/2023 6:00,13.73,31.98,18.0,0.27
2671,4/22/2023 7:00,16.73,19.34,25.0,0.24
2672,4/22/2023 8:00,5.98,21.19,59.0,0.1
2673,4/22/2023 9:00,12.03,25.73,57.0,0.15
2674,4/22/2023 10:00,12.53,18.61,107.0,0.19
2675,4/22/2023 11:00,5.72,29.1,96.0,0.24
2676,4/22/2023 12:00,23.53,17.91,38.0,0.25
2677,4/22/2023 13:00,24.09,29.14,102.0,0.12
2678,4/22/2023 14:00,5.83,33.28,64.0,0.14
2679,4/22/2023 15:00,21.31,34.61,64.0,0.22
2680,4/22/2023 16:00,5.5,15.43,35.0,0.11
2681,4/22/2023 17:00,14.9,27.71,20.0,0.25
2682,4/22/2023 18:00,10.41,34.43,40.0,0.27
2683,4/22/2023 19:00,20.65,20.26,128.0,0.16
2684,4/22/2023 20:00,13.21,21.93,18.0,0.14
2685,4/22/2023 21:00,8.3,19.97,48.0,0.18
2686,4/22/2023 22:00,8.45,18.68,28.0,0.11
2687,4/22/2023 23:00,12.98,28.1,25.0,0.14
2688,4/23/2023 0:00,12.23,30.95,80.0,0.28
2689,4/23/2023 1:00,11.97,28.31,108.0,0.13
2690,4/23/2023 2:00,5.13,29.47,9.0,0.16
2691,4/23/2023 3:00,23.79,23.22,22.0,0.2
2692,4/23/2023 4:00,11.52,17.06,46.0,0.23
2693,4/23/2023 5:00,14.99,29.56,51.0,0.1
2694,4/23/2023 6:00,10.52,24.34,124.0,0.29
2695,4/23/2023 7:00,19.27,33.37,32.0,0.23
2696,4/23/2023 8:00,16.97,20.09,8.0,0.13
2697,4/23/2023 9:00,13.84,26.91,125.0,0.27
2698,4/23/2023 10:00,18.44,33.63,103.0,0.16
2699,4/23/2023 11:00,5.49,23.85,108.0,0.18
2700,4/23/2023 12:00,13.61,32.53,36.0,0.15
2701,4/23/2023 13:00,24.26,23.44,123.0,0.19
2702,4/23/2023 14:00,22.26,16.64,89.0,0.27
2703,4/23/2023 15:00,15.97,32.05,84.0,0.16
2704,4/23/2023 16:00,6.93,25.26,11.0,0.18
2705,4/23/2023 17:00,7.52,32.22,32.0,0.21
2706,4/23/2023 18:00,5.6,31.26,62.0,0.26
2707,4/23/2023 19:00,20.04,33.25,87.0,0.25
2708,4/23/2023 20:00,23.81,32.06,115.0,0.21
2709,4/23/2023 21:00,19.11,33.98,48.0,0.26
2710,4/23/2023 22:00,23.54,21.88,36.0,0.16
2711,4/23/2023 23:00,13.99,25.39,147.0,0.29
2712,4/24/2023 0:00,21.26,18.88,84.0,0.26
2713,4/24/2023 1:00,18.66,27.86,142.0,0.15
2714,4/24/2023 2:00,10.63,29.44,138.0,0.16
2715,4/24/2023 3:00,24.32,24.64,5.0,0.12
2716,4/24/2023 4:00,6.91,24.33,35.0,0.27
2717,4/24/2023 5:00,9.1,29.55,104.0,0.15
2718,4/24/2023 6:00,18.46,24.88,98.0,0.16
2719,4/24/2023 7:00,5.12,29.84,90.0,0.28
2720,4/24/2023 8:00,18.71,25.6,125.0,0.13
2721,4/24/2023 9:00,20.1,20.97,5.0,0.16
2722,4/24/2023 10:00,11.6,27.74,71.0,0.19
2723,4/24/2023 11:00,6.92,21.49,96.0,0.23
2724,4/24/2023 12:00,16.99,28.65,98.0,0.25
2725,4/24/2023 13:00,21.75,32.75,33.0,0.13
2726,4/24/2023 14:00,20.06,24.11,134.0,0.22
2727,4/24/2023 15:00,6.97,22.13,25.0,0.12
2728,4/24/2023 16:00,9.48,25.5,87.0,0.29
2729,4/24/2023 17:00,21.92,17.39,46.0,0.23
2730,4/24/2023 18:00,7.69,21.93,130.0,0.27
2731,4/24/2023 19:00,17.57,23.34,142.0,0.26
2732,4/24/2023 20:00,23.96,34.22,12.0,0.16
2733,4/24/2023 21:00,7.63,16.11,143.0,0.19
2734,4/24/2023 22:00,18.78,21.49,115.0,0.19
2735,4/24/2023 23:00,22.91,32.07,7.0,0.15
2736,4/25/2023 0:00,13.96,20.94,91.0,0.29
2737,4/25/2023 1:00,17.69,25.08,131.0,0.2
2738,4/25/2023 2:00,18.97,32.47,50.0,0.19
2739,4/25/2023 3:00,19.79,15.44,95.0,0.12
2740,4/25/2023 4:00,16.93,23.66,113.0,0.14
2741,4/25/2023 5:00,8.94,32.45,138.0,0.24
2742,4/25/2023 6:00,5.45,20.2,63.0,0.22
2743,4/25/2023 7:00,14.63,15.46,60.0,0.16
2744,4/25/2023 8:00,20.5,20.59,82.0,0.14
2745,4/25/2023 9:00,21.67,31.52,38.0,0.12
2746,4/25/2023 10:00,12.61,18.7,93.0,0.14
2747,4/25/2023 11:00,6.82,33.95,100.0,0.12
2748,4/25/2023 12:00,12.78,23.95,116.0,0.23
2749,4/25/2023 13:00,11.44,15.29,33.0,0.16
2750,4/25/2023 14:00,15.36,34.66,90.0,0.21
2751,4/25/2023 15:00,21.67,33.43,95.0,0.24
2752,4/25/2023 16:00,7.72,23.01,118.0,0.13
2753,4/25/2023 17:00,14.37,18.02,63.0,0.11
2754,4/25/2023 18:00,18.66,33.61,138.0,0.15
2755,4/25/2023 19:00,21.19,24.14,38.0,0.24
2756,4/25/2023 20:00,8.92,27.1,102.0,0.13
2757,4/25/2023 21:00,5.63,29.95,102.0,0.19
2758,4/25/2023 22:00,23.76,26.17,74.0,0.1
2759,4/25/2023 23:00,11.18,23.41,135.0,0.29
2760,4/26/2023 0:00,10.5,29.09,111.0,0.21
2761,4/26/2023 1:00,8.17,20.41,132.0,0.28
2762,4/26/2023 2:00,13.7,22.18,100.0,0.13
2763,4/26/2023 3:00,21.94,31.83,129.0,0.12
2764,4/26/2023 4:00,18.5,16.84,118.0,0.1
2765,4/26/2023 5:00,16.99,27.25,150.0,0.27
2766,4/26/2023 6:00,8.19,34.4,144.0,0.26
2767,4/26/2023 7:00,11.46,28.4,78.0,0.1
2768,4/26/2023 8:00,15.88,32.36,12.0,0.25
2769,4/26/2023 9:00,12.01,29.34,36.0,0.22
2770,4/26/2023 10:00,12.07,26.86,62.0,0.13
2771,4/26/2023 11:00,9.62,17.77,21.0,0.13
2772,4/26/2023 12:00,22.23,30.69,108.0,0.19
2773,4/26/2023 13:00,18.83,30.15,148.0,0.14
2774,4/26/2023 14:00,13.04,29.77,149.0,0.21
2775,4/26/2023 15:00,15.58,29.46,14.0,0.18
2776,4/26/2023 16:00,16.74,34.01,97.0,0.16
2777,4/26/2023 17:00,7.38,34.98,9.0,0.3
2778,4/26/2023 18:00,8.79,17.64,75.0,0.25
2779,4/26/2023 19:00,17.95,29.44,54.0,0.13
2780,4/26/2023 20:00,9.89,23.69,146.0,0.16
2781,4/26/2023 21:00,7.48,28.91,52.0,0.28
2782,4/26/2023 22:00,22.56,24.28,50.0,0.22
2783,4/26/2023 23:00,7.29,16.31,94.0,0.26
2784,4/27/2023 0:00,14.79,23.82,14.0,0.16
2785,4/27/2023 1:00,10.32,23.3,23.0,0.14
2786,4/27/2023 2:00,8.67,31.92,150.0,0.22
2787,4/27/2023 3:00,15.96,31.08,53.0,0.24
2788,4/27/2023 4:00,11.1,26.89,26.0,0.24
2789,4/27/2023 5:00,10.54,34.41,97.0,0.1
2790,4/27/2023 6:00,8.26,31.2,145.0,0.23
2791,4/27/2023 7:00,21.81,16.85,79.0,0.29
2792,4/27/2023 8:00,12.93,28.7,118.0,0.29
2793,4/27/2023 9:00,14.38,22.08,33.0,0.13
2794,4/27/2023 10:00,5.69,30.11,102.0,0.15
2795,4/27/2023 11:00,21.5,16.78,109.0,0.27
2796,4/27/2023 12:00,13.49,20.18,84.0,0.12
2797,4/27/2023 13:00,10.86,25.28,32.0,0.22
2798,4/27/2023 14:00,23.87,25.13,9.0,0.29
2799,4/27/2023 15:00,20.57,21.95,53.0,0.16
2800,4/27/2023 16:00,13.74,23.17,133.0,0.29
2801,4/27/2023 17:00,16.3,30.14,22.0,0.17
2802,4/27/2023 18:00,20.57,20.98,22.0,0.25
2803,4/27/2023 19:00,20.66,16.89,10.0,0.26
2804,4/27/2023 20:00,9.04,15.76,82.0,0.23
2805,4/27/2023 21:00,20.97,15.89,103.0,0.29
2806,4/27/2023 22:00,6.71,27.57,75.0,0.15
2807,4/27/2023 23:00,5.9,32.02,18.0,0.2
2808,4/28/2023 0:00,22.06,20.57,124.0,0.13
2809,4/28/2023 1:00,22.62,17.15,146.0,0.18
2810,4/28/2023 2:00,12.94,31.88,43.0,0.16
2811,4/28/2023 3:00,9.65,17.53,100.0,0.13
2812,4/28/2023 4:00,13.45,24.65,55.0,0.11
2813,4/28/2023 5:00,24.31,17.04,119.0,0.18
2814,4/28/2023 6:00,11.64,21.93,61.0,0.19
2815,4/28/2023 7:00,11.88,22.97,57.0,0.21
2816,4/28/2023 8:00,6.28,20.49,136.0,0.16
2817,4/28/2023 9:00,7.72,27.68,100.0,0.22
2818,4/28/2023 10:00,24.29,28.69,140.0,0.23
2819,4/28/2023 11:00,19.22,17.4,144.0,0.27
2820,4/28/2023 12:00,12.35,28.78,75.0,0.11
2821,4/28/2023 13:00,7.25,27.63,104.0,0.19
2822,4/28/2023 14:00,10.39,26.66,49.0,0.3
2823,4/28/2023 15:00,16.23,24.64,107.0,0.27
2824,4/28/2023 16:00,12.14,27.11,86.0,0.24
2825,4/28/2023 17:00,17.83,19.91,32.0,0.29
2826,4/28/2023 18:00,22.77,23.95,82.0,0.23
2827,4/28/2023 19:00,14.74,21.25,79.0,0.28
2828,4/28/2023 20:00,10.05,25.47,13.0,0.23
2829,4/28/2023 21:00,6.47,16.71,42.0,0.25
2830,4/28/2023 22:00,14.75,24.5,115.0,0.28
2831,4/28/2023 23:00,6.19,25.24,81.0,0.27
2832,4/29/2023 0:00,11.59,34.16,76.0,0.25
2833,4/29/2023 1:00,21.79,32.28,150.0,0.19
2834,4/29/2023 2:00,13.58,34.22,92.0,0.27
2835,4/29/2023 3:00,22.25,21.05,53.0,0.11
2836,4/29/2023 4:00,20.9,27.07,16.0,0.18
2837,4/29/2023 5:00,5.3,23.14,76.0,0.26
2838,4/29/2023 6:00,19.78,29.74,126.0,0.22
2839,4/29/2023 7:00,10.65,18.78,11.0,0.29
2840,4/29/2023 8:00,18.93,21.38,98.0,0.12
2841,4/29/2023 9:00,22.38,22.47,57.0,0.21
2842,4/29/2023 10:00,16.18,33.12,22.0,0.21
2843,4/29/2023 11:00,21.16,15.43,43.0,0.12
2844,4/29/2023 12:00,5.47,30.93,83.0,0.14
2845,4/29/2023 13:00,21.7,18.97,28.0,0.22
2846,4/29/2023 14:00,9.91,29.93,132.0,0.27
2847,4/29/2023 15:00,22.14,33.21,139.0,0.17
2848,4/29/2023 16:00,11.36,25.79,103.0,0.11
2849,4/29/2023 17:00,5.19,18.05,111.0,0.2
2850,4/29/2023 18:00,20.82,17.89,123.0,0.24
2851,4/29/2023 19:00,12.66,29.06,127.0,0.23
2852,4/29/2023 20:00,9.89,32.34,74.0,0.17
2853,4/29/2023 21:00,18.18,30.66,122.0,0.17
2854,4/29/2023 22:00,18.42,16.12,106.0,0.2
2855,4/29/2023 23:00,13.71,29.48,74.0,0.28
2856,4/30/2023 0:00,21.05,15.74,86.0,0.23
2857,4/30/2023 1:00,23.53,17.95,31.0,0.15
2858,4/30/2023 2:00,21.13,19.09,75.0,0.23
2859,4/30/2023 3:00,9.63,34.59,142.0,0.2
2860,4/30/2023 4:00,16.68,20.73,105.0,0.23
2861,4/30/2023 5:00,11.63,30.35,62.0,0.15
2862,4/30/2023 6:00,11.96,31.12,23.0,0.25
2863,4/30/2023 7:00,12.24,34.47,14.0,0.12
2864,4/30/2023 8:00,5.0,18.96,5.0,0.24
2865,4/30/2023 9:00,21.51,29.24,82.0,0.18
2866,4/30/2023 10:00,5.71,30.77,105.0,0.29
2867,4/30/2023 11:00,18.09,21.71,104.0,0.23
2868,4/30/2023 12:00,19.59,24.03,98.0,0.27
2869,4/30/2023 13:00,9.27,25.19,130.0,0.27
2870,4/30/2023 14:00,22.1,30.06,37.0,0.25
2871,4/30/2023 15:00,21.45,18.44,110.0,0.16
2872,4/30/2023 16:00,16.02,22.95,121.0,0.14
2873,4/30/2023 17:00,7.54,16.66,118.0,0.14
2874,4/30/2023 18:00,11.37,17.98,19.0,0.29
2875,4/30/2023 19:00,22.07,21.72,93.0,0.3
2876,4/30/2023 20:00,24.25,34.92,33.0,0.22
2877,4/30/2023 21:00,13.25,29.16,59.0,0.23
2878,4/30/2023 22:00,15.08,24.11,50.0,0.25
2879,4/30/2023 23:00,14.91,20.73,37.0,0.29
2880,5/1/2023 0:00,11.9,28.56,13.0,0.16
2881,5/1/2023 1:00,22.4,25.33,114.0,0.29
2882,5/1/2023 2:00,13.46,32.2,131.0,0.26
2883,5/1/2023 3:00,11.28,31.44,85.0,0.12
2884,5/1/2023 4:00,9.62,26.86,36.0,0.2
2885,5/1/2023 5:00,14.09,20.67,132.0,0.12
2886,5/1/2023 6:00,17.98,16.03,105.0,0.27
2887,5/1/2023 7:00,5.8,23.55,96.0,0.2
2888,5/1/2023 8:00,17.02,27.78,141.0,0.23
2889,5/1/2023 9:00,12.18,33.4,109.0,0.2
2890,5/1/2023 10:00,12.02,30.96,14.0,0.28
2891,5/1/2023 11:00,21.4,29.87,38.0,0.25
2892,5/1/2023 12:00,9.55,20.67,56.0,0.11
2893,5/1/2023 13:00,13.77,20.86,148.0,0.16
2894,5/1/2023 14:00,20.29,26.44,22.0,0.14
2895,5/1/2023 15:00,20.76,27.58,86.0,0.2
2896,5/1/2023 16:00,13.07,16.02,45.0,0.3
2897,5/1/2023 17:00,15.19,29.52,6.0,0.27
2898,5/1/2023 18:00,20.42,16.64,67.0,0.17
2899,5/1/2023 19:00,16.53,25.43,119.0,0.1
2900,5/1/2023 20:00,10.56,19.23,102.0,0.12
2901,5/1/2023 21:00,14.8,24.64,8.0,0.24
2902,5/1/2023 22:00,6.97,28.26,20.0,0.29
2903,5/1/2023 23:00,22.74,22.17,149.0,0.17
2904,5/2/2023 0:00,23.39,23.14,18.0,0.17
2905,5/2/2023 1:00,20.8,27.28,150.0,0.23
2906,5/2/2023 2:00,10.67,26.52,91.0,0.25
2907,5/2/2023 3:00,11.93,32.14,86.0,0.14
2908,5/2/2023 4:00,24.03,15.6,43.0,0.3
2909,5/2/2023 5:00,21.54,16.03,145.0,0.22
2910,5/2/2023 6:00,20.79,18.64,44.0,0.21
2911,5/2/2023 7:00,14.34,28.77,102.0,0.28
2912,5/2/2023 8:00,10.81,24.57,67.0,0.27
2913,5/2/2023 9:00,5.49,22.99,102.0,0.13
2914,5/2/2023 10:00,22.96,30.22,125.0,0.28
2915,5/2/2023 11:00,17.29,20.32,50.0,0.14
2916,5/2/2023 12:00,16.55,30.9,5.0,0.22
2917,5/2/2023 13:00,19.51,19.21,36.0,0.23
2918,5/2/2023 14:00,16.12,34.56,141.0,0.13
2919,5/2/2023 15:00,22.87,19.36,120.0,0.13
2920,5/2/2023 16:00,7.9,29.37,6.0,0.16
2921,5/2/2023 17:00,23.2,16.3,113.0,0.24
2922,5/2/2023 18:00,14.3,32.43,91.0,0.14
2923,5/2/2023 19:00,16.36,34.49,26.0,0.2
2924,5/2/2023 20:00,22.3,22.74,71.0,0.23
2925,5/2/2023 21:00,20.8,30.49,14.0,0.21
2926,5/2/2023 22:00,5.04,22.2,146.0,0.2
2927,5/2/2023 23:00,17.36,32.27,36.0,0.23
2928,5/3/2023 0:00,9.54,27.93,38.0,0.14
2929,5/3/2023 1:00,11.29,32.09,68.0,0.27
2930,5/3/2023 2:00,11.59,26.16,32.0,0.15
2931,5/3/2023 3:00,11.88,25.15,101.0,0.25
2932,5/3/2023 4:00,14.56,30.06,88.0,0.29
2933,5/3/2023 5:00,9.89,30.24,19.0,0.2
2934,5/3/2023 6:00,13.42,18.28,97.0,0.15
2935,5/3/2023 7:00,15.31,26.16,142.0,0.14
2936,5/3/2023 8:00,14.04,17.57,128.0,0.11
2937,5/3/2023 9:00,9.76,33.98,118.0,0.18
2938,5/3/2023 10:00,16.08,27.84,99.0,0.2
2939,5/3/2023 11:00,16.49,24.54,109.0,0.22
2940,5/3/2023 12:00,10.85,21.79,97.0,0.14
2941,5/3/2023 13:00,23.0,32.72,44.0,0.28
2942,5/3/2023 14:00,16.77,15.35,121.0,0.13
2943,5/3/2023 15:00,15.65,27.85,115.0,0.29
2944,5/3/2023 16:00,10.85,23.96,146.0,0.15
2945,5/3/2023 17:00,7.34,22.79,101.0,0.29
2946,5/3/2023 18:00,7.66,33.54,109.0,0.2
2947,5/3/2023 19:00,14.4,23.06,21.0,0.1
2948,5/3/2023 20:00,20.05,34.98,31.0,0.22
2949,5/3/2023 21:00,13.08,15.09,113.0,0.23
2950,5/3/2023 22:00,20.05,32.69,11.0,0.28
2951,5/3/2023 23:00,19.58,27.6,20.0,0.11
2952,5/4/2023 0:00,19.41,16.86,47.0,0.25
2953,5/4/2023 1:00,7.07,30.74,73.0,0.14
2954,5/4/2023 2:00,8.42,29.44,126.0,0.15
2955,5/4/2023 3:00,21.2,28.53,41.0,0.28
2956,5/4/2023 4:00,6.0,22.06,112.0,0.12
2957,5/4/2023 5:00,23.44,33.73,90.0,0.27
2958,5/4/2023 6:00,18.24,18.59,133.0,0.29
2959,5/4/2023 7:00,5.15,22.17,146.0,0.3
2960,5/4/2023 8:00,15.36,32.29,99.0,0.15
2961,5/4/2023 9:00,21.55,34.72,22.0,0.19
2962,5/4/2023 10:00,18.54,27.87,93.0,0.14
2963,5/4/2023 11:00,6.18,31.56,17.0,0.12
2964,5/4/2023 12:00,24.34,19.35,53.0,0.3
2965,5/4/2023 13:00,7.5,17.28,93.0,0.11
2966,5/4/2023 14:00,9.11,17.74,97.0,0.13
2967,5/4/2023 15:00,16.39,31.35,60.0,0.16
2968,5/4/2023 16:00,16.67,33.31,110.0,0.17
2969,5/4/2023 17:00,14.92,30.0,101.0,0.23
2970,5/4/2023 18:00,12.38,34.53,52.0,0.23
2971,5/4/2023 19:00,19.19,27.15,19.0,0.17
2972,5/4/2023 20:00,17.83,30.75,123.0,0.28
2973,5/4/2023 21:00,23.01,17.2,94.0,0.17
2974,5/4/2023 22:00,23.11,24.84,30.0,0.12
2975,5/4/2023 23:00,12.18,33.17,114.0,0.19
2976,5/5/2023 0:00,10.29,27.05,72.0,0.22
2977,5/5/2023 1:00,6.38,24.04,133.0,0.24
2978,5/5/2023 2:00,14.59,23.08,150.0,0.15
2979,5/5/2023 3:00,24.82,16.17,50.0,0.22
2980,5/5/2023 4:00,11.45,31.72,80.0,0.15
2981,5/5/2023 5:00,22.61,30.81,111.0,0.19
2982,5/5/2023 6:00,12.49,22.82,131.0,0.28
2983,5/5/2023 7:00,17.71,22.78,55.0,0.22
2984,5/5/2023 8:00,7.5,28.0,98.0,0.17
2985,5/5/2023 9:00,6.14,17.84,72.0,0.28
2986,5/5/2023 10:00,8.18,30.87,138.0,0.14
2987,5/5/2023 11:00,18.84,21.44,138.0,0.21
2988,5/5/2023 12:00,8.62,16.1,56.0,0.2
2989,5/5/2023 13:00,24.51,23.06,11.0,0.1
2990,5/5/2023 14:00,18.05,19.76,87.0,0.22
2991,5/5/2023 15:00,15.09,21.22,83.0,0.16
2992,5/5/2023 16:00,8.6,19.83,149.0,0.24
2993,5/5/2023 17:00,16.82,32.49,32.0,0.16
2994,5/5/2023 18:00,18.67,17.44,85.0,0.24
2995,5/5/2023 19:00,15.36,33.36,141.0,0.12
2996,5/5/2023 20:00,20.76,32.51,33.0,0.18
2997,5/5/2023 21:00,20.98,17.5,29.0,0.15
2998,5/5/2023 22:00,21.42,18.33,12.0,0.2
2999,5/5/2023 23:00,22.01,17.97,24.0,0.17
3000,5/6/2023 0:00,20.9,28.89,95.0,0.21
3001,5/6/2023 1:00,22.29,31.61,145.0,0.15
3002,5/6/2023 2:00,20.32,28.57,52.0,0.11
3003,5/6/2023 3:00,11.06,34.61,16.0,0.17
3004,5/6/2023 4:00,15.03,27.53,65.0,0.3
3005,5/6/2023 5:00,20.3,34.12,41.0,0.21
3006,5/6/2023 6:00,14.09,20.37,100.0,0.17
3007,5/6/2023 7:00,15.58,31.18,124.0,0.17
3008,5/6/2023 8:00,19.82,24.3,66.0,0.22
3009,5/6/2023 9:00,8.32,26.59,64.0,0.14
3010,5/6/2023 10:00,9.64,34.38,34.0,0.12
3011,5/6/2023 11:00,16.23,20.09,26.0,0.13
3012,5/6/2023 12:00,16.2,22.82,65.0,0.18
3013,5/6/2023 13:00,5.85,20.39,79.0,0.25
3014,5/6/2023 14:00,15.89,18.75,132.0,0.27
3015,5/6/2023 15:00,12.55,23.38,78.0,0.24
3016,5/6/2023 16:00,8.19,31.17,118.0,0.24
3017,5/6/2023 17:00,21.97,27.61,58.0,0.29
3018,5/6/2023 18:00,15.25,18.33,77.0,0.22
3019,5/6/2023 19:00,20.43,21.75,81.0,0.21
3020,5/6/2023 20:00,14.65,23.86,53.0,0.14
3021,5/6/2023 21:00,24.89,33.28,114.0,0.14
3022,5/6/2023 22:00,10.55,16.16,34.0,0.11
3023,5/6/2023 23:00,6.02,29.47,91.0,0.13
3024,5/7/2023 0:00,12.8,16.29,108.0,0.27
3025,5/7/2023 1:00,7.4,24.76,52.0,0.22
3026,5/7/2023 2:00,23.93,31.26,42.0,0.14
3027,5/7/2023 3:00,8.56,22.37,62.0,0.12
3028,5/7/2023 4:00,7.81,31.23,33.0,0.19
3029,5/7/2023 5:00,6.27,30.62,77.0,0.2
3030,5/7/2023 6:00,23.98,23.39,74.0,0.16
3031,5/7/2023 7:00,9.49,23.22,125.0,0.29
3032,5/7/2023 8:00,6.35,34.65,143.0,0.12
3033,5/7/2023 9:00,14.29,18.76,137.0,0.13
3034,5/7/2023 10:00,21.31,33.53,62.0,0.25
3035,5/7/2023 11:00,5.54,25.74,114.0,0.17
3036,5/7/2023 12:00,21.23,17.1,67.0,0.29
3037,5/7/2023 13:00,8.99,25.81,99.0,0.27
3038,5/7/2023 14:00,11.25,24.13,10.0,0.15
3039,5/7/2023 15:00,5.31,31.25,136.0,0.2
3040,5/7/2023 16:00,5.65,34.51,133.0,0.29
3041,5/7/2023 17:00,15.27,28.81,146.0,0.13
3042,5/7/2023 18:00,15.24,32.66,89.0,0.28
3043,5/7/2023 19:00,13.56,24.31,105.0,0.28
3044,5/7/2023 20:00,18.72,31.61,146.0,0.22
3045,5/7/2023 21:00,18.59,18.23,79.0,0.12
3046,5/7/2023 22:00,15.11,33.72,91.0,0.15
3047,5/7/2023 23:00,11.86,16.87,119.0,0.3
3048,5/8/2023 0:00,22.61,18.76,41.0,0.15
3049,5/8/2023 1:00,7.12,28.41,65.0,0.18
3050,5/8/2023 2:00,22.35,22.26,32.0,0.23
3051,5/8/2023 3:00,18.03,34.41,55.0,0.2
3052,5/8/2023 4:00,10.29,19.41,8.0,0.22
3053,5/8/2023 5:00,11.66,15.84,80.0,0.11
3054,5/8/2023 6:00,9.33,17.0,141.0,0.21
3055,5/8/2023 7:00,9.57,24.28,109.0,0.19
3056,5/8/2023 8:00,7.55,27.35,128.0,0.27
3057,5/8/2023 9:00,24.3,22.44,23.0,0.16
3058,5/8/2023 10:00,8.63,31.85,85.0,0.14
3059,5/8/2023 11:00,11.02,25.37,132.0,0.19
3060,5/8/2023 12:00,16.86,34.51,80.0,0.2
3061,5/8/2023 13:00,8.67,32.35,57.0,0.2
3062,5/8/2023 14:00,24.82,30.33,137.0,0.27
3063,5/8/2023 15:00,20.7,16.5,113.0,0.24
3064,5/8/2023 16:00,5.66,30.57,89.0,0.22
3065,5/8/2023 17:00,12.35,25.07,45.0,0.2
3066,5/8/2023 18:00,23.3,20.39,8.0,0.14
3067,5/8/2023 19:00,9.14,20.47,19.0,0.26
3068,5/8/2023 20:00,12.02,19.46,100.0,0.25
3069,5/8/2023 21:00,17.73,29.29,127.0,0.18
3070,5/8/2023 22:00,8.77,25.7,123.0,0.2
3071,5/8/2023 23:00,9.6,20.0,56.0,0.15
3072,5/9/2023 0:00,18.95,24.26,22.0,0.3
3073,5/9/2023 1:00,14.67,16.58,24.0,0.22
3074,5/9/2023 2:00,24.81,25.32,148.0,0.17
3075,5/9/2023 3:00,22.74,20.56,110.0,0.26
3076,5/9/2023 4:00,10.39,16.4,31.0,0.19
3077,5/9/2023 5:00,15.07,19.87,20.0,0.29
3078,5/9/2023 6:00,19.64,24.65,58.0,0.14
3079,5/9/2023 7:00,16.78,21.34,25.0,0.19
3080,5/9/2023 8:00,20.78,28.69,140.0,0.25
3081,5/9/2023 9:00,13.9,21.68,114.0,0.13
3082,5/9/2023 10:00,17.04,19.3,150.0,0.2
3083,5/9/2023 11:00,21.25,20.28,145.0,0.14
3084,5/9/2023 12:00,11.92,15.42,20.0,0.3
3085,5/9/2023 13:00,12.38,19.82,71.0,0.18
3086,5/9/2023 14:00,7.7,24.68,90.0,0.17
3087,5/9/2023 15:00,9.01,31.2,34.0,0.16
3088,5/9/2023 16:00,9.31,23.74,88.0,0.28
3089,5/9/2023 17:00,11.48,26.75,27.0,0.21
3090,5/9/2023 18:00,9.39,31.04,23.0,0.22
3091,5/9/2023 19:00,14.25,32.11,89.0,0.27
3092,5/9/2023 20:00,17.22,34.85,49.0,0.18
3093,5/9/2023 21:00,21.42,18.69,146.0,0.26
3094,5/9/2023 22:00,6.07,26.65,5.0,0.12
3095,5/9/2023 23:00,19.49,19.0,72.0,0.25
3096,5/10/2023 0:00,22.12,29.38,52.0,0.24
3097,5/10/2023 1:00,18.89,30.96,27.0,0.12
3098,5/10/2023 2:00,19.39,26.97,55.0,0.21
3099,5/10/2023 3:00,11.81,33.27,119.0,0.29
3100,5/10/2023 4:00,13.89,26.66,48.0,0.14
3101,5/10/2023 5:00,22.79,16.28,56.0,0.18
3102,5/10/2023 6:00,16.27,31.41,47.0,0.27
3103,5/10/2023 7:00,6.12,20.22,43.0,0.19
3104,5/10/2023 8:00,15.77,22.59,50.0,0.28
3105,5/10/2023 9:00,5.38,15.32,34.0,0.27
3106,5/10/2023 10:00,20.28,15.12,141.0,0.14
3107,5/10/2023 11:00,12.85,18.06,13.0,0.14
3108,5/10/2023 12:00,18.07,20.9,11.0,0.14
3109,5/10/2023 13:00,21.5,27.84,25.0,0.2
3110,5/10/2023 14:00,9.09,19.9,50.0,0.16
3111,5/10/2023 15:00,18.74,25.13,19.0,0.11
3112,5/10/2023 16:00,20.86,22.38,24.0,0.26
3113,5/10/2023 17:00,24.76,19.97,79.0,0.26
3114,5/10/2023 18:00,9.4,17.58,112.0,0.19
3115,5/10/2023 19:00,8.38,26.64,142.0,0.22
3116,5/10/2023 20:00,24.37,16.67,129.0,0.24
3117,5/10/2023 21:00,21.57,16.01,79.0,0.23
3118,5/10/2023 22:00,6.44,30.29,82.0,0.13
3119,5/10/2023 23:00,23.72,32.8,69.0,0.17
3120,5/11/2023 0:00,24.85,16.54,97.0,0.18
3121,5/11/2023 1:00,8.36,34.37,127.0,0.16
3122,5/11/2023 2:00,7.35,23.35,82.0,0.18
3123,5/11/2023 3:00,13.35,25.83,112.0,0.12
3124,5/11/2023 4:00,11.02,19.01,21.0,0.15
3125,5/11/2023 5:00,7.14,24.8,78.0,0.23
3126,5/11/2023 6:00,5.12,33.8,113.0,0.29
3127,5/11/2023 7:00,19.58,27.56,135.0,0.22
3128,5/11/2023 8:00,14.8,21.88,89.0,0.13
3129,5/11/2023 9:00,22.77,27.76,56.0,0.26
3130,5/11/2023 10:00,9.13,34.65,53.0,0.12
3131,5/11/2023 11:00,18.78,23.29,47.0,0.12
3132,5/11/2023 12:00,5.57,24.78,50.0,0.22
3133,5/11/2023 13:00,7.22,21.04,40.0,0.18
3134,5/11/2023 14:00,19.32,17.04,57.0,0.28
3135,5/11/2023 15:00,11.48,28.03,148.0,0.24
3136,5/11/2023 16:00,10.43,22.48,81.0,0.11
3137,5/11/2023 17:00,13.65,18.09,101.0,0.14
3138,5/11/2023 18:00,16.65,33.53,58.0,0.11
3139,5/11/2023 19:00,11.28,21.72,72.0,0.23
3140,5/11/2023 20:00,20.36,19.1,16.0,0.23
3141,5/11/2023 21:00,7.65,19.48,115.0,0.1
3142,5/11/2023 22:00,11.02,23.6,125.0,0.17
3143,5/11/2023 23:00,8.38,29.35,66.0,0.2
3144,5/12/2023 0:00,7.17,16.03,25.0,0.25
3145,5/12/2023 1:00,20.61,31.74,121.0,0.11
3146,5/12/2023 2:00,8.04,28.42,58.0,0.17
3147,5/12/2023 3:00,23.83,17.49,95.0,0.25
3148,5/12/2023 4:00,11.92,28.43,106.0,0.27
3149,5/12/2023 5:00,5.4,31.04,67.0,0.12
3150,5/12/2023 6:00,14.02,31.9,109.0,0.26
3151,5/12/2023 7:00,5.49,32.45,126.0,0.13
3152,5/12/2023 8:00,19.13,24.01,91.0,0.24
3153,5/12/2023 9:00,18.08,29.31,92.0,0.15
3154,5/12/2023 10:00,11.98,15.48,7.0,0.12
3155,5/12/2023 11:00,14.88,21.33,136.0,0.11
3156,5/12/2023 12:00,24.27,24.95,92.0,0.22
3157,5/12/2023 13:00,5.48,17.24,142.0,0.25
3158,5/12/2023 14:00,11.1,22.48,107.0,0.24
3159,5/12/2023 15:00,15.47,34.91,12.0,0.24
3160,5/12/2023 16:00,19.41,27.99,30.0,0.25
3161,5/12/2023 17:00,5.75,16.24,120.0,0.2
3162,5/12/2023 18:00,23.72,28.44,94.0,0.11
3163,5/12/2023 19:00,20.16,22.25,40.0,0.11
3164,5/12/2023 20:00,11.76,27.53,22.0,0.15
3165,5/12/2023 21:00,17.0,34.0,102.0,0.21
3166,5/12/2023 22:00,23.41,25.9,102.0,0.12
3167,5/12/2023 23:00,21.16,26.44,7.0,0.12
3168,5/13/2023 0:00,16.61,32.64,129.0,0.2
3169,5/13/2023 1:00,24.03,34.94,98.0,0.27
3170,5/13/2023 2:00,15.31,19.2,107.0,0.14
3171,5/13/2023 3:00,22.46,29.72,69.0,0.16
3172,5/13/2023 4:00,24.56,15.48,75.0,0.13
3173,5/13/2023 5:00,15.85,26.48,147.0,0.22
3174,5/13/2023 6:00,16.88,22.2,78.0,0.22
3175,5/13/2023 7:00,22.71,31.62,143.0,0.13
3176,5/13/2023 8:00,10.61,16.91,85.0,0.29
3177,5/13/2023 9:00,17.24,23.91,61.0,0.27
3178,5/13/2023 10:00,13.9,32.85,89.0,0.21
3179,5/13/2023 11:00,18.8,22.25,89.0,0.25
3180,5/13/2023 12:00,22.84,16.12,6.0,0.16
3181,5/13/2023 13:00,18.16,28.58,87.0,0.2
3182,5/13/2023 14:00,19.72,29.61,94.0,0.21
3183,5/13/2023 15:00,15.1,21.79,36.0,0.22
3184,5/13/2023 16:00,14.24,20.17,36.0,0.22
3185,5/13/2023 17:00,12.07,31.44,32.0,0.25
3186,5/13/2023 18:00,12.28,30.81,10.0,0.13
3187,5/13/2023 19:00,20.6,26.15,128.0,0.27
3188,5/13/2023 20:00,10.27,22.55,128.0,0.28
3189,5/13/2023 21:00,5.8,26.63,107.0,0.13
3190,5/13/2023 22:00,14.0,29.73,142.0,0.28
3191,5/13/2023 23:00,17.91,15.19,88.0,0.17
3192,5/14/2023 0:00,19.67,31.36,42.0,0.24
3193,5/14/2023 1:00,8.42,22.1,100.0,0.3
3194,5/14/2023 2:00,20.43,26.99,146.0,0.19
3195,5/14/2023 3:00,23.92,26.47,131.0,0.13
3196,5/14/2023 4:00,13.41,26.61,35.0,0.17
3197,5/14/2023 5:00,12.64,26.57,46.0,0.29
3198,5/14/2023 6:00,24.43,15.65,77.0,0.18
3199,5/14/2023 7:00,15.47,15.19,105.0,0.22
3200,5/14/2023 8:00,11.08,19.52,99.0,0.12
3201,5/14/2023 9:00,7.68,33.76,114.0,0.2
3202,5/14/2023 10:00,9.06,20.29,42.0,0.18
3203,5/14/2023 11:00,8.99,22.59,120.0,0.3
3204,5/14/2023 12:00,12.06,34.41,94.0,0.25
3205,5/14/2023 13:00,18.72,20.1,89.0,0.2
3206,5/14/2023 14:00,16.81,28.84,62.0,0.27
3207,5/14/2023 15:00,11.04,17.78,99.0,0.14
3208,5/14/2023 16:00,14.24,24.96,18.0,0.16
3209,5/14/2023 17:00,21.54,28.09,20.0,0.21
3210,5/14/2023 18:00,19.31,32.12,52.0,0.25
3211,5/14/2023 19:00,5.02,29.81,117.0,0.27
3212,5/14/2023 20:00,14.41,20.97,63.0,0.16
3213,5/14/2023 21:00,7.47,26.58,47.0,0.16
3214,5/14/2023 22:00,23.09,21.15,69.0,0.11
3215,5/14/2023 23:00,24.86,20.63,139.0,0.21
3216,5/15/2023 0:00,19.61,20.38,80.0,0.29
3217,5/15/2023 1:00,18.14,29.06,127.0,0.16
3218,5/15/2023 2:00,15.22,19.93,28.0,0.17
3219,5/15/2023 3:00,17.43,25.39,103.0,0.29
3220,5/15/2023 4:00,24.13,30.51,44.0,0.18
3221,5/15/2023 5:00,24.8,15.11,8.0,0.24
3222,5/15/2023 6:00,12.01,28.02,92.0,0.28
3223,5/15/2023 7:00,14.49,33.05,41.0,0.22
3224,5/15/2023 8:00,8.26,26.89,101.0,0.17
3225,5/15/2023 9:00,16.65,30.52,127.0,0.27
3226,5/15/2023 10:00,8.22,17.39,103.0,0.18
3227,5/15/2023 11:00,19.93,23.73,101.0,0.19
3228,5/15/2023 12:00,23.16,28.29,99.0,0.13
3229,5/15/2023 13:00,12.06,16.45,95.0,0.18
3230,5/15/2023 14:00,17.81,22.35,26.0,0.25
3231,5/15/2023 15:00,24.73,33.01,116.0,0.24
3232,5/15/2023 16:00,24.41,15.33,59.0,0.22
3233,5/15/2023 17:00,11.07,19.26,14.0,0.27
3234,5/15/2023 18:00,10.45,18.88,107.0,0.18
3235,5/15/2023 19:00,15.78,27.8,81.0,0.21
3236,5/15/2023 20:00,12.41,26.23,10.0,0.12
3237,5/15/2023 21:00,15.1,26.31,108.0,0.16
3238,5/15/2023 22:00,17.81,23.01,130.0,0.29
3239,5/15/2023 23:00,13.9,20.16,68.0,0.17
3240,5/16/2023 0:00,5.16,28.27,69.0,0.25
3241,5/16/2023 1:00,18.67,33.82,29.0,0.12
3242,5/16/2023 2:00,6.39,25.32,47.0,0.13
3243,5/16/2023 3:00,9.61,34.44,55.0,0.25
3244,5/16/2023 4:00,18.41,29.34,49.0,0.24
3245,5/16/2023 5:00,14.23,17.25,93.0,0.17
3246,5/16/2023 6:00,20.54,21.04,85.0,0.17
3247,5/16/2023 7:00,12.06,28.55,84.0,0.23
3248,5/16/2023 8:00,13.49,32.67,41.0,0.2
3249,5/16/2023 9:00,14.94,18.94,115.0,0.3
3250,5/16/2023 10:00,6.33,25.05,9.0,0.14
3251,5/16/2023 11:00,15.2,34.73,24.0,0.22
3252,5/16/2023 12:00,10.05,34.61,145.0,0.12
3253,5/16/2023 13:00,8.63,25.43,111.0,0.27
3254,5/16/2023 14:00,12.36,26.71,52.0,0.19
3255,5/16/2023 15:00,17.42,24.64,20.0,0.17
3256,5/16/2023 16:00,6.0,24.72,6.0,0.3
3257,5/16/2023 17:00,22.41,16.31,143.0,0.22
3258,5/16/2023 18:00,17.47,24.51,59.0,0.16
3259,5/16/2023 19:00,23.57,28.67,83.0,0.2
3260,5/16/2023 20:00,21.66,16.68,129.0,0.18
3261,5/16/2023 21:00,21.84,29.85,90.0,0.21
3262,5/16/2023 22:00,11.4,24.49,135.0,0.14
3263,5/16/2023 23:00,19.49,31.15,144.0,0.19
3264,5/17/2023 0:00,18.84,34.12,9.0,0.15
3265,5/17/2023 1:00,12.6,30.71,127.0,0.3
3266,5/17/2023 2:00,13.59,25.2,117.0,0.18
3267,5/17/2023 3:00,9.79,30.63,60.0,0.13
3268,5/17/2023 4:00,16.9,23.32,21.0,0.11
3269,5/17/2023 5:00,16.44,24.09,127.0,0.17
3270,5/17/2023 6:00,21.43,33.68,123.0,0.18
3271,5/17/2023 7:00,24.7,15.51,65.0,0.27
3272,5/17/2023 8:00,14.01,32.44,6.0,0.17
3273,5/17/2023 9:00,23.47,31.04,126.0,0.12
3274,5/17/2023 10:00,9.27,30.2,98.0,0.22
3275,5/17/2023 11:00,5.75,24.06,70.0,0.11
3276,5/17/2023 12:00,21.52,34.87,66.0,0.25
3277,5/17/2023 13:00,12.32,22.69,148.0,0.24
3278,5/17/2023 14:00,5.32,33.71,60.0,0.27
3279,5/17/2023 15:00,8.3,22.06,145.0,0.17
3280,5/17/2023 16:00,12.95,31.53,127.0,0.16
3281,5/17/2023 17:00,16.52,16.84,146.0,0.12
3282,5/17/2023 18:00,15.06,33.12,110.0,0.17
3283,5/17/2023 19:00,24.42,15.24,100.0,0.14
3284,5/17/2023 20:00,7.62,23.91,125.0,0.17
3285,5/17/2023 21:00,23.72,33.84,45.0,0.12
3286,5/17/2023 22:00,10.81,16.6,67.0,0.23
3287,5/17/2023 23:00,12.89,21.23,137.0,0.17
3288,5/18/2023 0:00,23.03,23.88,121.0,0.2
3289,5/18/2023 1:00,6.89,30.21,117.0,0.25
3290,5/18/2023 2:00,11.17,23.22,49.0,0.15
3291,5/18/2023 3:00,15.09,19.35,50.0,0.27
3292,5/18/2023 4:00,7.35,25.77,73.0,0.29
3293,5/18/2023 5:00,10.1,28.83,141.0,0.24
3294,5/18/2023 6:00,18.39,27.81,51.0,0.18
3295,5/18/2023 7:00,11.45,26.13,141.0,0.21
3296,5/18/2023 8:00,14.25,22.23,60.0,0.12
3297,5/18/2023 9:00,6.31,26.53,92.0,0.16
3298,5/18/2023 10:00,16.51,26.79,31.0,0.2
3299,5/18/2023 11:00,12.56,25.01,136.0,0.1
3300,5/18/2023 12:00,16.39,23.29,120.0,0.15
3301,5/18/2023 13:00,6.34,33.25,120.0,0.18
3302,5/18/2023 14:00,13.42,16.86,123.0,0.24
3303,5/18/2023 15:00,15.2,27.1,115.0,0.22
3304,5/18/2023 16:00,8.18,25.51,101.0,0.24
3305,5/18/2023 17:00,13.5,20.68,108.0,0.17
3306,5/18/2023 18:00,16.83,15.22,55.0,0.12
3307,5/18/2023 19:00,16.06,33.13,123.0,0.27
3308,5/18/2023 20:00,11.16,26.71,129.0,0.28
3309,5/18/2023 21:00,18.51,33.29,143.0,0.2
3310,5/18/2023 22:00,21.31,21.29,50.0,0.11
3311,5/18/2023 23:00,10.06,18.3,80.0,0.23
3312,5/19/2023 0:00,20.96,32.92,23.0,0.24
3313,5/19/2023 1:00,8.67,23.03,115.0,0.19
3314,5/19/2023 2:00,21.67,34.12,112.0,0.19
3315,5/19/2023 3:00,10.63,25.42,139.0,0.27
3316,5/19/2023 4:00,17.86,34.01,110.0,0.28
3317,5/19/2023 5:00,17.93,29.76,79.0,0.18
3318,5/19/2023 6:00,24.81,30.21,20.0,0.13
3319,5/19/2023 7:00,21.25,20.95,8.0,0.23
3320,5/19/2023 8:00,18.19,34.41,73.0,0.15
3321,5/19/2023 9:00,20.29,20.65,61.0,0.28
3322,5/19/2023 10:00,17.34,30.64,126.0,0.25
3323,5/19/2023 11:00,21.99,17.89,87.0,0.2
3324,5/19/2023 12:00,20.12,15.33,40.0,0.29
3325,5/19/2023 13:00,12.68,31.19,111.0,0.27
3326,5/19/2023 14:00,21.58,28.38,121.0,0.25
3327,5/19/2023 15:00,13.67,19.48,99.0,0.19
3328,5/19/2023 16:00,6.7,20.3,67.0,0.26
3329,5/19/2023 17:00,5.98,15.93,91.0,0.28
3330,5/19/2023 18:00,19.21,28.95,58.0,0.18
3331,5/19/2023 19:00,19.5,30.96,25.0,0.15
3332,5/19/2023 20:00,23.65,32.99,133.0,0.12
3333,5/19/2023 21:00,15.07,34.78,16.0,0.17
3334,5/19/2023 22:00,21.4,17.23,49.0,0.24
3335,5/19/2023 23:00,13.78,33.09,57.0,0.25
3336,5/20/2023 0:00,10.03,24.67,22.0,0.11
3337,5/20/2023 1:00,13.1,22.95,11.0,0.29
3338,5/20/2023 2:00,12.02,22.72,102.0,0.23
3339,5/20/2023 3:00,5.14,20.8,60.0,0.16
3340,5/20/2023 4:00,8.97,20.29,47.0,0.29
3341,5/20/2023 5:00,20.49,27.04,30.0,0.26
3342,5/20/2023 6:00,5.37,18.76,22.0,0.3
3343,5/20/2023 7:00,11.93,21.18,112.0,0.17
3344,5/20/2023 8:00,5.0,33.23,108.0,0.11
3345,5/20/2023 9:00,17.27,15.72,29.0,0.19
3346,5/20/2023 10:00,14.01,28.44,48.0,0.27
3347,5/20/2023 11:00,8.75,17.5,148.0,0.18
3348,5/20/2023 12:00,14.11,17.85,97.0,0.24
3349,5/20/2023 13:00,20.84,22.32,31.0,0.2
3350,5/20/2023 14:00,13.0,32.79,99.0,0.11
3351,5/20/2023 15:00,13.82,28.31,134.0,0.2
3352,5/20/2023 16:00,12.41,23.85,109.0,0.24
3353,5/20/2023 17:00,6.85,31.34,73.0,0.19
3354,5/20/2023 18:00,17.77,31.73,39.0,0.1
3355,5/20/2023 19:00,16.98,22.67,122.0,0.13
3356,5/20/2023 20:00,23.71,26.14,121.0,0.12
3357,5/20/2023 21:00,11.02,18.97,35.0,0.22
3358,5/20/2023 22:00,15.11,32.38,142.0,0.18
3359,5/20/2023 23:00,21.68,31.48,24.0,0.26
3360,5/21/2023 0:00,5.25,30.43,107.0,0.28
3361,5/21/2023 1:00,11.13,22.15,146.0,0.18
3362,5/21/2023 2:00,17.98,28.33,31.0,0.11
3363,5/21/2023 3:00,6.89,27.23,113.0,0.17
3364,5/21/2023 4:00,13.23,16.65,78.0,0.19
3365,5/21/2023 5:00,15.41,19.09,58.0,0.25
3366,5/21/2023 6:00,18.33,22.05,79.0,0.14
3367,5/21/2023 7:00,20.78,21.15,110.0,0.18
3368,5/21/2023 8:00,7.37,18.23,11.0,0.26
3369,5/21/2023 9:00,8.63,16.38,117.0,0.13
3370,5/21/2023 10:00,11.22,30.76,66.0,0.26
3371,5/21/2023 11:00,13.1,17.85,31.0,0.28
3372,5/21/2023 12:00,21.71,17.01,137.0,0.18
3373,5/21/2023 13:00,12.71,27.38,131.0,0.21
3374,5/21/2023 14:00,21.53,19.53,66.0,0.13
3375,5/21/2023 15:00,5.63,25.34,10.0,0.18
3376,5/21/2023 16:00,13.81,31.49,93.0,0.26
3377,5/21/2023 17:00,6.16,27.47,110.0,0.2
3378,5/21/2023 18:00,18.98,24.22,13.0,0.16
3379,5/21/2023 19:00,18.92,26.89,12.0,0.27
3380,5/21/2023 20:00,11.4,22.13,16.0,0.12
3381,5/21/2023 21:00,23.01,29.75,145.0,0.2
3382,5/21/2023 22:00,19.13,28.89,81.0,0.25
3383,5/21/2023 23:00,6.21,22.88,135.0,0.19
3384,5/22/2023 0:00,14.56,22.28,33.0,0.24
3385,5/22/2023 1:00,18.69,20.64,46.0,0.29
3386,5/22/2023 2:00,9.86,26.14,145.0,0.15
3387,5/22/2023 3:00,8.03,33.73,114.0,0.26
3388,5/22/2023 4:00,9.19,29.39,72.0,0.21
3389,5/22/2023 5:00,14.68,19.61,112.0,0.18
3390,5/22/2023 6:00,13.12,16.57,109.0,0.24
3391,5/22/2023 7:00,7.23,28.37,121.0,0.25
3392,5/22/2023 8:00,19.5,19.61,68.0,0.3
3393,5/22/2023 9:00,21.12,17.48,15.0,0.27
3394,5/22/2023 10:00,6.28,26.36,29.0,0.28
3395,5/22/2023 11:00,8.3,16.87,81.0,0.2
3396,5/22/2023 12:00,22.73,32.17,74.0,0.25
3397,5/22/2023 13:00,14.83,20.41,108.0,0.21
3398,5/22/2023 14:00,15.49,29.82,127.0,0.26
3399,5/22/2023 15:00,22.53,23.46,118.0,0.15
3400,5/22/2023 16:00,7.41,28.28,124.0,0.23
3401,5/22/2023 17:00,11.28,18.33,14.0,0.13
3402,5/22/2023 18:00,24.53,17.65,91.0,0.13
3403,5/22/2023 19:00,5.2,22.39,17.0,0.21
3404,5/22/2023 20:00,21.35,33.69,125.0,0.23
3405,5/22/2023 21:00,21.38,34.44,137.0,0.11
3406,5/22/2023 22:00,24.9,29.1,128.0,0.11
3407,5/22/2023 23:00,16.54,18.26,35.0,0.15
3408,5/23/2023 0:00,11.59,27.12,47.0,0.11
3409,5/23/2023 1:00,22.34,19.88,41.0,0.19
3410,5/23/2023 2:00,9.4,33.12,78.0,0.24
3411,5/23/2023 3:00,22.22,16.49,58.0,0.24
3412,5/23/2023 4:00,11.78,20.38,133.0,0.16
3413,5/23/2023 5:00,13.87,15.86,95.0,0.26
3414,5/23/2023 6:00,8.2,25.42,20.0,0.19
3415,5/23/2023 7:00,16.03,23.33,49.0,0.24
3416,5/23/2023 8:00,15.65,25.29,18.0,0.21
3417,5/23/2023 9:00,22.94,32.93,74.0,0.13
3418,5/23/2023 10:00,19.58,32.39,82.0,0.19
3419,5/23/2023 11:00,14.91,21.78,60.0,0.17
3420,5/23/2023 12:00,24.44,24.79,69.0,0.28
3421,5/23/2023 13:00,15.19,20.05,7.0,0.16
3422,5/23/2023 14:00,22.79,15.44,22.0,0.2
3423,5/23/2023 15:00,17.72,24.42,86.0,0.18
3424,5/23/2023 16:00,15.3,27.23,57.0,0.27
3425,5/23/2023 17:00,16.59,25.84,43.0,0.11
3426,5/23/2023 18:00,11.93,25.85,143.0,0.26
3427,5/23/2023 19:00,16.7,29.2,81.0,0.3
3428,5/23/2023 20:00,8.66,22.62,6.0,0.15
3429,5/23/2023 21:00,24.01,25.92,34.0,0.13
3430,5/23/2023 22:00,23.49,34.98,59.0,0.18
3431,5/23/2023 23:00,24.77,30.29,102.0,0.26
3432,5/24/2023 0:00,24.5,19.05,91.0,0.1
3433,5/24/2023 1:00,14.24,21.73,71.0,0.26
3434,5/24/2023 2:00,9.5,32.59,131.0,0.19
3435,5/24/2023 3:00,21.33,27.56,67.0,0.12
3436,5/24/2023 4:00,16.94,33.11,9.0,0.25
3437,5/24/2023 5:00,24.07,30.92,103.0,0.18
3438,5/24/2023 6:00,20.59,15.36,63.0,0.14
3439,5/24/2023 7:00,12.51,34.6,104.0,0.15
3440,5/24/2023 8:00,8.17,16.87,145.0,0.22
3441,5/24/2023 9:00,16.57,32.29,51.0,0.23
3442,5/24/2023 10:00,13.49,28.46,25.0,0.22
3443,5/24/2023 11:00,20.68,21.9,18.0,0.26
3444,5/24/2023 12:00,24.4,19.2,148.0,0.11
3445,5/24/2023 13:00,22.52,30.68,94.0,0.12
3446,5/24/2023 14:00,21.32,33.31,13.0,0.18
3447,5/24/2023 15:00,5.26,15.63,35.0,0.14
3448,5/24/2023 16:00,21.89,31.56,26.0,0.29
3449,5/24/2023 17:00,7.69,24.4,87.0,0.28
3450,5/24/2023 18:00,13.33,24.01,85.0,0.19
3451,5/24/2023 19:00,10.99,22.33,143.0,0.27
3452,5/24/2023 20:00,13.85,26.56,87.0,0.24
3453,5/24/2023 21:00,22.56,33.97,78.0,0.3
3454,5/24/2023 22:00,10.82,21.46,19.0,0.18
3455,5/24/2023 23:00,14.61,26.01,124.0,0.29
3456,5/25/2023 0:00,8.11,23.06,98.0,0.21
3457,5/25/2023 1:00,19.29,20.49,21.0,0.29
3458,5/25/2023 2:00,17.57,15.65,9.0,0.29
3459,5/25/2023 3:00,13.74,28.26,110.0,0.16
3460,5/25/2023 4:00,23.6,21.19,102.0,0.15
3461,5/25/2023 5:00,12.97,34.68,13.0,0.24
3462,5/25/2023 6:00,20.98,17.46,130.0,0.21
3463,5/25/2023 7:00,7.38,23.56,132.0,0.14
3464,5/25/2023 8:00,19.08,32.27,116.0,0.11
3465,5/25/2023 9:00,12.8,20.4,54.0,0.24
3466,5/25/2023 10:00,7.35,30.95,125.0,0.15
3467,5/25/2023 11:00,8.89,19.64,22.0,0.26
3468,5/25/2023 12:00,15.45,16.73,71.0,0.24
3469,5/25/2023 13:00,5.41,23.91,131.0,0.18
3470,5/25/2023 14:00,16.92,20.97,109.0,0.16
3471,5/25/2023 15:00,16.86,32.75,66.0,0.18
3472,5/25/2023 16:00,10.6,18.01,36.0,0.22
3473,5/25/2023 17:00,13.3,19.37,99.0,0.23
3474,5/25/2023 18:00,14.42,15.05,117.0,0.21
3475,5/25/2023 19:00,16.65,31.56,93.0,0.29
3476,5/25/2023 20:00,5.08,19.61,133.0,0.28
3477,5/25/2023 21:00,9.19,23.75,83.0,0.27
3478,5/25/2023 22:00,18.4,18.12,143.0,0.21
3479,5/25/2023 23:00,16.25,24.04,53.0,0.14
3480,5/26/2023 0:00,6.23,15.51,17.0,0.17
3481,5/26/2023 1:00,17.12,19.98,79.0,0.27
3482,5/26/2023 2:00,20.75,31.15,25.0,0.16
3483,5/26/2023 3:00,9.43,16.75,8.0,0.11
3484,5/26/2023 4:00,15.68,23.27,34.0,0.29
3485,5/26/2023 5:00,7.38,18.81,13.0,0.25
3486,5/26/2023 6:00,18.13,23.9,105.0,0.23
3487,5/26/2023 7:00,15.57,16.11,52.0,0.13
3488,5/26/2023 8:00,24.4,29.26,63.0,0.27
3489,5/26/2023 9:00,13.89,34.86,71.0,0.14
3490,5/26/2023 10:00,8.4,16.45,24.0,0.18
3491,5/26/2023 11:00,16.8,21.83,115.0,0.13
3492,5/26/2023 12:00,24.24,23.39,86.0,0.1
3493,5/26/2023 13:00,8.84,26.79,123.0,0.17
3494,5/26/2023 14:00,9.45,15.11,30.0,0.19
3495,5/26/2023 15:00,18.61,28.3,22.0,0.13
3496,5/26/2023 16:00,14.02,17.79,76.0,0.25
3497,5/26/2023 17:00,14.41,17.57,98.0,0.24
3498,5/26/2023 18:00,10.18,25.11,18.0,0.19
3499,5/26/2023 19:00,21.73,21.7,26.0,0.12
3500,5/26/2023 20:00,20.08,20.5,35.0,0.11
3501,5/26/2023 21:00,15.86,33.16,52.0,0.21
3502,5/26/2023 22:00,19.7,19.16,96.0,0.24
3503,5/26/2023 23:00,8.38,22.22,7.0,0.19
3504,5/27/2023 0:00,17.64,28.28,134.0,0.29
3505,5/27/2023 1:00,8.67,25.95,94.0,0.16
3506,5/27/2023 2:00,24.51,29.71,66.0,0.24
3507,5/27/2023 3:00,24.94,30.22,128.0,0.1
3508,5/27/2023 4:00,24.83,17.12,125.0,0.29
3509,5/27/2023 5:00,21.48,19.74,96.0,0.25
3510,5/27/2023 6:00,6.58,22.86,51.0,0.14
3511,5/27/2023 7:00,10.27,27.17,17.0,0.16
3512,5/27/2023 8:00,15.98,20.89,37.0,0.18
3513,5/27/2023 9:00,8.22,25.04,72.0,0.24
3514,5/27/2023 10:00,5.26,17.06,106.0,0.21
3515,5/27/2023 11:00,9.35,18.91,20.0,0.28
3516,5/27/2023 12:00,12.46,30.78,76.0,0.28
3517,5/27/2023 13:00,8.7,16.02,70.0,0.24
3518,5/27/2023 14:00,22.66,31.02,10.0,0.23
3519,5/27/2023 15:00,14.54,25.64,98.0,0.24
3520,5/27/2023 16:00,12.92,28.9,81.0,0.28
3521,5/27/2023 17:00,9.24,16.27,107.0,0.19
3522,5/27/2023 18:00,14.91,28.31,146.0,0.17
3523,5/27/2023 19:00,15.4,19.12,70.0,0.15
3524,5/27/2023 20:00,18.92,18.55,66.0,0.29
3525,5/27/2023 21:00,22.1,16.9,98.0,0.29
3526,5/27/2023 22:00,19.59,32.76,136.0,0.17
3527,5/27/2023 23:00,18.68,16.46,44.0,0.27
3528,5/28/2023 0:00,17.41,30.0,88.0,0.11
3529,5/28/2023 1:00,13.38,18.45,37.0,0.15
3530,5/28/2023 2:00,17.55,30.77,71.0,0.13
3531,5/28/2023 3:00,21.6,23.54,21.0,0.13
3532,5/28/2023 4:00,23.19,22.97,54.0,0.29
3533,5/28/2023 5:00,17.65,20.93,98.0,0.13
3534,5/28/2023 6:00,21.72,29.73,91.0,0.21
3535,5/28/2023 7:00,19.52,29.18,107.0,0.12
3536,5/28/2023 8:00,7.33,33.01,139.0,0.11
3537,5/28/2023 9:00,21.49,24.56,110.0,0.2
3538,5/28/2023 10:00,5.41,18.27,135.0,0.12
3539,5/28/2023 11:00,7.45,26.59,132.0,0.15
3540,5/28/2023 12:00,23.51,26.15,116.0,0.12
3541,5/28/2023 13:00,22.63,32.95,91.0,0.23
3542,5/28/2023 14:00,14.41,17.35,75.0,0.28
3543,5/28/2023 15:00,24.53,31.45,142.0,0.26
3544,5/28/2023 16:00,9.09,20.28,75.0,0.23
3545,5/28/2023 17:00,5.19,25.08,77.0,0.18
3546,5/28/2023 18:00,22.5,18.55,101.0,0.17
3547,5/28/2023 19:00,15.18,32.07,110.0,0.17
3548,5/28/2023 20:00,24.12,31.13,78.0,0.12
3549,5/28/2023 21:00,16.0,20.7,88.0,0.23
3550,5/28/2023 22:00,21.75,34.85,66.0,0.2
3551,5/28/2023 23:00,20.69,26.95,128.0,0.19
3552,5/29/2023 0:00,23.65,18.72,62.0,0.28
3553,5/29/2023 1:00,17.45,15.6,19.0,0.14
3554,5/29/2023 2:00,24.32,27.31,134.0,0.18
3555,5/29/2023 3:00,9.86,17.54,19.0,0.16
3556,5/29/2023 4:00,12.74,29.16,150.0,0.11
3557,5/29/2023 5:00,8.72,28.66,88.0,0.2
3558,5/29/2023 6:00,5.55,25.92,70.0,0.21
3559,5/29/2023 7:00,8.37,20.52,96.0,0.2
3560,5/29/2023 8:00,6.08,18.42,131.0,0.18
3561,5/29/2023 9:00,22.27,16.02,73.0,0.15
3562,5/29/2023 10:00,20.3,31.9,123.0,0.22
3563,5/29/2023 11:00,6.33,17.15,18.0,0.15
3564,5/29/2023 12:00,23.71,19.75,81.0,0.19
3565,5/29/2023 13:00,6.24,31.22,47.0,0.16
3566,5/29/2023 14:00,9.19,30.56,83.0,0.16
3567,5/29/2023 15:00,19.51,34.39,128.0,0.29
3568,5/29/2023 16:00,21.1,29.58,113.0,0.11
3569,5/29/2023 17:00,23.42,23.06,79.0,0.27
3570,5/29/2023 18:00,12.92,29.48,62.0,0.15
3571,5/29/2023 19:00,9.67,30.0,123.0,0.11
3572,5/29/2023 20:00,16.82,22.25,38.0,0.27
3573,5/29/2023 21:00,17.46,16.4,114.0,0.16
3574,5/29/2023 22:00,23.0,22.3,140.0,0.13
3575,5/29/2023 23:00,12.2,19.12,116.0,0.19
3576,5/30/2023 0:00,9.9,16.54,23.0,0.29
3577,5/30/2023 1:00,13.52,22.62,98.0,0.28
3578,5/30/2023 2:00,6.0,20.32,129.0,0.2
3579,5/30/2023 3:00,10.26,32.56,31.0,0.12
3580,5/30/2023 4:00,10.82,34.89,6.0,0.22
3581,5/30/2023 5:00,20.12,22.52,102.0,0.29
3582,5/30/2023 6:00,18.77,27.2,62.0,0.29
3583,5/30/2023 7:00,13.39,19.99,89.0,0.11
3584,5/30/2023 8:00,12.14,15.56,145.0,0.17
3585,5/30/2023 9:00,5.65,17.18,69.0,0.15
3586,5/30/2023 10:00,10.11,29.39,58.0,0.24
3587,5/30/2023 11:00,16.22,19.71,90.0,0.22
3588,5/30/2023 12:00,20.82,19.23,30.0,0.11
3589,5/30/2023 13:00,9.41,28.0,86.0,0.11
3590,5/30/2023 14:00,8.65,15.69,25.0,0.25
3591,5/30/2023 15:00,19.46,16.4,65.0,0.17
3592,5/30/2023 16:00,15.15,26.76,124.0,0.13
3593,5/30/2023 17:00,15.52,33.78,25.0,0.1
3594,5/30/2023 18:00,17.28,32.79,138.0,0.23
3595,5/30/2023 19:00,20.98,33.53,143.0,0.21
3596,5/30/2023 20:00,13.04,21.62,57.0,0.24
3597,5/30/2023 21:00,19.1,31.49,108.0,0.28
3598,5/30/2023 22:00,23.3,34.28,13.0,0.16
3599,5/30/2023 23:00,11.56,20.29,148.0,0.17
3600,5/31/2023 0:00,12.93,23.9,18.0,0.1
3601,5/31/2023 1:00,15.89,22.74,94.0,0.22
3602,5/31/2023 2:00,6.83,27.44,58.0,0.19
3603,5/31/2023 3:00,7.31,28.32,18.0,0.15
3604,5/31/2023 4:00,14.48,27.02,126.0,0.14
3605,5/31/2023 5:00,20.99,25.85,135.0,0.2
3606,5/31/2023 6:00,6.07,25.04,9.0,0.28
3607,5/31/2023 7:00,11.19,29.95,48.0,0.3
3608,5/31/2023 8:00,9.6,34.85,103.0,0.3
3609,5/31/2023 9:00,8.94,28.83,60.0,0.28
3610,5/31/2023 10:00,22.26,29.56,141.0,0.21
3611,5/31/2023 11:00,8.25,25.32,85.0,0.13
3612,5/31/2023 12:00,20.58,32.43,136.0,0.25
3613,5/31/2023 13:00,8.64,34.26,7.0,0.11
3614,5/31/2023 14:00,12.08,26.06,86.0,0.27
3615,5/31/2023 15:00,22.41,24.65,65.0,0.17
3616,5/31/2023 16:00,8.81,30.59,88.0,0.23
3617,5/31/2023 17:00,7.06,25.62,84.0,0.16
3618,5/31/2023 18:00,7.55,28.63,27.0,0.27
3619,5/31/2023 19:00,16.37,20.08,87.0,0.19
3620,5/31/2023 20:00,13.15,28.25,92.0,0.17
3621,5/31/2023 21:00,23.59,20.11,50.0,0.27
3622,5/31/2023 22:00,18.9,34.77,56.0,0.12
3623,5/31/2023 23:00,12.13,33.67,84.0,0.28
3624,6/1/2023 0:00,10.18,31.81,131.0,0.28
3625,6/1/2023 1:00,21.38,32.75,124.0,0.15
3626,6/1/2023 2:00,12.35,26.5,118.0,0.11
3627,6/1/2023 3:00,7.19,28.65,44.0,0.21
3628,6/1/2023 4:00,14.41,16.51,51.0,0.12
3629,6/1/2023 5:00,16.87,21.4,122.0,0.24
3630,6/1/2023 6:00,12.22,21.7,112.0,0.3
3631,6/1/2023 7:00,8.84,24.0,105.0,0.24
3632,6/1/2023 8:00,23.44,29.83,33.0,0.13
3633,6/1/2023 9:00,10.07,16.83,52.0,0.16
3634,6/1/2023 10:00,16.02,30.12,91.0,0.1
3635,6/1/2023 11:00,24.3,16.51,49.0,0.18
3636,6/1/2023 12:00,7.07,20.57,65.0,0.19
3637,6/1/2023 13:00,24.43,18.22,40.0,0.24
3638,6/1/2023 14:00,20.85,30.87,17.0,0.15
3639,6/1/2023 15:00,11.29,21.21,86.0,0.2
3640,6/1/2023 16:00,12.16,33.32,125.0,0.17
3641,6/1/2023 17:00,14.05,23.78,54.0,0.23
3642,6/1/2023 18:00,15.27,15.85,83.0,0.11
3643,6/1/2023 19:00,20.71,28.82,78.0,0.24
3644,6/1/2023 20:00,23.33,31.46,25.0,0.11
3645,6/1/2023 21:00,10.77,26.7,82.0,0.22
3646,6/1/2023 22:00,24.15,25.86,121.0,0.21
3647,6/1/2023 23:00,10.44,32.19,38.0,0.13
3648,6/2/2023 0:00,17.01,21.09,65.0,0.25
3649,6/2/2023 1:00,19.82,16.86,36.0,0.22
3650,6/2/2023 2:00,19.83,23.23,103.0,0.27
3651,6/2/2023 3:00,18.33,33.6,5.0,0.24
3652,6/2/2023 4:00,13.4,33.42,45.0,0.22
3653,6/2/2023 5:00,13.96,23.73,72.0,0.26
3654,6/2/2023 6:00,12.58,19.08,24.0,0.16
3655,6/2/2023 7:00,12.94,21.63,49.0,0.27
3656,6/2/2023 8:00,14.07,22.44,141.0,0.18
3657,6/2/2023 9:00,7.79,31.65,116.0,0.12
3658,6/2/2023 10:00,12.51,16.08,26.0,0.13
3659,6/2/2023 11:00,15.93,21.96,96.0,0.16
3660,6/2/2023 12:00,14.87,22.51,80.0,0.27
3661,6/2/2023 13:00,17.89,26.93,125.0,0.29
3662,6/2/2023 14:00,19.0,23.92,42.0,0.27
3663,6/2/2023 15:00,16.38,27.61,90.0,0.1
3664,6/2/2023 16:00,10.99,27.62,86.0,0.16
3665,6/2/2023 17:00,14.06,15.84,10.0,0.26
3666,6/2/2023 18:00,19.16,33.89,63.0,0.27
3667,6/2/2023 19:00,7.86,20.58,68.0,0.25
3668,6/2/2023 20:00,24.5,23.65,58.0,0.24
3669,6/2/2023 21:00,5.16,21.86,66.0,0.22
3670,6/2/2023 22:00,24.05,28.12,144.0,0.18
3671,6/2/2023 23:00,16.75,27.91,85.0,0.16
3672,6/3/2023 0:00,23.91,34.97,144.0,0.22
3673,6/3/2023 1:00,15.73,18.12,8.0,0.1
3674,6/3/2023 2:00,16.62,17.4,131.0,0.1
3675,6/3/2023 3:00,20.0,28.99,146.0,0.24
3676,6/3/2023 4:00,6.08,32.09,86.0,0.13
3677,6/3/2023 5:00,6.11,32.84,131.0,0.16
3678,6/3/2023 6:00,22.83,28.22,131.0,0.24
3679,6/3/2023 7:00,19.04,34.19,145.0,0.26
3680,6/3/2023 8:00,19.44,24.38,32.0,0.19
3681,6/3/2023 9:00,8.39,31.57,57.0,0.16
3682,6/3/2023 10:00,12.53,15.75,11.0,0.22
3683,6/3/2023 11:00,6.62,28.47,47.0,0.16
3684,6/3/2023 12:00,7.87,20.7,71.0,0.23
3685,6/3/2023 13:00,13.11,17.1,131.0,0.23
3686,6/3/2023 14:00,7.66,18.55,39.0,0.13
3687,6/3/2023 15:00,13.84,24.44,82.0,0.15
3688,6/3/2023 16:00,17.41,26.13,11.0,0.18
3689,6/3/2023 17:00,18.68,30.6,73.0,0.24
3690,6/3/2023 18:00,13.85,16.92,124.0,0.26
3691,6/3/2023 19:00,6.24,33.83,59.0,0.13
3692,6/3/2023 20:00,7.17,15.27,72.0,0.22
3693,6/3/2023 21:00,20.05,22.72,37.0,0.21
3694,6/3/2023 22:00,9.64,31.39,23.0,0.12
3695,6/3/2023 23:00,20.07,21.06,11.0,0.21
3696,6/4/2023 0:00,13.36,27.27,107.0,0.2
3697,6/4/2023 1:00,6.06,27.12,105.0,0.29
3698,6/4/2023 2:00,18.83,16.17,34.0,0.27
3699,6/4/2023 3:00,17.24,20.84,34.0,0.17
3700,6/4/2023 4:00,7.74,26.8,121.0,0.15
3701,6/4/2023 5:00,18.54,17.08,10.0,0.28
3702,6/4/2023 6:00,19.77,32.63,46.0,0.13
3703,6/4/2023 7:00,10.76,30.17,72.0,0.24
3704,6/4/2023 8:00,12.45,17.85,83.0,0.22
3705,6/4/2023 9:00,14.85,26.68,71.0,0.28
3706,6/4/2023 10:00,9.9,33.21,57.0,0.28
3707,6/4/2023 11:00,18.14,29.43,125.0,0.18
3708,6/4/2023 12:00,11.59,22.88,140.0,0.22
3709,6/4/2023 13:00,10.6,26.39,88.0,0.13
3710,6/4/2023 14:00,10.22,33.58,135.0,0.2
3711,6/4/2023 15:00,24.69,20.56,62.0,0.14
3712,6/4/2023 16:00,22.11,25.82,27.0,0.16
3713,6/4/2023 17:00,10.64,29.73,116.0,0.11
3714,6/4/2023 18:00,14.78,15.38,131.0,0.13
3715,6/4/2023 19:00,19.49,33.73,18.0,0.11
3716,6/4/2023 20:00,15.68,21.77,29.0,0.14
3717,6/4/2023 21:00,17.56,30.03,124.0,0.16
3718,6/4/2023 22:00,19.26,30.11,51.0,0.26
3719,6/4/2023 23:00,10.38,21.3,145.0,0.29
3720,6/5/2023 0:00,22.42,26.94,125.0,0.1
3721,6/5/2023 1:00,13.97,24.06,15.0,0.13
3722,6/5/2023 2:00,12.07,27.95,90.0,0.26
3723,6/5/2023 3:00,10.57,25.2,99.0,0.22
3724,6/5/2023 4:00,22.23,31.54,129.0,0.28
3725,6/5/2023 5:00,8.17,32.13,8.0,0.16
3726,6/5/2023 6:00,20.72,26.88,134.0,0.17
3727,6/5/2023 7:00,7.34,18.15,21.0,0.16
3728,6/5/2023 8:00,24.12,16.95,23.0,0.19
3729,6/5/2023 9:00,22.62,29.96,14.0,0.11
3730,6/5/2023 10:00,20.45,33.34,137.0,0.21
3731,6/5/2023 11:00,10.75,20.03,33.0,0.24
3732,6/5/2023 12:00,20.65,17.28,117.0,0.11
3733,6/5/2023 13:00,18.94,25.55,133.0,0.12
3734,6/5/2023 14:00,10.52,27.97,112.0,0.14
3735,6/5/2023 15:00,7.22,20.44,5.0,0.18
3736,6/5/2023 16:00,20.51,20.28,59.0,0.14
3737,6/5/2023 17:00,16.32,25.18,127.0,0.2
3738,6/5/2023 18:00,12.43,16.66,39.0,0.12
3739,6/5/2023 19:00,6.95,33.91,85.0,0.14
3740,6/5/2023 20:00,24.31,30.31,150.0,0.24
3741,6/5/2023 21:00,21.47,21.87,106.0,0.28
3742,6/5/2023 22:00,17.32,23.66,138.0,0.25
3743,6/5/2023 23:00,12.58,15.6,45.0,0.28
3744,6/6/2023 0:00,5.7,33.01,82.0,0.14
3745,6/6/2023 1:00,24.7,16.21,18.0,0.22
3746,6/6/2023 2:00,7.51,28.99,128.0,0.12
3747,6/6/2023 3:00,22.72,24.61,115.0,0.12
3748,6/6/2023 4:00,18.37,28.9,49.0,0.27
3749,6/6/2023 5:00,7.82,19.21,9.0,0.29
3750,6/6/2023 6:00,8.64,19.84,22.0,0.3
3751,6/6/2023 7:00,17.13,29.08,60.0,0.21
3752,6/6/2023 8:00,15.15,18.58,130.0,0.11
3753,6/6/2023 9:00,11.25,27.15,80.0,0.13
3754,6/6/2023 10:00,15.98,34.76,103.0,0.21
3755,6/6/2023 11:00,9.35,34.74,114.0,0.3
3756,6/6/2023 12:00,13.51,24.07,62.0,0.26
3757,6/6/2023 13:00,24.1,24.03,88.0,0.15
3758,6/6/2023 14:00,9.44,28.23,94.0,0.18
3759,6/6/2023 15:00,19.34,30.74,9.0,0.24
3760,6/6/2023 16:00,16.1,18.9,84.0,0.15
3761,6/6/2023 17:00,22.05,26.62,52.0,0.28
3762,6/6/2023 18:00,14.47,15.24,99.0,0.23
3763,6/6/2023 19:00,10.41,34.43,21.0,0.14
3764,6/6/2023 20:00,14.76,21.47,138.0,0.26
3765,6/6/2023 21:00,12.6,24.67,33.0,0.21
3766,6/6/2023 22:00,9.84,15.68,128.0,0.21
3767,6/6/2023 23:00,24.35,18.61,127.0,0.28
3768,6/7/2023 0:00,13.91,29.69,129.0,0.15
3769,6/7/2023 1:00,12.35,31.83,105.0,0.11
3770,6/7/2023 2:00,20.79,16.99,100.0,0.23
3771,6/7/2023 3:00,8.54,21.26,47.0,0.3
3772,6/7/2023 4:00,17.03,24.61,119.0,0.29
3773,6/7/2023 5:00,20.09,23.1,14.0,0.12
3774,6/7/2023 6:00,12.2,27.15,110.0,0.29
3775,6/7/2023 7:00,10.82,26.28,58.0,0.16
3776,6/7/2023 8:00,20.07,21.45,95.0,0.28
3777,6/7/2023 9:00,23.72,28.2,61.0,0.28
3778,6/7/2023 10:00,9.03,15.21,146.0,0.12
3779,6/7/2023 11:00,12.9,34.23,135.0,0.26
3780,6/7/2023 12:00,21.68,30.74,25.0,0.24
3781,6/7/2023 13:00,9.07,25.48,87.0,0.25
3782,6/7/2023 14:00,12.76,26.66,49.0,0.15
3783,6/7/2023 15:00,23.39,24.81,109.0,0.18
3784,6/7/2023 16:00,20.78,24.04,112.0,0.13
3785,6/7/2023 17:00,22.84,21.76,49.0,0.26
3786,6/7/2023 18:00,21.76,30.52,124.0,0.2
3787,6/7/2023 19:00,20.81,15.34,133.0,0.25
3788,6/7/2023 20:00,16.48,23.92,43.0,0.21
3789,6/7/2023 21:00,14.34,28.46,71.0,0.26
3790,6/7/2023 22:00,9.34,30.18,28.0,0.19
3791,6/7/2023 23:00,15.08,16.79,58.0,0.24
3792,6/8/2023 0:00,8.58,30.43,142.0,0.1
3793,6/8/2023 1:00,15.78,24.83,61.0,0.16
3794,6/8/2023 2:00,15.19,27.57,104.0,0.18
3795,6/8/2023 3:00,21.02,33.4,63.0,0.16
3796,6/8/2023 4:00,20.39,25.26,99.0,0.27
3797,6/8/2023 5:00,7.81,29.7,72.0,0.19
3798,6/8/2023 6:00,6.92,25.42,150.0,0.16
3799,6/8/2023 7:00,8.1,19.08,37.0,0.27
3800,6/8/2023 8:00,14.53,31.1,16.0,0.29
3801,6/8/2023 9:00,17.8,29.38,85.0,0.26
3802,6/8/2023 10:00,14.6,33.63,93.0,0.27
3803,6/8/2023 11:00,18.95,25.07,83.0,0.28
3804,6/8/2023 12:00,17.7,15.21,114.0,0.2
3805,6/8/2023 13:00,21.02,29.43,78.0,0.12
3806,6/8/2023 14:00,7.82,18.76,38.0,0.16
3807,6/8/2023 15:00,7.54,21.76,128.0,0.16
3808,6/8/2023 16:00,22.15,21.28,20.0,0.27
3809,6/8/2023 17:00,22.72,30.05,66.0,0.17
3810,6/8/2023 18:00,10.28,23.1,79.0,0.26
3811,6/8/2023 19:00,16.0,25.12,90.0,0.16
3812,6/8/2023 20:00,19.16,16.65,48.0,0.17
3813,6/8/2023 21:00,12.77,23.89,116.0,0.14
3814,6/8/2023 22:00,8.84,18.52,6.0,0.19
3815,6/8/2023 23:00,6.67,33.49,9.0,0.21
3816,6/9/2023 0:00,20.73,31.8,9.0,0.23
3817,6/9/2023 1:00,20.17,16.55,30.0,0.11
3818,6/9/2023 2:00,5.35,22.34,55.0,0.28
3819,6/9/2023 3:00,21.51,22.29,87.0,0.1
3820,6/9/2023 4:00,21.7,22.38,43.0,0.14
3821,6/9/2023 5:00,10.24,23.11,120.0,0.21
3822,6/9/2023 6:00,14.99,20.77,120.0,0.22
3823,6/9/2023 7:00,13.17,21.93,12.0,0.23
3824,6/9/2023 8:00,6.85,22.73,55.0,0.27
3825,6/9/2023 9:00,15.73,20.09,24.0,0.24
3826,6/9/2023 10:00,23.41,32.66,90.0,0.18
3827,6/9/2023 11:00,21.23,15.97,40.0,0.12
3828,6/9/2023 12:00,17.72,19.86,60.0,0.28
3829,6/9/2023 13:00,23.51,15.42,123.0,0.27
3830,6/9/2023 14:00,16.73,25.79,42.0,0.14
3831,6/9/2023 15:00,6.78,22.86,88.0,0.14
3832,6/9/2023 16:00,23.14,23.36,52.0,0.25
3833,6/9/2023 17:00,6.58,29.9,58.0,0.25
3834,6/9/2023 18:00,15.69,16.27,105.0,0.13
3835,6/9/2023 19:00,8.11,15.56,112.0,0.29
3836,6/9/2023 20:00,19.72,27.28,12.0,0.24
3837,6/9/2023 21:00,21.57,31.65,66.0,0.21
3838,6/9/2023 22:00,13.25,23.74,144.0,0.25
3839,6/9/2023 23:00,21.6,31.51,85.0,0.27
3840,6/10/2023 0:00,19.77,33.22,147.0,0.14
3841,6/10/2023 1:00,5.44,33.09,26.0,0.15
3842,6/10/2023 2:00,10.24,26.31,28.0,0.16
3843,6/10/2023 3:00,24.78,34.01,63.0,0.2
3844,6/10/2023 4:00,24.48,26.74,25.0,0.26
3845,6/10/2023 5:00,22.23,30.59,105.0,0.27
3846,6/10/2023 6:00,11.49,18.7,17.0,0.15
3847,6/10/2023 7:00,12.89,33.72,110.0,0.18
3848,6/10/2023 8:00,24.47,20.7,87.0,0.21
3849,6/10/2023 9:00,13.27,27.77,124.0,0.18
3850,6/10/2023 10:00,5.88,31.42,12.0,0.12
3851,6/10/2023 11:00,23.62,31.51,111.0,0.29
3852,6/10/2023 12:00,19.19,19.63,39.0,0.23
3853,6/10/2023 13:00,7.22,23.87,57.0,0.16
3854,6/10/2023 14:00,18.59,17.47,115.0,0.2
3855,6/10/2023 15:00,23.69,31.21,32.0,0.16
3856,6/10/2023 16:00,5.07,29.84,105.0,0.21
3857,6/10/2023 17:00,21.67,22.78,15.0,0.14
3858,6/10/2023 18:00,13.4,18.63,74.0,0.13
3859,6/10/2023 19:00,10.81,15.14,134.0,0.22
3860,6/10/2023 20:00,19.52,18.1,128.0,0.13
3861,6/10/2023 21:00,9.48,19.93,34.0,0.25
3862,6/10/2023 22:00,20.01,19.82,50.0,0.29
3863,6/10/2023 23:00,13.64,32.38,66.0,0.26
3864,6/11/2023 0:00,16.01,32.09,109.0,0.16
3865,6/11/2023 1:00,22.83,34.8,56.0,0.14
3866,6/11/2023 2:00,15.97,17.63,42.0,0.12
3867,6/11/2023 3:00,16.66,17.67,16.0,0.13
3868,6/11/2023 4:00,24.86,24.16,68.0,0.25
3869,6/11/2023 5:00,8.25,32.21,99.0,0.16
3870,6/11/2023 6:00,12.04,15.29,74.0,0.25
3871,6/11/2023 7:00,20.09,27.6,44.0,0.25
3872,6/11/2023 8:00,23.45,21.46,145.0,0.21
3873,6/11/2023 9:00,15.17,18.92,37.0,0.22
3874,6/11/2023 10:00,23.46,22.25,135.0,0.14
3875,6/11/2023 11:00,12.38,25.01,137.0,0.3
3876,6/11/2023 12:00,8.73,28.94,24.0,0.12
3877,6/11/2023 13:00,24.01,26.45,99.0,0.18
3878,6/11/2023 14:00,19.54,15.75,41.0,0.14
3879,6/11/2023 15:00,10.45,34.4,148.0,0.25
3880,6/11/2023 16:00,16.18,22.05,25.0,0.22
3881,6/11/2023 17:00,13.91,22.56,124.0,0.21
3882,6/11/2023 18:00,11.4,31.77,12.0,0.15
3883,6/11/2023 19:00,9.26,21.63,94.0,0.28
3884,6/11/2023 20:00,12.37,32.77,146.0,0.23
3885,6/11/2023 21:00,20.89,18.86,130.0,0.19
3886,6/11/2023 22:00,22.32,22.07,48.0,0.12
3887,6/11/2023 23:00,19.25,28.67,68.0,0.17
3888,6/12/2023 0:00,7.43,33.22,143.0,0.27
3889,6/12/2023 1:00,19.96,19.47,70.0,0.15
3890,6/12/2023 2:00,15.48,30.55,81.0,0.29
3891,6/12/2023 3:00,18.6,24.36,99.0,0.12
3892,6/12/2023 4:00,8.18,17.02,6.0,0.26
3893,6/12/2023 5:00,24.18,31.02,44.0,0.19
3894,6/12/2023 6:00,21.07,28.15,55.0,0.26
3895,6/12/2023 7:00,18.6,17.11,124.0,0.21
3896,6/12/2023 8:00,7.37,23.68,66.0,0.22
3897,6/12/2023 9:00,23.66,25.5,65.0,0.26
3898,6/12/2023 10:00,10.71,22.47,119.0,0.21
3899,6/12/2023 11:00,8.0,21.33,79.0,0.29
3900,6/12/2023 12:00,8.14,19.02,131.0,0.25
3901,6/12/2023 13:00,17.24,15.07,104.0,0.24
3902,6/12/2023 14:00,8.68,18.33,138.0,0.11
3903,6/12/2023 15:00,13.88,26.54,115.0,0.2
3904,6/12/2023 16:00,21.22,30.16,61.0,0.25
3905,6/12/2023 17:00,9.42,22.9,137.0,0.19
3906,6/12/2023 18:00,6.68,32.02,75.0,0.17
3907,6/12/2023 19:00,8.96,16.29,148.0,0.17
3908,6/12/2023 20:00,10.54,18.94,127.0,0.23
3909,6/12/2023 21:00,17.76,32.71,127.0,0.14
3910,6/12/2023 22:00,23.43,17.72,149.0,0.2
3911,6/12/2023 23:00,11.3,20.1,35.0,0.15
3912,6/13/2023 0:00,19.22,19.27,81.0,0.18
3913,6/13/2023 1:00,18.74,23.41,18.0,0.24
3914,6/13/2023 2:00,6.06,21.6,120.0,0.13
3915,6/13/2023 3:00,15.94,28.26,34.0,0.22
3916,6/13/2023 4:00,23.02,22.3,19.0,0.29
3917,6/13/2023 5:00,23.9,18.16,82.0,0.1
3918,6/13/2023 6:00,11.48,32.77,76.0,0.14
3919,6/13/2023 7:00,11.38,34.48,20.0,0.16
3920,6/13/2023 8:00,7.36,23.33,29.0,0.29
3921,6/13/2023 9:00,18.73,30.66,148.0,0.1
3922,6/13/2023 10:00,14.55,15.6,116.0,0.19
3923,6/13/2023 11:00,8.0,31.53,90.0,0.12
3924,6/13/2023 12:00,20.61,18.32,17.0,0.28
3925,6/13/2023 13:00,11.47,24.84,86.0,0.16
3926,6/13/2023 14:00,7.69,33.01,27.0,0.22
3927,6/13/2023 15:00,9.97,16.21,13.0,0.2
3928,6/13/2023 16:00,7.99,18.53,50.0,0.19
3929,6/13/2023 17:00,12.41,34.78,137.0,0.25
3930,6/13/2023 18:00,12.92,30.69,107.0,0.21
3931,6/13/2023 19:00,7.69,15.23,14.0,0.18
3932,6/13/2023 20:00,17.2,18.14,67.0,0.13
3933,6/13/2023 21:00,11.81,17.61,44.0,0.12
3934,6/13/2023 22:00,17.37,29.11,61.0,0.11
3935,6/13/2023 23:00,24.82,25.74,67.0,0.13
3936,6/14/2023 0:00,24.45,28.52,14.0,0.3
3937,6/14/2023 1:00,11.93,32.52,56.0,0.18
3938,6/14/2023 2:00,24.6,26.24,63.0,0.11
3939,6/14/2023 3:00,19.62,17.33,47.0,0.27
3940,6/14/2023 4:00,12.24,26.15,82.0,0.11
3941,6/14/2023 5:00,24.81,34.24,51.0,0.18
3942,6/14/2023 6:00,19.37,25.49,84.0,0.24
3943,6/14/2023 7:00,16.97,18.45,12.0,0.16
3944,6/14/2023 8:00,15.44,18.5,148.0,0.21
3945,6/14/2023 9:00,14.88,20.91,81.0,0.23
3946,6/14/2023 10:00,15.28,20.52,58.0,0.13
3947,6/14/2023 11:00,8.26,25.62,135.0,0.16
3948,6/14/2023 12:00,20.82,32.14,86.0,0.25
3949,6/14/2023 13:00,9.77,32.97,85.0,0.21
3950,6/14/2023 14:00,5.96,28.12,141.0,0.18
3951,6/14/2023 15:00,12.15,27.79,40.0,0.29
3952,6/14/2023 16:00,7.53,29.58,56.0,0.16
3953,6/14/2023 17:00,13.36,22.03,105.0,0.24
3954,6/14/2023 18:00,24.16,22.88,118.0,0.13
3955,6/14/2023 19:00,17.24,34.63,94.0,0.13
3956,6/14/2023 20:00,6.75,21.9,113.0,0.22
3957,6/14/2023 21:00,5.21,34.81,144.0,0.13
3958,6/14/2023 22:00,9.84,27.68,65.0,0.25
3959,6/14/2023 23:00,24.55,19.71,87.0,0.23
3960,6/15/2023 0:00,22.31,19.01,49.0,0.25
3961,6/15/2023 1:00,23.07,34.88,41.0,0.17
3962,6/15/2023 2:00,5.65,17.61,130.0,0.1
3963,6/15/2023 3:00,22.19,26.12,40.0,0.28
3964,6/15/2023 4:00,8.16,29.5,71.0,0.11
3965,6/15/2023 5:00,15.27,23.25,41.0,0.29
3966,6/15/2023 6:00,17.24,34.61,50.0,0.1
3967,6/15/2023 7:00,24.85,30.58,150.0,0.19
3968,6/15/2023 8:00,12.86,18.39,138.0,0.21
3969,6/15/2023 9:00,9.78,33.79,149.0,0.2
3970,6/15/2023 10:00,11.42,19.4,107.0,0.14
3971,6/15/2023 11:00,16.64,31.92,106.0,0.14
3972,6/15/2023 12:00,20.51,33.64,98.0,0.21
3973,6/15/2023 13:00,13.44,26.58,6.0,0.26
3974,6/15/2023 14:00,13.12,18.47,136.0,0.27
3975,6/15/2023 15:00,9.83,21.52,93.0,0.21
3976,6/15/2023 16:00,19.57,18.43,112.0,0.2
3977,6/15/2023 17:00,20.91,15.66,123.0,0.24
3978,6/15/2023 18:00,9.06,20.94,91.0,0.25
3979,6/15/2023 19:00,17.77,34.86,77.0,0.3
3980,6/15/2023 20:00,21.08,31.99,118.0,0.2
3981,6/15/2023 21:00,16.27,17.69,55.0,0.18
3982,6/15/2023 22:00,11.46,32.22,117.0,0.23
3983,6/15/2023 23:00,24.58,16.11,22.0,0.19
3984,6/16/2023 0:00,5.54,33.56,63.0,0.12
3985,6/16/2023 1:00,15.15,24.23,62.0,0.25
3986,6/16/2023 2:00,18.08,29.35,113.0,0.28
3987,6/16/2023 3:00,17.84,24.21,28.0,0.13
3988,6/16/2023 4:00,13.72,26.71,107.0,0.18
3989,6/16/2023 5:00,20.89,29.94,78.0,0.24
3990,6/16/2023 6:00,13.57,16.44,89.0,0.26
3991,6/16/2023 7:00,20.66,33.67,59.0,0.15
3992,6/16/2023 8:00,6.78,19.34,24.0,0.26
3993,6/16/2023 9:00,13.52,16.3,109.0,0.21
3994,6/16/2023 10:00,17.92,34.56,46.0,0.17
3995,6/16/2023 11:00,21.76,33.76,70.0,0.29
3996,6/16/2023 12:00,12.33,19.59,94.0,0.18
3997,6/16/2023 13:00,7.2,22.15,102.0,0.28
3998,6/16/2023 14:00,9.72,31.76,73.0,0.22
3999,6/16/2023 15:00,9.56,24.41,11.0,0.18
4000,6/16/2023 16:00,11.75,28.24,86.0,0.24
4001,6/16/2023 17:00,21.64,28.21,14.0,0.12
4002,6/16/2023 18:00,11.61,24.46,56.0,0.14
4003,6/16/2023 19:00,8.3,26.96,93.0,0.21
4004,6/16/2023 20:00,20.25,32.08,105.0,0.16
4005,6/16/2023 21:00,13.63,15.96,53.0,0.22
4006,6/16/2023 22:00,20.61,19.83,146.0,0.14
4007,6/16/2023 23:00,18.1,15.45,119.0,0.12
4008,6/17/2023 0:00,16.72,22.27,33.0,0.28
4009,6/17/2023 1:00,24.0,25.28,25.0,0.15
4010,6/17/2023 2:00,22.06,15.1,146.0,0.16
4011,6/17/2023 3:00,23.68,28.23,141.0,0.29
4012,6/17/2023 4:00,13.76,18.71,65.0,0.27
4013,6/17/2023 5:00,12.2,19.36,49.0,0.26
4014,6/17/2023 6:00,14.87,30.46,8.0,0.14
4015,6/17/2023 7:00,16.27,25.53,59.0,0.19
4016,6/17/2023 8:00,24.49,19.8,50.0,0.25
4017,6/17/2023 9:00,11.94,32.04,63.0,0.17
4018,6/17/2023 10:00,22.47,34.93,66.0,0.25
4019,6/17/2023 11:00,5.34,25.25,124.0,0.26
4020,6/17/2023 12:00,20.92,27.84,120.0,0.16
4021,6/17/2023 13:00,16.68,33.46,112.0,0.17
4022,6/17/2023 14:00,21.56,21.26,60.0,0.27
4023,6/17/2023 15:00,10.97,26.77,12.0,0.18
4024,6/17/2023 16:00,15.06,29.95,123.0,0.13
4025,6/17/2023 17:00,13.0,18.73,127.0,0.24
4026,6/17/2023 18:00,18.28,32.23,124.0,0.21
4027,6/17/2023 19:00,9.02,34.37,139.0,0.23
4028,6/17/2023 20:00,11.03,33.87,66.0,0.15
4029,6/17/2023 21:00,19.04,24.39,86.0,0.12
4030,6/17/2023 22:00,16.83,23.15,148.0,0.27
4031,6/17/2023 23:00,5.42,28.1,82.0,0.12
4032,6/18/2023 0:00,16.46,31.15,106.0,0.11
4033,6/18/2023 1:00,6.48,24.46,141.0,0.25
4034,6/18/2023 2:00,24.54,34.32,6.0,0.11
4035,6/18/2023 3:00,19.8,21.73,25.0,0.22
4036,6/18/2023 4:00,8.25,17.11,80.0,0.16
4037,6/18/2023 5:00,19.15,22.23,32.0,0.15
4038,6/18/2023 6:00,18.95,32.69,119.0,0.22
4039,6/18/2023 7:00,23.43,29.75,53.0,0.28
4040,6/18/2023 8:00,8.51,24.23,150.0,0.29
4041,6/18/2023 9:00,11.49,21.15,127.0,0.11
4042,6/18/2023 10:00,24.85,33.81,14.0,0.14
4043,6/18/2023 11:00,8.33,16.26,23.0,0.27
4044,6/18/2023 12:00,23.59,32.05,22.0,0.11
4045,6/18/2023 13:00,10.2,26.62,130.0,0.13
4046,6/18/2023 14:00,13.47,21.75,114.0,0.15
4047,6/18/2023 15:00,18.8,28.76,114.0,0.18
4048,6/18/2023 16:00,22.38,24.97,131.0,0.28
4049,6/18/2023 17:00,7.26,19.94,111.0,0.21
4050,6/18/2023 18:00,24.36,31.26,58.0,0.19
4051,6/18/2023 19:00,9.57,15.46,92.0,0.15
4052,6/18/2023 20:00,17.94,21.6,55.0,0.23
4053,6/18/2023 21:00,21.59,33.94,106.0,0.2
4054,6/18/2023 22:00,5.08,17.75,71.0,0.15
4055,6/18/2023 23:00,9.61,18.43,92.0,0.12
4056,6/19/2023 0:00,6.76,25.59,42.0,0.21
4057,6/19/2023 1:00,18.56,20.06,57.0,0.23
4058,6/19/2023 2:00,19.13,28.49,40.0,0.23
4059,6/19/2023 3:00,10.39,18.04,52.0,0.3
4060,6/19/2023 4:00,24.25,27.37,90.0,0.3
4061,6/19/2023 5:00,21.51,32.74,114.0,0.13
4062,6/19/2023 6:00,16.36,24.77,86.0,0.25
4063,6/19/2023 7:00,6.96,21.94,80.0,0.19
4064,6/19/2023 8:00,12.53,17.88,81.0,0.28
4065,6/19/2023 9:00,7.11,23.64,144.0,0.18
4066,6/19/2023 10:00,22.33,24.57,102.0,0.18
4067,6/19/2023 11:00,5.51,27.01,68.0,0.27
4068,6/19/2023 12:00,18.04,19.58,101.0,0.17
4069,6/19/2023 13:00,7.76,21.2,107.0,0.16
4070,6/19/2023 14:00,5.92,29.52,124.0,0.26
4071,6/19/2023 15:00,22.1,15.6,28.0,0.11
4072,6/19/2023 16:00,11.71,26.43,72.0,0.22
4073,6/19/2023 17:00,21.64,21.72,103.0,0.15
4074,6/19/2023 18:00,24.69,15.35,89.0,0.16
4075,6/19/2023 19:00,19.6,28.66,33.0,0.16
4076,6/19/2023 20:00,21.65,24.0,11.0,0.12
4077,6/19/2023 21:00,12.56,20.42,24.0,0.24
4078,6/19/2023 22:00,20.78,16.25,118.0,0.19
4079,6/19/2023 23:00,17.36,24.26,114.0,0.28
4080,6/20/2023 0:00,15.84,25.34,58.0,0.15
4081,6/20/2023 1:00,17.38,21.64,128.0,0.3
4082,6/20/2023 2:00,8.69,31.43,97.0,0.2
4083,6/20/2023 3:00,7.46,16.14,99.0,0.13
4084,6/20/2023 4:00,5.1,27.86,141.0,0.15
4085,6/20/2023 5:00,8.66,17.87,25.0,0.29
4086,6/20/2023 6:00,22.2,32.04,71.0,0.14
4087,6/20/2023 7:00,10.07,27.38,19.0,0.14
4088,6/20/2023 8:00,20.23,15.83,102.0,0.11
4089,6/20/2023 9:00,21.81,23.06,86.0,0.13
4090,6/20/2023 10:00,12.78,28.86,27.0,0.16
4091,6/20/2023 11:00,18.68,27.2,9.0,0.24
4092,6/20/2023 12:00,17.14,28.04,33.0,0.26
4093,6/20/2023 13:00,9.52,30.41,62.0,0.19
4094,6/20/2023 14:00,15.53,20.99,90.0,0.28
4095,6/20/2023 15:00,15.74,28.36,111.0,0.23
4096,6/20/2023 16:00,20.99,22.08,102.0,0.27
4097,6/20/2023 17:00,24.76,27.47,41.0,0.19
4098,6/20/2023 18:00,17.81,21.68,147.0,0.2
4099,6/20/2023 19:00,21.96,20.49,130.0,0.17
4100,6/20/2023 20:00,5.49,17.14,14.0,0.13
4101,6/20/2023 21:00,11.99,25.75,63.0,0.13
4102,6/20/2023 22:00,14.3,31.9,61.0,0.18
4103,6/20/2023 23:00,6.69,24.49,8.0,0.15
4104,6/21/2023 0:00,9.44,33.51,90.0,0.25
4105,6/21/2023 1:00,14.46,20.64,63.0,0.12
4106,6/21/2023 2:00,10.24,32.14,57.0,0.3
4107,6/21/2023 3:00,11.57,23.37,68.0,0.1
4108,6/21/2023 4:00,23.94,16.7,18.0,0.13
4109,6/21/2023 5:00,17.73,27.77,101.0,0.1
4110,6/21/2023 6:00,20.97,28.21,112.0,0.11
4111,6/21/2023 7:00,11.88,30.85,30.0,0.1
4112,6/21/2023 8:00,15.84,15.94,8.0,0.14
4113,6/21/2023 9:00,5.55,34.43,144.0,0.19
4114,6/21/2023 10:00,22.91,28.73,86.0,0.3
4115,6/21/2023 11:00,19.48,28.7,147.0,0.11
4116,6/21/2023 12:00,13.6,22.21,20.0,0.22
4117,6/21/2023 13:00,17.63,20.81,114.0,0.14
4118,6/21/2023 14:00,5.01,29.62,48.0,0.13
4119,6/21/2023 15:00,14.26,33.92,30.0,0.28
4120,6/21/2023 16:00,13.5,24.65,16.0,0.12
4121,6/21/2023 17:00,14.12,24.12,37.0,0.26
4122,6/21/2023 18:00,19.9,15.54,69.0,0.22
4123,6/21/2023 19:00,23.3,24.72,60.0,0.11
4124,6/21/2023 20:00,14.44,29.14,19.0,0.15
4125,6/21/2023 21:00,15.11,32.74,46.0,0.12
4126,6/21/2023 22:00,10.16,26.26,112.0,0.25
4127,6/21/2023 23:00,8.25,23.51,144.0,0.17
4128,6/22/2023 0:00,18.21,31.99,95.0,0.27
4129,6/22/2023 1:00,17.19,33.12,20.0,0.25
4130,6/22/2023 2:00,13.65,22.94,68.0,0.24
4131,6/22/2023 3:00,23.52,17.09,143.0,0.14
4132,6/22/2023 4:00,19.61,32.78,25.0,0.21
4133,6/22/2023 5:00,7.64,16.68,118.0,0.12
4134,6/22/2023 6:00,14.79,17.33,141.0,0.11
4135,6/22/2023 7:00,9.81,17.65,18.0,0.17
4136,6/22/2023 8:00,13.81,34.02,92.0,0.11
4137,6/22/2023 9:00,22.76,33.36,96.0,0.11
4138,6/22/2023 10:00,11.82,31.87,105.0,0.12
4139,6/22/2023 11:00,23.97,25.07,102.0,0.3
4140,6/22/2023 12:00,20.51,19.11,112.0,0.18
4141,6/22/2023 13:00,17.16,30.3,32.0,0.3
4142,6/22/2023 14:00,11.6,21.71,5.0,0.11
4143,6/22/2023 15:00,9.6,27.49,82.0,0.2
4144,6/22/2023 16:00,12.52,32.24,34.0,0.12
4145,6/22/2023 17:00,6.96,23.51,90.0,0.17
4146,6/22/2023 18:00,16.07,33.76,46.0,0.21
4147,6/22/2023 19:00,13.67,31.69,70.0,0.2
4148,6/22/2023 20:00,5.78,20.12,91.0,0.2
4149,6/22/2023 21:00,24.58,29.16,61.0,0.1
4150,6/22/2023 22:00,5.43,20.89,16.0,0.28
4151,6/22/2023 23:00,8.75,29.33,42.0,0.28
4152,6/23/2023 0:00,8.21,18.32,102.0,0.13
4153,6/23/2023 1:00,18.8,26.91,125.0,0.16
4154,6/23/2023 2:00,9.12,20.17,94.0,0.3
4155,6/23/2023 3:00,17.19,26.84,75.0,0.15
4156,6/23/2023 4:00,11.67,24.55,48.0,0.12
4157,6/23/2023 5:00,9.12,28.16,20.0,0.22
4158,6/23/2023 6:00,9.25,21.23,117.0,0.12
4159,6/23/2023 7:00,20.16,19.48,138.0,0.26
4160,6/23/2023 8:00,8.44,16.7,36.0,0.27
4161,6/23/2023 9:00,17.49,27.14,147.0,0.21
4162,6/23/2023 10:00,11.3,25.44,25.0,0.11
4163,6/23/2023 11:00,17.47,28.95,63.0,0.26
4164,6/23/2023 12:00,23.98,18.71,28.0,0.21
4165,6/23/2023 13:00,5.9,30.12,36.0,0.28
4166,6/23/2023 14:00,5.02,23.72,33.0,0.19
4167,6/23/2023 15:00,20.72,31.74,8.0,0.26
4168,6/23/2023 16:00,22.28,17.94,138.0,0.11
4169,6/23/2023 17:00,17.43,30.61,148.0,0.2
4170,6/23/2023 18:00,13.86,30.41,11.0,0.1
4171,6/23/2023 19:00,23.84,15.12,63.0,0.3
4172,6/23/2023 20:00,9.45,28.92,5.0,0.26
4173,6/23/2023 21:00,24.23,34.02,60.0,0.14
4174,6/23/2023 22:00,23.42,32.26,80.0,0.21
4175,6/23/2023 23:00,5.83,25.1,102.0,0.19
4176,6/24/2023 0:00,9.31,18.35,136.0,0.25
4177,6/24/2023 1:00,8.78,17.88,42.0,0.12
4178,6/24/2023 2:00,14.85,22.98,124.0,0.26
4179,6/24/2023 3:00,18.47,20.8,17.0,0.18
4180,6/24/2023 4:00,8.77,22.17,46.0,0.24
4181,6/24/2023 5:00,10.21,22.1,148.0,0.11
4182,6/24/2023 6:00,8.02,23.08,137.0,0.12
4183,6/24/2023 7:00,8.61,19.12,27.0,0.23
4184,6/24/2023 8:00,23.2,29.7,142.0,0.14
4185,6/24/2023 9:00,22.77,22.38,127.0,0.19
4186,6/24/2023 10:00,7.44,15.53,143.0,0.19
4187,6/24/2023 11:00,18.27,26.79,143.0,0.15
4188,6/24/2023 12:00,8.24,32.72,20.0,0.2
4189,6/24/2023 13:00,7.82,17.0,104.0,0.2
4190,6/24/2023 14:00,14.39,19.76,69.0,0.25
4191,6/24/2023 15:00,23.96,21.54,118.0,0.14
4192,6/24/2023 16:00,9.76,32.29,21.0,0.24
4193,6/24/2023 17:00,7.41,17.29,111.0,0.21
4194,6/24/2023 18:00,6.27,27.14,30.0,0.3
4195,6/24/2023 19:00,14.83,19.84,14.0,0.24
4196,6/24/2023 20:00,23.38,17.47,132.0,0.26
4197,6/24/2023 21:00,23.61,31.35,149.0,0.3
4198,6/24/2023 22:00,24.03,21.16,79.0,0.11
4199,6/24/2023 23:00,12.66,16.96,132.0,0.25
4200,6/25/2023 0:00,10.01,32.33,127.0,0.25
4201,6/25/2023 1:00,23.77,20.66,108.0,0.27
4202,6/25/2023 2:00,20.86,18.26,138.0,0.27
4203,6/25/2023 3:00,18.32,29.93,89.0,0.24
4204,6/25/2023 4:00,11.68,30.11,41.0,0.26
4205,6/25/2023 5:00,24.56,17.01,80.0,0.19
4206,6/25/2023 6:00,15.98,21.24,148.0,0.17
4207,6/25/2023 7:00,6.17,27.64,37.0,0.19
4208,6/25/2023 8:00,7.07,29.25,100.0,0.26
4209,6/25/2023 9:00,21.58,31.76,113.0,0.29
4210,6/25/2023 10:00,6.69,30.27,23.0,0.12
4211,6/25/2023 11:00,16.57,29.61,122.0,0.23
4212,6/25/2023 12:00,19.15,31.92,141.0,0.16
4213,6/25/2023 13:00,24.95,28.47,42.0,0.19
4214,6/25/2023 14:00,10.78,27.84,61.0,0.1
4215,6/25/2023 15:00,13.43,22.11,44.0,0.22
4216,6/25/2023 16:00,23.11,25.69,46.0,0.16
4217,6/25/2023 17:00,6.51,19.7,13.0,0.17
4218,6/25/2023 18:00,17.0,20.29,57.0,0.12
4219,6/25/2023 19:00,15.83,30.64,70.0,0.11
4220,6/25/2023 20:00,22.94,28.46,27.0,0.24
4221,6/25/2023 21:00,11.99,25.96,5.0,0.17
4222,6/25/2023 22:00,12.99,33.31,7.0,0.29
4223,6/25/2023 23:00,12.39,26.06,120.0,0.19
4224,6/26/2023 0:00,18.69,32.52,33.0,0.12
4225,6/26/2023 1:00,13.43,30.64,11.0,0.2
4226,6/26/2023 2:00,11.73,28.93,120.0,0.15
4227,6/26/2023 3:00,12.17,24.66,10.0,0.25
4228,6/26/2023 4:00,11.08,31.7,47.0,0.2
4229,6/26/2023 5:00,10.92,29.74,78.0,0.14
4230,6/26/2023 6:00,17.51,31.06,105.0,0.19
4231,6/26/2023 7:00,23.32,27.75,99.0,0.29
4232,6/26/2023 8:00,13.12,25.47,87.0,0.18
4233,6/26/2023 9:00,24.46,25.04,77.0,0.29
4234,6/26/2023 10:00,10.34,32.67,5.0,0.24
4235,6/26/2023 11:00,18.21,31.91,35.0,0.13
4236,6/26/2023 12:00,15.63,28.91,101.0,0.26
4237,6/26/2023 13:00,14.41,25.28,64.0,0.21
4238,6/26/2023 14:00,8.65,29.74,24.0,0.18
4239,6/26/2023 15:00,16.23,28.53,45.0,0.14
4240,6/26/2023 16:00,12.25,24.87,38.0,0.26
4241,6/26/2023 17:00,6.55,19.37,57.0,0.27
4242,6/26/2023 18:00,8.54,20.3,55.0,0.17
4243,6/26/2023 19:00,20.62,17.55,11.0,0.13
4244,6/26/2023 20:00,6.04,31.42,104.0,0.24
4245,6/26/2023 21:00,5.2,33.27,117.0,0.27
4246,6/26/2023 22:00,14.27,22.35,78.0,0.23
4247,6/26/2023 23:00,6.09,18.13,127.0,0.14
4248,6/27/2023 0:00,13.37,28.57,133.0,0.15
4249,6/27/2023 1:00,6.99,23.13,145.0,0.25
4250,6/27/2023 2:00,14.04,19.79,66.0,0.28
4251,6/27/2023 3:00,18.21,22.62,116.0,0.26
4252,6/27/2023 4:00,14.29,25.36,124.0,0.23
4253,6/27/2023 5:00,21.19,18.03,7.0,0.2
4254,6/27/2023 6:00,6.1,30.9,131.0,0.26
4255,6/27/2023 7:00,20.44,15.37,35.0,0.22
4256,6/27/2023 8:00,15.83,27.67,12.0,0.15
4257,6/27/2023 9:00,22.64,34.59,106.0,0.25
4258,6/27/2023 10:00,13.54,34.59,81.0,0.19
4259,6/27/2023 11:00,13.77,17.26,107.0,0.11
4260,6/27/2023 12:00,10.56,16.53,83.0,0.2
4261,6/27/2023 13:00,18.03,27.85,52.0,0.25
4262,6/27/2023 14:00,9.04,22.78,55.0,0.3
4263,6/27/2023 15:00,20.53,34.66,22.0,0.16
4264,6/27/2023 16:00,6.99,33.59,44.0,0.17
4265,6/27/2023 17:00,22.08,31.37,135.0,0.28
4266,6/27/2023 18:00,8.78,22.22,100.0,0.24
4267,6/27/2023 19:00,7.67,28.1,30.0,0.16
4268,6/27/2023 20:00,12.7,19.63,34.0,0.11
4269,6/27/2023 21:00,10.96,28.16,13.0,0.15
4270,6/27/2023 22:00,18.62,31.98,39.0,0.12
4271,6/27/2023 23:00,6.25,22.77,143.0,0.12
4272,6/28/2023 0:00,9.23,16.09,76.0,0.19
4273,6/28/2023 1:00,17.61,34.87,18.0,0.24
4274,6/28/2023 2:00,12.74,21.91,102.0,0.11
4275,6/28/2023 3:00,13.59,26.91,150.0,0.21
4276,6/28/2023 4:00,21.44,20.02,140.0,0.27
4277,6/28/2023 5:00,20.64,23.03,7.0,0.21
4278,6/28/2023 6:00,18.39,23.76,70.0,0.18
4279,6/28/2023 7:00,12.21,31.79,103.0,0.14
4280,6/28/2023 8:00,24.6,25.08,143.0,0.12
4281,6/28/2023 9:00,9.32,26.73,61.0,0.29
4282,6/28/2023 10:00,7.15,28.85,80.0,0.18
4283,6/28/2023 11:00,8.31,33.44,28.0,0.16
4284,6/28/2023 12:00,9.21,31.87,41.0,0.16
4285,6/28/2023 13:00,17.5,22.0,15.0,0.16
4286,6/28/2023 14:00,11.94,28.3,107.0,0.27
4287,6/28/2023 15:00,7.78,29.79,145.0,0.26
4288,6/28/2023 16:00,19.62,15.13,120.0,0.25
4289,6/28/2023 17:00,8.19,32.58,36.0,0.25
4290,6/28/2023 18:00,15.52,19.27,15.0,0.17
4291,6/28/2023 19:00,13.0,15.4,123.0,0.25
4292,6/28/2023 20:00,14.25,26.9,134.0,0.17
4293,6/28/2023 21:00,22.2,18.43,76.0,0.22
4294,6/28/2023 22:00,11.86,27.59,23.0,0.26
4295,6/28/2023 23:00,14.73,19.76,33.0,0.18
4296,6/29/2023 0:00,17.56,19.07,76.0,0.25
4297,6/29/2023 1:00,21.62,20.68,28.0,0.28
4298,6/29/2023 2:00,12.08,17.04,108.0,0.11
4299,6/29/2023 3:00,5.53,20.65,92.0,0.14
4300,6/29/2023 4:00,19.82,26.81,82.0,0.19
4301,6/29/2023 5:00,9.61,21.22,60.0,0.21
4302,6/29/2023 6:00,5.35,16.56,37.0,0.11
4303,6/29/2023 7:00,20.97,22.96,124.0,0.21
4304,6/29/2023 8:00,5.06,18.65,57.0,0.26
4305,6/29/2023 9:00,21.32,15.4,145.0,0.24
4306,6/29/2023 10:00,18.45,22.57,47.0,0.14
4307,6/29/2023 11:00,19.31,32.74,88.0,0.29
4308,6/29/2023 12:00,5.51,17.52,131.0,0.2
4309,6/29/2023 13:00,12.01,31.37,13.0,0.18
4310,6/29/2023 14:00,18.25,16.84,136.0,0.24
4311,6/29/2023 15:00,22.34,27.36,121.0,0.13
4312,6/29/2023 16:00,15.07,22.58,144.0,0.13
4313,6/29/2023 17:00,12.77,27.29,54.0,0.29
4314,6/29/2023 18:00,9.99,32.35,150.0,0.12
4315,6/29/2023 19:00,24.16,24.87,102.0,0.13
4316,6/29/2023 20:00,8.52,21.38,147.0,0.2
4317,6/29/2023 21:00,18.86,18.57,55.0,0.12
4318,6/29/2023 22:00,21.58,24.57,113.0,0.28
4319,6/29/2023 23:00,17.59,31.08,32.0,0.25
4320,6/30/2023 0:00,18.53,32.21,121.0,0.17
4321,6/30/2023 1:00,21.31,32.76,33.0,0.21
4322,6/30/2023 2:00,14.66,17.93,63.0,0.3
4323,6/30/2023 3:00,10.06,23.71,59.0,0.19
4324,6/30/2023 4:00,22.38,19.43,139.0,0.17
4325,6/30/2023 5:00,10.32,24.68,88.0,0.19
4326,6/30/2023 6:00,17.68,27.89,60.0,0.12
4327,6/30/2023 7:00,13.91,24.03,65.0,0.25
4328,6/30/2023 8:00,18.62,22.53,9.0,0.27
4329,6/30/2023 9:00,16.6,31.26,115.0,0.19
4330,6/30/2023 10:00,22.69,19.17,100.0,0.16
4331,6/30/2023 11:00,8.22,33.28,64.0,0.28
4332,6/30/2023 12:00,21.46,22.19,74.0,0.17
4333,6/30/2023 13:00,10.67,16.79,49.0,0.12
4334,6/30/2023 14:00,13.09,32.22,51.0,0.29
4335,6/30/2023 15:00,9.31,33.04,136.0,0.19
4336,6/30/2023 16:00,12.85,26.44,89.0,0.22
4337,6/30/2023 17:00,22.04,22.52,40.0,0.13
4338,6/30/2023 18:00,8.9,27.93,128.0,0.21
4339,6/30/2023 19:00,20.54,34.33,47.0,0.26
4340,6/30/2023 20:00,8.73,21.88,51.0,0.13
4341,6/30/2023 21:00,24.72,27.82,108.0,0.28
4342,6/30/2023 22:00,15.22,34.64,107.0,0.14
4343,6/30/2023 23:00,24.96,21.5,61.0,0.18
4344,7/1/2023 0:00,7.63,24.88,94.0,0.24
4345,7/1/2023 1:00,14.45,32.82,34.0,0.29
4346,7/1/2023 2:00,24.37,23.96,116.0,0.21
4347,7/1/2023 3:00,16.28,23.49,109.0,0.17
4348,7/1/2023 4:00,7.53,23.78,94.0,0.15
4349,7/1/2023 5:00,6.69,15.69,135.0,0.18
4350,7/1/2023 6:00,6.79,25.92,132.0,0.18
4351,7/1/2023 7:00,23.02,34.71,138.0,0.24
4352,7/1/2023 8:00,11.89,31.85,139.0,0.28
4353,7/1/2023 9:00,11.37,26.37,69.0,0.2
4354,7/1/2023 10:00,19.54,16.99,114.0,0.16
4355,7/1/2023 11:00,6.71,19.53,31.0,0.17
4356,7/1/2023 12:00,24.38,28.77,42.0,0.23
4357,7/1/2023 13:00,15.08,20.42,96.0,0.16
4358,7/1/2023 14:00,20.23,25.91,43.0,0.23
4359,7/1/2023 15:00,8.38,21.2,124.0,0.17
4360,7/1/2023 16:00,18.2,18.37,20.0,0.13
4361,7/1/2023 17:00,24.83,15.1,143.0,0.18
4362,7/1/2023 18:00,20.21,22.3,141.0,0.12
4363,7/1/2023 19:00,8.8,32.05,65.0,0.17
4364,7/1/2023 20:00,9.97,16.4,41.0,0.17
4365,7/1/2023 21:00,15.04,33.72,8.0,0.23
4366,7/1/2023 22:00,21.17,17.09,36.0,0.12
4367,7/1/2023 23:00,9.96,23.98,29.0,0.3
4368,7/2/2023 0:00,15.33,21.1,82.0,0.16
4369,7/2/2023 1:00,14.56,21.49,89.0,0.17
4370,7/2/2023 2:00,20.25,31.65,59.0,0.16
4371,7/2/2023 3:00,22.34,30.09,78.0,0.22
4372,7/2/2023 4:00,6.26,26.55,30.0,0.27
4373,7/2/2023 5:00,9.31,27.84,112.0,0.11
4374,7/2/2023 6:00,18.0,32.82,66.0,0.23
4375,7/2/2023 7:00,24.71,19.92,29.0,0.28
4376,7/2/2023 8:00,18.35,34.96,21.0,0.26
4377,7/2/2023 9:00,18.38,23.22,85.0,0.22
4378,7/2/2023 10:00,5.14,31.83,99.0,0.1
4379,7/2/2023 11:00,21.15,32.68,31.0,0.3
4380,7/2/2023 12:00,6.97,29.5,29.0,0.18
4381,7/2/2023 13:00,9.62,25.05,36.0,0.12
4382,7/2/2023 14:00,15.94,33.45,32.0,0.11
4383,7/2/2023 15:00,20.59,25.26,74.0,0.2
4384,7/2/2023 16:00,24.2,18.49,98.0,0.17
4385,7/2/2023 17:00,15.04,32.48,73.0,0.21
4386,7/2/2023 18:00,20.8,31.05,45.0,0.27
4387,7/2/2023 19:00,20.57,23.18,22.0,0.27
4388,7/2/2023 20:00,5.45,25.92,21.0,0.17
4389,7/2/2023 21:00,23.12,24.82,68.0,0.29
4390,7/2/2023 22:00,17.72,31.06,123.0,0.16
4391,7/2/2023 23:00,13.78,22.68,82.0,0.11
4392,7/3/2023 0:00,13.84,30.59,47.0,0.12
4393,7/3/2023 1:00,7.15,26.02,133.0,0.27
4394,7/3/2023 2:00,23.57,30.11,49.0,0.22
4395,7/3/2023 3:00,22.96,26.67,150.0,0.22
4396,7/3/2023 4:00,23.55,21.62,51.0,0.19
4397,7/3/2023 5:00,19.96,27.73,77.0,0.27
4398,7/3/2023 6:00,15.63,30.85,25.0,0.26
4399,7/3/2023 7:00,6.08,19.13,100.0,0.22
4400,7/3/2023 8:00,22.04,23.27,59.0,0.17
4401,7/3/2023 9:00,22.77,31.54,142.0,0.15
4402,7/3/2023 10:00,18.21,16.87,92.0,0.18
4403,7/3/2023 11:00,20.56,15.04,28.0,0.12
4404,7/3/2023 12:00,13.59,26.18,129.0,0.29
4405,7/3/2023 13:00,11.51,26.04,64.0,0.18
4406,7/3/2023 14:00,15.04,34.25,55.0,0.22
4407,7/3/2023 15:00,12.2,30.84,150.0,0.14
4408,7/3/2023 16:00,16.4,15.84,137.0,0.28
4409,7/3/2023 17:00,12.63,22.03,147.0,0.3
4410,7/3/2023 18:00,17.85,15.65,132.0,0.13
4411,7/3/2023 19:00,12.52,17.15,18.0,0.11
4412,7/3/2023 20:00,17.07,34.77,92.0,0.25
4413,7/3/2023 21:00,7.93,19.32,51.0,0.16
4414,7/3/2023 22:00,8.31,30.2,52.0,0.25
4415,7/3/2023 23:00,11.21,27.1,116.0,0.28
4416,7/4/2023 0:00,14.46,20.04,120.0,0.27
4417,7/4/2023 1:00,23.85,23.96,35.0,0.23
4418,7/4/2023 2:00,19.58,18.82,121.0,0.3
4419,7/4/2023 3:00,12.39,33.12,58.0,0.25
4420,7/4/2023 4:00,24.9,15.21,92.0,0.26
4421,7/4/2023 5:00,21.94,21.89,113.0,0.21
4422,7/4/2023 6:00,13.74,28.18,116.0,0.25
4423,7/4/2023 7:00,17.82,26.38,53.0,0.18
4424,7/4/2023 8:00,17.65,28.72,145.0,0.11
4425,7/4/2023 9:00,14.54,20.0,68.0,0.14
4426,7/4/2023 10:00,9.11,32.02,45.0,0.26
4427,7/4/2023 11:00,10.72,15.76,53.0,0.25
4428,7/4/2023 12:00,14.48,33.51,117.0,0.24
4429,7/4/2023 13:00,10.76,28.03,54.0,0.23
4430,7/4/2023 14:00,11.36,34.65,81.0,0.23
4431,7/4/2023 15:00,8.27,31.14,28.0,0.13
4432,7/4/2023 16:00,16.17,24.72,69.0,0.27
4433,7/4/2023 17:00,15.91,18.47,103.0,0.26
4434,7/4/2023 18:00,9.23,21.91,129.0,0.15
4435,7/4/2023 19:00,8.94,21.44,139.0,0.18
4436,7/4/2023 20:00,22.77,19.47,59.0,0.28
4437,7/4/2023 21:00,19.81,24.17,77.0,0.12
4438,7/4/2023 22:00,15.16,23.75,84.0,0.28
4439,7/4/2023 23:00,17.32,20.24,20.0,0.12
4440,7/5/2023 0:00,20.79,28.9,146.0,0.15
4441,7/5/2023 1:00,11.66,25.06,112.0,0.22
4442,7/5/2023 2:00,17.0,28.14,34.0,0.12
4443,7/5/2023 3:00,10.77,33.88,8.0,0.2
4444,7/5/2023 4:00,15.0,27.59,88.0,0.16
4445,7/5/2023 5:00,24.88,33.26,33.0,0.16
4446,7/5/2023 6:00,21.5,15.06,85.0,0.13
4447,7/5/2023 7:00,20.99,25.36,65.0,0.12
4448,7/5/2023 8:00,7.12,26.71,23.0,0.13
4449,7/5/2023 9:00,21.15,24.82,41.0,0.16
4450,7/5/2023 10:00,20.28,16.96,5.0,0.12
4451,7/5/2023 11:00,15.57,31.32,101.0,0.11
4452,7/5/2023 12:00,5.91,23.73,18.0,0.17
4453,7/5/2023 13:00,7.02,25.67,46.0,0.13
4454,7/5/2023 14:00,23.11,32.83,8.0,0.21
4455,7/5/2023 15:00,11.2,25.24,120.0,0.22
4456,7/5/2023 16:00,21.31,18.41,85.0,0.28
4457,7/5/2023 17:00,8.13,18.47,104.0,0.23
4458,7/5/2023 18:00,21.04,31.61,104.0,0.27
4459,7/5/2023 19:00,23.11,33.05,91.0,0.23
4460,7/5/2023 20:00,11.72,16.43,48.0,0.22
4461,7/5/2023 21:00,8.68,22.03,112.0,0.27
4462,7/5/2023 22:00,17.29,20.09,79.0,0.21
4463,7/5/2023 23:00,13.1,29.69,143.0,0.29
4464,7/6/2023 0:00,14.59,16.49,12.0,0.16
4465,7/6/2023 1:00,8.24,19.12,116.0,0.28
4466,7/6/2023 2:00,6.83,18.09,128.0,0.16
4467,7/6/2023 3:00,9.14,31.22,143.0,0.12
4468,7/6/2023 4:00,21.87,26.97,31.0,0.16
4469,7/6/2023 5:00,17.16,24.19,144.0,0.22
4470,7/6/2023 6:00,22.12,22.08,59.0,0.17
4471,7/6/2023 7:00,14.35,33.31,98.0,0.27
4472,7/6/2023 8:00,17.6,18.05,124.0,0.12
4473,7/6/2023 9:00,13.14,28.14,56.0,0.14
4474,7/6/2023 10:00,11.07,28.32,23.0,0.23
4475,7/6/2023 11:00,14.98,29.4,115.0,0.13
4476,7/6/2023 12:00,6.41,17.6,32.0,0.14
4477,7/6/2023 13:00,21.54,25.38,13.0,0.13
4478,7/6/2023 14:00,19.69,24.5,115.0,0.28
4479,7/6/2023 15:00,15.85,27.45,109.0,0.13
4480,7/6/2023 16:00,18.91,28.8,118.0,0.13
4481,7/6/2023 17:00,10.22,19.25,17.0,0.28
4482,7/6/2023 18:00,10.8,28.99,103.0,0.18
4483,7/6/2023 19:00,15.7,31.51,78.0,0.17
4484,7/6/2023 20:00,6.26,28.12,128.0,0.17
4485,7/6/2023 21:00,10.77,28.93,12.0,0.22
4486,7/6/2023 22:00,5.18,22.32,71.0,0.29
4487,7/6/2023 23:00,22.68,31.13,133.0,0.11
4488,7/7/2023 0:00,15.48,16.45,79.0,0.26
4489,7/7/2023 1:00,16.64,28.6,96.0,0.23
4490,7/7/2023 2:00,23.0,27.25,66.0,0.13
4491,7/7/2023 3:00,9.17,19.3,82.0,0.23
4492,7/7/2023 4:00,7.3,19.79,12.0,0.23
4493,7/7/2023 5:00,20.79,30.75,67.0,0.14
4494,7/7/2023 6:00,9.82,22.7,117.0,0.22
4495,7/7/2023 7:00,18.79,34.91,115.0,0.28
4496,7/7/2023 8:00,16.31,26.63,42.0,0.15
4497,7/7/2023 9:00,24.49,15.55,98.0,0.16
4498,7/7/2023 10:00,11.94,32.36,101.0,0.25
4499,7/7/2023 11:00,6.09,19.43,73.0,0.17
4500,7/7/2023 12:00,22.28,22.99,55.0,0.23
4501,7/7/2023 13:00,23.27,29.22,105.0,0.15
4502,7/7/2023 14:00,20.46,24.81,11.0,0.11
4503,7/7/2023 15:00,18.39,25.39,70.0,0.1
4504,7/7/2023 16:00,7.12,19.37,94.0,0.13
4505,7/7/2023 17:00,23.52,33.81,115.0,0.28
4506,7/7/2023 18:00,8.66,24.34,66.0,0.19
4507,7/7/2023 19:00,6.32,27.56,42.0,0.17
4508,7/7/2023 20:00,9.24,18.45,77.0,0.11
4509,7/7/2023 21:00,15.2,17.17,36.0,0.28
4510,7/7/2023 22:00,21.87,32.97,20.0,0.25
4511,7/7/2023 23:00,16.41,29.88,64.0,0.15
4512,7/8/2023 0:00,22.28,22.58,38.0,0.22
4513,7/8/2023 1:00,7.35,19.89,135.0,0.21
4514,7/8/2023 2:00,13.7,23.46,50.0,0.2
4515,7/8/2023 3:00,24.33,31.71,119.0,0.2
4516,7/8/2023 4:00,23.44,17.83,46.0,0.2
4517,7/8/2023 5:00,9.68,32.28,40.0,0.2
4518,7/8/2023 6:00,6.09,34.0,96.0,0.2
4519,7/8/2023 7:00,14.25,15.48,127.0,0.28
4520,7/8/2023 8:00,13.21,30.4,121.0,0.17
4521,7/8/2023 9:00,7.96,31.3,111.0,0.19
4522,7/8/2023 10:00,6.94,22.35,16.0,0.15
4523,7/8/2023 11:00,17.0,27.58,42.0,0.19
4524,7/8/2023 12:00,12.73,17.89,43.0,0.29
4525,7/8/2023 13:00,13.53,32.73,45.0,0.18
4526,7/8/2023 14:00,8.94,21.87,149.0,0.28
4527,7/8/2023 15:00,14.68,21.04,23.0,0.13
4528,7/8/2023 16:00,7.61,34.45,110.0,0.23
4529,7/8/2023 17:00,22.0,32.61,89.0,0.15
4530,7/8/2023 18:00,7.19,16.15,63.0,0.11
4531,7/8/2023 19:00,13.51,32.46,150.0,0.23
4532,7/8/2023 20:00,16.19,31.12,22.0,0.16
4533,7/8/2023 21:00,13.95,31.28,142.0,0.25
4534,7/8/2023 22:00,14.85,19.42,61.0,0.22
4535,7/8/2023 23:00,12.03,31.74,71.0,0.23
4536,7/9/2023 0:00,6.38,17.14,88.0,0.16
4537,7/9/2023 1:00,6.91,23.68,122.0,0.16
4538,7/9/2023 2:00,5.55,19.03,85.0,0.24
4539,7/9/2023 3:00,14.69,19.73,63.0,0.21
4540,7/9/2023 4:00,5.81,17.31,102.0,0.14
4541,7/9/2023 5:00,13.72,20.62,72.0,0.2
4542,7/9/2023 6:00,7.28,18.14,53.0,0.21
4543,7/9/2023 7:00,9.67,33.63,58.0,0.22
4544,7/9/2023 8:00,6.03,25.21,10.0,0.12
4545,7/9/2023 9:00,19.05,22.48,25.0,0.11
4546,7/9/2023 10:00,5.52,25.49,122.0,0.27
4547,7/9/2023 11:00,11.68,30.85,18.0,0.13
4548,7/9/2023 12:00,10.62,28.07,84.0,0.29
4549,7/9/2023 13:00,5.88,33.07,38.0,0.25
4550,7/9/2023 14:00,13.55,23.84,47.0,0.26
4551,7/9/2023 15:00,6.24,17.94,56.0,0.23
4552,7/9/2023 16:00,11.04,19.06,60.0,0.15
4553,7/9/2023 17:00,9.38,29.93,85.0,0.12
4554,7/9/2023 18:00,7.05,25.3,130.0,0.29
4555,7/9/2023 19:00,18.05,16.84,82.0,0.21
4556,7/9/2023 20:00,22.41,15.54,147.0,0.16
4557,7/9/2023 21:00,9.28,31.26,70.0,0.22
4558,7/9/2023 22:00,22.84,27.92,128.0,0.27
4559,7/9/2023 23:00,17.02,16.78,21.0,0.12
4560,7/10/2023 0:00,15.73,19.34,88.0,0.16
4561,7/10/2023 1:00,19.45,19.39,89.0,0.13
4562,7/10/2023 2:00,17.2,16.69,23.0,0.27
4563,7/10/2023 3:00,15.96,21.74,62.0,0.11
4564,7/10/2023 4:00,11.94,31.38,122.0,0.15
4565,7/10/2023 5:00,8.71,21.27,58.0,0.23
4566,7/10/2023 6:00,22.82,25.86,103.0,0.25
4567,7/10/2023 7:00,20.98,15.8,50.0,0.14
4568,7/10/2023 8:00,12.19,22.19,92.0,0.22
4569,7/10/2023 9:00,17.15,28.25,56.0,0.1
4570,7/10/2023 10:00,11.27,21.65,35.0,0.25
4571,7/10/2023 11:00,23.6,21.82,88.0,0.2
4572,7/10/2023 12:00,12.73,27.47,65.0,0.11
4573,7/10/2023 13:00,15.23,27.9,32.0,0.15
4574,7/10/2023 14:00,11.58,24.82,132.0,0.12
4575,7/10/2023 15:00,8.07,17.3,136.0,0.2
4576,7/10/2023 16:00,8.84,15.99,94.0,0.28
4577,7/10/2023 17:00,19.1,25.68,40.0,0.12
4578,7/10/2023 18:00,11.43,20.29,117.0,0.28
4579,7/10/2023 19:00,17.01,20.3,110.0,0.23
4580,7/10/2023 20:00,16.89,20.4,114.0,0.22
4581,7/10/2023 21:00,5.64,31.51,74.0,0.13
4582,7/10/2023 22:00,14.13,16.08,108.0,0.21
4583,7/10/2023 23:00,23.3,29.17,84.0,0.2
4584,7/11/2023 0:00,23.11,16.25,116.0,0.24
4585,7/11/2023 1:00,21.13,32.74,5.0,0.17
4586,7/11/2023 2:00,20.89,16.02,103.0,0.29
4587,7/11/2023 3:00,13.65,19.54,82.0,0.27
4588,7/11/2023 4:00,18.4,15.64,9.0,0.27
4589,7/11/2023 5:00,11.85,19.81,56.0,0.18
4590,7/11/2023 6:00,5.9,28.43,35.0,0.1
4591,7/11/2023 7:00,18.63,28.06,98.0,0.25
4592,7/11/2023 8:00,11.1,20.2,129.0,0.28
4593,7/11/2023 9:00,6.54,28.74,137.0,0.24
4594,7/11/2023 10:00,21.58,25.59,120.0,0.27
4595,7/11/2023 11:00,24.27,22.33,11.0,0.24
4596,7/11/2023 12:00,17.93,21.15,21.0,0.22
4597,7/11/2023 13:00,24.03,21.97,40.0,0.29
4598,7/11/2023 14:00,5.35,27.31,116.0,0.23
4599,7/11/2023 15:00,8.21,33.94,93.0,0.19
4600,7/11/2023 16:00,11.08,31.53,19.0,0.26
4601,7/11/2023 17:00,17.25,19.91,44.0,0.12
4602,7/11/2023 18:00,23.2,26.36,87.0,0.13
4603,7/11/2023 19:00,6.73,26.66,17.0,0.27
4604,7/11/2023 20:00,7.62,16.27,85.0,0.15
4605,7/11/2023 21:00,11.14,34.44,90.0,0.11
4606,7/11/2023 22:00,20.72,15.1,108.0,0.17
4607,7/11/2023 23:00,24.0,31.84,55.0,0.2
4608,7/12/2023 0:00,20.47,17.26,29.0,0.27
4609,7/12/2023 1:00,5.19,16.75,129.0,0.14
4610,7/12/2023 2:00,8.23,15.97,21.0,0.11
4611,7/12/2023 3:00,10.04,16.21,87.0,0.21
4612,7/12/2023 4:00,23.04,26.07,25.0,0.19
4613,7/12/2023 5:00,19.47,32.78,102.0,0.21
4614,7/12/2023 6:00,9.78,31.02,125.0,0.21
4615,7/12/2023 7:00,8.5,30.99,30.0,0.19
4616,7/12/2023 8:00,6.49,28.3,46.0,0.25
4617,7/12/2023 9:00,13.73,31.97,27.0,0.28
4618,7/12/2023 10:00,5.98,25.81,110.0,0.2
4619,7/12/2023 11:00,18.15,23.27,66.0,0.12
4620,7/12/2023 12:00,24.6,26.57,119.0,0.21
4621,7/12/2023 13:00,23.94,32.58,29.0,0.3
4622,7/12/2023 14:00,14.04,19.53,8.0,0.27
4623,7/12/2023 15:00,16.11,30.21,128.0,0.12
4624,7/12/2023 16:00,14.02,24.78,16.0,0.15
4625,7/12/2023 17:00,12.95,18.83,131.0,0.21
4626,7/12/2023 18:00,16.89,28.08,62.0,0.14
4627,7/12/2023 19:00,9.94,16.35,78.0,0.28
4628,7/12/2023 20:00,9.3,33.81,46.0,0.12
4629,7/12/2023 21:00,22.88,32.32,31.0,0.18
4630,7/12/2023 22:00,17.19,33.17,129.0,0.19
4631,7/12/2023 23:00,11.28,18.08,36.0,0.28
4632,7/13/2023 0:00,10.79,18.64,109.0,0.23
4633,7/13/2023 1:00,24.84,16.0,93.0,0.15
4634,7/13/2023 2:00,10.97,30.83,53.0,0.23
4635,7/13/2023 3:00,20.4,18.67,70.0,0.1
4636,7/13/2023 4:00,18.6,27.45,78.0,0.15
4637,7/13/2023 5:00,22.89,34.76,11.0,0.28
4638,7/13/2023 6:00,24.7,34.93,65.0,0.29
4639,7/13/2023 7:00,12.83,30.52,69.0,0.13
4640,7/13/2023 8:00,22.74,23.24,94.0,0.26
4641,7/13/2023 9:00,20.22,21.83,123.0,0.24
4642,7/13/2023 10:00,10.67,15.01,118.0,0.18
4643,7/13/2023 11:00,5.42,22.65,71.0,0.21
4644,7/13/2023 12:00,18.29,18.74,85.0,0.29
4645,7/13/2023 13:00,16.54,28.93,84.0,0.13
4646,7/13/2023 14:00,20.08,23.43,62.0,0.28
4647,7/13/2023 15:00,24.2,17.72,106.0,0.13
4648,7/13/2023 16:00,8.98,20.46,34.0,0.13
4649,7/13/2023 17:00,17.05,17.48,8.0,0.13
4650,7/13/2023 18:00,11.47,32.46,46.0,0.23
4651,7/13/2023 19:00,17.32,15.95,35.0,0.26
4652,7/13/2023 20:00,21.8,21.15,42.0,0.22
4653,7/13/2023 21:00,22.47,29.26,145.0,0.15
4654,7/13/2023 22:00,21.04,24.83,103.0,0.24
4655,7/13/2023 23:00,9.89,25.36,101.0,0.1
4656,7/14/2023 0:00,12.0,33.6,66.0,0.11
4657,7/14/2023 1:00,6.12,17.41,127.0,0.3
4658,7/14/2023 2:00,19.6,21.89,19.0,0.2
4659,7/14/2023 3:00,9.5,32.39,61.0,0.27
4660,7/14/2023 4:00,10.61,24.37,142.0,0.22
4661,7/14/2023 5:00,8.83,22.51,113.0,0.24
4662,7/14/2023 6:00,16.35,21.68,53.0,0.17
4663,7/14/2023 7:00,7.64,33.68,119.0,0.2
4664,7/14/2023 8:00,6.95,34.9,78.0,0.26
4665,7/14/2023 9:00,23.21,29.26,45.0,0.29
4666,7/14/2023 10:00,17.1,31.86,100.0,0.17
4667,7/14/2023 11:00,23.33,22.21,114.0,0.13
4668,7/14/2023 12:00,10.43,21.53,10.0,0.14
4669,7/14/2023 13:00,12.51,19.96,135.0,0.17
4670,7/14/2023 14:00,6.48,30.93,123.0,0.28
4671,7/14/2023 15:00,20.31,20.54,93.0,0.23
4672,7/14/2023 16:00,15.26,22.9,36.0,0.21
4673,7/14/2023 17:00,22.17,21.8,55.0,0.26
4674,7/14/2023 18:00,15.73,24.84,87.0,0.11
4675,7/14/2023 19:00,13.66,24.61,140.0,0.17
4676,7/14/2023 20:00,10.17,28.84,39.0,0.2
4677,7/14/2023 21:00,6.33,27.69,15.0,0.14
4678,7/14/2023 22:00,10.24,27.96,14.0,0.2
4679,7/14/2023 23:00,17.67,33.58,54.0,0.13
4680,7/15/2023 0:00,24.26,18.41,91.0,0.29
4681,7/15/2023 1:00,17.99,27.33,133.0,0.28
4682,7/15/2023 2:00,19.43,25.5,45.0,0.24
4683,7/15/2023 3:00,24.52,31.98,22.0,0.26
4684,7/15/2023 4:00,20.9,24.95,80.0,0.24
4685,7/15/2023 5:00,23.82,16.67,91.0,0.25
4686,7/15/2023 6:00,15.6,22.74,35.0,0.13
4687,7/15/2023 7:00,15.9,34.07,10.0,0.27
4688,7/15/2023 8:00,14.93,17.92,80.0,0.23
4689,7/15/2023 9:00,9.84,29.47,15.0,0.18
4690,7/15/2023 10:00,12.01,25.87,67.0,0.13
4691,7/15/2023 11:00,18.64,30.36,75.0,0.19
4692,7/15/2023 12:00,20.97,32.89,50.0,0.19
4693,7/15/2023 13:00,23.2,16.56,139.0,0.23
4694,7/15/2023 14:00,13.78,25.15,18.0,0.15
4695,7/15/2023 15:00,13.57,16.09,20.0,0.15
4696,7/15/2023 16:00,7.03,27.91,29.0,0.11
4697,7/15/2023 17:00,14.9,34.87,101.0,0.18
4698,7/15/2023 18:00,19.17,23.76,65.0,0.18
4699,7/15/2023 19:00,10.29,34.93,24.0,0.24
4700,7/15/2023 20:00,14.74,31.98,50.0,0.11
4701,7/15/2023 21:00,19.87,18.5,5.0,0.19
4702,7/15/2023 22:00,16.92,24.33,70.0,0.19
4703,7/15/2023 23:00,23.24,21.55,107.0,0.27
4704,7/16/2023 0:00,16.37,19.4,74.0,0.13
4705,7/16/2023 1:00,22.32,20.08,12.0,0.15
4706,7/16/2023 2:00,8.63,33.55,95.0,0.25
4707,7/16/2023 3:00,19.76,19.86,10.0,0.25
4708,7/16/2023 4:00,19.51,20.47,107.0,0.17
4709,7/16/2023 5:00,8.86,21.79,100.0,0.29
4710,7/16/2023 6:00,6.88,29.77,116.0,0.13
4711,7/16/2023 7:00,10.21,32.95,5.0,0.24
4712,7/16/2023 8:00,21.44,30.31,72.0,0.13
4713,7/16/2023 9:00,16.18,29.4,76.0,0.15
4714,7/16/2023 10:00,12.74,21.18,122.0,0.18
4715,7/16/2023 11:00,7.12,18.65,142.0,0.13
4716,7/16/2023 12:00,14.5,29.67,129.0,0.3
4717,7/16/2023 13:00,23.3,23.11,145.0,0.28
4718,7/16/2023 14:00,14.88,27.47,76.0,0.13
4719,7/16/2023 15:00,19.79,19.26,37.0,0.18
4720,7/16/2023 16:00,22.03,20.89,57.0,0.24
4721,7/16/2023 17:00,20.9,26.93,88.0,0.23
4722,7/16/2023 18:00,9.1,27.03,123.0,0.22
4723,7/16/2023 19:00,18.2,29.2,114.0,0.27
4724,7/16/2023 20:00,19.56,21.81,108.0,0.29
4725,7/16/2023 21:00,9.1,22.51,33.0,0.15
4726,7/16/2023 22:00,7.85,23.25,29.0,0.11
4727,7/16/2023 23:00,16.87,28.88,137.0,0.28
4728,7/17/2023 0:00,7.84,18.16,42.0,0.2
4729,7/17/2023 1:00,21.64,24.09,28.0,0.17
4730,7/17/2023 2:00,21.1,32.36,133.0,0.21
4731,7/17/2023 3:00,6.26,32.34,48.0,0.26
4732,7/17/2023 4:00,21.52,30.92,148.0,0.14
4733,7/17/2023 5:00,8.07,21.22,69.0,0.13
4734,7/17/2023 6:00,15.58,17.92,39.0,0.23
4735,7/17/2023 7:00,14.15,32.76,46.0,0.23
4736,7/17/2023 8:00,19.03,29.31,30.0,0.11
4737,7/17/2023 9:00,17.3,24.43,43.0,0.13
4738,7/17/2023 10:00,16.48,24.86,67.0,0.13
4739,7/17/2023 11:00,12.39,27.36,24.0,0.24
4740,7/17/2023 12:00,17.47,23.54,124.0,0.29
4741,7/17/2023 13:00,22.69,33.05,148.0,0.19
4742,7/17/2023 14:00,6.39,33.88,66.0,0.29
4743,7/17/2023 15:00,12.57,18.87,43.0,0.29
4744,7/17/2023 16:00,23.26,19.34,85.0,0.14
4745,7/17/2023 17:00,20.86,28.9,44.0,0.19
4746,7/17/2023 18:00,23.25,16.2,13.0,0.22
4747,7/17/2023 19:00,16.74,17.87,138.0,0.21
4748,7/17/2023 20:00,6.15,34.38,73.0,0.28
4749,7/17/2023 21:00,21.98,23.73,41.0,0.25
4750,7/17/2023 22:00,8.61,29.98,145.0,0.2
4751,7/17/2023 23:00,19.61,23.04,80.0,0.26
4752,7/18/2023 0:00,22.38,23.66,40.0,0.29
4753,7/18/2023 1:00,5.57,22.85,64.0,0.27
4754,7/18/2023 2:00,21.86,30.57,74.0,0.17
4755,7/18/2023 3:00,11.73,25.12,54.0,0.17
4756,7/18/2023 4:00,19.71,24.97,27.0,0.21
4757,7/18/2023 5:00,24.92,18.62,123.0,0.15
4758,7/18/2023 6:00,8.31,33.64,60.0,0.26
4759,7/18/2023 7:00,18.78,30.72,68.0,0.26
4760,7/18/2023 8:00,21.29,20.13,33.0,0.12
4761,7/18/2023 9:00,11.29,25.14,72.0,0.3
4762,7/18/2023 10:00,22.3,34.43,122.0,0.16
4763,7/18/2023 11:00,5.78,19.84,21.0,0.22
4764,7/18/2023 12:00,14.74,31.21,11.0,0.27
4765,7/18/2023 13:00,11.02,31.81,102.0,0.15
4766,7/18/2023 14:00,17.29,30.51,136.0,0.18
4767,7/18/2023 15:00,23.4,20.53,96.0,0.15
4768,7/18/2023 16:00,18.93,32.38,27.0,0.2
4769,7/18/2023 17:00,15.76,29.02,76.0,0.12
4770,7/18/2023 18:00,21.5,26.16,112.0,0.17
4771,7/18/2023 19:00,8.46,26.87,69.0,0.11
4772,7/18/2023 20:00,15.85,20.45,134.0,0.29
4773,7/18/2023 21:00,6.25,28.7,133.0,0.26
4774,7/18/2023 22:00,19.81,17.98,9.0,0.21
4775,7/18/2023 23:00,6.88,18.17,121.0,0.26
4776,7/19/2023 0:00,9.45,33.84,56.0,0.24
4777,7/19/2023 1:00,16.38,32.93,27.0,0.12
4778,7/19/2023 2:00,15.69,24.76,109.0,0.19
4779,7/19/2023 3:00,20.33,21.72,99.0,0.18
4780,7/19/2023 4:00,6.56,16.36,146.0,0.29
4781,7/19/2023 5:00,16.13,30.26,110.0,0.22
4782,7/19/2023 6:00,20.04,15.44,145.0,0.11
4783,7/19/2023 7:00,7.12,22.04,123.0,0.28
4784,7/19/2023 8:00,21.06,28.14,138.0,0.27
4785,7/19/2023 9:00,7.63,32.99,132.0,0.27
4786,7/19/2023 10:00,23.82,34.83,38.0,0.12
4787,7/19/2023 11:00,23.53,17.93,93.0,0.24
4788,7/19/2023 12:00,20.79,30.64,84.0,0.14
4789,7/19/2023 13:00,23.18,17.56,97.0,0.13
4790,7/19/2023 14:00,22.06,17.32,67.0,0.11
4791,7/19/2023 15:00,17.3,22.26,14.0,0.19
4792,7/19/2023 16:00,16.67,18.07,63.0,0.29
4793,7/19/2023 17:00,18.37,25.96,47.0,0.22
4794,7/19/2023 18:00,21.58,25.24,129.0,0.19
4795,7/19/2023 19:00,10.95,33.78,35.0,0.16
4796,7/19/2023 20:00,5.4,33.92,37.0,0.11
4797,7/19/2023 21:00,17.25,30.78,126.0,0.28
4798,7/19/2023 22:00,12.52,19.07,137.0,0.22
4799,7/19/2023 23:00,10.7,24.73,82.0,0.22
4800,7/20/2023 0:00,5.02,15.1,52.0,0.25
4801,7/20/2023 1:00,16.48,34.24,52.0,0.21
4802,7/20/2023 2:00,21.23,32.71,112.0,0.2
4803,7/20/2023 3:00,7.91,20.54,91.0,0.28
4804,7/20/2023 4:00,12.5,16.98,26.0,0.25
4805,7/20/2023 5:00,8.93,23.33,21.0,0.1
4806,7/20/2023 6:00,18.01,24.23,131.0,0.24
4807,7/20/2023 7:00,13.89,18.86,134.0,0.15
4808,7/20/2023 8:00,19.4,23.85,132.0,0.27
4809,7/20/2023 9:00,13.41,22.59,9.0,0.14
4810,7/20/2023 10:00,24.63,27.4,60.0,0.21
4811,7/20/2023 11:00,5.87,19.5,16.0,0.1
4812,7/20/2023 12:00,23.85,23.96,149.0,0.27
4813,7/20/2023 13:00,22.88,25.68,90.0,0.2
4814,7/20/2023 14:00,5.69,26.19,132.0,0.12
4815,7/20/2023 15:00,10.74,34.74,136.0,0.29
4816,7/20/2023 16:00,19.07,33.17,113.0,0.23
4817,7/20/2023 17:00,22.45,19.31,46.0,0.17
4818,7/20/2023 18:00,5.97,15.86,38.0,0.29
4819,7/20/2023 19:00,15.01,19.77,98.0,0.11
4820,7/20/2023 20:00,5.86,23.9,134.0,0.24
4821,7/20/2023 21:00,24.91,30.11,59.0,0.2
4822,7/20/2023 22:00,17.08,20.98,64.0,0.17
4823,7/20/2023 23:00,20.16,29.15,76.0,0.28
4824,7/21/2023 0:00,10.88,19.57,125.0,0.18
4825,7/21/2023 1:00,13.93,16.29,73.0,0.3
4826,7/21/2023 2:00,6.48,29.21,37.0,0.18
4827,7/21/2023 3:00,5.08,16.09,137.0,0.21
4828,7/21/2023 4:00,11.47,33.17,97.0,0.12
4829,7/21/2023 5:00,11.05,22.58,124.0,0.2
4830,7/21/2023 6:00,14.93,16.31,80.0,0.11
4831,7/21/2023 7:00,17.42,15.73,46.0,0.27
4832,7/21/2023 8:00,11.17,16.58,15.0,0.19
4833,7/21/2023 9:00,14.69,27.01,111.0,0.14
4834,7/21/2023 10:00,17.12,30.75,22.0,0.29
4835,7/21/2023 11:00,10.76,26.72,99.0,0.25
4836,7/21/2023 12:00,15.6,24.0,71.0,0.23
4837,7/21/2023 13:00,19.02,18.84,145.0,0.11
4838,7/21/2023 14:00,14.77,21.14,123.0,0.28
4839,7/21/2023 15:00,20.36,25.25,58.0,0.21
4840,7/21/2023 16:00,16.25,22.74,73.0,0.2
4841,7/21/2023 17:00,8.07,17.78,97.0,0.28
4842,7/21/2023 18:00,11.58,22.94,148.0,0.13
4843,7/21/2023 19:00,17.37,33.36,126.0,0.24
4844,7/21/2023 20:00,11.86,26.17,19.0,0.12
4845,7/21/2023 21:00,21.31,28.03,115.0,0.19
4846,7/21/2023 22:00,6.5,16.61,126.0,0.19
4847,7/21/2023 23:00,9.47,26.06,105.0,0.24
4848,7/22/2023 0:00,9.26,29.04,48.0,0.27
4849,7/22/2023 1:00,12.99,18.11,85.0,0.29
4850,7/22/2023 2:00,5.02,29.72,13.0,0.1
4851,7/22/2023 3:00,17.64,30.81,134.0,0.23
4852,7/22/2023 4:00,7.79,32.28,58.0,0.28
4853,7/22/2023 5:00,8.74,24.24,17.0,0.24
4854,7/22/2023 6:00,18.73,33.97,54.0,0.14
4855,7/22/2023 7:00,6.18,25.98,57.0,0.11
4856,7/22/2023 8:00,22.21,26.37,31.0,0.17
4857,7/22/2023 9:00,23.82,16.98,43.0,0.15
4858,7/22/2023 10:00,19.83,23.67,94.0,0.3
4859,7/22/2023 11:00,22.12,30.03,50.0,0.27
4860,7/22/2023 12:00,15.73,19.81,108.0,0.12
4861,7/22/2023 13:00,17.44,34.12,40.0,0.26
4862,7/22/2023 14:00,14.77,16.34,97.0,0.1
4863,7/22/2023 15:00,15.31,27.2,56.0,0.18
4864,7/22/2023 16:00,12.32,15.75,146.0,0.22
4865,7/22/2023 17:00,22.67,26.5,121.0,0.28
4866,7/22/2023 18:00,20.55,20.19,117.0,0.21
4867,7/22/2023 19:00,17.96,33.01,148.0,0.28
4868,7/22/2023 20:00,15.95,30.67,45.0,0.28
4869,7/22/2023 21:00,9.74,16.36,140.0,0.1
4870,7/22/2023 22:00,19.5,28.79,83.0,0.12
4871,7/22/2023 23:00,22.6,30.22,45.0,0.22
4872,7/23/2023 0:00,23.19,26.57,11.0,0.17
4873,7/23/2023 1:00,10.89,28.48,88.0,0.11
4874,7/23/2023 2:00,13.82,20.68,21.0,0.15
4875,7/23/2023 3:00,6.04,33.9,30.0,0.27
4876,7/23/2023 4:00,7.0,15.31,71.0,0.24
4877,7/23/2023 5:00,11.75,15.22,100.0,0.18
4878,7/23/2023 6:00,24.0,33.39,120.0,0.24
4879,7/23/2023 7:00,9.97,31.73,36.0,0.29
4880,7/23/2023 8:00,24.21,15.06,46.0,0.1
4881,7/23/2023 9:00,22.51,32.04,113.0,0.27
4882,7/23/2023 10:00,12.25,33.06,36.0,0.19
4883,7/23/2023 11:00,18.34,33.46,34.0,0.2
4884,7/23/2023 12:00,14.87,30.28,48.0,0.17
4885,7/23/2023 13:00,24.19,31.59,9.0,0.19
4886,7/23/2023 14:00,21.75,21.01,132.0,0.15
4887,7/23/2023 15:00,10.45,15.9,115.0,0.22
4888,7/23/2023 16:00,21.61,24.78,148.0,0.26
4889,7/23/2023 17:00,15.1,24.35,79.0,0.17
4890,7/23/2023 18:00,21.44,19.38,74.0,0.16
4891,7/23/2023 19:00,6.73,34.66,25.0,0.23
4892,7/23/2023 20:00,11.17,33.93,86.0,0.12
4893,7/23/2023 21:00,5.84,23.56,98.0,0.16
4894,7/23/2023 22:00,21.27,34.5,12.0,0.22
4895,7/23/2023 23:00,10.35,22.64,6.0,0.25
4896,7/24/2023 0:00,15.36,28.17,21.0,0.19
4897,7/24/2023 1:00,11.76,32.71,143.0,0.2
4898,7/24/2023 2:00,20.77,25.11,137.0,0.24
4899,7/24/2023 3:00,12.1,19.46,60.0,0.26
4900,7/24/2023 4:00,17.25,22.01,80.0,0.24
4901,7/24/2023 5:00,17.44,24.8,9.0,0.22
4902,7/24/2023 6:00,18.75,29.19,34.0,0.12
4903,7/24/2023 7:00,16.26,16.09,54.0,0.25
4904,7/24/2023 8:00,22.34,17.33,11.0,0.17
4905,7/24/2023 9:00,23.05,26.72,103.0,0.29
4906,7/24/2023 10:00,23.8,33.71,49.0,0.19
4907,7/24/2023 11:00,16.4,30.15,116.0,0.19
4908,7/24/2023 12:00,5.95,26.11,104.0,0.11
4909,7/24/2023 13:00,23.57,18.54,32.0,0.24
4910,7/24/2023 14:00,23.96,33.3,45.0,0.26
4911,7/24/2023 15:00,16.77,28.6,142.0,0.17
4912,7/24/2023 16:00,22.66,24.75,81.0,0.15
4913,7/24/2023 17:00,10.58,33.16,96.0,0.24
4914,7/24/2023 18:00,20.79,27.81,103.0,0.27
4915,7/24/2023 19:00,13.27,30.58,73.0,0.2
4916,7/24/2023 20:00,5.55,31.26,98.0,0.22
4917,7/24/2023 21:00,18.31,26.91,131.0,0.26
4918,7/24/2023 22:00,10.04,29.24,43.0,0.11
4919,7/24/2023 23:00,15.74,15.15,135.0,0.3
4920,7/25/2023 0:00,5.88,27.34,85.0,0.11
4921,7/25/2023 1:00,14.5,29.05,148.0,0.16
4922,7/25/2023 2:00,10.61,15.74,13.0,0.2
4923,7/25/2023 3:00,19.86,22.68,26.0,0.1
4924,7/25/2023 4:00,9.61,24.5,92.0,0.25
4925,7/25/2023 5:00,11.38,17.65,141.0,0.23
4926,7/25/2023 6:00,23.95,23.66,27.0,0.25
4927,7/25/2023 7:00,13.09,19.28,55.0,0.14
4928,7/25/2023 8:00,19.3,23.04,144.0,0.17
4929,7/25/2023 9:00,8.75,26.65,121.0,0.18
4930,7/25/2023 10:00,21.07,19.14,52.0,0.13
4931,7/25/2023 11:00,15.88,17.32,67.0,0.21
4932,7/25/2023 12:00,10.79,25.63,112.0,0.22
4933,7/25/2023 13:00,9.02,32.49,88.0,0.16
4934,7/25/2023 14:00,10.57,33.66,26.0,0.12
4935,7/25/2023 15:00,16.89,34.17,10.0,0.28
4936,7/25/2023 16:00,7.04,30.66,55.0,0.16
4937,7/25/2023 17:00,21.02,15.11,50.0,0.18
4938,7/25/2023 18:00,22.28,28.84,94.0,0.19
4939,7/25/2023 19:00,13.29,23.01,41.0,0.2
4940,7/25/2023 20:00,23.12,32.34,30.0,0.22
4941,7/25/2023 21:00,12.43,29.17,83.0,0.27
4942,7/25/2023 22:00,10.36,23.64,96.0,0.2
4943,7/25/2023 23:00,5.29,19.51,78.0,0.2
4944,7/26/2023 0:00,8.76,31.66,43.0,0.21
4945,7/26/2023 1:00,17.54,21.17,32.0,0.24
4946,7/26/2023 2:00,21.25,21.46,27.0,0.22
4947,7/26/2023 3:00,23.97,15.69,77.0,0.18
4948,7/26/2023 4:00,5.63,34.83,136.0,0.2
4949,7/26/2023 5:00,11.62,15.66,92.0,0.16
4950,7/26/2023 6:00,16.07,33.41,134.0,0.17
4951,7/26/2023 7:00,19.16,30.96,97.0,0.13
4952,7/26/2023 8:00,23.17,18.1,6.0,0.16
4953,7/26/2023 9:00,22.69,19.21,14.0,0.29
4954,7/26/2023 10:00,8.13,30.07,140.0,0.26
4955,7/26/2023 11:00,11.98,24.54,114.0,0.26
4956,7/26/2023 12:00,13.99,20.54,93.0,0.19
4957,7/26/2023 13:00,7.07,26.46,36.0,0.12
4958,7/26/2023 14:00,13.44,21.84,32.0,0.21
4959,7/26/2023 15:00,15.87,20.25,84.0,0.1
4960,7/26/2023 16:00,10.68,32.34,122.0,0.21
4961,7/26/2023 17:00,21.71,24.22,71.0,0.14
4962,7/26/2023 18:00,22.84,17.34,40.0,0.14
4963,7/26/2023 19:00,11.69,18.68,23.0,0.18
4964,7/26/2023 20:00,23.03,16.12,126.0,0.3
4965,7/26/2023 21:00,10.75,28.53,140.0,0.18
4966,7/26/2023 22:00,13.45,16.06,6.0,0.16
4967,7/26/2023 23:00,17.84,23.08,70.0,0.3
4968,7/27/2023 0:00,15.13,29.97,138.0,0.13
4969,7/27/2023 1:00,20.13,27.51,39.0,0.24
4970,7/27/2023 2:00,22.31,16.14,89.0,0.17
4971,7/27/2023 3:00,22.8,21.24,69.0,0.14
4972,7/27/2023 4:00,17.72,28.57,56.0,0.22
4973,7/27/2023 5:00,13.31,17.29,8.0,0.25
4974,7/27/2023 6:00,9.96,31.94,59.0,0.2
4975,7/27/2023 7:00,15.55,28.61,91.0,0.18
4976,7/27/2023 8:00,10.15,28.03,84.0,0.16
4977,7/27/2023 9:00,17.5,21.09,77.0,0.16
4978,7/27/2023 10:00,24.22,31.65,22.0,0.22
4979,7/27/2023 11:00,17.14,31.78,39.0,0.15
4980,7/27/2023 12:00,16.43,15.82,64.0,0.22
4981,7/27/2023 13:00,6.22,27.39,113.0,0.12
4982,7/27/2023 14:00,17.91,21.07,75.0,0.22
4983,7/27/2023 15:00,7.5,28.79,69.0,0.2
4984,7/27/2023 16:00,20.22,16.99,147.0,0.21
4985,7/27/2023 17:00,5.02,30.27,146.0,0.25
4986,7/27/2023 18:00,21.74,21.97,84.0,0.24
4987,7/27/2023 19:00,6.37,28.72,86.0,0.19
4988,7/27/2023 20:00,23.12,19.88,62.0,0.21
4989,7/27/2023 21:00,10.88,33.81,7.0,0.1
4990,7/27/2023 22:00,7.8,27.76,68.0,0.1
4991,7/27/2023 23:00,18.46,20.48,60.0,0.28
4992,7/28/2023 0:00,20.31,21.87,113.0,0.15
4993,7/28/2023 1:00,22.72,24.03,39.0,0.26
4994,7/28/2023 2:00,21.22,30.38,68.0,0.29
4995,7/28/2023 3:00,14.97,21.76,35.0,0.16
4996,7/28/2023 4:00,18.06,27.18,35.0,0.28
4997,7/28/2023 5:00,14.01,23.99,122.0,0.27
4998,7/28/2023 6:00,5.71,33.36,106.0,0.26
4999,7/28/2023 7:00,23.42,29.81,79.0,0.27
5000,7/28/2023 8:00,14.09,23.75,123.0,0.17
5001,7/28/2023 9:00,9.36,16.38,44.0,0.26
5002,7/28/2023 10:00,8.84,28.58,17.0,0.12
5003,7/28/2023 11:00,15.68,23.32,74.0,0.29
5004,7/28/2023 12:00,14.86,33.9,76.0,0.19
5005,7/28/2023 13:00,24.71,23.33,125.0,0.17
5006,7/28/2023 14:00,7.67,28.51,75.0,0.19
5007,7/28/2023 15:00,10.27,25.94,84.0,0.18
5008,7/28/2023 16:00,21.25,18.03,49.0,0.14
5009,7/28/2023 17:00,6.47,34.44,142.0,0.23
5010,7/28/2023 18:00,12.12,30.46,33.0,0.25
5011,7/28/2023 19:00,10.88,34.04,78.0,0.13
5012,7/28/2023 20:00,19.53,24.39,90.0,0.26
5013,7/28/2023 21:00,9.36,28.19,147.0,0.17
5014,7/28/2023 22:00,21.11,22.97,138.0,0.29
5015,7/28/2023 23:00,14.88,20.85,27.0,0.15
5016,7/29/2023 0:00,19.29,34.08,150.0,0.11
5017,7/29/2023 1:00,5.31,20.09,144.0,0.19
5018,7/29/2023 2:00,11.7,25.2,39.0,0.18
5019,7/29/2023 3:00,7.96,33.64,127.0,0.11
5020,7/29/2023 4:00,20.58,29.79,58.0,0.23
5021,7/29/2023 5:00,18.03,34.46,148.0,0.1
5022,7/29/2023 6:00,10.38,30.31,142.0,0.24
5023,7/29/2023 7:00,7.26,32.85,109.0,0.29
5024,7/29/2023 8:00,18.13,22.96,132.0,0.21
5025,7/29/2023 9:00,8.55,30.79,32.0,0.19
5026,7/29/2023 10:00,11.36,23.73,62.0,0.14
5027,7/29/2023 11:00,18.86,24.07,126.0,0.23
5028,7/29/2023 12:00,20.36,21.38,93.0,0.13
5029,7/29/2023 13:00,21.94,24.08,132.0,0.13
5030,7/29/2023 14:00,12.81,20.33,86.0,0.22
5031,7/29/2023 15:00,21.25,24.84,41.0,0.24
5032,7/29/2023 16:00,13.86,28.95,111.0,0.23
5033,7/29/2023 17:00,6.55,25.36,113.0,0.21
5034,7/29/2023 18:00,19.33,21.59,116.0,0.27
5035,7/29/2023 19:00,6.99,28.85,115.0,0.24
5036,7/29/2023 20:00,11.83,28.49,27.0,0.21
5037,7/29/2023 21:00,8.05,31.18,121.0,0.26
5038,7/29/2023 22:00,5.15,22.56,96.0,0.14
5039,7/29/2023 23:00,17.94,28.86,136.0,0.21
5040,7/30/2023 0:00,13.89,23.59,10.0,0.26
5041,7/30/2023 1:00,17.65,25.03,76.0,0.11
5042,7/30/2023 2:00,21.0,28.81,121.0,0.19
5043,7/30/2023 3:00,21.08,30.17,7.0,0.23
5044,7/30/2023 4:00,16.92,22.47,55.0,0.28
5045,7/30/2023 5:00,5.59,34.62,103.0,0.28
5046,7/30/2023 6:00,10.87,33.4,43.0,0.26
5047,7/30/2023 7:00,24.71,30.86,72.0,0.28
5048,7/30/2023 8:00,18.54,19.13,96.0,0.22
5049,7/30/2023 9:00,19.06,19.2,107.0,0.24
5050,7/30/2023 10:00,11.82,15.51,7.0,0.24
5051,7/30/2023 11:00,11.86,25.7,25.0,0.28
5052,7/30/2023 12:00,17.06,20.14,10.0,0.2
5053,7/30/2023 13:00,15.97,32.8,86.0,0.27
5054,7/30/2023 14:00,12.46,19.12,83.0,0.18
5055,7/30/2023 15:00,18.69,16.73,78.0,0.28
5056,7/30/2023 16:00,8.5,33.13,19.0,0.17
5057,7/30/2023 17:00,11.11,33.38,24.0,0.26
5058,7/30/2023 18:00,7.04,21.79,47.0,0.24
5059,7/30/2023 19:00,5.06,26.11,84.0,0.21
5060,7/30/2023 20:00,9.29,33.72,25.0,0.13
5061,7/30/2023 21:00,7.56,28.53,40.0,0.22
5062,7/30/2023 22:00,15.49,16.32,47.0,0.2
5063,7/30/2023 23:00,19.53,15.94,96.0,0.24
5064,7/31/2023 0:00,17.35,34.54,134.0,0.11
5065,7/31/2023 1:00,16.56,31.45,17.0,0.28
5066,7/31/2023 2:00,11.77,18.39,126.0,0.29
5067,7/31/2023 3:00,22.81,28.09,67.0,0.16
5068,7/31/2023 4:00,8.87,30.82,17.0,0.28
5069,7/31/2023 5:00,19.75,27.6,46.0,0.27
5070,7/31/2023 6:00,13.04,19.05,99.0,0.13
5071,7/31/2023 7:00,16.4,19.38,82.0,0.17
5072,7/31/2023 8:00,13.61,25.55,35.0,0.19
5073,7/31/2023 9:00,23.55,20.32,108.0,0.12
5074,7/31/2023 10:00,6.19,16.64,24.0,0.28
5075,7/31/2023 11:00,20.17,27.2,24.0,0.11
5076,7/31/2023 12:00,22.64,28.47,134.0,0.15
5077,7/31/2023 13:00,23.25,19.2,11.0,0.25
5078,7/31/2023 14:00,13.71,17.8,72.0,0.1
5079,7/31/2023 15:00,15.11,25.43,133.0,0.24
5080,7/31/2023 16:00,22.75,20.19,122.0,0.14
5081,7/31/2023 17:00,14.92,29.61,43.0,0.16
5082,7/31/2023 18:00,24.2,21.4,17.0,0.22
5083,7/31/2023 19:00,22.8,33.9,84.0,0.28
5084,7/31/2023 20:00,12.0,29.04,35.0,0.26
5085,7/31/2023 21:00,5.32,22.13,59.0,0.2
5086,7/31/2023 22:00,9.37,27.03,78.0,0.11
5087,7/31/2023 23:00,23.02,18.27,88.0,0.26
5088,8/1/2023 0:00,16.65,15.59,139.0,0.27
5089,8/1/2023 1:00,5.75,24.27,17.0,0.1
5090,8/1/2023 2:00,19.42,32.82,84.0,0.15
5091,8/1/2023 3:00,14.24,18.94,106.0,0.16
5092,8/1/2023 4:00,19.68,25.19,29.0,0.22
5093,8/1/2023 5:00,8.08,33.81,116.0,0.24
5094,8/1/2023 6:00,8.82,29.23,79.0,0.15
5095,8/1/2023 7:00,19.39,27.75,46.0,0.24
5096,8/1/2023 8:00,19.39,15.95,106.0,0.19
5097,8/1/2023 9:00,6.18,32.89,54.0,0.24
5098,8/1/2023 10:00,17.32,21.37,146.0,0.22
5099,8/1/2023 11:00,21.54,31.79,137.0,0.23
5100,8/1/2023 12:00,17.38,29.58,34.0,0.24
5101,8/1/2023 13:00,6.38,21.27,30.0,0.21
5102,8/1/2023 14:00,24.51,28.94,14.0,0.19
5103,8/1/2023 15:00,19.45,22.68,38.0,0.2
5104,8/1/2023 16:00,17.99,26.94,12.0,0.11
5105,8/1/2023 17:00,14.6,28.21,13.0,0.28
5106,8/1/2023 18:00,9.03,18.67,147.0,0.11
5107,8/1/2023 19:00,23.53,29.93,93.0,0.22
5108,8/1/2023 20:00,23.3,23.18,83.0,0.26
5109,8/1/2023 21:00,10.54,19.9,29.0,0.18
5110,8/1/2023 22:00,20.46,22.47,119.0,0.12
5111,8/1/2023 23:00,11.17,31.01,24.0,0.25
5112,8/2/2023 0:00,21.22,33.13,15.0,0.18
5113,8/2/2023 1:00,9.86,29.1,86.0,0.18
5114,8/2/2023 2:00,18.94,18.74,58.0,0.27
5115,8/2/2023 3:00,15.37,30.47,63.0,0.25
5116,8/2/2023 4:00,9.43,19.25,149.0,0.29
5117,8/2/2023 5:00,24.37,32.19,139.0,0.23
5118,8/2/2023 6:00,20.89,20.5,112.0,0.19
5119,8/2/2023 7:00,20.39,31.21,136.0,0.3
5120,8/2/2023 8:00,6.77,17.18,83.0,0.3
5121,8/2/2023 9:00,19.67,28.91,83.0,0.12
5122,8/2/2023 10:00,9.43,26.52,109.0,0.21
5123,8/2/2023 11:00,13.48,16.24,9.0,0.21
5124,8/2/2023 12:00,17.29,32.63,39.0,0.29
5125,8/2/2023 13:00,20.68,17.99,61.0,0.21
5126,8/2/2023 14:00,8.15,19.66,134.0,0.19
5127,8/2/2023 15:00,21.61,18.04,75.0,0.3
5128,8/2/2023 16:00,17.23,31.53,10.0,0.3
5129,8/2/2023 17:00,12.36,24.88,149.0,0.22
5130,8/2/2023 18:00,15.35,28.63,45.0,0.16
5131,8/2/2023 19:00,17.82,30.93,59.0,0.24
5132,8/2/2023 20:00,7.89,16.73,19.0,0.13
5133,8/2/2023 21:00,12.98,28.41,104.0,0.12
5134,8/2/2023 22:00,19.92,34.4,109.0,0.1
5135,8/2/2023 23:00,17.27,22.01,147.0,0.22
5136,8/3/2023 0:00,9.66,19.1,123.0,0.23
5137,8/3/2023 1:00,12.86,18.91,115.0,0.18
5138,8/3/2023 2:00,10.95,34.39,116.0,0.22
5139,8/3/2023 3:00,8.02,19.4,64.0,0.27
5140,8/3/2023 4:00,13.28,27.36,85.0,0.29
5141,8/3/2023 5:00,6.39,28.22,73.0,0.12
5142,8/3/2023 6:00,12.46,34.97,43.0,0.16
5143,8/3/2023 7:00,17.9,15.57,44.0,0.23
5144,8/3/2023 8:00,12.91,27.12,143.0,0.16
5145,8/3/2023 9:00,12.26,24.54,119.0,0.22
5146,8/3/2023 10:00,20.88,27.66,38.0,0.16
5147,8/3/2023 11:00,22.24,17.37,31.0,0.17
5148,8/3/2023 12:00,22.91,21.12,10.0,0.15
5149,8/3/2023 13:00,13.19,27.73,92.0,0.13
5150,8/3/2023 14:00,22.7,32.74,34.0,0.14
5151,8/3/2023 15:00,14.72,18.85,31.0,0.28
5152,8/3/2023 16:00,6.61,16.33,32.0,0.15
5153,8/3/2023 17:00,22.72,17.25,132.0,0.23
5154,8/3/2023 18:00,12.49,31.1,58.0,0.15
5155,8/3/2023 19:00,22.94,21.49,148.0,0.25
5156,8/3/2023 20:00,17.48,15.49,26.0,0.12
5157,8/3/2023 21:00,20.85,23.7,7.0,0.18
5158,8/3/2023 22:00,20.16,17.06,36.0,0.23
5159,8/3/2023 23:00,15.27,23.0,144.0,0.21
5160,8/4/2023 0:00,22.57,27.27,109.0,0.17
5161,8/4/2023 1:00,6.71,24.78,34.0,0.19
5162,8/4/2023 2:00,15.45,34.54,74.0,0.17
5163,8/4/2023 3:00,16.38,22.09,125.0,0.22
5164,8/4/2023 4:00,7.02,23.32,148.0,0.16
5165,8/4/2023 5:00,21.18,28.2,119.0,0.11
5166,8/4/2023 6:00,8.65,32.95,128.0,0.2
5167,8/4/2023 7:00,6.31,20.16,17.0,0.11
5168,8/4/2023 8:00,19.66,20.37,19.0,0.28
5169,8/4/2023 9:00,18.3,23.68,107.0,0.2
5170,8/4/2023 10:00,6.44,33.45,21.0,0.15
5171,8/4/2023 11:00,21.46,15.46,107.0,0.28
5172,8/4/2023 12:00,24.06,28.48,100.0,0.27
5173,8/4/2023 13:00,8.18,25.06,77.0,0.23
5174,8/4/2023 14:00,17.04,27.43,71.0,0.26
5175,8/4/2023 15:00,23.54,26.44,34.0,0.11
5176,8/4/2023 16:00,11.56,16.82,74.0,0.13
5177,8/4/2023 17:00,13.81,29.25,20.0,0.25
5178,8/4/2023 18:00,18.4,32.26,57.0,0.17
5179,8/4/2023 19:00,7.62,16.33,17.0,0.26
5180,8/4/2023 20:00,9.27,34.3,118.0,0.25
5181,8/4/2023 21:00,8.44,31.74,40.0,0.27
5182,8/4/2023 22:00,19.96,23.37,114.0,0.22
5183,8/4/2023 23:00,8.0,22.11,79.0,0.23
5184,8/5/2023 0:00,7.46,15.58,89.0,0.18
5185,8/5/2023 1:00,10.86,31.21,76.0,0.16
5186,8/5/2023 2:00,13.39,25.57,32.0,0.15
5187,8/5/2023 3:00,6.8,28.0,65.0,0.26
5188,8/5/2023 4:00,22.9,23.05,66.0,0.11
5189,8/5/2023 5:00,22.46,27.8,64.0,0.26
5190,8/5/2023 6:00,19.72,22.71,111.0,0.18
5191,8/5/2023 7:00,7.81,24.22,49.0,0.24
5192,8/5/2023 8:00,23.43,17.13,103.0,0.17
5193,8/5/2023 9:00,22.24,15.27,12.0,0.17
5194,8/5/2023 10:00,22.63,18.47,40.0,0.23
5195,8/5/2023 11:00,18.43,25.51,109.0,0.14
5196,8/5/2023 12:00,5.28,17.0,71.0,0.29
5197,8/5/2023 13:00,24.68,26.05,120.0,0.1
5198,8/5/2023 14:00,16.92,30.97,91.0,0.11
5199,8/5/2023 15:00,9.17,20.78,147.0,0.17
5200,8/5/2023 16:00,7.73,22.32,27.0,0.27
5201,8/5/2023 17:00,22.46,28.5,57.0,0.14
5202,8/5/2023 18:00,5.38,33.07,40.0,0.14
5203,8/5/2023 19:00,22.65,23.88,116.0,0.19
5204,8/5/2023 20:00,22.19,24.14,38.0,0.19
5205,8/5/2023 21:00,5.13,30.53,66.0,0.2
5206,8/5/2023 22:00,9.62,25.23,37.0,0.21
5207,8/5/2023 23:00,9.76,16.59,21.0,0.1
5208,8/6/2023 0:00,6.03,24.14,37.0,0.3
5209,8/6/2023 1:00,5.99,27.67,96.0,0.27
5210,8/6/2023 2:00,13.74,25.34,52.0,0.16
5211,8/6/2023 3:00,20.42,20.68,56.0,0.11
5212,8/6/2023 4:00,14.37,33.65,26.0,0.21
5213,8/6/2023 5:00,14.86,31.65,72.0,0.16
5214,8/6/2023 6:00,24.08,33.53,138.0,0.17
5215,8/6/2023 7:00,14.01,21.08,108.0,0.2
5216,8/6/2023 8:00,19.64,31.68,27.0,0.26
5217,8/6/2023 9:00,12.15,18.54,6.0,0.28
5218,8/6/2023 10:00,5.7,34.25,90.0,0.27
5219,8/6/2023 11:00,17.6,16.96,107.0,0.16
5220,8/6/2023 12:00,22.97,19.37,68.0,0.13
5221,8/6/2023 13:00,8.82,33.32,51.0,0.16
5222,8/6/2023 14:00,23.19,17.58,73.0,0.22
5223,8/6/2023 15:00,19.72,15.21,69.0,0.26
5224,8/6/2023 16:00,21.25,23.79,21.0,0.12
5225,8/6/2023 17:00,12.09,18.06,51.0,0.25
5226,8/6/2023 18:00,6.76,16.51,130.0,0.13
5227,8/6/2023 19:00,14.99,23.91,81.0,0.29
5228,8/6/2023 20:00,23.87,29.49,71.0,0.25
5229,8/6/2023 21:00,11.01,16.49,82.0,0.26
5230,8/6/2023 22:00,9.21,15.57,13.0,0.25
5231,8/6/2023 23:00,19.03,28.12,20.0,0.14
5232,8/7/2023 0:00,10.42,29.58,91.0,0.17
5233,8/7/2023 1:00,19.61,29.51,25.0,0.1
5234,8/7/2023 2:00,12.46,31.35,27.0,0.18
5235,8/7/2023 3:00,12.9,18.11,132.0,0.1
5236,8/7/2023 4:00,5.64,16.33,127.0,0.27
5237,8/7/2023 5:00,19.67,33.54,92.0,0.17
5238,8/7/2023 6:00,21.72,31.41,147.0,0.22
5239,8/7/2023 7:00,23.36,17.33,100.0,0.18
5240,8/7/2023 8:00,21.99,32.33,99.0,0.26
5241,8/7/2023 9:00,24.99,31.77,104.0,0.17
5242,8/7/2023 10:00,16.69,30.17,60.0,0.26
5243,8/7/2023 11:00,21.14,30.77,79.0,0.12
5244,8/7/2023 12:00,5.45,34.15,84.0,0.18
5245,8/7/2023 13:00,7.31,33.33,64.0,0.28
5246,8/7/2023 14:00,11.97,21.8,142.0,0.11
5247,8/7/2023 15:00,14.79,24.61,31.0,0.27
5248,8/7/2023 16:00,16.4,27.7,65.0,0.13
5249,8/7/2023 17:00,21.23,19.33,88.0,0.27
5250,8/7/2023 18:00,10.75,34.19,136.0,0.1
5251,8/7/2023 19:00,15.85,19.31,70.0,0.18
5252,8/7/2023 20:00,20.37,22.14,36.0,0.28
5253,8/7/2023 21:00,7.93,16.54,24.0,0.11
5254,8/7/2023 22:00,7.06,19.85,72.0,0.11
5255,8/7/2023 23:00,20.16,22.41,41.0,0.18
5256,8/8/2023 0:00,24.01,23.18,26.0,0.29
5257,8/8/2023 1:00,11.81,18.01,140.0,0.16
5258,8/8/2023 2:00,12.82,18.16,114.0,0.28
5259,8/8/2023 3:00,24.98,17.48,53.0,0.16
5260,8/8/2023 4:00,14.11,16.9,112.0,0.28
5261,8/8/2023 5:00,5.49,22.65,48.0,0.11
5262,8/8/2023 6:00,23.68,28.4,6.0,0.26
5263,8/8/2023 7:00,7.7,23.7,141.0,0.24
5264,8/8/2023 8:00,22.94,33.74,40.0,0.24
5265,8/8/2023 9:00,23.91,30.44,5.0,0.11
5266,8/8/2023 10:00,8.37,21.18,47.0,0.17
5267,8/8/2023 11:00,5.1,21.24,39.0,0.19
5268,8/8/2023 12:00,6.98,25.74,20.0,0.13
5269,8/8/2023 13:00,23.82,17.87,128.0,0.13
5270,8/8/2023 14:00,10.96,30.14,71.0,0.27
5271,8/8/2023 15:00,18.39,21.15,68.0,0.18
5272,8/8/2023 16:00,6.44,25.48,103.0,0.17
5273,8/8/2023 17:00,7.04,26.56,149.0,0.18
5274,8/8/2023 18:00,8.31,28.83,22.0,0.25
5275,8/8/2023 19:00,8.14,26.75,134.0,0.17
5276,8/8/2023 20:00,11.4,32.41,126.0,0.15
5277,8/8/2023 21:00,15.83,23.45,90.0,0.11
5278,8/8/2023 22:00,12.8,19.87,146.0,0.1
5279,8/8/2023 23:00,23.96,17.09,118.0,0.21
5280,8/9/2023 0:00,19.36,32.01,31.0,0.18
5281,8/9/2023 1:00,13.57,27.28,32.0,0.22
5282,8/9/2023 2:00,8.81,26.39,41.0,0.22
5283,8/9/2023 3:00,10.14,30.49,47.0,0.12
5284,8/9/2023 4:00,20.22,26.25,115.0,0.3
5285,8/9/2023 5:00,15.44,30.51,144.0,0.29
5286,8/9/2023 6:00,13.53,20.4,66.0,0.16
5287,8/9/2023 7:00,8.24,16.53,40.0,0.17
5288,8/9/2023 8:00,12.75,32.9,64.0,0.2
5289,8/9/2023 9:00,13.24,31.1,33.0,0.17
5290,8/9/2023 10:00,9.11,28.19,75.0,0.14
5291,8/9/2023 11:00,7.34,16.52,86.0,0.14
5292,8/9/2023 12:00,18.42,30.31,88.0,0.25
5293,8/9/2023 13:00,21.57,30.72,143.0,0.29
5294,8/9/2023 14:00,14.19,15.78,111.0,0.29
5295,8/9/2023 15:00,9.82,33.01,45.0,0.14
5296,8/9/2023 16:00,13.1,28.12,45.0,0.2
5297,8/9/2023 17:00,14.85,30.53,58.0,0.23
5298,8/9/2023 18:00,20.96,33.93,101.0,0.28
5299,8/9/2023 19:00,8.51,24.9,125.0,0.1
5300,8/9/2023 20:00,22.33,22.91,7.0,0.16
5301,8/9/2023 21:00,22.78,32.56,134.0,0.27
5302,8/9/2023 22:00,8.88,33.27,146.0,0.22
5303,8/9/2023 23:00,20.06,22.59,73.0,0.21
5304,8/10/2023 0:00,9.49,25.4,129.0,0.25
5305,8/10/2023 1:00,12.55,31.76,22.0,0.29
5306,8/10/2023 2:00,24.87,26.61,50.0,0.22
5307,8/10/2023 3:00,16.44,20.37,93.0,0.23
5308,8/10/2023 4:00,17.49,17.46,119.0,0.2
5309,8/10/2023 5:00,9.26,32.31,116.0,0.26
5310,8/10/2023 6:00,17.45,17.26,7.0,0.2
5311,8/10/2023 7:00,10.0,22.94,22.0,0.23
5312,8/10/2023 8:00,11.3,29.07,10.0,0.22
5313,8/10/2023 9:00,8.13,26.5,19.0,0.13
5314,8/10/2023 10:00,20.5,18.27,56.0,0.18
5315,8/10/2023 11:00,13.29,21.44,111.0,0.15
5316,8/10/2023 12:00,15.89,26.27,70.0,0.12
5317,8/10/2023 13:00,22.52,32.9,9.0,0.25
5318,8/10/2023 14:00,21.51,21.84,145.0,0.26
5319,8/10/2023 15:00,24.42,30.84,31.0,0.17
5320,8/10/2023 16:00,17.32,30.85,35.0,0.12
5321,8/10/2023 17:00,9.68,27.72,107.0,0.11
5322,8/10/2023 18:00,7.93,16.7,28.0,0.19
5323,8/10/2023 19:00,10.57,33.09,13.0,0.26
5324,8/10/2023 20:00,21.5,28.82,128.0,0.16
5325,8/10/2023 21:00,11.6,20.0,66.0,0.24
5326,8/10/2023 22:00,21.69,26.48,107.0,0.25
5327,8/10/2023 23:00,19.16,28.69,74.0,0.17
5328,8/11/2023 0:00,14.7,16.58,104.0,0.13
5329,8/11/2023 1:00,24.04,20.12,59.0,0.2
5330,8/11/2023 2:00,5.24,18.77,49.0,0.14
5331,8/11/2023 3:00,6.98,17.64,137.0,0.27
5332,8/11/2023 4:00,15.06,23.76,65.0,0.3
5333,8/11/2023 5:00,20.0,19.95,96.0,0.27
5334,8/11/2023 6:00,8.09,18.62,89.0,0.22
5335,8/11/2023 7:00,20.62,33.64,37.0,0.11
5336,8/11/2023 8:00,8.11,24.06,87.0,0.23
5337,8/11/2023 9:00,20.2,21.72,51.0,0.25
5338,8/11/2023 10:00,18.1,25.02,64.0,0.29
5339,8/11/2023 11:00,19.94,25.6,128.0,0.11
5340,8/11/2023 12:00,18.81,28.85,139.0,0.27
5341,8/11/2023 13:00,19.33,25.74,33.0,0.28
5342,8/11/2023 14:00,12.65,32.95,37.0,0.18
5343,8/11/2023 15:00,21.35,20.86,76.0,0.15
5344,8/11/2023 16:00,14.21,22.43,138.0,0.13
5345,8/11/2023 17:00,23.39,25.37,124.0,0.15
5346,8/11/2023 18:00,24.85,32.64,149.0,0.24
5347,8/11/2023 19:00,18.74,28.29,10.0,0.24
5348,8/11/2023 20:00,23.59,26.38,70.0,0.17
5349,8/11/2023 21:00,5.44,28.66,104.0,0.11
5350,8/11/2023 22:00,8.68,34.42,9.0,0.21
5351,8/11/2023 23:00,10.73,29.35,97.0,0.22
5352,8/12/2023 0:00,7.01,17.24,70.0,0.27
5353,8/12/2023 1:00,20.3,21.06,94.0,0.22
5354,8/12/2023 2:00,22.34,21.25,102.0,0.12
5355,8/12/2023 3:00,14.03,27.53,79.0,0.27
5356,8/12/2023 4:00,23.01,20.11,121.0,0.29
5357,8/12/2023 5:00,7.84,21.81,30.0,0.15
5358,8/12/2023 6:00,18.23,26.13,7.0,0.19
5359,8/12/2023 7:00,17.66,26.42,84.0,0.28
5360,8/12/2023 8:00,8.45,16.65,99.0,0.15
5361,8/12/2023 9:00,16.58,33.76,48.0,0.11
5362,8/12/2023 10:00,22.77,19.91,7.0,0.13
5363,8/12/2023 11:00,23.15,18.82,110.0,0.12
5364,8/12/2023 12:00,8.9,20.85,30.0,0.26
5365,8/12/2023 13:00,19.61,34.32,12.0,0.1
5366,8/12/2023 14:00,18.87,26.81,36.0,0.3
5367,8/12/2023 15:00,21.4,28.89,5.0,0.17
5368,8/12/2023 16:00,13.94,19.34,129.0,0.16
5369,8/12/2023 17:00,22.42,34.85,142.0,0.21
5370,8/12/2023 18:00,21.15,21.71,19.0,0.16
5371,8/12/2023 19:00,7.9,28.51,69.0,0.13
5372,8/12/2023 20:00,17.68,30.67,93.0,0.25
5373,8/12/2023 21:00,6.93,18.97,6.0,0.13
5374,8/12/2023 22:00,21.68,34.38,127.0,0.26
5375,8/12/2023 23:00,10.57,18.41,94.0,0.17
5376,8/13/2023 0:00,6.28,16.98,24.0,0.22
5377,8/13/2023 1:00,10.77,25.54,49.0,0.14
5378,8/13/2023 2:00,11.8,15.78,134.0,0.3
5379,8/13/2023 3:00,19.39,24.23,111.0,0.21
5380,8/13/2023 4:00,22.83,21.17,52.0,0.19
5381,8/13/2023 5:00,8.14,29.22,105.0,0.12
5382,8/13/2023 6:00,16.84,21.25,128.0,0.17
5383,8/13/2023 7:00,8.57,17.99,22.0,0.21
5384,8/13/2023 8:00,19.74,25.08,130.0,0.12
5385,8/13/2023 9:00,21.81,27.35,40.0,0.25
5386,8/13/2023 10:00,16.26,34.6,66.0,0.16
5387,8/13/2023 11:00,12.88,29.08,13.0,0.13
5388,8/13/2023 12:00,18.23,29.89,56.0,0.28
5389,8/13/2023 13:00,20.48,34.08,103.0,0.1
5390,8/13/2023 14:00,22.55,16.75,117.0,0.21
5391,8/13/2023 15:00,9.23,19.87,57.0,0.3
5392,8/13/2023 16:00,22.29,21.25,131.0,0.18
5393,8/13/2023 17:00,9.94,23.89,96.0,0.1
5394,8/13/2023 18:00,17.89,15.99,67.0,0.23
5395,8/13/2023 19:00,14.76,27.88,48.0,0.25
5396,8/13/2023 20:00,8.67,24.37,6.0,0.3
5397,8/13/2023 21:00,12.59,27.55,14.0,0.14
5398,8/13/2023 22:00,10.97,34.95,105.0,0.26
5399,8/13/2023 23:00,18.95,19.48,77.0,0.29
5400,8/14/2023 0:00,15.27,18.17,55.0,0.26
5401,8/14/2023 1:00,16.04,22.59,35.0,0.15
5402,8/14/2023 2:00,15.71,24.69,6.0,0.28
5403,8/14/2023 3:00,16.22,34.11,65.0,0.21
5404,8/14/2023 4:00,5.97,19.14,28.0,0.11
5405,8/14/2023 5:00,11.06,30.09,74.0,0.18
5406,8/14/2023 6:00,9.92,21.99,39.0,0.15
5407,8/14/2023 7:00,7.48,24.93,75.0,0.15
5408,8/14/2023 8:00,10.97,26.37,118.0,0.19
5409,8/14/2023 9:00,16.02,21.56,41.0,0.28
5410,8/14/2023 10:00,21.85,32.56,140.0,0.1
5411,8/14/2023 11:00,14.57,15.12,71.0,0.19
5412,8/14/2023 12:00,20.5,30.29,97.0,0.18
5413,8/14/2023 13:00,21.1,19.44,120.0,0.12
5414,8/14/2023 14:00,13.02,34.57,147.0,0.3
5415,8/14/2023 15:00,21.37,29.26,44.0,0.19
5416,8/14/2023 16:00,11.88,24.64,31.0,0.19
5417,8/14/2023 17:00,17.94,16.13,41.0,0.16
5418,8/14/2023 18:00,14.09,16.15,121.0,0.18
5419,8/14/2023 19:00,21.13,33.26,112.0,0.18
5420,8/14/2023 20:00,19.34,18.69,116.0,0.25
5421,8/14/2023 21:00,22.96,16.84,140.0,0.18
5422,8/14/2023 22:00,24.56,26.46,22.0,0.21
5423,8/14/2023 23:00,24.46,15.05,17.0,0.11
5424,8/15/2023 0:00,17.29,30.17,124.0,0.28
5425,8/15/2023 1:00,11.44,24.48,109.0,0.29
5426,8/15/2023 2:00,24.19,15.84,68.0,0.13
5427,8/15/2023 3:00,5.36,16.73,82.0,0.21
5428,8/15/2023 4:00,17.23,30.63,61.0,0.21
5429,8/15/2023 5:00,11.14,20.37,97.0,0.2
5430,8/15/2023 6:00,12.78,29.04,28.0,0.21
5431,8/15/2023 7:00,24.6,32.46,33.0,0.25
5432,8/15/2023 8:00,7.36,25.49,143.0,0.16
5433,8/15/2023 9:00,19.01,28.12,94.0,0.21
5434,8/15/2023 10:00,14.15,17.49,76.0,0.28
5435,8/15/2023 11:00,16.84,33.02,70.0,0.2
5436,8/15/2023 12:00,18.01,33.78,82.0,0.12
5437,8/15/2023 13:00,14.01,29.9,60.0,0.14
5438,8/15/2023 14:00,17.45,31.65,6.0,0.19
5439,8/15/2023 15:00,17.96,28.54,30.0,0.25
5440,8/15/2023 16:00,10.29,15.78,19.0,0.3
5441,8/15/2023 17:00,20.4,34.69,142.0,0.28
5442,8/15/2023 18:00,20.4,22.19,14.0,0.25
5443,8/15/2023 19:00,23.77,22.79,12.0,0.22
5444,8/15/2023 20:00,19.5,28.7,86.0,0.11
5445,8/15/2023 21:00,23.97,31.08,9.0,0.16
5446,8/15/2023 22:00,6.24,19.01,63.0,0.12
5447,8/15/2023 23:00,24.21,16.73,87.0,0.16
5448,8/16/2023 0:00,17.93,32.56,56.0,0.3
5449,8/16/2023 1:00,19.78,34.61,142.0,0.27
5450,8/16/2023 2:00,13.15,27.04,51.0,0.28
5451,8/16/2023 3:00,15.07,22.92,111.0,0.27
5452,8/16/2023 4:00,8.57,25.76,47.0,0.25
5453,8/16/2023 5:00,17.59,34.5,5.0,0.13
5454,8/16/2023 6:00,21.5,24.7,93.0,0.25
5455,8/16/2023 7:00,12.42,22.53,59.0,0.14
5456,8/16/2023 8:00,14.03,25.12,146.0,0.29
5457,8/16/2023 9:00,18.88,32.61,12.0,0.13
5458,8/16/2023 10:00,10.7,15.88,63.0,0.21
5459,8/16/2023 11:00,22.83,32.17,111.0,0.26
5460,8/16/2023 12:00,22.84,26.58,26.0,0.26
5461,8/16/2023 13:00,6.06,15.98,40.0,0.14
5462,8/16/2023 14:00,12.28,29.92,107.0,0.21
5463,8/16/2023 15:00,13.94,22.06,147.0,0.2
5464,8/16/2023 16:00,8.63,25.08,99.0,0.3
5465,8/16/2023 17:00,19.86,22.57,119.0,0.14
5466,8/16/2023 18:00,16.27,19.55,10.0,0.22
5467,8/16/2023 19:00,23.94,17.16,66.0,0.3
5468,8/16/2023 20:00,18.11,31.25,40.0,0.28
5469,8/16/2023 21:00,24.02,21.76,89.0,0.23
5470,8/16/2023 22:00,6.32,17.77,97.0,0.13
5471,8/16/2023 23:00,11.43,18.96,40.0,0.19
5472,8/17/2023 0:00,15.6,24.34,62.0,0.12
5473,8/17/2023 1:00,13.9,17.94,116.0,0.16
5474,8/17/2023 2:00,17.33,17.02,74.0,0.29
5475,8/17/2023 3:00,7.87,33.35,37.0,0.21
5476,8/17/2023 4:00,9.01,25.16,60.0,0.26
5477,8/17/2023 5:00,20.97,26.71,41.0,0.12
5478,8/17/2023 6:00,16.12,15.44,129.0,0.24
5479,8/17/2023 7:00,13.83,20.16,99.0,0.11
5480,8/17/2023 8:00,5.48,33.45,112.0,0.3
5481,8/17/2023 9:00,8.14,26.38,75.0,0.11
5482,8/17/2023 10:00,12.98,33.74,149.0,0.18
5483,8/17/2023 11:00,10.96,28.15,49.0,0.3
5484,8/17/2023 12:00,7.96,26.14,114.0,0.2
5485,8/17/2023 13:00,18.53,19.23,38.0,0.13
5486,8/17/2023 14:00,9.15,34.74,7.0,0.19
5487,8/17/2023 15:00,15.16,26.24,40.0,0.17
5488,8/17/2023 16:00,9.37,28.07,150.0,0.13
5489,8/17/2023 17:00,17.17,34.03,149.0,0.1
5490,8/17/2023 18:00,13.76,18.79,19.0,0.26
5491,8/17/2023 19:00,24.14,18.61,90.0,0.26
5492,8/17/2023 20:00,16.87,26.99,145.0,0.18
5493,8/17/2023 21:00,15.05,22.08,104.0,0.12
5494,8/17/2023 22:00,10.85,29.93,84.0,0.18
5495,8/17/2023 23:00,14.77,16.21,120.0,0.26
5496,8/18/2023 0:00,15.78,32.2,78.0,0.22
5497,8/18/2023 1:00,9.62,32.85,96.0,0.19
5498,8/18/2023 2:00,11.8,18.57,143.0,0.27
5499,8/18/2023 3:00,6.3,20.78,88.0,0.14
5500,8/18/2023 4:00,23.83,26.98,97.0,0.21
5501,8/18/2023 5:00,12.85,33.31,74.0,0.19
5502,8/18/2023 6:00,13.24,31.89,96.0,0.13
5503,8/18/2023 7:00,24.99,18.86,118.0,0.3
5504,8/18/2023 8:00,22.79,31.7,56.0,0.17
5505,8/18/2023 9:00,20.28,16.91,72.0,0.21
5506,8/18/2023 10:00,19.6,28.05,136.0,0.26
5507,8/18/2023 11:00,17.28,29.82,67.0,0.13
5508,8/18/2023 12:00,7.72,27.03,114.0,0.14
5509,8/18/2023 13:00,22.1,22.54,60.0,0.29
5510,8/18/2023 14:00,14.39,26.55,35.0,0.21
5511,8/18/2023 15:00,17.56,31.65,22.0,0.13
5512,8/18/2023 16:00,18.19,18.35,114.0,0.16
5513,8/18/2023 17:00,15.14,23.06,120.0,0.22
5514,8/18/2023 18:00,12.13,23.98,134.0,0.19
5515,8/18/2023 19:00,17.49,18.38,75.0,0.26
5516,8/18/2023 20:00,10.35,20.55,132.0,0.12
5517,8/18/2023 21:00,14.98,15.53,13.0,0.26
5518,8/18/2023 22:00,6.08,26.08,108.0,0.24
5519,8/18/2023 23:00,22.88,34.22,134.0,0.16
5520,8/19/2023 0:00,9.92,23.47,30.0,0.28
5521,8/19/2023 1:00,7.12,18.62,37.0,0.22
5522,8/19/2023 2:00,18.87,33.13,68.0,0.26
5523,8/19/2023 3:00,19.74,22.29,81.0,0.1
5524,8/19/2023 4:00,23.67,17.37,55.0,0.23
5525,8/19/2023 5:00,6.14,29.2,49.0,0.18
5526,8/19/2023 6:00,13.37,20.49,7.0,0.22
5527,8/19/2023 7:00,19.33,23.53,64.0,0.17
5528,8/19/2023 8:00,13.39,19.71,115.0,0.13
5529,8/19/2023 9:00,16.2,24.83,36.0,0.25
5530,8/19/2023 10:00,24.98,16.24,38.0,0.3
5531,8/19/2023 11:00,11.67,21.74,140.0,0.21
5532,8/19/2023 12:00,21.84,17.23,150.0,0.17
5533,8/19/2023 13:00,18.5,19.27,85.0,0.27
5534,8/19/2023 14:00,6.28,22.73,140.0,0.3
5535,8/19/2023 15:00,17.71,23.91,19.0,0.13
5536,8/19/2023 16:00,16.19,29.19,72.0,0.13
5537,8/19/2023 17:00,24.24,20.93,110.0,0.17
5538,8/19/2023 18:00,22.43,25.71,131.0,0.19
5539,8/19/2023 19:00,21.03,19.42,61.0,0.27
5540,8/19/2023 20:00,8.42,28.81,91.0,0.24
5541,8/19/2023 21:00,24.43,26.28,111.0,0.24
5542,8/19/2023 22:00,11.32,26.29,10.0,0.15
5543,8/19/2023 23:00,9.0,30.67,38.0,0.25
5544,8/20/2023 0:00,6.53,16.51,17.0,0.14
5545,8/20/2023 1:00,6.42,16.36,61.0,0.26
5546,8/20/2023 2:00,20.34,29.78,102.0,0.17
5547,8/20/2023 3:00,12.55,22.66,25.0,0.11
5548,8/20/2023 4:00,21.21,18.54,60.0,0.28
5549,8/20/2023 5:00,7.4,20.57,106.0,0.11
5550,8/20/2023 6:00,8.69,21.29,74.0,0.29
5551,8/20/2023 7:00,9.71,25.09,130.0,0.12
5552,8/20/2023 8:00,8.52,15.07,103.0,0.12
5553,8/20/2023 9:00,9.89,19.21,86.0,0.26
5554,8/20/2023 10:00,5.61,23.68,52.0,0.23
5555,8/20/2023 11:00,17.33,29.57,124.0,0.14
5556,8/20/2023 12:00,7.79,33.83,111.0,0.14
5557,8/20/2023 13:00,14.91,15.77,82.0,0.23
5558,8/20/2023 14:00,22.84,30.68,21.0,0.24
5559,8/20/2023 15:00,22.44,17.05,16.0,0.16
5560,8/20/2023 16:00,11.22,15.21,15.0,0.16
5561,8/20/2023 17:00,18.2,28.02,88.0,0.26
5562,8/20/2023 18:00,17.28,28.42,111.0,0.29
5563,8/20/2023 19:00,13.21,15.82,50.0,0.27
5564,8/20/2023 20:00,24.05,24.27,146.0,0.3
5565,8/20/2023 21:00,7.36,34.7,137.0,0.26
5566,8/20/2023 22:00,10.78,15.56,94.0,0.16
5567,8/20/2023 23:00,21.81,28.08,113.0,0.25
5568,8/21/2023 0:00,11.34,17.5,11.0,0.26
5569,8/21/2023 1:00,15.18,32.42,60.0,0.28
5570,8/21/2023 2:00,6.24,26.28,146.0,0.19
5571,8/21/2023 3:00,11.94,34.94,37.0,0.24
5572,8/21/2023 4:00,8.89,19.49,50.0,0.13
5573,8/21/2023 5:00,18.38,30.42,129.0,0.21
5574,8/21/2023 6:00,24.72,34.62,144.0,0.25
5575,8/21/2023 7:00,17.17,15.27,82.0,0.28
5576,8/21/2023 8:00,19.85,32.36,59.0,0.23
5577,8/21/2023 9:00,19.39,28.74,103.0,0.29
5578,8/21/2023 10:00,6.38,21.96,33.0,0.23
5579,8/21/2023 11:00,13.59,27.72,149.0,0.12
5580,8/21/2023 12:00,8.2,34.98,16.0,0.29
5581,8/21/2023 13:00,15.44,21.41,64.0,0.14
5582,8/21/2023 14:00,18.31,19.98,121.0,0.21
5583,8/21/2023 15:00,12.81,33.32,52.0,0.26
5584,8/21/2023 16:00,21.54,19.53,32.0,0.16
5585,8/21/2023 17:00,22.99,16.54,36.0,0.17
5586,8/21/2023 18:00,21.35,21.96,104.0,0.21
5587,8/21/2023 19:00,7.81,18.46,45.0,0.25
5588,8/21/2023 20:00,22.29,19.52,109.0,0.16
5589,8/21/2023 21:00,12.37,25.08,146.0,0.26
5590,8/21/2023 22:00,8.51,34.63,64.0,0.19
5591,8/21/2023 23:00,6.72,34.98,136.0,0.2
5592,8/22/2023 0:00,23.99,30.34,109.0,0.12
5593,8/22/2023 1:00,16.56,22.49,140.0,0.11
5594,8/22/2023 2:00,16.59,28.81,47.0,0.27
5595,8/22/2023 3:00,18.86,25.26,106.0,0.12
5596,8/22/2023 4:00,16.44,19.97,19.0,0.23
5597,8/22/2023 5:00,20.69,24.8,140.0,0.29
5598,8/22/2023 6:00,6.68,17.77,84.0,0.29
5599,8/22/2023 7:00,24.21,20.88,83.0,0.14
5600,8/22/2023 8:00,7.04,23.41,41.0,0.18
5601,8/22/2023 9:00,16.82,17.91,134.0,0.21
5602,8/22/2023 10:00,12.96,22.56,14.0,0.22
5603,8/22/2023 11:00,22.4,31.93,113.0,0.13
5604,8/22/2023 12:00,15.67,21.29,132.0,0.15
5605,8/22/2023 13:00,24.29,33.11,33.0,0.3
5606,8/22/2023 14:00,5.23,18.63,102.0,0.14
5607,8/22/2023 15:00,6.85,22.81,91.0,0.27
5608,8/22/2023 16:00,9.61,21.16,26.0,0.25
5609,8/22/2023 17:00,18.9,23.57,44.0,0.15
5610,8/22/2023 18:00,8.9,29.45,135.0,0.24
5611,8/22/2023 19:00,21.83,27.6,53.0,0.11
5612,8/22/2023 20:00,18.1,16.39,100.0,0.28
5613,8/22/2023 21:00,14.38,20.37,22.0,0.17
5614,8/22/2023 22:00,10.13,18.41,121.0,0.28
5615,8/22/2023 23:00,19.29,28.97,46.0,0.27
5616,8/23/2023 0:00,9.26,18.91,60.0,0.19
5617,8/23/2023 1:00,8.12,33.56,96.0,0.23
5618,8/23/2023 2:00,10.63,22.38,106.0,0.21
5619,8/23/2023 3:00,12.17,17.19,47.0,0.26
5620,8/23/2023 4:00,9.48,17.75,5.0,0.2
5621,8/23/2023 5:00,18.9,17.75,139.0,0.17
5622,8/23/2023 6:00,10.26,32.57,91.0,0.27
5623,8/23/2023 7:00,22.36,20.46,148.0,0.17
5624,8/23/2023 8:00,19.1,24.69,147.0,0.12
5625,8/23/2023 9:00,11.36,33.41,129.0,0.28
5626,8/23/2023 10:00,6.04,34.58,46.0,0.16
5627,8/23/2023 11:00,7.02,28.84,121.0,0.16
5628,8/23/2023 12:00,13.46,18.98,110.0,0.3
5629,8/23/2023 13:00,22.08,31.19,143.0,0.15
5630,8/23/2023 14:00,21.25,17.61,56.0,0.18
5631,8/23/2023 15:00,5.8,27.67,90.0,0.15
5632,8/23/2023 16:00,14.47,16.16,73.0,0.18
5633,8/23/2023 17:00,9.46,33.33,85.0,0.15
5634,8/23/2023 18:00,5.82,20.15,137.0,0.26
5635,8/23/2023 19:00,12.15,31.79,135.0,0.1
5636,8/23/2023 20:00,11.72,19.72,83.0,0.29
5637,8/23/2023 21:00,18.7,32.76,105.0,0.14
5638,8/23/2023 22:00,16.11,21.42,70.0,0.17
5639,8/23/2023 23:00,18.84,21.64,97.0,0.26
5640,8/24/2023 0:00,24.95,23.74,68.0,0.2
5641,8/24/2023 1:00,21.29,16.75,99.0,0.28
5642,8/24/2023 2:00,15.02,17.71,124.0,0.28
5643,8/24/2023 3:00,14.68,24.3,99.0,0.15
5644,8/24/2023 4:00,13.1,17.67,144.0,0.15
5645,8/24/2023 5:00,14.65,24.4,149.0,0.19
5646,8/24/2023 6:00,7.91,32.32,9.0,0.25
5647,8/24/2023 7:00,20.48,16.17,68.0,0.24
5648,8/24/2023 8:00,12.03,31.31,74.0,0.18
5649,8/24/2023 9:00,17.64,17.66,128.0,0.16
5650,8/24/2023 10:00,23.32,34.31,30.0,0.24
5651,8/24/2023 11:00,22.1,33.92,39.0,0.17
5652,8/24/2023 12:00,15.66,31.79,81.0,0.12
5653,8/24/2023 13:00,16.26,23.28,89.0,0.25
5654,8/24/2023 14:00,20.76,20.79,136.0,0.21
5655,8/24/2023 15:00,22.4,26.53,104.0,0.17
5656,8/24/2023 16:00,18.15,29.74,52.0,0.2
5657,8/24/2023 17:00,15.65,24.48,54.0,0.1
5658,8/24/2023 18:00,14.95,23.38,5.0,0.11
5659,8/24/2023 19:00,16.9,19.96,93.0,0.11
5660,8/24/2023 20:00,24.12,18.12,31.0,0.28
5661,8/24/2023 21:00,5.34,18.43,140.0,0.27
5662,8/24/2023 22:00,23.11,34.6,136.0,0.18
5663,8/24/2023 23:00,21.74,29.94,119.0,0.2
5664,8/25/2023 0:00,14.82,16.32,133.0,0.26
5665,8/25/2023 1:00,19.91,34.1,32.0,0.15
5666,8/25/2023 2:00,20.99,31.06,110.0,0.19
5667,8/25/2023 3:00,5.23,27.16,110.0,0.29
5668,8/25/2023 4:00,14.53,16.3,100.0,0.29
5669,8/25/2023 5:00,10.98,26.69,32.0,0.23
5670,8/25/2023 6:00,6.24,32.99,7.0,0.13
5671,8/25/2023 7:00,7.28,28.49,46.0,0.28
5672,8/25/2023 8:00,22.46,29.39,10.0,0.19
5673,8/25/2023 9:00,21.31,18.33,59.0,0.15
5674,8/25/2023 10:00,15.81,32.82,112.0,0.23
5675,8/25/2023 11:00,18.51,31.11,53.0,0.26
5676,8/25/2023 12:00,9.99,23.8,98.0,0.11
5677,8/25/2023 13:00,7.43,31.24,41.0,0.18
5678,8/25/2023 14:00,16.94,22.21,107.0,0.18
5679,8/25/2023 15:00,6.86,29.81,83.0,0.12
5680,8/25/2023 16:00,16.38,24.13,77.0,0.27
5681,8/25/2023 17:00,24.48,32.97,6.0,0.23
5682,8/25/2023 18:00,13.0,32.67,98.0,0.18
5683,8/25/2023 19:00,14.23,32.77,133.0,0.26
5684,8/25/2023 20:00,11.01,17.34,36.0,0.24
5685,8/25/2023 21:00,13.71,29.24,36.0,0.28
5686,8/25/2023 22:00,6.94,15.97,139.0,0.22
5687,8/25/2023 23:00,23.09,23.54,85.0,0.17
5688,8/26/2023 0:00,11.52,15.15,102.0,0.12
5689,8/26/2023 1:00,14.55,16.68,116.0,0.2
5690,8/26/2023 2:00,7.84,19.51,139.0,0.11
5691,8/26/2023 3:00,8.14,16.4,17.0,0.17
5692,8/26/2023 4:00,9.79,26.73,49.0,0.25
5693,8/26/2023 5:00,10.78,21.6,53.0,0.21
5694,8/26/2023 6:00,5.19,16.87,42.0,0.15
5695,8/26/2023 7:00,13.45,21.04,113.0,0.16
5696,8/26/2023 8:00,8.63,25.05,88.0,0.25
5697,8/26/2023 9:00,20.29,19.92,51.0,0.29
5698,8/26/2023 10:00,24.36,34.43,49.0,0.12
5699,8/26/2023 11:00,23.6,21.41,128.0,0.16
5700,8/26/2023 12:00,8.44,28.11,143.0,0.2
5701,8/26/2023 13:00,23.47,30.73,148.0,0.18
5702,8/26/2023 14:00,14.27,17.93,144.0,0.26
5703,8/26/2023 15:00,5.45,33.35,81.0,0.2
5704,8/26/2023 16:00,11.56,15.79,137.0,0.22
5705,8/26/2023 17:00,14.6,22.68,86.0,0.21
5706,8/26/2023 18:00,5.59,15.57,120.0,0.28
5707,8/26/2023 19:00,7.14,31.05,83.0,0.28
5708,8/26/2023 20:00,20.72,22.3,92.0,0.13
5709,8/26/2023 21:00,23.52,31.5,104.0,0.3
5710,8/26/2023 22:00,17.93,31.3,56.0,0.2
5711,8/26/2023 23:00,5.73,25.07,137.0,0.15
5712,8/27/2023 0:00,5.19,27.88,134.0,0.28
5713,8/27/2023 1:00,7.84,16.75,117.0,0.2
5714,8/27/2023 2:00,21.79,33.03,41.0,0.3
5715,8/27/2023 3:00,20.75,32.74,84.0,0.26
5716,8/27/2023 4:00,6.0,16.78,94.0,0.27
5717,8/27/2023 5:00,24.72,18.69,92.0,0.17
5718,8/27/2023 6:00,16.84,31.12,95.0,0.17
5719,8/27/2023 7:00,5.83,23.87,116.0,0.23
5720,8/27/2023 8:00,22.23,24.25,74.0,0.26
5721,8/27/2023 9:00,17.48,26.98,128.0,0.21
5722,8/27/2023 10:00,12.67,19.79,25.0,0.3
5723,8/27/2023 11:00,15.82,23.48,19.0,0.26
5724,8/27/2023 12:00,17.91,29.01,81.0,0.14
5725,8/27/2023 13:00,21.02,26.28,38.0,0.16
5726,8/27/2023 14:00,18.48,20.18,98.0,0.22
5727,8/27/2023 15:00,20.81,34.95,87.0,0.16
5728,8/27/2023 16:00,15.98,21.8,150.0,0.3
5729,8/27/2023 17:00,21.11,15.66,101.0,0.23
5730,8/27/2023 18:00,5.58,23.24,74.0,0.21
5731,8/27/2023 19:00,14.73,29.27,75.0,0.14
5732,8/27/2023 20:00,22.17,27.86,68.0,0.11
5733,8/27/2023 21:00,20.84,25.91,65.0,0.13
5734,8/27/2023 22:00,19.2,33.96,108.0,0.26
5735,8/27/2023 23:00,14.55,32.64,130.0,0.11
5736,8/28/2023 0:00,21.18,24.68,21.0,0.26
5737,8/28/2023 1:00,15.54,24.41,26.0,0.21
5738,8/28/2023 2:00,24.48,31.98,25.0,0.27
5739,8/28/2023 3:00,5.47,18.03,23.0,0.23
5740,8/28/2023 4:00,20.94,28.73,124.0,0.1
5741,8/28/2023 5:00,22.1,32.4,45.0,0.15
5742,8/28/2023 6:00,25.0,29.38,28.0,0.12
5743,8/28/2023 7:00,21.08,21.04,147.0,0.23
5744,8/28/2023 8:00,13.82,23.59,102.0,0.13
5745,8/28/2023 9:00,12.29,29.46,129.0,0.29
5746,8/28/2023 10:00,15.84,15.11,85.0,0.21
5747,8/28/2023 11:00,11.28,23.64,85.0,0.19
5748,8/28/2023 12:00,8.55,30.45,108.0,0.25
5749,8/28/2023 13:00,15.58,23.76,77.0,0.22
5750,8/28/2023 14:00,13.0,19.51,37.0,0.19
5751,8/28/2023 15:00,22.58,25.83,11.0,0.27
5752,8/28/2023 16:00,24.42,19.88,57.0,0.1
5753,8/28/2023 17:00,22.91,23.2,77.0,0.1
5754,8/28/2023 18:00,7.36,16.48,57.0,0.15
5755,8/28/2023 19:00,6.59,31.2,27.0,0.19
5756,8/28/2023 20:00,21.29,18.27,76.0,0.14
5757,8/28/2023 21:00,19.58,21.3,106.0,0.13
5758,8/28/2023 22:00,14.77,28.5,138.0,0.1
5759,8/28/2023 23:00,11.86,30.14,100.0,0.25
5760,8/29/2023 0:00,12.78,16.4,135.0,0.1
5761,8/29/2023 1:00,13.69,20.99,99.0,0.18
5762,8/29/2023 2:00,8.16,32.54,30.0,0.26
5763,8/29/2023 3:00,6.01,20.54,141.0,0.28
5764,8/29/2023 4:00,11.55,34.7,44.0,0.29
5765,8/29/2023 5:00,18.42,17.26,24.0,0.18
5766,8/29/2023 6:00,14.72,20.92,37.0,0.19
5767,8/29/2023 7:00,13.61,28.8,52.0,0.18
5768,8/29/2023 8:00,23.67,28.05,137.0,0.15
5769,8/29/2023 9:00,9.89,34.59,74.0,0.21
5770,8/29/2023 10:00,11.01,17.69,144.0,0.21
5771,8/29/2023 11:00,11.48,22.68,13.0,0.19
5772,8/29/2023 12:00,7.66,21.51,44.0,0.29
5773,8/29/2023 13:00,5.66,28.37,100.0,0.13
5774,8/29/2023 14:00,8.84,29.94,12.0,0.25
5775,8/29/2023 15:00,14.86,24.69,37.0,0.17
5776,8/29/2023 16:00,11.54,29.33,72.0,0.2
5777,8/29/2023 17:00,17.95,25.56,73.0,0.14
5778,8/29/2023 18:00,24.88,27.67,101.0,0.24
5779,8/29/2023 19:00,11.71,27.09,109.0,0.21
5780,8/29/2023 20:00,13.37,28.07,100.0,0.3
5781,8/29/2023 21:00,10.83,16.4,128.0,0.14
5782,8/29/2023 22:00,11.32,20.46,100.0,0.13
5783,8/29/2023 23:00,24.76,28.93,61.0,0.3
5784,8/30/2023 0:00,14.74,32.42,53.0,0.11
5785,8/30/2023 1:00,8.8,30.72,51.0,0.17
5786,8/30/2023 2:00,24.78,23.38,8.0,0.23
5787,8/30/2023 3:00,11.29,23.22,117.0,0.17
5788,8/30/2023 4:00,22.77,16.58,52.0,0.24
5789,8/30/2023 5:00,6.76,19.61,32.0,0.24
5790,8/30/2023 6:00,20.17,32.35,11.0,0.19
5791,8/30/2023 7:00,11.14,26.76,97.0,0.11
5792,8/30/2023 8:00,14.49,19.3,62.0,0.12
5793,8/30/2023 9:00,6.49,25.4,148.0,0.27
5794,8/30/2023 10:00,14.38,21.97,108.0,0.14
5795,8/30/2023 11:00,18.56,19.59,85.0,0.15
5796,8/30/2023 12:00,5.12,18.92,105.0,0.19
5797,8/30/2023 13:00,20.85,30.91,49.0,0.18
5798,8/30/2023 14:00,21.23,32.97,67.0,0.26
5799,8/30/2023 15:00,15.29,27.5,110.0,0.28
5800,8/30/2023 16:00,23.11,15.38,76.0,0.24
5801,8/30/2023 17:00,19.74,22.02,63.0,0.16
5802,8/30/2023 18:00,12.35,21.69,75.0,0.12
5803,8/30/2023 19:00,13.59,21.06,27.0,0.12
5804,8/30/2023 20:00,8.71,22.94,134.0,0.12
5805,8/30/2023 21:00,16.91,19.04,73.0,0.15
5806,8/30/2023 22:00,15.12,32.73,13.0,0.19
5807,8/30/2023 23:00,19.16,28.36,145.0,0.17
5808,8/31/2023 0:00,8.29,21.85,43.0,0.19
5809,8/31/2023 1:00,8.61,23.99,125.0,0.18
5810,8/31/2023 2:00,18.82,23.36,81.0,0.12
5811,8/31/2023 3:00,12.91,30.34,16.0,0.18
5812,8/31/2023 4:00,10.51,27.26,129.0,0.22
5813,8/31/2023 5:00,20.78,34.67,85.0,0.26
5814,8/31/2023 6:00,16.81,26.35,46.0,0.24
5815,8/31/2023 7:00,21.63,23.64,56.0,0.29
5816,8/31/2023 8:00,18.67,17.16,98.0,0.17
5817,8/31/2023 9:00,12.84,23.92,56.0,0.16
5818,8/31/2023 10:00,19.42,23.78,60.0,0.22
5819,8/31/2023 11:00,14.23,23.47,78.0,0.13
5820,8/31/2023 12:00,8.14,16.53,18.0,0.18
5821,8/31/2023 13:00,21.64,25.77,34.0,0.25
5822,8/31/2023 14:00,16.15,18.87,34.0,0.11
5823,8/31/2023 15:00,15.98,25.1,12.0,0.1
5824,8/31/2023 16:00,20.81,27.37,45.0,0.22
5825,8/31/2023 17:00,15.59,23.82,133.0,0.18
5826,8/31/2023 18:00,6.63,21.74,45.0,0.23
5827,8/31/2023 19:00,6.23,30.23,67.0,0.28
5828,8/31/2023 20:00,6.68,21.94,116.0,0.14
5829,8/31/2023 21:00,5.78,21.46,25.0,0.11
5830,8/31/2023 22:00,5.13,19.57,111.0,0.23
5831,8/31/2023 23:00,11.17,34.96,113.0,0.18
5832,9/1/2023 0:00,8.96,31.21,47.0,0.23
5833,9/1/2023 1:00,18.41,32.54,65.0,0.21
5834,9/1/2023 2:00,15.34,16.22,131.0,0.11
5835,9/1/2023 3:00,22.0,32.72,56.0,0.23
5836,9/1/2023 4:00,17.91,20.62,17.0,0.13
5837,9/1/2023 5:00,14.04,27.62,128.0,0.15
5838,9/1/2023 6:00,5.29,16.93,106.0,0.15
5839,9/1/2023 7:00,5.95,17.15,139.0,0.18
5840,9/1/2023 8:00,23.16,19.2,93.0,0.17
5841,9/1/2023 9:00,10.42,20.58,76.0,0.3
5842,9/1/2023 10:00,7.55,21.18,33.0,0.25
5843,9/1/2023 11:00,13.57,27.11,133.0,0.14
5844,9/1/2023 12:00,24.94,34.24,140.0,0.27
5845,9/1/2023 13:00,21.52,26.05,71.0,0.13
5846,9/1/2023 14:00,14.86,33.93,88.0,0.15
5847,9/1/2023 15:00,17.66,20.77,67.0,0.21
5848,9/1/2023 16:00,5.57,26.12,109.0,0.27
5849,9/1/2023 17:00,24.76,16.51,94.0,0.27
5850,9/1/2023 18:00,11.25,30.05,98.0,0.23
5851,9/1/2023 19:00,7.02,31.43,84.0,0.17
5852,9/1/2023 20:00,6.19,32.56,121.0,0.17
5853,9/1/2023 21:00,19.13,25.86,129.0,0.19
5854,9/1/2023 22:00,23.06,34.86,115.0,0.25
5855,9/1/2023 23:00,23.13,31.5,18.0,0.26
5856,9/2/2023 0:00,10.46,15.2,31.0,0.24
5857,9/2/2023 1:00,24.26,28.32,98.0,0.26
5858,9/2/2023 2:00,19.63,26.62,61.0,0.12
5859,9/2/2023 3:00,17.2,21.38,56.0,0.14
5860,9/2/2023 4:00,5.21,22.04,44.0,0.29
5861,9/2/2023 5:00,24.98,24.28,43.0,0.23
5862,9/2/2023 6:00,18.13,15.54,144.0,0.26
5863,9/2/2023 7:00,8.83,15.73,49.0,0.19
5864,9/2/2023 8:00,7.46,22.09,70.0,0.28
5865,9/2/2023 9:00,17.44,21.13,8.0,0.15
5866,9/2/2023 10:00,20.91,22.63,117.0,0.25
5867,9/2/2023 11:00,20.62,28.45,69.0,0.23
5868,9/2/2023 12:00,22.63,25.36,60.0,0.12
5869,9/2/2023 13:00,15.14,16.14,130.0,0.19
5870,9/2/2023 14:00,5.43,26.1,72.0,0.14
5871,9/2/2023 15:00,7.78,19.92,74.0,0.19
5872,9/2/2023 16:00,8.27,27.54,13.0,0.17
5873,9/2/2023 17:00,21.53,28.04,42.0,0.23
5874,9/2/2023 18:00,17.84,25.02,124.0,0.15
5875,9/2/2023 19:00,20.43,33.09,122.0,0.3
5876,9/2/2023 20:00,7.86,18.32,23.0,0.16
5877,9/2/2023 21:00,15.84,33.35,27.0,0.21
5878,9/2/2023 22:00,6.22,29.26,99.0,0.24
5879,9/2/2023 23:00,16.6,15.44,70.0,0.17
5880,9/3/2023 0:00,8.33,32.42,62.0,0.15
5881,9/3/2023 1:00,18.07,22.22,103.0,0.17
5882,9/3/2023 2:00,21.29,34.08,83.0,0.11
5883,9/3/2023 3:00,18.54,34.49,75.0,0.16
5884,9/3/2023 4:00,24.96,29.67,34.0,0.21
5885,9/3/2023 5:00,11.29,22.8,6.0,0.15
5886,9/3/2023 6:00,18.77,30.36,75.0,0.23
5887,9/3/2023 7:00,5.42,21.17,83.0,0.13
5888,9/3/2023 8:00,10.74,31.37,72.0,0.19
5889,9/3/2023 9:00,19.32,34.55,148.0,0.19
5890,9/3/2023 10:00,21.93,20.56,140.0,0.13
5891,9/3/2023 11:00,8.73,33.32,126.0,0.24
5892,9/3/2023 12:00,20.93,25.12,18.0,0.28
5893,9/3/2023 13:00,13.24,17.16,99.0,0.29
5894,9/3/2023 14:00,18.35,16.62,117.0,0.23
5895,9/3/2023 15:00,19.68,27.9,26.0,0.2
5896,9/3/2023 16:00,18.67,19.35,127.0,0.1
5897,9/3/2023 17:00,20.72,20.68,140.0,0.27
5898,9/3/2023 18:00,14.25,16.95,58.0,0.13
5899,9/3/2023 19:00,17.88,18.07,22.0,0.11
5900,9/3/2023 20:00,19.09,15.1,141.0,0.21
5901,9/3/2023 21:00,9.94,24.48,92.0,0.23
5902,9/3/2023 22:00,16.75,16.06,99.0,0.11
5903,9/3/2023 23:00,18.07,15.98,30.0,0.28
5904,9/4/2023 0:00,13.51,24.6,7.0,0.27
5905,9/4/2023 1:00,5.08,17.1,92.0,0.11
5906,9/4/2023 2:00,9.84,19.73,8.0,0.23
5907,9/4/2023 3:00,9.64,32.08,48.0,0.19
5908,9/4/2023 4:00,13.97,33.74,99.0,0.17
5909,9/4/2023 5:00,24.26,34.23,97.0,0.27
5910,9/4/2023 6:00,6.82,26.18,75.0,0.23
5911,9/4/2023 7:00,19.22,22.39,76.0,0.1
5912,9/4/2023 8:00,11.1,17.36,110.0,0.1
5913,9/4/2023 9:00,6.48,17.03,126.0,0.2
5914,9/4/2023 10:00,10.62,34.05,72.0,0.22
5915,9/4/2023 11:00,15.97,18.19,136.0,0.12
5916,9/4/2023 12:00,24.62,26.26,8.0,0.22
5917,9/4/2023 13:00,14.36,28.71,44.0,0.22
5918,9/4/2023 14:00,16.96,34.37,99.0,0.12
5919,9/4/2023 15:00,17.39,24.58,68.0,0.14
5920,9/4/2023 16:00,12.88,26.16,72.0,0.25
5921,9/4/2023 17:00,11.09,21.2,83.0,0.2
5922,9/4/2023 18:00,7.33,33.94,128.0,0.24
5923,9/4/2023 19:00,17.36,28.42,91.0,0.29
5924,9/4/2023 20:00,15.06,15.45,52.0,0.21
5925,9/4/2023 21:00,15.91,16.52,15.0,0.22
5926,9/4/2023 22:00,19.86,29.08,143.0,0.19
5927,9/4/2023 23:00,19.52,18.9,70.0,0.13
5928,9/5/2023 0:00,12.7,18.28,95.0,0.17
5929,9/5/2023 1:00,5.91,33.97,6.0,0.3
5930,9/5/2023 2:00,13.69,22.95,59.0,0.29
5931,9/5/2023 3:00,19.82,23.42,117.0,0.17
5932,9/5/2023 4:00,17.7,24.24,128.0,0.1
5933,9/5/2023 5:00,12.02,21.7,15.0,0.22
5934,9/5/2023 6:00,15.21,20.64,12.0,0.13
5935,9/5/2023 7:00,20.18,30.59,48.0,0.24
5936,9/5/2023 8:00,8.84,27.01,149.0,0.22
5937,9/5/2023 9:00,12.25,18.73,48.0,0.16
5938,9/5/2023 10:00,14.66,16.96,101.0,0.16
5939,9/5/2023 11:00,23.74,28.7,94.0,0.11
5940,9/5/2023 12:00,10.09,17.61,64.0,0.17
5941,9/5/2023 13:00,20.33,15.34,84.0,0.22
5942,9/5/2023 14:00,11.38,23.34,58.0,0.19
5943,9/5/2023 15:00,22.39,28.11,15.0,0.19
5944,9/5/2023 16:00,6.28,28.14,131.0,0.27
5945,9/5/2023 17:00,7.27,24.13,76.0,0.16
5946,9/5/2023 18:00,19.99,29.08,91.0,0.28
5947,9/5/2023 19:00,14.29,30.07,69.0,0.23
5948,9/5/2023 20:00,15.91,31.62,12.0,0.26
5949,9/5/2023 21:00,13.01,34.09,28.0,0.26
5950,9/5/2023 22:00,20.72,22.79,110.0,0.25
5951,9/5/2023 23:00,23.66,15.36,122.0,0.14
5952,9/6/2023 0:00,24.43,32.94,95.0,0.21
5953,9/6/2023 1:00,17.19,17.08,147.0,0.26
5954,9/6/2023 2:00,23.48,20.33,18.0,0.15
5955,9/6/2023 3:00,17.63,18.51,58.0,0.18
5956,9/6/2023 4:00,8.59,34.44,25.0,0.12
5957,9/6/2023 5:00,16.46,30.71,113.0,0.11
5958,9/6/2023 6:00,7.51,29.82,6.0,0.12
5959,9/6/2023 7:00,12.69,18.1,62.0,0.2
5960,9/6/2023 8:00,10.96,26.63,75.0,0.13
5961,9/6/2023 9:00,7.68,19.95,140.0,0.2
5962,9/6/2023 10:00,9.45,15.72,138.0,0.27
5963,9/6/2023 11:00,21.66,26.52,115.0,0.11
5964,9/6/2023 12:00,7.88,23.66,147.0,0.27
5965,9/6/2023 13:00,16.75,34.65,10.0,0.12
5966,9/6/2023 14:00,5.48,26.99,149.0,0.19
5967,9/6/2023 15:00,18.86,17.55,51.0,0.29
5968,9/6/2023 16:00,11.38,33.18,44.0,0.15
5969,9/6/2023 17:00,22.21,30.4,150.0,0.25
5970,9/6/2023 18:00,9.57,34.19,85.0,0.29
5971,9/6/2023 19:00,14.45,28.1,63.0,0.19
5972,9/6/2023 20:00,8.15,22.42,21.0,0.2
5973,9/6/2023 21:00,15.02,17.36,48.0,0.15
5974,9/6/2023 22:00,8.23,25.63,86.0,0.24
5975,9/6/2023 23:00,10.72,28.98,116.0,0.3
5976,9/7/2023 0:00,10.99,24.77,49.0,0.22
5977,9/7/2023 1:00,20.01,33.94,95.0,0.29
5978,9/7/2023 2:00,17.75,32.66,58.0,0.23
5979,9/7/2023 3:00,21.26,18.93,97.0,0.23
5980,9/7/2023 4:00,19.87,30.48,26.0,0.16
5981,9/7/2023 5:00,19.65,33.87,57.0,0.25
5982,9/7/2023 6:00,23.55,16.85,11.0,0.28
5983,9/7/2023 7:00,19.02,15.34,67.0,0.29
5984,9/7/2023 8:00,21.24,18.51,143.0,0.11
5985,9/7/2023 9:00,7.12,29.97,50.0,0.1
5986,9/7/2023 10:00,9.51,22.21,122.0,0.29
5987,9/7/2023 11:00,22.52,31.37,130.0,0.12
5988,9/7/2023 12:00,6.95,17.89,135.0,0.21
5989,9/7/2023 13:00,15.87,17.38,13.0,0.14
5990,9/7/2023 14:00,18.18,24.42,64.0,0.19
5991,9/7/2023 15:00,7.14,16.68,80.0,0.27
5992,9/7/2023 16:00,23.65,26.14,92.0,0.24
5993,9/7/2023 17:00,17.84,29.72,42.0,0.1
5994,9/7/2023 18:00,20.93,32.16,31.0,0.23
5995,9/7/2023 19:00,21.46,26.33,55.0,0.21
5996,9/7/2023 20:00,18.59,32.94,126.0,0.26
5997,9/7/2023 21:00,20.67,32.0,13.0,0.11
5998,9/7/2023 22:00,9.56,27.83,13.0,0.28
5999,9/7/2023 23:00,16.82,33.0,78.0,0.28
6000,9/8/2023 0:00,17.53,25.89,36.0,0.22
6001,9/8/2023 1:00,15.99,34.13,53.0,0.14
6002,9/8/2023 2:00,21.15,32.07,96.0,0.16
6003,9/8/2023 3:00,24.38,29.61,38.0,0.26
6004,9/8/2023 4:00,6.0,16.04,94.0,0.28
6005,9/8/2023 5:00,9.51,16.07,42.0,0.29
6006,9/8/2023 6:00,22.89,17.3,63.0,0.28
6007,9/8/2023 7:00,20.73,33.43,32.0,0.23
6008,9/8/2023 8:00,13.79,34.49,106.0,0.26
6009,9/8/2023 9:00,15.38,20.85,149.0,0.23
6010,9/8/2023 10:00,9.82,34.83,147.0,0.25
6011,9/8/2023 11:00,18.61,22.45,144.0,0.2
6012,9/8/2023 12:00,7.5,29.2,78.0,0.1
6013,9/8/2023 13:00,14.58,28.26,102.0,0.26
6014,9/8/2023 14:00,24.63,34.94,124.0,0.2
6015,9/8/2023 15:00,17.94,26.68,116.0,0.1
6016,9/8/2023 16:00,14.02,17.51,135.0,0.18
6017,9/8/2023 17:00,19.7,33.38,54.0,0.17
6018,9/8/2023 18:00,19.15,28.38,92.0,0.23
6019,9/8/2023 19:00,12.74,17.09,52.0,0.12
6020,9/8/2023 20:00,16.34,33.96,14.0,0.16
6021,9/8/2023 21:00,17.93,31.44,120.0,0.13
6022,9/8/2023 22:00,6.92,26.89,43.0,0.12
6023,9/8/2023 23:00,8.81,21.79,80.0,0.2
6024,9/9/2023 0:00,18.9,23.93,14.0,0.26
6025,9/9/2023 1:00,12.67,30.11,90.0,0.2
6026,9/9/2023 2:00,19.6,31.08,136.0,0.25
6027,9/9/2023 3:00,7.4,34.55,19.0,0.28
6028,9/9/2023 4:00,5.37,33.63,25.0,0.16
6029,9/9/2023 5:00,17.46,25.84,19.0,0.3
6030,9/9/2023 6:00,11.77,30.03,81.0,0.18
6031,9/9/2023 7:00,8.85,30.95,45.0,0.14
6032,9/9/2023 8:00,23.15,24.69,107.0,0.11
6033,9/9/2023 9:00,9.04,26.49,96.0,0.29
6034,9/9/2023 10:00,11.98,26.21,31.0,0.17
6035,9/9/2023 11:00,18.72,28.42,98.0,0.12
6036,9/9/2023 12:00,14.96,22.4,5.0,0.24
6037,9/9/2023 13:00,21.39,15.96,133.0,0.16
6038,9/9/2023 14:00,13.57,16.33,42.0,0.2
6039,9/9/2023 15:00,7.11,28.92,113.0,0.21
6040,9/9/2023 16:00,7.99,28.54,100.0,0.22
6041,9/9/2023 17:00,5.91,34.53,139.0,0.28
6042,9/9/2023 18:00,13.11,15.15,32.0,0.13
6043,9/9/2023 19:00,22.04,30.25,55.0,0.14
6044,9/9/2023 20:00,7.82,16.86,71.0,0.3
6045,9/9/2023 21:00,12.62,16.97,109.0,0.24
6046,9/9/2023 22:00,24.86,22.26,36.0,0.12
6047,9/9/2023 23:00,18.02,16.44,63.0,0.16
6048,9/10/2023 0:00,20.59,27.27,141.0,0.19
6049,9/10/2023 1:00,9.01,28.85,147.0,0.16
6050,9/10/2023 2:00,20.98,17.35,140.0,0.14
6051,9/10/2023 3:00,8.53,21.18,17.0,0.12
6052,9/10/2023 4:00,23.69,20.83,90.0,0.16
6053,9/10/2023 5:00,15.66,25.16,33.0,0.27
6054,9/10/2023 6:00,15.38,27.38,87.0,0.28
6055,9/10/2023 7:00,16.35,32.46,116.0,0.17
6056,9/10/2023 8:00,15.9,22.69,139.0,0.17
6057,9/10/2023 9:00,9.27,24.66,130.0,0.14
6058,9/10/2023 10:00,6.55,15.7,48.0,0.19
6059,9/10/2023 11:00,15.45,34.35,138.0,0.14
6060,9/10/2023 12:00,18.88,22.84,111.0,0.13
6061,9/10/2023 13:00,12.63,29.85,46.0,0.11
6062,9/10/2023 14:00,20.26,25.77,94.0,0.27
6063,9/10/2023 15:00,8.21,17.78,146.0,0.17
6064,9/10/2023 16:00,14.62,26.33,67.0,0.25
6065,9/10/2023 17:00,17.41,19.01,101.0,0.29
6066,9/10/2023 18:00,19.36,24.54,66.0,0.2
6067,9/10/2023 19:00,14.95,15.09,79.0,0.25
6068,9/10/2023 20:00,8.38,33.15,34.0,0.25
6069,9/10/2023 21:00,15.68,21.28,29.0,0.21
6070,9/10/2023 22:00,13.49,30.3,11.0,0.3
6071,9/10/2023 23:00,5.66,30.48,8.0,0.22
6072,9/11/2023 0:00,7.04,31.52,64.0,0.22
6073,9/11/2023 1:00,9.26,29.27,53.0,0.16
6074,9/11/2023 2:00,20.31,16.34,129.0,0.25
6075,9/11/2023 3:00,16.05,33.15,28.0,0.17
6076,9/11/2023 4:00,15.12,25.75,100.0,0.14
6077,9/11/2023 5:00,6.29,29.26,117.0,0.12
6078,9/11/2023 6:00,21.53,33.43,103.0,0.2
6079,9/11/2023 7:00,7.19,17.94,82.0,0.15
6080,9/11/2023 8:00,7.7,29.2,112.0,0.14
6081,9/11/2023 9:00,9.45,28.27,40.0,0.23
6082,9/11/2023 10:00,12.8,16.16,109.0,0.14
6083,9/11/2023 11:00,15.74,16.98,115.0,0.11
6084,9/11/2023 12:00,13.86,23.39,83.0,0.19
6085,9/11/2023 13:00,6.96,18.28,109.0,0.25
6086,9/11/2023 14:00,14.68,17.9,87.0,0.22
6087,9/11/2023 15:00,14.97,24.66,32.0,0.1
6088,9/11/2023 16:00,14.7,16.44,150.0,0.21
6089,9/11/2023 17:00,17.25,32.07,20.0,0.21
6090,9/11/2023 18:00,6.46,22.12,82.0,0.14
6091,9/11/2023 19:00,15.53,33.98,14.0,0.21
6092,9/11/2023 20:00,5.21,17.34,34.0,0.27
6093,9/11/2023 21:00,12.3,20.31,146.0,0.26
6094,9/11/2023 22:00,22.65,29.85,52.0,0.14
6095,9/11/2023 23:00,6.22,34.83,35.0,0.13
6096,9/12/2023 0:00,14.78,29.34,130.0,0.16
6097,9/12/2023 1:00,10.16,25.18,141.0,0.14
6098,9/12/2023 2:00,7.48,20.47,114.0,0.15
6099,9/12/2023 3:00,13.22,20.72,51.0,0.17
6100,9/12/2023 4:00,21.61,19.99,146.0,0.16
6101,9/12/2023 5:00,11.41,28.67,42.0,0.26
6102,9/12/2023 6:00,24.18,27.3,21.0,0.13
6103,9/12/2023 7:00,6.57,19.26,27.0,0.26
6104,9/12/2023 8:00,6.85,18.83,98.0,0.19
6105,9/12/2023 9:00,11.05,19.0,101.0,0.12
6106,9/12/2023 10:00,12.94,27.51,144.0,0.14
6107,9/12/2023 11:00,15.12,30.99,44.0,0.18
6108,9/12/2023 12:00,9.65,33.02,43.0,0.28
6109,9/12/2023 13:00,22.2,27.29,82.0,0.28
6110,9/12/2023 14:00,12.64,22.52,132.0,0.17
6111,9/12/2023 15:00,8.75,17.22,105.0,0.28
6112,9/12/2023 16:00,22.68,32.98,21.0,0.2
6113,9/12/2023 17:00,15.98,25.93,68.0,0.13
6114,9/12/2023 18:00,13.45,21.03,130.0,0.11
6115,9/12/2023 19:00,11.93,17.36,67.0,0.26
6116,9/12/2023 20:00,21.98,22.2,118.0,0.22
6117,9/12/2023 21:00,20.13,25.4,21.0,0.11
6118,9/12/2023 22:00,13.18,18.29,118.0,0.17
6119,9/12/2023 23:00,23.94,22.52,116.0,0.22
6120,9/13/2023 0:00,11.46,26.65,133.0,0.13
6121,9/13/2023 1:00,20.06,18.48,131.0,0.22
6122,9/13/2023 2:00,11.01,25.4,83.0,0.16
6123,9/13/2023 3:00,8.7,15.25,74.0,0.1
6124,9/13/2023 4:00,9.2,27.25,133.0,0.13
6125,9/13/2023 5:00,11.31,25.79,26.0,0.1
6126,9/13/2023 6:00,16.42,30.02,128.0,0.14
6127,9/13/2023 7:00,6.69,29.58,92.0,0.28
6128,9/13/2023 8:00,16.88,18.08,99.0,0.1
6129,9/13/2023 9:00,17.94,23.48,95.0,0.11
6130,9/13/2023 10:00,20.42,32.72,127.0,0.19
6131,9/13/2023 11:00,9.46,18.37,150.0,0.22
6132,9/13/2023 12:00,15.49,18.26,72.0,0.18
6133,9/13/2023 13:00,16.7,26.16,89.0,0.17
6134,9/13/2023 14:00,6.19,16.14,78.0,0.22
6135,9/13/2023 15:00,9.59,15.57,106.0,0.23
6136,9/13/2023 16:00,7.95,18.04,19.0,0.26
6137,9/13/2023 17:00,12.96,30.72,111.0,0.13
6138,9/13/2023 18:00,19.94,20.12,6.0,0.14
6139,9/13/2023 19:00,24.58,22.44,86.0,0.19
6140,9/13/2023 20:00,11.12,28.89,61.0,0.22
6141,9/13/2023 21:00,17.38,26.17,90.0,0.28
6142,9/13/2023 22:00,22.01,32.71,113.0,0.16
6143,9/13/2023 23:00,6.68,23.15,105.0,0.19
6144,9/14/2023 0:00,21.23,26.11,138.0,0.18
6145,9/14/2023 1:00,23.38,22.34,113.0,0.2
6146,9/14/2023 2:00,23.2,18.83,71.0,0.28
6147,9/14/2023 3:00,7.16,23.83,60.0,0.18
6148,9/14/2023 4:00,11.5,18.0,20.0,0.14
6149,9/14/2023 5:00,5.8,26.94,96.0,0.17
6150,9/14/2023 6:00,12.95,17.03,136.0,0.21
6151,9/14/2023 7:00,11.62,21.81,70.0,0.1
6152,9/14/2023 8:00,9.8,16.19,35.0,0.23
6153,9/14/2023 9:00,22.72,19.67,37.0,0.28
6154,9/14/2023 10:00,8.11,23.1,88.0,0.27
6155,9/14/2023 11:00,16.57,20.42,115.0,0.26
6156,9/14/2023 12:00,19.58,32.66,31.0,0.25
6157,9/14/2023 13:00,9.75,23.4,132.0,0.13
6158,9/14/2023 14:00,21.35,33.93,41.0,0.11
6159,9/14/2023 15:00,13.45,16.31,82.0,0.23
6160,9/14/2023 16:00,19.46,34.78,106.0,0.3
6161,9/14/2023 17:00,14.18,28.55,83.0,0.16
6162,9/14/2023 18:00,23.16,27.37,79.0,0.14
6163,9/14/2023 19:00,14.37,27.75,49.0,0.29
6164,9/14/2023 20:00,10.59,27.78,106.0,0.23
6165,9/14/2023 21:00,7.3,17.33,47.0,0.17
6166,9/14/2023 22:00,22.84,22.32,89.0,0.13
6167,9/14/2023 23:00,19.99,23.69,85.0,0.23
6168,9/15/2023 0:00,8.32,25.94,122.0,0.13
6169,9/15/2023 1:00,14.23,30.44,26.0,0.26
6170,9/15/2023 2:00,15.17,16.23,140.0,0.21
6171,9/15/2023 3:00,21.07,22.23,21.0,0.25
6172,9/15/2023 4:00,8.67,24.31,102.0,0.2
6173,9/15/2023 5:00,5.98,29.96,97.0,0.25
6174,9/15/2023 6:00,24.99,31.62,123.0,0.29
6175,9/15/2023 7:00,13.43,31.57,85.0,0.18
6176,9/15/2023 8:00,22.01,30.19,20.0,0.18
6177,9/15/2023 9:00,23.98,17.62,63.0,0.25
6178,9/15/2023 10:00,7.95,28.01,128.0,0.25
6179,9/15/2023 11:00,7.66,26.85,128.0,0.16
6180,9/15/2023 12:00,13.6,32.65,110.0,0.14
6181,9/15/2023 13:00,22.51,24.35,58.0,0.19
6182,9/15/2023 14:00,19.4,15.87,61.0,0.17
6183,9/15/2023 15:00,17.81,23.03,138.0,0.15
6184,9/15/2023 16:00,14.61,30.18,73.0,0.25
6185,9/15/2023 17:00,11.11,27.57,141.0,0.15
6186,9/15/2023 18:00,5.49,16.98,150.0,0.23
6187,9/15/2023 19:00,10.02,28.95,134.0,0.29
6188,9/15/2023 20:00,10.74,30.7,93.0,0.17
6189,9/15/2023 21:00,5.61,23.17,95.0,0.29
6190,9/15/2023 22:00,13.47,34.1,87.0,0.27
6191,9/15/2023 23:00,8.61,31.53,144.0,0.21
6192,9/16/2023 0:00,6.61,27.9,81.0,0.12
6193,9/16/2023 1:00,17.27,22.7,144.0,0.22
6194,9/16/2023 2:00,9.12,15.55,120.0,0.2
6195,9/16/2023 3:00,11.89,24.62,37.0,0.13
6196,9/16/2023 4:00,18.35,31.86,85.0,0.12
6197,9/16/2023 5:00,18.67,21.63,101.0,0.3
6198,9/16/2023 6:00,13.16,26.99,131.0,0.15
6199,9/16/2023 7:00,20.16,20.97,53.0,0.13
6200,9/16/2023 8:00,5.39,22.84,130.0,0.14
6201,9/16/2023 9:00,6.39,19.3,101.0,0.26
6202,9/16/2023 10:00,15.32,17.13,17.0,0.15
6203,9/16/2023 11:00,5.79,18.64,148.0,0.14
6204,9/16/2023 12:00,11.16,25.42,62.0,0.13
6205,9/16/2023 13:00,19.84,32.41,84.0,0.27
6206,9/16/2023 14:00,21.65,23.74,114.0,0.13
6207,9/16/2023 15:00,7.79,16.14,35.0,0.14
6208,9/16/2023 16:00,22.29,18.75,137.0,0.11
6209,9/16/2023 17:00,24.36,29.43,139.0,0.11
6210,9/16/2023 18:00,23.68,30.08,39.0,0.27
6211,9/16/2023 19:00,5.42,34.3,103.0,0.27
6212,9/16/2023 20:00,8.43,20.05,115.0,0.23
6213,9/16/2023 21:00,8.09,29.59,149.0,0.25
6214,9/16/2023 22:00,13.68,18.39,24.0,0.14
6215,9/16/2023 23:00,20.67,18.26,26.0,0.21
6216,9/17/2023 0:00,7.64,18.13,62.0,0.18
6217,9/17/2023 1:00,11.09,26.68,50.0,0.28
6218,9/17/2023 2:00,15.27,29.28,115.0,0.14
6219,9/17/2023 3:00,18.8,26.96,49.0,0.19
6220,9/17/2023 4:00,20.67,18.22,58.0,0.13
6221,9/17/2023 5:00,6.81,26.97,95.0,0.14
6222,9/17/2023 6:00,12.31,18.29,25.0,0.2
6223,9/17/2023 7:00,23.17,15.86,59.0,0.24
6224,9/17/2023 8:00,8.54,33.73,114.0,0.12
6225,9/17/2023 9:00,19.83,15.74,94.0,0.25
6226,9/17/2023 10:00,15.08,32.8,50.0,0.25
6227,9/17/2023 11:00,18.96,26.8,140.0,0.22
6228,9/17/2023 12:00,23.35,24.32,12.0,0.17
6229,9/17/2023 13:00,17.8,28.61,48.0,0.21
6230,9/17/2023 14:00,9.81,25.23,28.0,0.28
6231,9/17/2023 15:00,18.37,32.34,14.0,0.3
6232,9/17/2023 16:00,17.62,34.19,34.0,0.1
6233,9/17/2023 17:00,19.82,19.42,42.0,0.23
6234,9/17/2023 18:00,13.24,16.69,150.0,0.12
6235,9/17/2023 19:00,6.93,26.19,102.0,0.27
6236,9/17/2023 20:00,7.67,27.3,118.0,0.3
6237,9/17/2023 21:00,21.85,30.82,42.0,0.18
6238,9/17/2023 22:00,20.08,27.17,58.0,0.13
6239,9/17/2023 23:00,12.55,30.57,124.0,0.24
6240,9/18/2023 0:00,19.63,22.54,32.0,0.19
6241,9/18/2023 1:00,6.42,16.91,59.0,0.22
6242,9/18/2023 2:00,19.94,26.88,65.0,0.22
6243,9/18/2023 3:00,11.14,34.93,32.0,0.28
6244,9/18/2023 4:00,23.86,24.81,123.0,0.17
6245,9/18/2023 5:00,7.19,17.21,140.0,0.26
6246,9/18/2023 6:00,6.12,32.27,82.0,0.24
6247,9/18/2023 7:00,21.43,18.2,64.0,0.15
6248,9/18/2023 8:00,21.96,22.03,132.0,0.11
6249,9/18/2023 9:00,14.41,31.7,60.0,0.17
6250,9/18/2023 10:00,5.9,17.91,75.0,0.12
6251,9/18/2023 11:00,14.82,22.51,90.0,0.29
6252,9/18/2023 12:00,21.45,29.77,95.0,0.1
6253,9/18/2023 13:00,5.88,30.34,144.0,0.27
6254,9/18/2023 14:00,19.12,22.85,35.0,0.29
6255,9/18/2023 15:00,23.24,21.76,98.0,0.15
6256,9/18/2023 16:00,23.9,26.02,76.0,0.25
6257,9/18/2023 17:00,23.01,23.39,38.0,0.14
6258,9/18/2023 18:00,21.64,34.12,58.0,0.2
6259,9/18/2023 19:00,8.33,28.0,32.0,0.19
6260,9/18/2023 20:00,8.51,19.69,122.0,0.13
6261,9/18/2023 21:00,19.68,26.33,120.0,0.29
6262,9/18/2023 22:00,15.39,16.31,125.0,0.22
6263,9/18/2023 23:00,15.06,29.43,23.0,0.23
6264,9/19/2023 0:00,5.6,31.63,43.0,0.24
6265,9/19/2023 1:00,5.69,28.36,63.0,0.22
6266,9/19/2023 2:00,7.86,32.33,116.0,0.1
6267,9/19/2023 3:00,17.46,27.41,121.0,0.19
6268,9/19/2023 4:00,10.73,29.16,23.0,0.23
6269,9/19/2023 5:00,19.96,28.85,85.0,0.19
6270,9/19/2023 6:00,21.41,21.17,87.0,0.25
6271,9/19/2023 7:00,11.75,34.28,110.0,0.23
6272,9/19/2023 8:00,18.96,32.51,84.0,0.22
6273,9/19/2023 9:00,13.65,21.2,43.0,0.27
6274,9/19/2023 10:00,15.12,26.88,103.0,0.3
6275,9/19/2023 11:00,7.08,21.58,74.0,0.13
6276,9/19/2023 12:00,12.4,16.06,63.0,0.27
6277,9/19/2023 13:00,18.67,22.71,72.0,0.27
6278,9/19/2023 14:00,18.05,25.85,139.0,0.28
6279,9/19/2023 15:00,6.23,34.17,19.0,0.12
6280,9/19/2023 16:00,8.51,15.3,41.0,0.12
6281,9/19/2023 17:00,5.54,26.19,129.0,0.13
6282,9/19/2023 18:00,13.3,17.62,85.0,0.16
6283,9/19/2023 19:00,13.21,22.76,44.0,0.2
6284,9/19/2023 20:00,23.95,33.98,50.0,0.25
6285,9/19/2023 21:00,16.98,25.76,30.0,0.25
6286,9/19/2023 22:00,17.11,34.0,64.0,0.23
6287,9/19/2023 23:00,20.23,22.8,90.0,0.15
6288,9/20/2023 0:00,20.27,22.29,120.0,0.14
6289,9/20/2023 1:00,15.71,19.09,132.0,0.16
6290,9/20/2023 2:00,7.55,16.35,142.0,0.22
6291,9/20/2023 3:00,22.24,31.0,27.0,0.22
6292,9/20/2023 4:00,9.75,32.75,15.0,0.23
6293,9/20/2023 5:00,20.99,29.0,143.0,0.24
6294,9/20/2023 6:00,22.12,29.64,112.0,0.23
6295,9/20/2023 7:00,14.84,15.21,137.0,0.17
6296,9/20/2023 8:00,15.7,27.84,147.0,0.15
6297,9/20/2023 9:00,18.07,21.02,118.0,0.14
6298,9/20/2023 10:00,9.2,25.43,116.0,0.13
6299,9/20/2023 11:00,7.34,31.6,107.0,0.14
6300,9/20/2023 12:00,16.88,15.53,40.0,0.11
6301,9/20/2023 13:00,8.17,16.52,88.0,0.29
6302,9/20/2023 14:00,23.81,30.18,95.0,0.12
6303,9/20/2023 15:00,18.34,30.46,53.0,0.2
6304,9/20/2023 16:00,8.91,33.35,97.0,0.25
6305,9/20/2023 17:00,16.49,32.23,126.0,0.24
6306,9/20/2023 18:00,19.22,22.93,77.0,0.19
6307,9/20/2023 19:00,14.18,23.15,38.0,0.25
6308,9/20/2023 20:00,18.51,25.04,131.0,0.25
6309,9/20/2023 21:00,9.91,34.17,108.0,0.22
6310,9/20/2023 22:00,9.44,28.97,143.0,0.18
6311,9/20/2023 23:00,18.73,33.61,34.0,0.27
6312,9/21/2023 0:00,12.4,20.7,78.0,0.26
6313,9/21/2023 1:00,9.01,27.03,114.0,0.15
6314,9/21/2023 2:00,6.69,18.93,75.0,0.12
6315,9/21/2023 3:00,17.54,34.53,87.0,0.28
6316,9/21/2023 4:00,18.69,15.15,16.0,0.13
6317,9/21/2023 5:00,19.23,16.58,103.0,0.18
6318,9/21/2023 6:00,10.33,17.52,56.0,0.16
6319,9/21/2023 7:00,14.18,16.22,99.0,0.21
6320,9/21/2023 8:00,13.84,33.1,92.0,0.15
6321,9/21/2023 9:00,13.64,19.56,39.0,0.15
6322,9/21/2023 10:00,20.06,23.29,94.0,0.11
6323,9/21/2023 11:00,24.52,32.41,34.0,0.28
6324,9/21/2023 12:00,12.88,29.1,82.0,0.29
6325,9/21/2023 13:00,20.08,23.64,71.0,0.27
6326,9/21/2023 14:00,16.0,25.43,87.0,0.22
6327,9/21/2023 15:00,8.24,19.47,53.0,0.12
6328,9/21/2023 16:00,20.92,29.77,34.0,0.12
6329,9/21/2023 17:00,17.03,17.43,111.0,0.21
6330,9/21/2023 18:00,24.43,32.9,109.0,0.22
6331,9/21/2023 19:00,17.48,16.72,52.0,0.18
6332,9/21/2023 20:00,20.4,21.68,8.0,0.11
6333,9/21/2023 21:00,5.04,19.3,20.0,0.1
6334,9/21/2023 22:00,16.35,33.41,82.0,0.3
6335,9/21/2023 23:00,20.25,24.41,130.0,0.19
6336,9/22/2023 0:00,5.35,15.12,132.0,0.28
6337,9/22/2023 1:00,11.65,17.18,6.0,0.26
6338,9/22/2023 2:00,8.92,28.38,35.0,0.15
6339,9/22/2023 3:00,6.38,22.1,118.0,0.27
6340,9/22/2023 4:00,13.43,19.5,47.0,0.24
6341,9/22/2023 5:00,10.38,24.83,108.0,0.26
6342,9/22/2023 6:00,18.62,34.57,135.0,0.26
6343,9/22/2023 7:00,8.72,27.5,55.0,0.24
6344,9/22/2023 8:00,11.5,21.1,50.0,0.14
6345,9/22/2023 9:00,19.52,28.49,71.0,0.12
6346,9/22/2023 10:00,17.84,23.58,81.0,0.28
6347,9/22/2023 11:00,21.02,25.81,91.0,0.11
6348,9/22/2023 12:00,20.6,22.11,21.0,0.19
6349,9/22/2023 13:00,5.08,18.65,131.0,0.15
6350,9/22/2023 14:00,7.49,19.46,106.0,0.12
6351,9/22/2023 15:00,12.07,18.73,116.0,0.22
6352,9/22/2023 16:00,5.07,18.11,92.0,0.12
6353,9/22/2023 17:00,7.73,27.06,49.0,0.3
6354,9/22/2023 18:00,9.24,20.67,79.0,0.15
6355,9/22/2023 19:00,5.79,34.17,95.0,0.22
6356,9/22/2023 20:00,19.72,29.62,123.0,0.18
6357,9/22/2023 21:00,8.52,18.77,128.0,0.12
6358,9/22/2023 22:00,8.8,27.68,87.0,0.15
6359,9/22/2023 23:00,24.53,24.97,44.0,0.18
6360,9/23/2023 0:00,15.73,16.12,142.0,0.25
6361,9/23/2023 1:00,24.33,22.57,20.0,0.29
6362,9/23/2023 2:00,24.23,17.58,107.0,0.23
6363,9/23/2023 3:00,17.01,31.78,146.0,0.16
6364,9/23/2023 4:00,17.66,33.83,12.0,0.29
6365,9/23/2023 5:00,16.16,24.13,123.0,0.13
6366,9/23/2023 6:00,18.25,30.37,14.0,0.24
6367,9/23/2023 7:00,22.2,26.21,122.0,0.23
6368,9/23/2023 8:00,13.63,24.09,13.0,0.12
6369,9/23/2023 9:00,5.65,26.5,56.0,0.18
6370,9/23/2023 10:00,17.93,25.65,37.0,0.17
6371,9/23/2023 11:00,19.2,27.4,102.0,0.25
6372,9/23/2023 12:00,13.31,18.84,88.0,0.25
6373,9/23/2023 13:00,12.03,26.55,116.0,0.19
6374,9/23/2023 14:00,12.16,20.84,141.0,0.29
6375,9/23/2023 15:00,11.72,29.59,131.0,0.12
6376,9/23/2023 16:00,11.53,33.15,25.0,0.1
6377,9/23/2023 17:00,17.81,19.31,71.0,0.16
6378,9/23/2023 18:00,13.76,23.85,8.0,0.11
6379,9/23/2023 19:00,12.72,22.55,131.0,0.21
6380,9/23/2023 20:00,24.87,30.03,116.0,0.16
6381,9/23/2023 21:00,6.38,27.36,112.0,0.21
6382,9/23/2023 22:00,21.65,33.75,18.0,0.23
6383,9/23/2023 23:00,16.69,28.45,54.0,0.22
6384,9/24/2023 0:00,11.16,18.47,38.0,0.22
6385,9/24/2023 1:00,13.83,18.17,130.0,0.18
6386,9/24/2023 2:00,20.51,24.53,67.0,0.2
6387,9/24/2023 3:00,18.83,31.79,58.0,0.15
6388,9/24/2023 4:00,17.38,18.68,57.0,0.3
6389,9/24/2023 5:00,12.97,26.36,137.0,0.21
6390,9/24/2023 6:00,12.17,29.98,149.0,0.26
6391,9/24/2023 7:00,12.14,15.69,58.0,0.2
6392,9/24/2023 8:00,14.81,33.04,37.0,0.2
6393,9/24/2023 9:00,15.55,33.08,9.0,0.23
6394,9/24/2023 10:00,22.2,19.98,65.0,0.16
6395,9/24/2023 11:00,16.25,23.09,136.0,0.27
6396,9/24/2023 12:00,14.37,31.62,128.0,0.23
6397,9/24/2023 13:00,10.35,15.03,150.0,0.24
6398,9/24/2023 14:00,10.72,19.14,55.0,0.13
6399,9/24/2023 15:00,6.07,21.8,133.0,0.2
6400,9/24/2023 16:00,20.74,15.43,92.0,0.24
6401,9/24/2023 17:00,22.72,32.68,6.0,0.12
6402,9/24/2023 18:00,9.23,24.12,149.0,0.14
6403,9/24/2023 19:00,5.73,33.65,64.0,0.13
6404,9/24/2023 20:00,10.76,23.48,7.0,0.16
6405,9/24/2023 21:00,24.63,26.85,70.0,0.23
6406,9/24/2023 22:00,8.88,20.37,42.0,0.27
6407,9/24/2023 23:00,18.38,32.56,68.0,0.25
6408,9/25/2023 0:00,10.28,15.32,83.0,0.12
6409,9/25/2023 1:00,11.65,32.39,78.0,0.27
6410,9/25/2023 2:00,10.02,32.66,140.0,0.14
6411,9/25/2023 3:00,6.77,20.19,10.0,0.25
6412,9/25/2023 4:00,21.05,32.15,100.0,0.18
6413,9/25/2023 5:00,25.0,25.56,90.0,0.16
6414,9/25/2023 6:00,19.21,27.9,14.0,0.27
6415,9/25/2023 7:00,21.93,31.17,53.0,0.3
6416,9/25/2023 8:00,20.18,27.39,37.0,0.19
6417,9/25/2023 9:00,6.99,27.51,145.0,0.2
6418,9/25/2023 10:00,5.26,34.87,23.0,0.14
6419,9/25/2023 11:00,13.2,18.41,12.0,0.1
6420,9/25/2023 12:00,7.56,28.25,91.0,0.12
6421,9/25/2023 13:00,11.02,22.64,113.0,0.14
6422,9/25/2023 14:00,19.66,25.03,28.0,0.11
6423,9/25/2023 15:00,19.48,22.48,91.0,0.28
6424,9/25/2023 16:00,12.43,31.77,66.0,0.15
6425,9/25/2023 17:00,20.41,33.17,27.0,0.11
6426,9/25/2023 18:00,21.06,25.61,148.0,0.28
6427,9/25/2023 19:00,19.6,19.09,13.0,0.12
6428,9/25/2023 20:00,14.9,18.07,16.0,0.13
6429,9/25/2023 21:00,15.44,27.19,123.0,0.28
6430,9/25/2023 22:00,15.59,31.89,75.0,0.25
6431,9/25/2023 23:00,19.73,26.81,27.0,0.26
6432,9/26/2023 0:00,22.98,21.02,53.0,0.19
6433,9/26/2023 1:00,17.12,27.17,138.0,0.19
6434,9/26/2023 2:00,16.98,29.9,148.0,0.14
6435,9/26/2023 3:00,19.25,24.69,63.0,0.28
6436,9/26/2023 4:00,6.58,34.8,130.0,0.14
6437,9/26/2023 5:00,23.43,31.03,43.0,0.18
6438,9/26/2023 6:00,24.7,17.91,42.0,0.21
6439,9/26/2023 7:00,12.85,27.74,63.0,0.18
6440,9/26/2023 8:00,12.78,21.64,6.0,0.18
6441,9/26/2023 9:00,20.99,18.9,44.0,0.23
6442,9/26/2023 10:00,10.98,18.51,135.0,0.28
6443,9/26/2023 11:00,14.44,24.43,128.0,0.12
6444,9/26/2023 12:00,6.86,28.07,57.0,0.22
6445,9/26/2023 13:00,9.99,17.66,8.0,0.12
6446,9/26/2023 14:00,17.67,17.22,10.0,0.13
6447,9/26/2023 15:00,12.34,27.38,138.0,0.17
6448,9/26/2023 16:00,20.95,24.68,150.0,0.27
6449,9/26/2023 17:00,19.3,17.96,35.0,0.14
6450,9/26/2023 18:00,11.74,29.74,120.0,0.15
6451,9/26/2023 19:00,6.06,24.54,7.0,0.29
6452,9/26/2023 20:00,23.9,19.35,43.0,0.25
6453,9/26/2023 21:00,17.67,29.37,129.0,0.18
6454,9/26/2023 22:00,13.99,19.77,89.0,0.15
6455,9/26/2023 23:00,7.45,25.66,137.0,0.2
6456,9/27/2023 0:00,16.37,17.09,141.0,0.2
6457,9/27/2023 1:00,13.78,28.84,127.0,0.22
6458,9/27/2023 2:00,24.55,33.83,48.0,0.18
6459,9/27/2023 3:00,9.91,29.52,22.0,0.12
6460,9/27/2023 4:00,23.53,28.85,104.0,0.15
6461,9/27/2023 5:00,23.8,23.18,18.0,0.23
6462,9/27/2023 6:00,15.12,18.76,41.0,0.1
6463,9/27/2023 7:00,13.48,28.78,85.0,0.16
6464,9/27/2023 8:00,7.2,30.57,122.0,0.28
6465,9/27/2023 9:00,21.25,21.1,114.0,0.18
6466,9/27/2023 10:00,21.18,22.99,31.0,0.28
6467,9/27/2023 11:00,24.2,30.45,47.0,0.23
6468,9/27/2023 12:00,19.31,32.3,134.0,0.1
6469,9/27/2023 13:00,14.32,16.03,97.0,0.18
6470,9/27/2023 14:00,9.84,34.09,60.0,0.26
6471,9/27/2023 15:00,12.0,32.58,135.0,0.19
6472,9/27/2023 16:00,16.89,22.73,146.0,0.28
6473,9/27/2023 17:00,13.11,28.87,75.0,0.17
6474,9/27/2023 18:00,18.74,27.66,100.0,0.3
6475,9/27/2023 19:00,10.74,28.66,59.0,0.18
6476,9/27/2023 20:00,11.34,31.43,135.0,0.16
6477,9/27/2023 21:00,17.85,22.8,97.0,0.14
6478,9/27/2023 22:00,6.77,23.23,80.0,0.13
6479,9/27/2023 23:00,12.27,24.81,89.0,0.25
6480,9/28/2023 0:00,20.53,22.58,64.0,0.11
6481,9/28/2023 1:00,20.11,32.56,143.0,0.22
6482,9/28/2023 2:00,6.29,20.15,77.0,0.21
6483,9/28/2023 3:00,20.62,27.36,51.0,0.22
6484,9/28/2023 4:00,14.79,21.82,133.0,0.26
6485,9/28/2023 5:00,10.05,32.16,17.0,0.28
6486,9/28/2023 6:00,23.5,26.98,51.0,0.24
6487,9/28/2023 7:00,22.21,18.56,42.0,0.29
6488,9/28/2023 8:00,23.53,18.73,51.0,0.2
6489,9/28/2023 9:00,19.89,16.59,63.0,0.23
6490,9/28/2023 10:00,5.42,15.07,36.0,0.21
6491,9/28/2023 11:00,6.23,22.37,40.0,0.28
6492,9/28/2023 12:00,7.36,29.09,118.0,0.12
6493,9/28/2023 13:00,11.56,32.51,46.0,0.12
6494,9/28/2023 14:00,12.76,33.64,150.0,0.2
6495,9/28/2023 15:00,7.41,28.74,21.0,0.2
6496,9/28/2023 16:00,7.0,21.26,17.0,0.17
6497,9/28/2023 17:00,22.48,34.24,39.0,0.15
6498,9/28/2023 18:00,14.13,29.46,113.0,0.18
6499,9/28/2023 19:00,6.86,17.77,32.0,0.17
6500,9/28/2023 20:00,10.37,17.25,142.0,0.14
6501,9/28/2023 21:00,6.55,19.94,121.0,0.14
6502,9/28/2023 22:00,12.04,24.54,102.0,0.12
6503,9/28/2023 23:00,24.98,16.26,115.0,0.27
6504,9/29/2023 0:00,14.8,32.3,101.0,0.26
6505,9/29/2023 1:00,10.63,27.15,134.0,0.26
6506,9/29/2023 2:00,19.72,16.91,121.0,0.24
6507,9/29/2023 3:00,14.41,28.31,7.0,0.1
6508,9/29/2023 4:00,6.93,20.85,93.0,0.25
6509,9/29/2023 5:00,23.48,30.94,40.0,0.21
6510,9/29/2023 6:00,19.36,33.18,7.0,0.16
6511,9/29/2023 7:00,16.7,18.33,59.0,0.27
6512,9/29/2023 8:00,5.86,30.93,54.0,0.25
6513,9/29/2023 9:00,23.85,18.19,128.0,0.17
6514,9/29/2023 10:00,16.07,27.03,11.0,0.24
6515,9/29/2023 11:00,20.6,19.25,67.0,0.26
6516,9/29/2023 12:00,13.75,23.72,74.0,0.29
6517,9/29/2023 13:00,5.3,18.32,121.0,0.28
6518,9/29/2023 14:00,20.33,23.34,67.0,0.18
6519,9/29/2023 15:00,17.99,21.7,72.0,0.29
6520,9/29/2023 16:00,14.61,33.41,144.0,0.12
6521,9/29/2023 17:00,13.67,32.93,103.0,0.28
6522,9/29/2023 18:00,12.52,29.8,48.0,0.18
6523,9/29/2023 19:00,10.24,32.0,50.0,0.26
6524,9/29/2023 20:00,12.91,25.87,83.0,0.23
6525,9/29/2023 21:00,16.57,34.42,108.0,0.23
6526,9/29/2023 22:00,7.51,23.48,31.0,0.2
6527,9/29/2023 23:00,9.83,17.64,80.0,0.1
6528,9/30/2023 0:00,7.5,18.27,113.0,0.16
6529,9/30/2023 1:00,23.58,16.88,101.0,0.11
6530,9/30/2023 2:00,12.66,23.42,50.0,0.13
6531,9/30/2023 3:00,9.28,21.7,104.0,0.11
6532,9/30/2023 4:00,23.26,20.96,133.0,0.22
6533,9/30/2023 5:00,6.91,31.56,93.0,0.22
6534,9/30/2023 6:00,17.12,28.59,14.0,0.28
6535,9/30/2023 7:00,11.26,31.29,85.0,0.17
6536,9/30/2023 8:00,24.6,34.98,111.0,0.17
6537,9/30/2023 9:00,7.66,15.19,21.0,0.13
6538,9/30/2023 10:00,20.47,16.13,106.0,0.17
6539,9/30/2023 11:00,24.74,32.6,87.0,0.13
6540,9/30/2023 12:00,8.22,33.73,128.0,0.21
6541,9/30/2023 13:00,18.57,32.21,40.0,0.19
6542,9/30/2023 14:00,6.07,30.68,15.0,0.14
6543,9/30/2023 15:00,7.39,18.07,131.0,0.18
6544,9/30/2023 16:00,18.31,31.61,107.0,0.17
6545,9/30/2023 17:00,16.06,18.23,94.0,0.17
6546,9/30/2023 18:00,15.6,19.35,138.0,0.2
6547,9/30/2023 19:00,18.97,30.9,102.0,0.2
6548,9/30/2023 20:00,9.81,30.51,127.0,0.26
6549,9/30/2023 21:00,5.88,22.22,9.0,0.15
6550,9/30/2023 22:00,10.86,24.98,43.0,0.24
6551,9/30/2023 23:00,7.61,26.67,58.0,0.19
6552,10/1/2023 0:00,9.32,28.69,44.0,0.25
6553,10/1/2023 1:00,8.67,21.4,103.0,0.23
6554,10/1/2023 2:00,19.11,33.21,110.0,0.2
6555,10/1/2023 3:00,19.76,26.12,31.0,0.22
6556,10/1/2023 4:00,8.94,17.32,57.0,0.24
6557,10/1/2023 5:00,17.62,27.13,42.0,0.22
6558,10/1/2023 6:00,14.54,28.8,132.0,0.17
6559,10/1/2023 7:00,8.36,26.82,53.0,0.16
6560,10/1/2023 8:00,11.92,29.05,10.0,0.17
6561,10/1/2023 9:00,15.38,31.73,62.0,0.13
6562,10/1/2023 10:00,15.32,21.71,75.0,0.16
6563,10/1/2023 11:00,16.69,20.95,6.0,0.27
6564,10/1/2023 12:00,5.37,17.13,86.0,0.23
6565,10/1/2023 13:00,18.36,25.6,136.0,0.16
6566,10/1/2023 14:00,20.33,17.51,140.0,0.29
6567,10/1/2023 15:00,16.4,19.41,130.0,0.3
6568,10/1/2023 16:00,5.31,15.45,108.0,0.17
6569,10/1/2023 17:00,21.46,31.98,83.0,0.23
6570,10/1/2023 18:00,21.22,28.12,26.0,0.12
6571,10/1/2023 19:00,11.42,19.91,23.0,0.18
6572,10/1/2023 20:00,17.22,24.84,124.0,0.19
6573,10/1/2023 21:00,18.09,25.08,45.0,0.2
6574,10/1/2023 22:00,23.19,32.34,78.0,0.23
6575,10/1/2023 23:00,6.3,17.22,74.0,0.24
6576,10/2/2023 0:00,19.98,18.93,23.0,0.16
6577,10/2/2023 1:00,21.96,26.31,78.0,0.28
6578,10/2/2023 2:00,17.98,20.7,46.0,0.22
6579,10/2/2023 3:00,23.88,19.95,6.0,0.13
6580,10/2/2023 4:00,23.63,24.47,126.0,0.19
6581,10/2/2023 5:00,14.89,21.18,116.0,0.29
6582,10/2/2023 6:00,11.65,26.27,106.0,0.22
6583,10/2/2023 7:00,10.42,30.06,26.0,0.12
6584,10/2/2023 8:00,21.95,17.23,114.0,0.11
6585,10/2/2023 9:00,20.41,18.56,94.0,0.12
6586,10/2/2023 10:00,9.33,24.35,53.0,0.21
6587,10/2/2023 11:00,19.19,18.8,109.0,0.17
6588,10/2/2023 12:00,5.11,19.85,109.0,0.23
6589,10/2/2023 13:00,17.52,26.56,147.0,0.21
6590,10/2/2023 14:00,8.17,18.13,142.0,0.29
6591,10/2/2023 15:00,14.91,23.82,45.0,0.17
6592,10/2/2023 16:00,9.22,22.74,102.0,0.13
6593,10/2/2023 17:00,23.71,29.95,89.0,0.18
6594,10/2/2023 18:00,14.69,15.9,51.0,0.12
6595,10/2/2023 19:00,19.2,22.23,16.0,0.24
6596,10/2/2023 20:00,9.47,19.03,119.0,0.23
6597,10/2/2023 21:00,24.8,17.05,46.0,0.22
6598,10/2/2023 22:00,15.06,22.04,77.0,0.18
6599,10/2/2023 23:00,24.18,16.52,33.0,0.2
6600,10/3/2023 0:00,6.78,20.52,138.0,0.26
6601,10/3/2023 1:00,14.28,28.83,25.0,0.12
6602,10/3/2023 2:00,6.45,33.04,83.0,0.22
6603,10/3/2023 3:00,9.21,16.3,149.0,0.16
6604,10/3/2023 4:00,23.7,33.84,33.0,0.14
6605,10/3/2023 5:00,16.45,32.14,20.0,0.23
6606,10/3/2023 6:00,16.76,15.1,46.0,0.16
6607,10/3/2023 7:00,7.22,25.2,34.0,0.29
6608,10/3/2023 8:00,7.7,26.69,62.0,0.2
6609,10/3/2023 9:00,24.26,21.39,15.0,0.17
6610,10/3/2023 10:00,23.36,31.47,126.0,0.27
6611,10/3/2023 11:00,21.04,20.23,141.0,0.28
6612,10/3/2023 12:00,8.19,31.06,20.0,0.24
6613,10/3/2023 13:00,6.05,25.88,148.0,0.12
6614,10/3/2023 14:00,10.81,16.26,80.0,0.18
6615,10/3/2023 15:00,7.79,28.74,31.0,0.27
6616,10/3/2023 16:00,5.79,19.28,13.0,0.11
6617,10/3/2023 17:00,19.07,30.24,26.0,0.22
6618,10/3/2023 18:00,16.86,19.95,45.0,0.24
6619,10/3/2023 19:00,23.97,28.05,38.0,0.1
6620,10/3/2023 20:00,18.29,16.84,19.0,0.18
6621,10/3/2023 21:00,8.27,23.12,121.0,0.19
6622,10/3/2023 22:00,23.3,31.5,19.0,0.17
6623,10/3/2023 23:00,9.95,25.13,90.0,0.28
6624,10/4/2023 0:00,16.9,21.24,28.0,0.17
6625,10/4/2023 1:00,11.36,26.25,46.0,0.24
6626,10/4/2023 2:00,14.11,25.41,144.0,0.16
6627,10/4/2023 3:00,16.32,21.51,103.0,0.24
6628,10/4/2023 4:00,16.46,33.24,68.0,0.27
6629,10/4/2023 5:00,15.57,24.82,85.0,0.29
6630,10/4/2023 6:00,16.37,20.19,119.0,0.2
6631,10/4/2023 7:00,21.26,26.79,139.0,0.16
6632,10/4/2023 8:00,7.71,33.46,51.0,0.21
6633,10/4/2023 9:00,13.68,20.54,49.0,0.23
6634,10/4/2023 10:00,14.9,28.25,65.0,0.13
6635,10/4/2023 11:00,21.2,32.9,115.0,0.27
6636,10/4/2023 12:00,19.28,19.71,60.0,0.24
6637,10/4/2023 13:00,17.04,28.14,60.0,0.22
6638,10/4/2023 14:00,19.98,19.14,98.0,0.29
6639,10/4/2023 15:00,7.49,33.52,68.0,0.18
6640,10/4/2023 16:00,23.21,21.0,25.0,0.22
6641,10/4/2023 17:00,6.29,16.45,65.0,0.17
6642,10/4/2023 18:00,17.37,16.69,31.0,0.29
6643,10/4/2023 19:00,6.06,26.74,67.0,0.28
6644,10/4/2023 20:00,12.35,25.17,98.0,0.21
6645,10/4/2023 21:00,5.05,26.53,59.0,0.14
6646,10/4/2023 22:00,22.24,23.88,54.0,0.21
6647,10/4/2023 23:00,23.13,16.97,117.0,0.11
6648,10/5/2023 0:00,14.37,24.78,134.0,0.24
6649,10/5/2023 1:00,10.74,30.65,81.0,0.29
6650,10/5/2023 2:00,13.27,22.37,68.0,0.18
6651,10/5/2023 3:00,11.04,30.61,82.0,0.28
6652,10/5/2023 4:00,14.9,27.46,27.0,0.23
6653,10/5/2023 5:00,23.98,28.07,85.0,0.21
6654,10/5/2023 6:00,7.7,21.87,105.0,0.14
6655,10/5/2023 7:00,6.01,25.76,148.0,0.22
6656,10/5/2023 8:00,19.94,22.15,90.0,0.28
6657,10/5/2023 9:00,12.46,34.24,8.0,0.17
6658,10/5/2023 10:00,11.96,17.14,14.0,0.16
6659,10/5/2023 11:00,20.71,23.17,28.0,0.15
6660,10/5/2023 12:00,17.75,17.14,119.0,0.16
6661,10/5/2023 13:00,18.78,26.24,128.0,0.2
6662,10/5/2023 14:00,15.64,28.19,5.0,0.14
6663,10/5/2023 15:00,9.86,32.98,37.0,0.26
6664,10/5/2023 16:00,23.11,25.28,35.0,0.18
6665,10/5/2023 17:00,14.06,18.0,137.0,0.15
6666,10/5/2023 18:00,17.32,18.96,45.0,0.24
6667,10/5/2023 19:00,8.64,24.18,42.0,0.25
6668,10/5/2023 20:00,23.52,19.84,7.0,0.13
6669,10/5/2023 21:00,10.97,19.38,105.0,0.3
6670,10/5/2023 22:00,14.26,18.26,103.0,0.17
6671,10/5/2023 23:00,20.5,20.25,73.0,0.29
6672,10/6/2023 0:00,23.09,34.41,126.0,0.25
6673,10/6/2023 1:00,7.9,30.61,28.0,0.13
6674,10/6/2023 2:00,22.1,23.55,139.0,0.21
6675,10/6/2023 3:00,10.41,31.66,89.0,0.12
6676,10/6/2023 4:00,23.32,22.74,133.0,0.29
6677,10/6/2023 5:00,7.22,25.31,53.0,0.28
6678,10/6/2023 6:00,15.71,34.05,53.0,0.12
6679,10/6/2023 7:00,8.65,31.16,46.0,0.13
6680,10/6/2023 8:00,11.39,29.13,103.0,0.14
6681,10/6/2023 9:00,10.15,31.27,74.0,0.22
6682,10/6/2023 10:00,19.34,27.43,88.0,0.27
6683,10/6/2023 11:00,7.23,34.11,42.0,0.16
6684,10/6/2023 12:00,6.13,28.51,108.0,0.15
6685,10/6/2023 13:00,17.23,15.0,104.0,0.14
6686,10/6/2023 14:00,14.99,25.79,35.0,0.12
6687,10/6/2023 15:00,12.44,24.44,115.0,0.13
6688,10/6/2023 16:00,17.96,20.76,140.0,0.24
6689,10/6/2023 17:00,5.3,27.48,28.0,0.2
6690,10/6/2023 18:00,12.93,32.33,10.0,0.18
6691,10/6/2023 19:00,8.13,22.32,59.0,0.28
6692,10/6/2023 20:00,16.41,29.56,94.0,0.19
6693,10/6/2023 21:00,10.87,16.09,109.0,0.24
6694,10/6/2023 22:00,8.87,25.63,114.0,0.29
6695,10/6/2023 23:00,20.27,22.91,12.0,0.14
6696,10/7/2023 0:00,19.95,17.46,95.0,0.11
6697,10/7/2023 1:00,18.9,30.58,20.0,0.2
6698,10/7/2023 2:00,20.21,16.7,37.0,0.12
6699,10/7/2023 3:00,23.72,30.79,42.0,0.15
6700,10/7/2023 4:00,20.01,29.2,43.0,0.3
6701,10/7/2023 5:00,19.41,30.41,144.0,0.25
6702,10/7/2023 6:00,23.25,21.7,118.0,0.19
6703,10/7/2023 7:00,21.98,20.1,150.0,0.18
6704,10/7/2023 8:00,17.91,34.59,68.0,0.18
6705,10/7/2023 9:00,22.69,20.34,19.0,0.15
6706,10/7/2023 10:00,10.67,18.16,28.0,0.23
6707,10/7/2023 11:00,7.67,27.61,149.0,0.25
6708,10/7/2023 12:00,16.49,23.71,143.0,0.14
6709,10/7/2023 13:00,21.78,29.76,98.0,0.25
6710,10/7/2023 14:00,20.76,34.45,57.0,0.16
6711,10/7/2023 15:00,19.33,30.34,26.0,0.21
6712,10/7/2023 16:00,16.19,32.15,70.0,0.18
6713,10/7/2023 17:00,6.96,30.98,46.0,0.11
6714,10/7/2023 18:00,17.81,18.96,42.0,0.27
6715,10/7/2023 19:00,24.37,29.98,65.0,0.25
6716,10/7/2023 20:00,17.75,20.5,116.0,0.28
6717,10/7/2023 21:00,10.29,18.15,72.0,0.28
6718,10/7/2023 22:00,10.93,15.76,108.0,0.22
6719,10/7/2023 23:00,5.65,16.61,21.0,0.16
6720,10/8/2023 0:00,19.26,15.76,90.0,0.23
6721,10/8/2023 1:00,18.56,23.48,58.0,0.27
6722,10/8/2023 2:00,5.91,31.53,71.0,0.12
6723,10/8/2023 3:00,6.04,24.72,92.0,0.2
6724,10/8/2023 4:00,12.1,17.02,109.0,0.16
6725,10/8/2023 5:00,7.17,19.4,119.0,0.29
6726,10/8/2023 6:00,5.93,18.77,129.0,0.2
6727,10/8/2023 7:00,21.41,26.01,102.0,0.11
6728,10/8/2023 8:00,15.7,27.42,123.0,0.15
6729,10/8/2023 9:00,5.45,19.51,110.0,0.15
6730,10/8/2023 10:00,8.1,22.82,136.0,0.2
6731,10/8/2023 11:00,17.89,29.98,35.0,0.15
6732,10/8/2023 12:00,17.73,20.05,34.0,0.25
6733,10/8/2023 13:00,23.92,20.59,56.0,0.23
6734,10/8/2023 14:00,11.12,27.35,129.0,0.21
6735,10/8/2023 15:00,9.37,26.95,55.0,0.24
6736,10/8/2023 16:00,5.53,34.21,12.0,0.2
6737,10/8/2023 17:00,14.92,20.88,23.0,0.22
6738,10/8/2023 18:00,13.9,15.29,102.0,0.1
6739,10/8/2023 19:00,22.41,16.03,8.0,0.18
6740,10/8/2023 20:00,5.96,22.26,11.0,0.16
6741,10/8/2023 21:00,6.04,16.81,111.0,0.19
6742,10/8/2023 22:00,13.6,32.39,124.0,0.28
6743,10/8/2023 23:00,10.75,28.86,105.0,0.15
6744,10/9/2023 0:00,21.63,16.32,72.0,0.17
6745,10/9/2023 1:00,21.78,28.08,10.0,0.15
6746,10/9/2023 2:00,18.25,20.69,81.0,0.1
6747,10/9/2023 3:00,17.68,34.45,10.0,0.12
6748,10/9/2023 4:00,6.33,16.16,63.0,0.18
6749,10/9/2023 5:00,22.45,18.52,132.0,0.29
6750,10/9/2023 6:00,22.64,23.53,124.0,0.28
6751,10/9/2023 7:00,11.67,18.18,39.0,0.27
6752,10/9/2023 8:00,5.68,31.1,53.0,0.18
6753,10/9/2023 9:00,24.42,26.28,117.0,0.25
6754,10/9/2023 10:00,12.68,20.7,20.0,0.29
6755,10/9/2023 11:00,16.78,22.26,32.0,0.2
6756,10/9/2023 12:00,11.34,22.74,134.0,0.21
6757,10/9/2023 13:00,16.63,25.94,114.0,0.16
6758,10/9/2023 14:00,21.82,17.33,126.0,0.13
6759,10/9/2023 15:00,12.9,29.72,131.0,0.25
6760,10/9/2023 16:00,12.6,28.02,23.0,0.11
6761,10/9/2023 17:00,21.5,34.7,134.0,0.13
6762,10/9/2023 18:00,13.24,18.97,81.0,0.22
6763,10/9/2023 19:00,8.2,30.69,148.0,0.25
6764,10/9/2023 20:00,11.45,32.49,132.0,0.25
6765,10/9/2023 21:00,10.33,21.6,148.0,0.21
6766,10/9/2023 22:00,24.67,31.66,54.0,0.24
6767,10/9/2023 23:00,16.92,31.0,42.0,0.11
6768,10/10/2023 0:00,12.02,28.94,18.0,0.2
6769,10/10/2023 1:00,15.55,33.82,74.0,0.17
6770,10/10/2023 2:00,13.35,28.34,136.0,0.27
6771,10/10/2023 3:00,11.11,17.52,81.0,0.28
6772,10/10/2023 4:00,17.19,30.26,10.0,0.27
6773,10/10/2023 5:00,24.35,33.49,27.0,0.29
6774,10/10/2023 6:00,19.6,27.22,27.0,0.3
6775,10/10/2023 7:00,22.97,15.74,99.0,0.14
6776,10/10/2023 8:00,18.69,25.87,104.0,0.3
6777,10/10/2023 9:00,8.19,18.78,99.0,0.25
6778,10/10/2023 10:00,5.1,27.78,40.0,0.15
6779,10/10/2023 11:00,16.97,33.84,50.0,0.14
6780,10/10/2023 12:00,10.13,24.99,24.0,0.25
6781,10/10/2023 13:00,9.39,20.45,30.0,0.14
6782,10/10/2023 14:00,8.71,32.65,141.0,0.16
6783,10/10/2023 15:00,7.2,20.65,44.0,0.16
6784,10/10/2023 16:00,23.38,33.91,67.0,0.25
6785,10/10/2023 17:00,6.82,30.73,87.0,0.29
6786,10/10/2023 18:00,23.71,26.51,58.0,0.16
6787,10/10/2023 19:00,21.17,19.86,106.0,0.18
6788,10/10/2023 20:00,13.61,22.22,22.0,0.25
6789,10/10/2023 21:00,24.38,30.54,93.0,0.21
6790,10/10/2023 22:00,12.11,28.86,149.0,0.21
6791,10/10/2023 23:00,16.55,23.55,88.0,0.22
6792,10/11/2023 0:00,8.98,26.17,130.0,0.25
6793,10/11/2023 1:00,10.3,16.0,25.0,0.12
6794,10/11/2023 2:00,24.41,34.99,61.0,0.28
6795,10/11/2023 3:00,10.58,18.15,33.0,0.13
6796,10/11/2023 4:00,14.01,17.37,145.0,0.21
6797,10/11/2023 5:00,12.19,34.32,19.0,0.21
6798,10/11/2023 6:00,13.78,19.67,118.0,0.11
6799,10/11/2023 7:00,23.35,29.66,12.0,0.13
6800,10/11/2023 8:00,22.21,31.18,33.0,0.11
6801,10/11/2023 9:00,15.03,25.83,27.0,0.25
6802,10/11/2023 10:00,19.63,17.65,132.0,0.23
6803,10/11/2023 11:00,19.32,26.48,13.0,0.22
6804,10/11/2023 12:00,15.15,16.55,132.0,0.26
6805,10/11/2023 13:00,8.53,22.28,130.0,0.27
6806,10/11/2023 14:00,17.44,34.31,119.0,0.12
6807,10/11/2023 15:00,18.98,15.14,72.0,0.15
6808,10/11/2023 16:00,12.03,17.13,103.0,0.22
6809,10/11/2023 17:00,7.37,32.0,71.0,0.17
6810,10/11/2023 18:00,14.0,30.19,90.0,0.18
6811,10/11/2023 19:00,21.55,24.57,80.0,0.2
6812,10/11/2023 20:00,20.62,26.7,61.0,0.15
6813,10/11/2023 21:00,21.25,15.45,91.0,0.2
6814,10/11/2023 22:00,21.12,34.44,95.0,0.11
6815,10/11/2023 23:00,9.18,33.42,65.0,0.22
6816,10/12/2023 0:00,14.14,19.37,67.0,0.11
6817,10/12/2023 1:00,13.3,30.3,135.0,0.22
6818,10/12/2023 2:00,17.75,30.07,114.0,0.27
6819,10/12/2023 3:00,21.33,31.88,86.0,0.25
6820,10/12/2023 4:00,11.39,34.78,128.0,0.29
6821,10/12/2023 5:00,13.87,28.13,59.0,0.29
6822,10/12/2023 6:00,9.99,17.96,147.0,0.25
6823,10/12/2023 7:00,11.59,32.87,126.0,0.23
6824,10/12/2023 8:00,22.4,27.24,116.0,0.18
6825,10/12/2023 9:00,23.37,27.86,121.0,0.21
6826,10/12/2023 10:00,8.16,31.27,99.0,0.15
6827,10/12/2023 11:00,5.7,25.05,131.0,0.14
6828,10/12/2023 12:00,8.41,31.62,10.0,0.17
6829,10/12/2023 13:00,5.27,28.61,17.0,0.21
6830,10/12/2023 14:00,19.18,24.2,65.0,0.16
6831,10/12/2023 15:00,13.4,28.09,77.0,0.12
6832,10/12/2023 16:00,23.7,18.66,86.0,0.13
6833,10/12/2023 17:00,6.47,34.64,122.0,0.17
6834,10/12/2023 18:00,19.07,18.62,24.0,0.29
6835,10/12/2023 19:00,18.48,27.22,26.0,0.29
6836,10/12/2023 20:00,20.52,31.57,119.0,0.16
6837,10/12/2023 21:00,19.8,26.22,21.0,0.23
6838,10/12/2023 22:00,24.2,18.3,23.0,0.29
6839,10/12/2023 23:00,14.65,15.48,130.0,0.2
6840,10/13/2023 0:00,18.46,28.8,146.0,0.12
6841,10/13/2023 1:00,8.54,30.07,117.0,0.23
6842,10/13/2023 2:00,23.92,34.88,67.0,0.18
6843,10/13/2023 3:00,20.43,33.55,41.0,0.11
6844,10/13/2023 4:00,19.73,16.5,9.0,0.21
6845,10/13/2023 5:00,23.09,27.36,80.0,0.28
6846,10/13/2023 6:00,11.67,27.22,125.0,0.12
6847,10/13/2023 7:00,17.02,15.48,7.0,0.23
6848,10/13/2023 8:00,22.16,26.53,142.0,0.22
6849,10/13/2023 9:00,14.1,32.1,93.0,0.19
6850,10/13/2023 10:00,22.11,29.58,146.0,0.29
6851,10/13/2023 11:00,18.34,16.14,46.0,0.16
6852,10/13/2023 12:00,7.8,19.98,31.0,0.21
6853,10/13/2023 13:00,14.26,31.89,132.0,0.13
6854,10/13/2023 14:00,21.94,26.74,12.0,0.22
6855,10/13/2023 15:00,11.48,23.93,115.0,0.13
6856,10/13/2023 16:00,12.83,29.17,28.0,0.14
6857,10/13/2023 17:00,13.65,19.41,138.0,0.29
6858,10/13/2023 18:00,7.92,24.28,148.0,0.25
6859,10/13/2023 19:00,9.9,27.51,150.0,0.22
6860,10/13/2023 20:00,9.81,24.5,59.0,0.25
6861,10/13/2023 21:00,9.46,19.85,135.0,0.14
6862,10/13/2023 22:00,9.99,24.2,115.0,0.21
6863,10/13/2023 23:00,20.45,19.67,67.0,0.18
6864,10/14/2023 0:00,9.93,26.17,108.0,0.14
6865,10/14/2023 1:00,14.22,23.96,33.0,0.14
6866,10/14/2023 2:00,22.9,33.26,38.0,0.22
6867,10/14/2023 3:00,12.72,15.77,125.0,0.29
6868,10/14/2023 4:00,10.18,26.9,117.0,0.29
6869,10/14/2023 5:00,8.92,22.43,61.0,0.26
6870,10/14/2023 6:00,9.65,16.34,127.0,0.13
6871,10/14/2023 7:00,9.93,15.85,8.0,0.29
6872,10/14/2023 8:00,18.5,27.22,135.0,0.17
6873,10/14/2023 9:00,12.81,32.66,91.0,0.29
6874,10/14/2023 10:00,6.61,25.1,86.0,0.11
6875,10/14/2023 11:00,9.98,27.43,89.0,0.19
6876,10/14/2023 12:00,17.55,27.21,48.0,0.23
6877,10/14/2023 13:00,7.38,31.75,87.0,0.26
6878,10/14/2023 14:00,22.15,18.91,149.0,0.29
6879,10/14/2023 15:00,22.66,33.28,86.0,0.19
6880,10/14/2023 16:00,14.14,21.86,6.0,0.2
6881,10/14/2023 17:00,22.78,24.24,117.0,0.3
6882,10/14/2023 18:00,23.96,26.84,40.0,0.25
6883,10/14/2023 19:00,17.6,24.5,9.0,0.16
6884,10/14/2023 20:00,7.88,33.93,39.0,0.27
6885,10/14/2023 21:00,9.78,32.77,100.0,0.25
6886,10/14/2023 22:00,6.61,19.29,146.0,0.12
6887,10/14/2023 23:00,15.38,19.09,62.0,0.16
6888,10/15/2023 0:00,13.08,25.69,108.0,0.14
6889,10/15/2023 1:00,21.58,15.2,14.0,0.17
6890,10/15/2023 2:00,19.51,33.57,29.0,0.12
6891,10/15/2023 3:00,24.39,19.68,28.0,0.12
6892,10/15/2023 4:00,20.43,23.35,107.0,0.18
6893,10/15/2023 5:00,15.59,21.71,133.0,0.2
6894,10/15/2023 6:00,11.31,19.6,19.0,0.2
6895,10/15/2023 7:00,24.64,21.48,42.0,0.13
6896,10/15/2023 8:00,10.06,18.77,16.0,0.27
6897,10/15/2023 9:00,16.42,22.3,129.0,0.28
6898,10/15/2023 10:00,22.5,21.71,82.0,0.12
6899,10/15/2023 11:00,15.85,15.96,38.0,0.15
6900,10/15/2023 12:00,7.36,31.57,147.0,0.1
6901,10/15/2023 13:00,19.4,33.56,117.0,0.11
6902,10/15/2023 14:00,7.9,34.58,64.0,0.15
6903,10/15/2023 15:00,15.3,28.42,50.0,0.17
6904,10/15/2023 16:00,19.41,15.38,100.0,0.13
6905,10/15/2023 17:00,24.91,28.89,16.0,0.24
6906,10/15/2023 18:00,6.17,31.59,48.0,0.2
6907,10/15/2023 19:00,14.36,21.5,144.0,0.26
6908,10/15/2023 20:00,9.57,18.93,126.0,0.18
6909,10/15/2023 21:00,21.36,27.7,65.0,0.28
6910,10/15/2023 22:00,6.37,27.48,26.0,0.28
6911,10/15/2023 23:00,22.34,20.47,19.0,0.28
6912,10/16/2023 0:00,7.98,34.02,76.0,0.25
6913,10/16/2023 1:00,24.65,26.08,83.0,0.17
6914,10/16/2023 2:00,16.49,34.49,102.0,0.15
6915,10/16/2023 3:00,10.45,15.8,115.0,0.19
6916,10/16/2023 4:00,20.87,25.19,5.0,0.16
6917,10/16/2023 5:00,10.8,15.37,119.0,0.22
6918,10/16/2023 6:00,12.97,30.39,112.0,0.11
6919,10/16/2023 7:00,8.78,26.15,113.0,0.29
6920,10/16/2023 8:00,13.79,28.24,111.0,0.2
6921,10/16/2023 9:00,14.66,18.88,89.0,0.11
6922,10/16/2023 10:00,24.55,27.87,75.0,0.16
6923,10/16/2023 11:00,14.26,16.15,51.0,0.13
6924,10/16/2023 12:00,6.02,28.77,129.0,0.27
6925,10/16/2023 13:00,15.64,16.98,87.0,0.14
6926,10/16/2023 14:00,23.53,27.71,75.0,0.13
6927,10/16/2023 15:00,6.51,22.0,128.0,0.28
6928,10/16/2023 16:00,19.62,20.5,72.0,0.13
6929,10/16/2023 17:00,10.88,17.25,28.0,0.17
6930,10/16/2023 18:00,17.11,21.53,13.0,0.24
6931,10/16/2023 19:00,7.13,26.59,19.0,0.13
6932,10/16/2023 20:00,11.69,16.15,122.0,0.17
6933,10/16/2023 21:00,19.37,31.1,23.0,0.29
6934,10/16/2023 22:00,17.35,26.74,111.0,0.19
6935,10/16/2023 23:00,9.0,24.09,146.0,0.18
6936,10/17/2023 0:00,9.96,21.41,12.0,0.29
6937,10/17/2023 1:00,9.27,16.32,116.0,0.12
6938,10/17/2023 2:00,22.82,19.8,148.0,0.24
6939,10/17/2023 3:00,17.43,24.85,54.0,0.25
6940,10/17/2023 4:00,16.73,23.1,143.0,0.17
6941,10/17/2023 5:00,17.85,33.34,116.0,0.12
6942,10/17/2023 6:00,5.45,21.62,54.0,0.25
6943,10/17/2023 7:00,20.85,33.54,115.0,0.22
6944,10/17/2023 8:00,9.13,21.44,7.0,0.22
6945,10/17/2023 9:00,24.45,32.44,97.0,0.18
6946,10/17/2023 10:00,11.12,29.31,79.0,0.25
6947,10/17/2023 11:00,14.09,21.56,34.0,0.11
6948,10/17/2023 12:00,21.73,30.34,118.0,0.12
6949,10/17/2023 13:00,9.04,30.9,68.0,0.3
6950,10/17/2023 14:00,20.03,24.57,9.0,0.21
6951,10/17/2023 15:00,18.62,28.03,100.0,0.24
6952,10/17/2023 16:00,11.22,26.23,67.0,0.13
6953,10/17/2023 17:00,7.37,15.53,86.0,0.22
6954,10/17/2023 18:00,10.55,25.74,91.0,0.15
6955,10/17/2023 19:00,9.39,26.19,11.0,0.27
6956,10/17/2023 20:00,24.99,20.42,89.0,0.23
6957,10/17/2023 21:00,21.62,18.27,33.0,0.24
6958,10/17/2023 22:00,23.83,28.96,43.0,0.23
6959,10/17/2023 23:00,16.91,20.34,74.0,0.25
6960,10/18/2023 0:00,8.1,34.86,73.0,0.23
6961,10/18/2023 1:00,5.55,19.69,73.0,0.15
6962,10/18/2023 2:00,9.78,26.99,13.0,0.17
6963,10/18/2023 3:00,18.97,22.79,23.0,0.12
6964,10/18/2023 4:00,8.08,28.67,22.0,0.18
6965,10/18/2023 5:00,22.01,17.82,99.0,0.28
6966,10/18/2023 6:00,7.18,21.8,82.0,0.29
6967,10/18/2023 7:00,20.44,23.94,104.0,0.26
6968,10/18/2023 8:00,24.63,21.09,7.0,0.22
6969,10/18/2023 9:00,12.65,24.92,5.0,0.25
6970,10/18/2023 10:00,16.33,24.72,45.0,0.27
6971,10/18/2023 11:00,19.48,32.6,89.0,0.27
6972,10/18/2023 12:00,23.84,21.86,40.0,0.14
6973,10/18/2023 13:00,17.0,24.36,22.0,0.18
6974,10/18/2023 14:00,18.81,31.92,120.0,0.15
6975,10/18/2023 15:00,19.76,29.5,25.0,0.24
6976,10/18/2023 16:00,19.23,20.68,93.0,0.22
6977,10/18/2023 17:00,11.44,21.0,52.0,0.19
6978,10/18/2023 18:00,24.14,20.92,118.0,0.2
6979,10/18/2023 19:00,18.78,23.71,132.0,0.11
6980,10/18/2023 20:00,13.65,34.32,138.0,0.11
6981,10/18/2023 21:00,14.13,20.5,5.0,0.14
6982,10/18/2023 22:00,13.71,15.85,119.0,0.28
6983,10/18/2023 23:00,19.57,27.7,148.0,0.22
6984,10/19/2023 0:00,13.17,20.28,42.0,0.13
6985,10/19/2023 1:00,24.6,16.8,99.0,0.19
6986,10/19/2023 2:00,22.28,17.65,55.0,0.3
6987,10/19/2023 3:00,11.33,27.79,54.0,0.26
6988,10/19/2023 4:00,15.73,21.87,77.0,0.22
6989,10/19/2023 5:00,19.76,26.72,51.0,0.26
6990,10/19/2023 6:00,24.82,19.91,72.0,0.22
6991,10/19/2023 7:00,24.48,25.68,48.0,0.13
6992,10/19/2023 8:00,22.4,23.4,118.0,0.23
6993,10/19/2023 9:00,24.87,16.45,38.0,0.19
6994,10/19/2023 10:00,24.78,17.48,122.0,0.18
6995,10/19/2023 11:00,13.5,32.57,37.0,0.19
6996,10/19/2023 12:00,7.88,21.87,101.0,0.29
6997,10/19/2023 13:00,5.05,26.12,80.0,0.25
6998,10/19/2023 14:00,16.06,17.12,94.0,0.22
6999,10/19/2023 15:00,9.73,34.03,115.0,0.3
7000,10/19/2023 16:00,13.76,22.85,105.0,0.21
7001,10/19/2023 17:00,23.47,21.54,50.0,0.18
7002,10/19/2023 18:00,7.21,16.38,57.0,0.19
7003,10/19/2023 19:00,13.85,23.0,11.0,0.25
7004,10/19/2023 20:00,16.72,26.96,52.0,0.29
7005,10/19/2023 21:00,18.29,32.96,70.0,0.22
7006,10/19/2023 22:00,23.23,21.22,32.0,0.29
7007,10/19/2023 23:00,16.9,34.99,58.0,0.21
7008,10/20/2023 0:00,20.03,27.18,138.0,0.22
7009,10/20/2023 1:00,19.69,21.41,31.0,0.22
7010,10/20/2023 2:00,23.63,19.29,36.0,0.28
7011,10/20/2023 3:00,23.12,17.43,33.0,0.28
7012,10/20/2023 4:00,20.47,23.18,80.0,0.16
7013,10/20/2023 5:00,16.27,27.21,71.0,0.25
7014,10/20/2023 6:00,22.04,25.27,110.0,0.17
7015,10/20/2023 7:00,21.73,23.35,124.0,0.17
7016,10/20/2023 8:00,13.77,26.7,112.0,0.3
7017,10/20/2023 9:00,12.43,18.71,123.0,0.18
7018,10/20/2023 10:00,6.56,16.36,89.0,0.18
7019,10/20/2023 11:00,24.72,30.68,124.0,0.13
7020,10/20/2023 12:00,5.65,21.39,119.0,0.18
7021,10/20/2023 13:00,12.93,29.95,122.0,0.21
7022,10/20/2023 14:00,7.28,33.93,29.0,0.2
7023,10/20/2023 15:00,10.49,20.46,47.0,0.16
7024,10/20/2023 16:00,21.9,20.63,13.0,0.28
7025,10/20/2023 17:00,18.12,34.5,35.0,0.12
7026,10/20/2023 18:00,17.0,31.27,147.0,0.18
7027,10/20/2023 19:00,22.6,23.28,6.0,0.27
7028,10/20/2023 20:00,11.5,32.57,42.0,0.12
7029,10/20/2023 21:00,13.72,22.46,63.0,0.2
7030,10/20/2023 22:00,10.0,29.34,143.0,0.17
7031,10/20/2023 23:00,20.61,30.22,115.0,0.21
7032,10/21/2023 0:00,6.7,23.39,110.0,0.19
7033,10/21/2023 1:00,11.87,18.59,127.0,0.11
7034,10/21/2023 2:00,13.88,26.47,10.0,0.14
7035,10/21/2023 3:00,20.54,19.34,9.0,0.1
7036,10/21/2023 4:00,20.0,33.68,123.0,0.17
7037,10/21/2023 5:00,21.76,30.37,100.0,0.19
7038,10/21/2023 6:00,8.36,32.86,40.0,0.29
7039,10/21/2023 7:00,14.8,22.64,78.0,0.16
7040,10/21/2023 8:00,20.61,17.5,79.0,0.24
7041,10/21/2023 9:00,23.47,17.06,108.0,0.21
7042,10/21/2023 10:00,15.69,29.57,47.0,0.28
7043,10/21/2023 11:00,13.93,34.49,131.0,0.14
7044,10/21/2023 12:00,15.41,28.06,146.0,0.29
7045,10/21/2023 13:00,5.22,19.3,85.0,0.3
7046,10/21/2023 14:00,20.0,25.06,10.0,0.18
7047,10/21/2023 15:00,12.15,28.87,113.0,0.26
7048,10/21/2023 16:00,22.6,17.25,94.0,0.12
7049,10/21/2023 17:00,6.09,20.99,50.0,0.3
7050,10/21/2023 18:00,15.76,32.73,19.0,0.21
7051,10/21/2023 19:00,18.96,26.33,63.0,0.15
7052,10/21/2023 20:00,20.9,27.06,119.0,0.28
7053,10/21/2023 21:00,16.07,25.58,141.0,0.14
7054,10/21/2023 22:00,22.63,23.26,120.0,0.13
7055,10/21/2023 23:00,15.04,15.1,86.0,0.29
7056,10/22/2023 0:00,8.19,17.24,149.0,0.11
7057,10/22/2023 1:00,12.4,26.69,50.0,0.22
7058,10/22/2023 2:00,20.33,20.73,94.0,0.24
7059,10/22/2023 3:00,23.87,18.59,130.0,0.27
7060,10/22/2023 4:00,18.17,25.49,74.0,0.19
7061,10/22/2023 5:00,22.94,32.01,127.0,0.29
7062,10/22/2023 6:00,18.24,32.92,88.0,0.26
7063,10/22/2023 7:00,9.52,17.29,123.0,0.16
7064,10/22/2023 8:00,24.73,30.01,96.0,0.16
7065,10/22/2023 9:00,22.18,30.74,96.0,0.3
7066,10/22/2023 10:00,22.83,16.86,43.0,0.13
7067,10/22/2023 11:00,6.74,30.1,107.0,0.22
7068,10/22/2023 12:00,18.57,21.19,12.0,0.17
7069,10/22/2023 13:00,7.42,21.61,80.0,0.15
7070,10/22/2023 14:00,21.87,17.41,138.0,0.15
7071,10/22/2023 15:00,16.91,28.78,45.0,0.11
7072,10/22/2023 16:00,7.32,23.83,108.0,0.21
7073,10/22/2023 17:00,23.09,29.16,72.0,0.15
7074,10/22/2023 18:00,15.58,26.33,104.0,0.23
7075,10/22/2023 19:00,12.69,19.76,135.0,0.2
7076,10/22/2023 20:00,10.62,33.25,114.0,0.24
7077,10/22/2023 21:00,11.17,16.17,142.0,0.29
7078,10/22/2023 22:00,15.42,34.99,130.0,0.15
7079,10/22/2023 23:00,8.98,31.53,127.0,0.23
7080,10/23/2023 0:00,10.02,32.13,68.0,0.13
7081,10/23/2023 1:00,5.96,24.84,124.0,0.25
7082,10/23/2023 2:00,14.35,19.52,46.0,0.27
7083,10/23/2023 3:00,5.85,17.65,62.0,0.26
7084,10/23/2023 4:00,19.78,15.5,113.0,0.16
7085,10/23/2023 5:00,10.89,19.37,55.0,0.15
7086,10/23/2023 6:00,15.71,32.17,20.0,0.22
7087,10/23/2023 7:00,21.2,28.35,101.0,0.11
7088,10/23/2023 8:00,20.58,32.15,69.0,0.28
7089,10/23/2023 9:00,8.81,27.61,52.0,0.12
7090,10/23/2023 10:00,12.16,17.52,89.0,0.18
7091,10/23/2023 11:00,17.52,28.52,128.0,0.23
7092,10/23/2023 12:00,14.83,20.96,53.0,0.2
7093,10/23/2023 13:00,9.79,30.49,79.0,0.19
7094,10/23/2023 14:00,20.42,24.87,137.0,0.15
7095,10/23/2023 15:00,8.8,16.73,60.0,0.23
7096,10/23/2023 16:00,11.36,34.91,18.0,0.13
7097,10/23/2023 17:00,13.46,17.11,61.0,0.24
7098,10/23/2023 18:00,24.69,26.9,109.0,0.25
7099,10/23/2023 19:00,20.48,15.15,148.0,0.22
7100,10/23/2023 20:00,8.69,30.99,59.0,0.29
7101,10/23/2023 21:00,11.03,33.44,17.0,0.24
7102,10/23/2023 22:00,13.86,18.65,7.0,0.18
7103,10/23/2023 23:00,16.13,22.36,146.0,0.14
7104,10/24/2023 0:00,10.59,24.1,100.0,0.28
7105,10/24/2023 1:00,5.65,27.38,61.0,0.13
7106,10/24/2023 2:00,12.8,32.89,113.0,0.24
7107,10/24/2023 3:00,8.33,18.83,11.0,0.3
7108,10/24/2023 4:00,14.75,26.16,101.0,0.21
7109,10/24/2023 5:00,7.16,34.01,40.0,0.27
7110,10/24/2023 6:00,5.8,31.55,61.0,0.17
7111,10/24/2023 7:00,20.15,20.5,86.0,0.12
7112,10/24/2023 8:00,14.76,32.2,7.0,0.22
7113,10/24/2023 9:00,12.37,25.82,68.0,0.17
7114,10/24/2023 10:00,16.8,32.78,64.0,0.23
7115,10/24/2023 11:00,24.85,15.46,99.0,0.13
7116,10/24/2023 12:00,24.09,18.23,95.0,0.1
7117,10/24/2023 13:00,18.58,33.01,68.0,0.26
7118,10/24/2023 14:00,11.67,34.17,28.0,0.28
7119,10/24/2023 15:00,8.32,28.45,53.0,0.22
7120,10/24/2023 16:00,13.44,29.62,17.0,0.24
7121,10/24/2023 17:00,24.72,18.2,135.0,0.13
7122,10/24/2023 18:00,8.38,22.37,113.0,0.14
7123,10/24/2023 19:00,22.06,30.09,41.0,0.15
7124,10/24/2023 20:00,14.08,26.26,108.0,0.29
7125,10/24/2023 21:00,13.99,26.25,96.0,0.3
7126,10/24/2023 22:00,19.09,33.4,86.0,0.29
7127,10/24/2023 23:00,24.65,21.49,103.0,0.3
7128,10/25/2023 0:00,22.31,34.28,123.0,0.24
7129,10/25/2023 1:00,22.67,20.59,111.0,0.23
7130,10/25/2023 2:00,19.57,21.36,67.0,0.14
7131,10/25/2023 3:00,17.31,21.57,128.0,0.15
7132,10/25/2023 4:00,9.77,23.69,115.0,0.3
7133,10/25/2023 5:00,15.65,28.95,71.0,0.19
7134,10/25/2023 6:00,14.91,21.9,121.0,0.14
7135,10/25/2023 7:00,15.82,28.25,67.0,0.16
7136,10/25/2023 8:00,16.37,22.91,113.0,0.16
7137,10/25/2023 9:00,6.28,29.23,84.0,0.24
7138,10/25/2023 10:00,7.43,25.41,105.0,0.22
7139,10/25/2023 11:00,14.18,15.08,21.0,0.19
7140,10/25/2023 12:00,22.88,32.21,98.0,0.29
7141,10/25/2023 13:00,10.79,26.19,30.0,0.25
7142,10/25/2023 14:00,5.28,30.08,87.0,0.28
7143,10/25/2023 15:00,7.46,21.84,28.0,0.27
7144,10/25/2023 16:00,23.53,26.61,50.0,0.22
7145,10/25/2023 17:00,5.68,28.05,25.0,0.12
7146,10/25/2023 18:00,20.69,25.15,105.0,0.27
7147,10/25/2023 19:00,9.92,32.9,90.0,0.18
7148,10/25/2023 20:00,17.48,32.06,75.0,0.16
7149,10/25/2023 21:00,17.82,28.07,22.0,0.2
7150,10/25/2023 22:00,11.9,28.96,61.0,0.13
7151,10/25/2023 23:00,5.21,30.32,13.0,0.2
7152,10/26/2023 0:00,19.81,28.14,14.0,0.26
7153,10/26/2023 1:00,24.03,28.64,28.0,0.15
7154,10/26/2023 2:00,17.69,19.69,58.0,0.18
7155,10/26/2023 3:00,5.36,33.85,136.0,0.15
7156,10/26/2023 4:00,17.7,16.28,24.0,0.29
7157,10/26/2023 5:00,21.41,34.81,106.0,0.2
7158,10/26/2023 6:00,17.89,30.44,39.0,0.22
7159,10/26/2023 7:00,9.87,18.86,35.0,0.13
7160,10/26/2023 8:00,17.28,34.18,12.0,0.2
7161,10/26/2023 9:00,19.65,31.98,133.0,0.25
7162,10/26/2023 10:00,21.19,19.81,68.0,0.2
7163,10/26/2023 11:00,7.28,21.52,42.0,0.27
7164,10/26/2023 12:00,22.58,16.41,47.0,0.17
7165,10/26/2023 13:00,13.21,15.9,119.0,0.16
7166,10/26/2023 14:00,21.3,21.37,51.0,0.19
7167,10/26/2023 15:00,11.23,27.2,69.0,0.13
7168,10/26/2023 16:00,21.02,19.84,46.0,0.11
7169,10/26/2023 17:00,17.18,23.4,129.0,0.29
7170,10/26/2023 18:00,5.56,16.82,91.0,0.13
7171,10/26/2023 19:00,8.55,26.97,105.0,0.16
7172,10/26/2023 20:00,19.05,15.33,144.0,0.18
7173,10/26/2023 21:00,22.28,25.75,49.0,0.15
7174,10/26/2023 22:00,22.27,32.64,125.0,0.21
7175,10/26/2023 23:00,6.43,24.19,135.0,0.27
7176,10/27/2023 0:00,7.44,31.17,72.0,0.22
7177,10/27/2023 1:00,11.5,27.98,87.0,0.19
7178,10/27/2023 2:00,8.56,34.03,16.0,0.28
7179,10/27/2023 3:00,11.0,27.61,144.0,0.17
7180,10/27/2023 4:00,19.23,25.45,99.0,0.28
7181,10/27/2023 5:00,15.34,21.12,33.0,0.21
7182,10/27/2023 6:00,6.31,30.45,25.0,0.11
7183,10/27/2023 7:00,13.99,24.9,106.0,0.17
7184,10/27/2023 8:00,8.12,34.33,49.0,0.25
7185,10/27/2023 9:00,15.62,30.34,71.0,0.14
7186,10/27/2023 10:00,13.55,16.62,114.0,0.15
7187,10/27/2023 11:00,9.46,26.09,60.0,0.2
7188,10/27/2023 12:00,21.35,24.42,13.0,0.13
7189,10/27/2023 13:00,6.28,31.91,122.0,0.29
7190,10/27/2023 14:00,11.71,20.32,54.0,0.22
7191,10/27/2023 15:00,14.33,25.87,45.0,0.23
7192,10/27/2023 16:00,19.77,17.51,110.0,0.13
7193,10/27/2023 17:00,8.32,16.17,145.0,0.26
7194,10/27/2023 18:00,19.16,20.72,103.0,0.25
7195,10/27/2023 19:00,9.57,20.85,37.0,0.21
7196,10/27/2023 20:00,9.47,17.81,106.0,0.23
7197,10/27/2023 21:00,8.94,28.5,86.0,0.27
7198,10/27/2023 22:00,8.19,20.16,51.0,0.12
7199,10/27/2023 23:00,18.37,27.52,64.0,0.27
7200,10/28/2023 0:00,19.42,21.72,15.0,0.21
7201,10/28/2023 1:00,24.59,19.3,88.0,0.13
7202,10/28/2023 2:00,10.07,30.71,42.0,0.2
7203,10/28/2023 3:00,11.25,28.64,111.0,0.16
7204,10/28/2023 4:00,19.06,26.74,130.0,0.13
7205,10/28/2023 5:00,12.26,20.39,62.0,0.25
7206,10/28/2023 6:00,8.1,16.17,78.0,0.28
7207,10/28/2023 7:00,9.08,17.37,7.0,0.28
7208,10/28/2023 8:00,14.3,17.6,141.0,0.21
7209,10/28/2023 9:00,21.14,33.68,14.0,0.25
7210,10/28/2023 10:00,6.89,29.16,46.0,0.23
7211,10/28/2023 11:00,17.25,31.2,41.0,0.21
7212,10/28/2023 12:00,11.26,20.81,12.0,0.18
7213,10/28/2023 13:00,12.47,22.16,108.0,0.25
7214,10/28/2023 14:00,5.2,17.74,113.0,0.15
7215,10/28/2023 15:00,7.2,33.89,131.0,0.16
7216,10/28/2023 16:00,6.16,23.55,19.0,0.22
7217,10/28/2023 17:00,12.27,19.55,126.0,0.29
7218,10/28/2023 18:00,16.05,34.15,37.0,0.16
7219,10/28/2023 19:00,13.71,25.15,147.0,0.19
7220,10/28/2023 20:00,22.12,23.71,136.0,0.26
7221,10/28/2023 21:00,20.93,31.15,15.0,0.22
7222,10/28/2023 22:00,18.63,32.53,35.0,0.27
7223,10/28/2023 23:00,22.06,29.13,89.0,0.17
7224,10/29/2023 0:00,19.19,17.56,101.0,0.23
7225,10/29/2023 1:00,24.31,21.68,33.0,0.1
7226,10/29/2023 2:00,7.09,23.63,21.0,0.22
7227,10/29/2023 3:00,7.02,16.87,80.0,0.29
7228,10/29/2023 4:00,15.13,17.37,141.0,0.25
7229,10/29/2023 5:00,11.59,31.99,9.0,0.23
7230,10/29/2023 6:00,18.41,17.19,88.0,0.18
7231,10/29/2023 7:00,20.32,24.35,56.0,0.26
7232,10/29/2023 8:00,11.84,29.57,20.0,0.27
7233,10/29/2023 9:00,19.09,31.86,61.0,0.12
7234,10/29/2023 10:00,8.52,27.19,113.0,0.3
7235,10/29/2023 11:00,22.54,19.92,110.0,0.16
7236,10/29/2023 12:00,23.17,31.33,114.0,0.17
7237,10/29/2023 13:00,15.45,16.9,48.0,0.24
7238,10/29/2023 14:00,23.76,19.34,113.0,0.22
7239,10/29/2023 15:00,17.06,22.72,50.0,0.24
7240,10/29/2023 16:00,10.94,33.6,19.0,0.26
7241,10/29/2023 17:00,11.06,20.18,145.0,0.26
7242,10/29/2023 18:00,6.14,16.45,107.0,0.23
7243,10/29/2023 19:00,23.32,29.68,135.0,0.12
7244,10/29/2023 20:00,20.27,31.77,16.0,0.21
7245,10/29/2023 21:00,5.72,25.61,112.0,0.26
7246,10/29/2023 22:00,19.54,20.69,13.0,0.27
7247,10/29/2023 23:00,17.3,23.04,82.0,0.14
7248,10/30/2023 0:00,10.85,26.0,108.0,0.27
7249,10/30/2023 1:00,12.79,15.76,95.0,0.2
7250,10/30/2023 2:00,15.96,30.24,9.0,0.14
7251,10/30/2023 3:00,13.22,27.5,124.0,0.12
7252,10/30/2023 4:00,20.72,28.52,28.0,0.26
7253,10/30/2023 5:00,20.19,31.92,67.0,0.19
7254,10/30/2023 6:00,13.85,28.78,39.0,0.15
7255,10/30/2023 7:00,8.84,31.55,8.0,0.3
7256,10/30/2023 8:00,19.47,23.79,49.0,0.11
7257,10/30/2023 9:00,16.43,32.0,16.0,0.15
7258,10/30/2023 10:00,6.57,29.13,50.0,0.29
7259,10/30/2023 11:00,23.8,32.04,90.0,0.13
7260,10/30/2023 12:00,21.54,22.44,33.0,0.11
7261,10/30/2023 13:00,5.98,22.36,109.0,0.16
7262,10/30/2023 14:00,11.46,19.44,26.0,0.28
7263,10/30/2023 15:00,11.54,20.02,106.0,0.15
7264,10/30/2023 16:00,9.13,28.21,47.0,0.13
7265,10/30/2023 17:00,19.09,26.69,94.0,0.1
7266,10/30/2023 18:00,24.68,26.71,84.0,0.26
7267,10/30/2023 19:00,13.95,27.44,91.0,0.23
7268,10/30/2023 20:00,11.72,32.78,55.0,0.24
7269,10/30/2023 21:00,23.69,25.84,20.0,0.26
7270,10/30/2023 22:00,8.46,31.36,117.0,0.28
7271,10/30/2023 23:00,13.25,25.86,112.0,0.21
7272,10/31/2023 0:00,6.05,23.31,74.0,0.26
7273,10/31/2023 1:00,18.88,16.84,105.0,0.18
7274,10/31/2023 2:00,21.64,24.77,20.0,0.29
7275,10/31/2023 3:00,13.18,34.32,27.0,0.2
7276,10/31/2023 4:00,9.23,29.89,69.0,0.12
7277,10/31/2023 5:00,17.55,26.11,108.0,0.27
7278,10/31/2023 6:00,14.27,33.44,105.0,0.2
7279,10/31/2023 7:00,20.2,34.44,32.0,0.29
7280,10/31/2023 8:00,5.61,22.14,48.0,0.24
7281,10/31/2023 9:00,23.57,18.93,145.0,0.29
7282,10/31/2023 10:00,10.24,15.05,61.0,0.23
7283,10/31/2023 11:00,18.87,15.41,84.0,0.12
7284,10/31/2023 12:00,6.44,16.36,84.0,0.27
7285,10/31/2023 13:00,12.5,20.59,49.0,0.3
7286,10/31/2023 14:00,15.3,19.53,126.0,0.18
7287,10/31/2023 15:00,9.0,31.63,95.0,0.15
7288,10/31/2023 16:00,20.44,22.69,133.0,0.29
7289,10/31/2023 17:00,24.22,28.38,32.0,0.28
7290,10/31/2023 18:00,6.99,27.87,36.0,0.2
7291,10/31/2023 19:00,20.59,28.98,97.0,0.14
7292,10/31/2023 20:00,10.57,17.84,82.0,0.19
7293,10/31/2023 21:00,13.29,18.76,76.0,0.19
7294,10/31/2023 22:00,23.57,30.35,135.0,0.19
7295,10/31/2023 23:00,21.45,15.06,86.0,0.13
7296,11/1/2023 0:00,5.26,23.48,139.0,0.29
7297,11/1/2023 1:00,9.23,19.79,88.0,0.27
7298,11/1/2023 2:00,20.47,22.56,129.0,0.24
7299,11/1/2023 3:00,11.86,22.53,99.0,0.1
7300,11/1/2023 4:00,9.13,21.42,70.0,0.13
7301,11/1/2023 5:00,11.38,30.11,64.0,0.21
7302,11/1/2023 6:00,20.44,17.21,22.0,0.23
7303,11/1/2023 7:00,12.28,15.83,145.0,0.27
7304,11/1/2023 8:00,15.66,30.24,105.0,0.28
7305,11/1/2023 9:00,11.39,22.86,11.0,0.17
7306,11/1/2023 10:00,9.22,22.29,132.0,0.11
7307,11/1/2023 11:00,10.61,31.29,110.0,0.1
7308,11/1/2023 12:00,11.24,31.89,51.0,0.26
7309,11/1/2023 13:00,7.32,19.84,14.0,0.22
7310,11/1/2023 14:00,12.88,16.26,42.0,0.25
7311,11/1/2023 15:00,8.59,23.13,45.0,0.26
7312,11/1/2023 16:00,15.26,27.57,147.0,0.23
7313,11/1/2023 17:00,13.87,23.49,66.0,0.23
7314,11/1/2023 18:00,6.68,30.91,61.0,0.19
7315,11/1/2023 19:00,10.23,33.69,118.0,0.29
7316,11/1/2023 20:00,8.03,16.29,129.0,0.26
7317,11/1/2023 21:00,5.86,24.2,144.0,0.17
7318,11/1/2023 22:00,19.26,23.48,99.0,0.12
7319,11/1/2023 23:00,16.22,25.08,16.0,0.26
7320,11/2/2023 0:00,15.96,26.33,62.0,0.12
7321,11/2/2023 1:00,6.64,18.91,132.0,0.12
7322,11/2/2023 2:00,17.62,26.79,30.0,0.28
7323,11/2/2023 3:00,21.74,27.76,109.0,0.18
7324,11/2/2023 4:00,6.84,16.91,72.0,0.25
7325,11/2/2023 5:00,18.67,24.2,148.0,0.27
7326,11/2/2023 6:00,7.41,26.22,30.0,0.3
7327,11/2/2023 7:00,13.39,24.6,37.0,0.24
7328,11/2/2023 8:00,8.0,27.79,28.0,0.29
7329,11/2/2023 9:00,15.7,18.27,71.0,0.28
7330,11/2/2023 10:00,20.08,22.8,145.0,0.16
7331,11/2/2023 11:00,21.74,15.52,100.0,0.21
7332,11/2/2023 12:00,17.01,32.75,24.0,0.1
7333,11/2/2023 13:00,12.49,28.73,84.0,0.28
7334,11/2/2023 14:00,6.52,24.05,140.0,0.26
7335,11/2/2023 15:00,14.26,24.78,95.0,0.19
7336,11/2/2023 16:00,7.11,23.27,88.0,0.22
7337,11/2/2023 17:00,18.81,26.92,29.0,0.12
7338,11/2/2023 18:00,20.5,29.72,101.0,0.12
7339,11/2/2023 19:00,19.85,29.05,140.0,0.14
7340,11/2/2023 20:00,13.03,17.06,11.0,0.2
7341,11/2/2023 21:00,9.65,23.95,94.0,0.22
7342,11/2/2023 22:00,17.27,16.25,30.0,0.23
7343,11/2/2023 23:00,17.61,28.72,112.0,0.12
7344,11/3/2023 0:00,15.34,34.45,148.0,0.16
7345,11/3/2023 1:00,17.9,31.85,33.0,0.2
7346,11/3/2023 2:00,20.5,25.63,107.0,0.11
7347,11/3/2023 3:00,16.8,33.26,37.0,0.29
7348,11/3/2023 4:00,17.25,15.04,119.0,0.16
7349,11/3/2023 5:00,18.55,26.87,71.0,0.2
7350,11/3/2023 6:00,21.17,15.14,27.0,0.23
7351,11/3/2023 7:00,21.84,21.45,47.0,0.2
7352,11/3/2023 8:00,21.21,20.54,39.0,0.18
7353,11/3/2023 9:00,18.6,26.57,12.0,0.18
7354,11/3/2023 10:00,9.35,19.72,84.0,0.19
7355,11/3/2023 11:00,20.36,31.77,95.0,0.18
7356,11/3/2023 12:00,14.26,20.41,72.0,0.16
7357,11/3/2023 13:00,13.99,26.9,99.0,0.23
7358,11/3/2023 14:00,8.51,31.46,120.0,0.3
7359,11/3/2023 15:00,13.58,33.59,56.0,0.13
7360,11/3/2023 16:00,10.37,17.42,31.0,0.12
7361,11/3/2023 17:00,11.48,16.52,35.0,0.22
7362,11/3/2023 18:00,13.98,21.66,123.0,0.29
7363,11/3/2023 19:00,21.94,16.55,44.0,0.14
7364,11/3/2023 20:00,8.34,26.83,39.0,0.15
7365,11/3/2023 21:00,9.25,33.86,10.0,0.2
7366,11/3/2023 22:00,18.02,15.33,53.0,0.23
7367,11/3/2023 23:00,21.92,30.36,108.0,0.15
7368,11/4/2023 0:00,21.1,32.4,53.0,0.25
7369,11/4/2023 1:00,17.18,16.47,122.0,0.16
7370,11/4/2023 2:00,21.31,25.53,127.0,0.11
7371,11/4/2023 3:00,18.13,31.02,20.0,0.17
7372,11/4/2023 4:00,11.64,33.8,128.0,0.22
7373,11/4/2023 5:00,11.0,23.17,17.0,0.27
7374,11/4/2023 6:00,17.98,25.73,64.0,0.14
7375,11/4/2023 7:00,11.07,32.23,40.0,0.29
7376,11/4/2023 8:00,7.21,24.16,75.0,0.29
7377,11/4/2023 9:00,17.15,34.45,56.0,0.13
7378,11/4/2023 10:00,7.27,23.89,115.0,0.26
7379,11/4/2023 11:00,20.88,30.46,8.0,0.22
7380,11/4/2023 12:00,22.72,26.3,66.0,0.18
7381,11/4/2023 13:00,18.31,22.67,110.0,0.23
7382,11/4/2023 14:00,15.12,21.01,72.0,0.26
7383,11/4/2023 15:00,15.95,18.54,82.0,0.19
7384,11/4/2023 16:00,23.27,15.57,123.0,0.11
7385,11/4/2023 17:00,9.58,28.1,122.0,0.23
7386,11/4/2023 18:00,21.53,25.87,81.0,0.28
7387,11/4/2023 19:00,7.05,26.82,48.0,0.25
7388,11/4/2023 20:00,16.78,22.03,124.0,0.14
7389,11/4/2023 21:00,19.34,29.89,9.0,0.11
7390,11/4/2023 22:00,10.91,26.21,38.0,0.17
7391,11/4/2023 23:00,8.79,34.98,63.0,0.19
7392,11/5/2023 0:00,19.09,27.0,33.0,0.22
7393,11/5/2023 1:00,9.16,22.1,84.0,0.22
7394,11/5/2023 2:00,13.9,31.26,115.0,0.29
7395,11/5/2023 3:00,8.41,23.58,47.0,0.16
7396,11/5/2023 4:00,13.96,26.18,136.0,0.14
7397,11/5/2023 5:00,24.2,30.54,88.0,0.19
7398,11/5/2023 6:00,7.71,33.64,8.0,0.27
7399,11/5/2023 7:00,12.91,29.48,122.0,0.18
7400,11/5/2023 8:00,22.59,15.55,44.0,0.28
7401,11/5/2023 9:00,9.92,27.7,143.0,0.12
7402,11/5/2023 10:00,24.87,20.24,128.0,0.26
7403,11/5/2023 11:00,5.35,18.22,23.0,0.22
7404,11/5/2023 12:00,12.49,24.97,125.0,0.13
7405,11/5/2023 13:00,19.33,24.38,49.0,0.15
7406,11/5/2023 14:00,24.86,25.04,109.0,0.15
7407,11/5/2023 15:00,6.39,28.71,49.0,0.18
7408,11/5/2023 16:00,16.24,30.24,14.0,0.22
7409,11/5/2023 17:00,18.04,22.1,137.0,0.29
7410,11/5/2023 18:00,17.01,27.13,125.0,0.12
7411,11/5/2023 19:00,20.42,20.05,57.0,0.28
7412,11/5/2023 20:00,22.64,33.81,138.0,0.1
7413,11/5/2023 21:00,7.6,30.77,12.0,0.12
7414,11/5/2023 22:00,5.41,31.67,48.0,0.3
7415,11/5/2023 23:00,6.68,28.02,81.0,0.22
7416,11/6/2023 0:00,5.92,26.85,60.0,0.21
7417,11/6/2023 1:00,18.94,26.7,86.0,0.21
7418,11/6/2023 2:00,19.55,29.85,145.0,0.28
7419,11/6/2023 3:00,19.71,16.4,30.0,0.18
7420,11/6/2023 4:00,23.92,29.84,83.0,0.17
7421,11/6/2023 5:00,8.09,19.21,115.0,0.14
7422,11/6/2023 6:00,20.51,15.11,125.0,0.18
7423,11/6/2023 7:00,6.57,18.26,17.0,0.28
7424,11/6/2023 8:00,22.38,26.55,5.0,0.18
7425,11/6/2023 9:00,17.83,25.41,103.0,0.24
7426,11/6/2023 10:00,11.18,32.67,89.0,0.26
7427,11/6/2023 11:00,17.05,17.55,45.0,0.15
7428,11/6/2023 12:00,24.84,29.44,120.0,0.28
7429,11/6/2023 13:00,17.23,30.87,78.0,0.16
7430,11/6/2023 14:00,15.73,31.4,19.0,0.28
7431,11/6/2023 15:00,20.02,33.98,76.0,0.14
7432,11/6/2023 16:00,14.88,29.96,116.0,0.29
7433,11/6/2023 17:00,6.19,32.92,76.0,0.2
7434,11/6/2023 18:00,9.15,23.04,65.0,0.16
7435,11/6/2023 19:00,17.55,24.09,38.0,0.2
7436,11/6/2023 20:00,7.71,17.53,115.0,0.24
7437,11/6/2023 21:00,10.64,28.61,65.0,0.17
7438,11/6/2023 22:00,10.75,26.36,26.0,0.28
7439,11/6/2023 23:00,17.09,29.53,132.0,0.14
7440,11/7/2023 0:00,18.23,32.6,84.0,0.22
7441,11/7/2023 1:00,5.11,23.15,77.0,0.24
7442,11/7/2023 2:00,9.63,23.21,102.0,0.21
7443,11/7/2023 3:00,9.92,27.63,84.0,0.3
7444,11/7/2023 4:00,15.48,18.09,17.0,0.11
7445,11/7/2023 5:00,23.4,20.89,82.0,0.25
7446,11/7/2023 6:00,18.21,28.88,116.0,0.2
7447,11/7/2023 7:00,20.86,31.76,6.0,0.3
7448,11/7/2023 8:00,6.54,21.33,74.0,0.16
7449,11/7/2023 9:00,9.69,16.01,5.0,0.29
7450,11/7/2023 10:00,5.09,30.79,143.0,0.25
7451,11/7/2023 11:00,13.06,21.18,46.0,0.29
7452,11/7/2023 12:00,7.74,28.22,116.0,0.28
7453,11/7/2023 13:00,24.63,32.05,79.0,0.18
7454,11/7/2023 14:00,9.82,24.83,92.0,0.13
7455,11/7/2023 15:00,11.68,16.87,88.0,0.18
7456,11/7/2023 16:00,19.44,22.38,49.0,0.29
7457,11/7/2023 17:00,5.05,18.96,30.0,0.12
7458,11/7/2023 18:00,10.05,30.11,5.0,0.24
7459,11/7/2023 19:00,11.71,25.95,10.0,0.16
7460,11/7/2023 20:00,13.4,21.38,59.0,0.28
7461,11/7/2023 21:00,12.51,25.13,115.0,0.13
7462,11/7/2023 22:00,7.84,19.18,127.0,0.23
7463,11/7/2023 23:00,22.52,20.39,97.0,0.16
7464,11/8/2023 0:00,21.71,15.64,55.0,0.11
7465,11/8/2023 1:00,20.11,16.08,40.0,0.23
7466,11/8/2023 2:00,8.51,19.66,42.0,0.2
7467,11/8/2023 3:00,23.1,21.09,104.0,0.12
7468,11/8/2023 4:00,11.18,28.02,128.0,0.21
7469,11/8/2023 5:00,19.9,24.87,118.0,0.22
7470,11/8/2023 6:00,14.79,21.79,124.0,0.23
7471,11/8/2023 7:00,6.76,22.55,77.0,0.15
7472,11/8/2023 8:00,7.95,19.67,65.0,0.16
7473,11/8/2023 9:00,7.52,30.19,108.0,0.21
7474,11/8/2023 10:00,11.24,18.76,115.0,0.12
7475,11/8/2023 11:00,18.77,29.57,145.0,0.17
7476,11/8/2023 12:00,12.71,31.02,123.0,0.22
7477,11/8/2023 13:00,9.72,28.59,24.0,0.11
7478,11/8/2023 14:00,23.4,21.39,104.0,0.2
7479,11/8/2023 15:00,9.43,21.52,71.0,0.11
7480,11/8/2023 16:00,22.13,26.49,149.0,0.16
7481,11/8/2023 17:00,10.44,18.49,81.0,0.29
7482,11/8/2023 18:00,6.85,28.15,145.0,0.23
7483,11/8/2023 19:00,16.92,24.39,125.0,0.26
7484,11/8/2023 20:00,24.52,17.65,133.0,0.15
7485,11/8/2023 21:00,20.7,27.25,64.0,0.23
7486,11/8/2023 22:00,10.48,24.11,126.0,0.12
7487,11/8/2023 23:00,12.0,27.08,66.0,0.12
7488,11/9/2023 0:00,24.98,27.11,16.0,0.16
7489,11/9/2023 1:00,6.51,25.0,126.0,0.27
7490,11/9/2023 2:00,5.2,16.6,137.0,0.16
7491,11/9/2023 3:00,7.22,18.34,68.0,0.24
7492,11/9/2023 4:00,24.46,29.83,73.0,0.27
7493,11/9/2023 5:00,6.33,29.08,52.0,0.22
7494,11/9/2023 6:00,24.2,17.71,41.0,0.29
7495,11/9/2023 7:00,9.55,19.98,67.0,0.15
7496,11/9/2023 8:00,6.97,21.52,47.0,0.11
7497,11/9/2023 9:00,24.68,34.93,130.0,0.11
7498,11/9/2023 10:00,13.04,28.22,132.0,0.15
7499,11/9/2023 11:00,20.48,19.36,51.0,0.24
7500,11/9/2023 12:00,16.04,25.19,19.0,0.25
7501,11/9/2023 13:00,23.33,25.99,101.0,0.22
7502,11/9/2023 14:00,6.94,22.96,65.0,0.28
7503,11/9/2023 15:00,17.26,28.37,66.0,0.14
7504,11/9/2023 16:00,18.89,17.88,109.0,0.24
7505,11/9/2023 17:00,5.73,22.57,36.0,0.2
7506,11/9/2023 18:00,18.06,32.13,62.0,0.1
7507,11/9/2023 19:00,16.12,15.95,9.0,0.28
7508,11/9/2023 20:00,6.38,17.04,145.0,0.26
7509,11/9/2023 21:00,22.56,33.27,5.0,0.12
7510,11/9/2023 22:00,22.38,16.31,11.0,0.2
7511,11/9/2023 23:00,11.49,34.54,48.0,0.29
7512,11/10/2023 0:00,8.66,15.63,106.0,0.21
7513,11/10/2023 1:00,19.44,15.36,15.0,0.15
7514,11/10/2023 2:00,15.9,24.05,30.0,0.18
7515,11/10/2023 3:00,11.89,23.6,106.0,0.21
7516,11/10/2023 4:00,19.33,25.61,72.0,0.15
7517,11/10/2023 5:00,10.35,34.67,18.0,0.21
7518,11/10/2023 6:00,16.96,28.24,51.0,0.19
7519,11/10/2023 7:00,18.71,34.96,72.0,0.21
7520,11/10/2023 8:00,15.47,21.04,61.0,0.17
7521,11/10/2023 9:00,15.1,32.26,120.0,0.28
7522,11/10/2023 10:00,5.23,26.97,146.0,0.28
7523,11/10/2023 11:00,17.16,16.82,42.0,0.26
7524,11/10/2023 12:00,19.73,32.52,49.0,0.14
7525,11/10/2023 13:00,10.95,23.56,98.0,0.23
7526,11/10/2023 14:00,16.1,32.26,12.0,0.1
7527,11/10/2023 15:00,21.24,18.21,34.0,0.24
7528,11/10/2023 16:00,5.81,23.57,127.0,0.25
7529,11/10/2023 17:00,22.13,34.57,41.0,0.27
7530,11/10/2023 18:00,10.1,16.62,111.0,0.14
7531,11/10/2023 19:00,23.43,33.17,106.0,0.22
7532,11/10/2023 20:00,7.89,17.31,100.0,0.28
7533,11/10/2023 21:00,22.07,27.26,28.0,0.18
7534,11/10/2023 22:00,24.86,24.3,135.0,0.19
7535,11/10/2023 23:00,18.64,24.86,49.0,0.19
7536,11/11/2023 0:00,9.61,17.73,20.0,0.19
7537,11/11/2023 1:00,21.17,32.73,15.0,0.17
7538,11/11/2023 2:00,9.27,26.36,140.0,0.28
7539,11/11/2023 3:00,5.91,20.16,76.0,0.28
7540,11/11/2023 4:00,12.61,17.31,19.0,0.18
7541,11/11/2023 5:00,6.09,15.27,100.0,0.25
7542,11/11/2023 6:00,10.86,26.46,14.0,0.3
7543,11/11/2023 7:00,19.53,22.76,138.0,0.23
7544,11/11/2023 8:00,17.12,25.21,93.0,0.27
7545,11/11/2023 9:00,5.41,33.73,117.0,0.2
7546,11/11/2023 10:00,5.93,30.95,18.0,0.29
7547,11/11/2023 11:00,5.92,32.31,45.0,0.18
7548,11/11/2023 12:00,15.94,31.87,16.0,0.2
7549,11/11/2023 13:00,12.91,26.75,142.0,0.21
7550,11/11/2023 14:00,17.32,32.55,72.0,0.14
7551,11/11/2023 15:00,12.72,15.36,146.0,0.24
7552,11/11/2023 16:00,16.74,29.67,131.0,0.25
7553,11/11/2023 17:00,9.5,17.68,75.0,0.21
7554,11/11/2023 18:00,7.54,23.26,42.0,0.22
7555,11/11/2023 19:00,13.01,18.58,41.0,0.19
7556,11/11/2023 20:00,21.9,34.78,135.0,0.29
7557,11/11/2023 21:00,7.11,30.76,105.0,0.25
7558,11/11/2023 22:00,13.35,31.55,6.0,0.13
7559,11/11/2023 23:00,5.04,27.6,85.0,0.24
7560,11/12/2023 0:00,11.02,22.9,38.0,0.15
7561,11/12/2023 1:00,15.68,19.71,101.0,0.3
7562,11/12/2023 2:00,21.95,27.59,105.0,0.12
7563,11/12/2023 3:00,8.1,25.77,31.0,0.11
7564,11/12/2023 4:00,12.28,27.66,19.0,0.24
7565,11/12/2023 5:00,24.07,27.32,32.0,0.1
7566,11/12/2023 6:00,12.54,28.51,40.0,0.17
7567,11/12/2023 7:00,14.92,29.16,31.0,0.12
7568,11/12/2023 8:00,22.05,21.37,88.0,0.18
7569,11/12/2023 9:00,7.26,28.1,44.0,0.25
7570,11/12/2023 10:00,6.31,23.15,125.0,0.12
7571,11/12/2023 11:00,11.7,24.0,52.0,0.19
7572,11/12/2023 12:00,6.6,26.45,125.0,0.24
7573,11/12/2023 13:00,16.84,23.22,146.0,0.24
7574,11/12/2023 14:00,20.93,23.95,90.0,0.14
7575,11/12/2023 15:00,15.68,26.1,105.0,0.25
7576,11/12/2023 16:00,10.26,16.59,40.0,0.23
7577,11/12/2023 17:00,14.74,32.23,115.0,0.13
7578,11/12/2023 18:00,22.97,18.87,101.0,0.27
7579,11/12/2023 19:00,16.52,32.11,105.0,0.16
7580,11/12/2023 20:00,23.15,18.92,123.0,0.12
7581,11/12/2023 21:00,9.79,15.85,113.0,0.27
7582,11/12/2023 22:00,13.86,20.5,78.0,0.25
7583,11/12/2023 23:00,5.19,27.45,11.0,0.13
7584,11/13/2023 0:00,19.54,18.75,34.0,0.25
7585,11/13/2023 1:00,16.32,31.94,25.0,0.27
7586,11/13/2023 2:00,16.32,26.95,104.0,0.28
7587,11/13/2023 3:00,16.45,32.34,20.0,0.16
7588,11/13/2023 4:00,15.74,18.64,146.0,0.13
7589,11/13/2023 5:00,19.45,31.79,51.0,0.18
7590,11/13/2023 6:00,22.4,19.93,74.0,0.21
7591,11/13/2023 7:00,7.08,18.86,36.0,0.26
7592,11/13/2023 8:00,8.3,20.8,143.0,0.3
7593,11/13/2023 9:00,13.36,20.72,51.0,0.14
7594,11/13/2023 10:00,13.98,26.58,86.0,0.16
7595,11/13/2023 11:00,24.17,15.44,90.0,0.15
7596,11/13/2023 12:00,18.25,34.67,131.0,0.26
7597,11/13/2023 13:00,8.28,20.41,61.0,0.16
7598,11/13/2023 14:00,11.39,31.04,30.0,0.14
7599,11/13/2023 15:00,5.32,19.53,129.0,0.23
7600,11/13/2023 16:00,7.68,19.47,71.0,0.17
7601,11/13/2023 17:00,13.89,34.91,108.0,0.12
7602,11/13/2023 18:00,9.32,33.86,9.0,0.3
7603,11/13/2023 19:00,15.2,30.9,38.0,0.14
7604,11/13/2023 20:00,22.45,26.98,19.0,0.23
7605,11/13/2023 21:00,9.21,23.05,95.0,0.13
7606,11/13/2023 22:00,19.58,20.9,70.0,0.11
7607,11/13/2023 23:00,11.99,21.37,91.0,0.25
7608,11/14/2023 0:00,19.66,25.18,137.0,0.12
7609,11/14/2023 1:00,14.05,19.28,138.0,0.24
7610,11/14/2023 2:00,23.54,32.89,63.0,0.21
7611,11/14/2023 3:00,21.48,26.77,31.0,0.23
7612,11/14/2023 4:00,20.48,23.55,25.0,0.18
7613,11/14/2023 5:00,18.68,29.52,125.0,0.15
7614,11/14/2023 6:00,22.67,15.52,130.0,0.25
7615,11/14/2023 7:00,8.77,24.71,60.0,0.23
7616,11/14/2023 8:00,5.35,22.98,91.0,0.28
7617,11/14/2023 9:00,10.46,22.44,31.0,0.21
7618,11/14/2023 10:00,5.71,21.92,42.0,0.27
7619,11/14/2023 11:00,13.77,19.48,139.0,0.24
7620,11/14/2023 12:00,21.38,30.08,115.0,0.3
7621,11/14/2023 13:00,13.66,15.3,21.0,0.2
7622,11/14/2023 14:00,12.61,27.65,129.0,0.12
7623,11/14/2023 15:00,16.62,23.8,86.0,0.25
7624,11/14/2023 16:00,8.43,26.34,10.0,0.11
7625,11/14/2023 17:00,16.43,21.5,124.0,0.21
7626,11/14/2023 18:00,22.95,33.97,117.0,0.13
7627,11/14/2023 19:00,18.7,22.54,114.0,0.25
7628,11/14/2023 20:00,5.44,30.79,104.0,0.14
7629,11/14/2023 21:00,19.59,16.19,93.0,0.25
7630,11/14/2023 22:00,20.71,22.51,16.0,0.12
7631,11/14/2023 23:00,13.71,23.49,142.0,0.14
7632,11/15/2023 0:00,17.22,28.92,16.0,0.28
7633,11/15/2023 1:00,8.57,33.84,114.0,0.25
7634,11/15/2023 2:00,7.01,26.53,76.0,0.12
7635,11/15/2023 3:00,17.74,32.89,131.0,0.14
7636,11/15/2023 4:00,5.56,22.04,118.0,0.2
7637,11/15/2023 5:00,8.46,23.32,121.0,0.18
7638,11/15/2023 6:00,7.51,30.03,132.0,0.28
7639,11/15/2023 7:00,6.53,32.3,87.0,0.1
7640,11/15/2023 8:00,9.75,17.91,93.0,0.21
7641,11/15/2023 9:00,11.52,15.31,52.0,0.16
7642,11/15/2023 10:00,9.35,31.48,78.0,0.16
7643,11/15/2023 11:00,11.81,31.33,148.0,0.23
7644,11/15/2023 12:00,21.99,21.56,119.0,0.14
7645,11/15/2023 13:00,16.77,22.49,33.0,0.17
7646,11/15/2023 14:00,20.04,25.05,91.0,0.25
7647,11/15/2023 15:00,24.39,28.69,92.0,0.28
7648,11/15/2023 16:00,9.77,21.2,89.0,0.28
7649,11/15/2023 17:00,14.01,24.83,93.0,0.18
7650,11/15/2023 18:00,10.9,33.28,149.0,0.19
7651,11/15/2023 19:00,16.55,20.21,56.0,0.29
7652,11/15/2023 20:00,9.31,18.39,34.0,0.27
7653,11/15/2023 21:00,8.73,21.69,116.0,0.25
7654,11/15/2023 22:00,13.17,17.32,112.0,0.17
7655,11/15/2023 23:00,15.14,20.58,128.0,0.28
7656,11/16/2023 0:00,15.75,27.05,13.0,0.11
7657,11/16/2023 1:00,21.39,27.65,92.0,0.24
7658,11/16/2023 2:00,21.67,21.75,11.0,0.11
7659,11/16/2023 3:00,24.39,33.18,45.0,0.19
7660,11/16/2023 4:00,14.14,26.47,20.0,0.24
7661,11/16/2023 5:00,20.88,23.37,79.0,0.28
7662,11/16/2023 6:00,9.73,15.69,117.0,0.26
7663,11/16/2023 7:00,15.77,26.69,118.0,0.21
7664,11/16/2023 8:00,24.28,34.83,33.0,0.13
7665,11/16/2023 9:00,24.37,16.3,56.0,0.14
7666,11/16/2023 10:00,13.49,23.04,47.0,0.23
7667,11/16/2023 11:00,15.79,33.49,16.0,0.16
7668,11/16/2023 12:00,10.89,34.95,80.0,0.26
7669,11/16/2023 13:00,9.78,24.64,56.0,0.13
7670,11/16/2023 14:00,10.45,21.81,75.0,0.18
7671,11/16/2023 15:00,5.79,34.13,132.0,0.16
7672,11/16/2023 16:00,6.73,30.98,119.0,0.29
7673,11/16/2023 17:00,16.19,30.68,83.0,0.24
7674,11/16/2023 18:00,6.85,20.71,56.0,0.11
7675,11/16/2023 19:00,16.66,30.6,66.0,0.21
7676,11/16/2023 20:00,15.72,26.56,54.0,0.3
7677,11/16/2023 21:00,16.35,28.34,75.0,0.25
7678,11/16/2023 22:00,22.47,22.33,34.0,0.19
7679,11/16/2023 23:00,16.01,16.01,150.0,0.21
7680,11/17/2023 0:00,16.1,25.56,107.0,0.22
7681,11/17/2023 1:00,7.53,23.75,103.0,0.21
7682,11/17/2023 2:00,11.43,28.0,109.0,0.26
7683,11/17/2023 3:00,20.9,16.87,27.0,0.28
7684,11/17/2023 4:00,13.74,27.55,5.0,0.24
7685,11/17/2023 5:00,8.21,23.44,109.0,0.29
7686,11/17/2023 6:00,16.56,20.1,36.0,0.27
7687,11/17/2023 7:00,6.02,34.02,53.0,0.29
7688,11/17/2023 8:00,22.22,15.27,128.0,0.1
7689,11/17/2023 9:00,12.18,34.29,27.0,0.19
7690,11/17/2023 10:00,8.61,17.9,140.0,0.27
7691,11/17/2023 11:00,10.08,31.17,82.0,0.13
7692,11/17/2023 12:00,15.87,25.08,28.0,0.18
7693,11/17/2023 13:00,12.52,21.73,76.0,0.24
7694,11/17/2023 14:00,14.14,33.79,15.0,0.12
7695,11/17/2023 15:00,15.66,19.97,47.0,0.18
7696,11/17/2023 16:00,5.13,32.32,109.0,0.11
7697,11/17/2023 17:00,13.63,19.47,126.0,0.19
7698,11/17/2023 18:00,18.16,31.75,49.0,0.3
7699,11/17/2023 19:00,7.95,31.12,82.0,0.24
7700,11/17/2023 20:00,23.46,26.02,14.0,0.11
7701,11/17/2023 21:00,23.93,24.55,67.0,0.13
7702,11/17/2023 22:00,9.09,26.01,9.0,0.2
7703,11/17/2023 23:00,21.97,26.58,50.0,0.27
7704,11/18/2023 0:00,20.0,34.3,70.0,0.2
7705,11/18/2023 1:00,19.05,18.18,8.0,0.14
7706,11/18/2023 2:00,6.36,27.23,85.0,0.23
7707,11/18/2023 3:00,22.47,21.76,134.0,0.23
7708,11/18/2023 4:00,13.48,24.42,29.0,0.14
7709,11/18/2023 5:00,20.67,15.02,121.0,0.16
7710,11/18/2023 6:00,17.08,15.71,82.0,0.28
7711,11/18/2023 7:00,15.81,25.21,88.0,0.29
7712,11/18/2023 8:00,15.91,27.34,59.0,0.2
7713,11/18/2023 9:00,19.02,23.18,47.0,0.27
7714,11/18/2023 10:00,5.79,27.38,23.0,0.12
7715,11/18/2023 11:00,8.18,18.23,125.0,0.13
7716,11/18/2023 12:00,13.93,15.45,93.0,0.13
7717,11/18/2023 13:00,7.91,27.21,119.0,0.23
7718,11/18/2023 14:00,7.18,24.01,110.0,0.19
7719,11/18/2023 15:00,17.7,31.24,54.0,0.16
7720,11/18/2023 16:00,15.61,30.68,141.0,0.1
7721,11/18/2023 17:00,21.71,18.97,111.0,0.28
7722,11/18/2023 18:00,13.19,25.75,126.0,0.24
7723,11/18/2023 19:00,15.6,28.03,105.0,0.13
7724,11/18/2023 20:00,10.98,21.43,49.0,0.11
7725,11/18/2023 21:00,5.1,19.7,74.0,0.15
7726,11/18/2023 22:00,23.14,27.76,103.0,0.14
7727,11/18/2023 23:00,15.79,31.45,132.0,0.16
7728,11/19/2023 0:00,21.76,33.34,48.0,0.2
7729,11/19/2023 1:00,24.58,32.5,64.0,0.3
7730,11/19/2023 2:00,7.75,29.63,55.0,0.29
7731,11/19/2023 3:00,11.94,15.05,32.0,0.27
7732,11/19/2023 4:00,22.63,15.11,79.0,0.28
7733,11/19/2023 5:00,12.22,34.64,8.0,0.28
7734,11/19/2023 6:00,17.71,20.63,5.0,0.25
7735,11/19/2023 7:00,6.61,20.81,59.0,0.17
7736,11/19/2023 8:00,17.18,21.61,67.0,0.15
7737,11/19/2023 9:00,10.83,18.4,131.0,0.29
7738,11/19/2023 10:00,7.59,19.98,149.0,0.18
7739,11/19/2023 11:00,14.38,16.54,87.0,0.27
7740,11/19/2023 12:00,22.79,16.53,122.0,0.11
7741,11/19/2023 13:00,15.7,21.89,103.0,0.16
7742,11/19/2023 14:00,20.77,32.16,53.0,0.22
7743,11/19/2023 15:00,10.33,27.88,81.0,0.26
7744,11/19/2023 16:00,22.53,29.97,118.0,0.16
7745,11/19/2023 17:00,16.45,22.0,53.0,0.18
7746,11/19/2023 18:00,17.27,34.7,63.0,0.11
7747,11/19/2023 19:00,11.38,19.7,48.0,0.14
7748,11/19/2023 20:00,8.54,24.58,150.0,0.13
7749,11/19/2023 21:00,17.95,15.51,32.0,0.14
7750,11/19/2023 22:00,20.17,18.39,71.0,0.15
7751,11/19/2023 23:00,10.34,30.52,28.0,0.21
7752,11/20/2023 0:00,9.16,34.17,140.0,0.17
7753,11/20/2023 1:00,5.25,30.11,23.0,0.19
7754,11/20/2023 2:00,7.89,26.83,86.0,0.16
7755,11/20/2023 3:00,16.76,32.46,143.0,0.21
7756,11/20/2023 4:00,18.63,27.5,100.0,0.22
7757,11/20/2023 5:00,16.94,24.19,18.0,0.12
7758,11/20/2023 6:00,23.07,32.06,100.0,0.24
7759,11/20/2023 7:00,21.24,15.51,100.0,0.28
7760,11/20/2023 8:00,22.57,27.73,145.0,0.24
7761,11/20/2023 9:00,18.46,20.97,55.0,0.19
7762,11/20/2023 10:00,24.35,16.6,59.0,0.23
7763,11/20/2023 11:00,17.58,26.84,119.0,0.3
7764,11/20/2023 12:00,5.16,15.96,47.0,0.26
7765,11/20/2023 13:00,23.4,18.7,143.0,0.12
7766,11/20/2023 14:00,16.08,16.04,65.0,0.12
7767,11/20/2023 15:00,23.64,27.18,42.0,0.24
7768,11/20/2023 16:00,9.22,24.76,138.0,0.23
7769,11/20/2023 17:00,7.17,19.65,53.0,0.19
7770,11/20/2023 18:00,12.17,20.94,76.0,0.25
7771,11/20/2023 19:00,17.57,32.04,34.0,0.15
7772,11/20/2023 20:00,5.19,19.08,95.0,0.14
7773,11/20/2023 21:00,15.13,16.48,81.0,0.11
7774,11/20/2023 22:00,9.9,33.57,12.0,0.18
7775,11/20/2023 23:00,11.24,20.78,17.0,0.17
7776,11/21/2023 0:00,23.62,28.12,71.0,0.24
7777,11/21/2023 1:00,19.19,26.66,68.0,0.24
7778,11/21/2023 2:00,16.31,24.66,106.0,0.12
7779,11/21/2023 3:00,23.46,15.32,110.0,0.18
7780,11/21/2023 4:00,10.89,20.38,107.0,0.27
7781,11/21/2023 5:00,19.36,16.68,35.0,0.19
7782,11/21/2023 6:00,11.64,27.54,150.0,0.21
7783,11/21/2023 7:00,23.11,15.37,40.0,0.12
7784,11/21/2023 8:00,14.81,24.45,112.0,0.26
7785,11/21/2023 9:00,11.99,18.6,68.0,0.3
7786,11/21/2023 10:00,22.62,16.58,48.0,0.23
7787,11/21/2023 11:00,7.61,25.49,78.0,0.29
7788,11/21/2023 12:00,21.91,20.32,35.0,0.12
7789,11/21/2023 13:00,6.93,25.47,105.0,0.24
7790,11/21/2023 14:00,9.59,30.79,144.0,0.24
7791,11/21/2023 15:00,22.64,21.93,71.0,0.25
7792,11/21/2023 16:00,13.56,15.89,52.0,0.25
7793,11/21/2023 17:00,16.17,26.62,144.0,0.13
7794,11/21/2023 18:00,24.36,17.47,117.0,0.12
7795,11/21/2023 19:00,24.48,21.11,34.0,0.25
7796,11/21/2023 20:00,15.51,20.85,55.0,0.15
7797,11/21/2023 21:00,23.06,18.49,43.0,0.25
7798,11/21/2023 22:00,23.38,33.31,64.0,0.23
7799,11/21/2023 23:00,15.78,15.99,66.0,0.2
7800,11/22/2023 0:00,18.44,18.9,27.0,0.1
7801,11/22/2023 1:00,8.32,30.59,67.0,0.26
7802,11/22/2023 2:00,15.56,29.2,16.0,0.27
7803,11/22/2023 3:00,11.66,22.52,122.0,0.26
7804,11/22/2023 4:00,22.32,29.11,37.0,0.17
7805,11/22/2023 5:00,5.82,28.31,25.0,0.23
7806,11/22/2023 6:00,14.02,19.36,118.0,0.16
7807,11/22/2023 7:00,16.35,32.56,69.0,0.13
7808,11/22/2023 8:00,20.15,21.67,118.0,0.2
7809,11/22/2023 9:00,23.89,24.75,23.0,0.2
7810,11/22/2023 10:00,19.88,22.87,124.0,0.27
7811,11/22/2023 11:00,22.08,31.24,7.0,0.16
7812,11/22/2023 12:00,16.29,16.1,75.0,0.14
7813,11/22/2023 13:00,24.83,32.93,137.0,0.19
7814,11/22/2023 14:00,21.04,23.27,147.0,0.26
7815,11/22/2023 15:00,21.71,29.36,126.0,0.14
7816,11/22/2023 16:00,22.9,25.52,115.0,0.18
7817,11/22/2023 17:00,20.86,33.98,23.0,0.15
7818,11/22/2023 18:00,6.02,32.6,133.0,0.27
7819,11/22/2023 19:00,14.92,25.46,107.0,0.15
7820,11/22/2023 20:00,22.56,20.01,121.0,0.2
7821,11/22/2023 21:00,22.15,34.06,87.0,0.16
7822,11/22/2023 22:00,6.05,28.49,7.0,0.14
7823,11/22/2023 23:00,17.17,15.02,19.0,0.15
7824,11/23/2023 0:00,15.67,23.33,144.0,0.13
7825,11/23/2023 1:00,11.33,27.87,132.0,0.21
7826,11/23/2023 2:00,6.59,30.82,110.0,0.26
7827,11/23/2023 3:00,10.28,33.13,107.0,0.29
7828,11/23/2023 4:00,6.15,30.62,109.0,0.2
7829,11/23/2023 5:00,19.34,25.69,113.0,0.14
7830,11/23/2023 6:00,20.97,30.64,67.0,0.25
7831,11/23/2023 7:00,8.53,28.82,15.0,0.22
7832,11/23/2023 8:00,5.53,23.81,43.0,0.11
7833,11/23/2023 9:00,10.2,15.15,134.0,0.1
7834,11/23/2023 10:00,16.36,30.53,6.0,0.23
7835,11/23/2023 11:00,21.11,17.5,34.0,0.11
7836,11/23/2023 12:00,7.48,21.62,21.0,0.15
7837,11/23/2023 13:00,19.11,31.53,48.0,0.27
7838,11/23/2023 14:00,6.06,30.11,100.0,0.11
7839,11/23/2023 15:00,9.67,31.93,33.0,0.23
7840,11/23/2023 16:00,24.24,24.0,100.0,0.15
7841,11/23/2023 17:00,12.15,31.76,10.0,0.14
7842,11/23/2023 18:00,13.53,32.85,94.0,0.14
7843,11/23/2023 19:00,19.49,33.29,85.0,0.12
7844,11/23/2023 20:00,13.42,33.66,103.0,0.22
7845,11/23/2023 21:00,9.57,23.17,88.0,0.25
7846,11/23/2023 22:00,10.49,27.89,73.0,0.14
7847,11/23/2023 23:00,22.5,31.34,27.0,0.16
7848,11/24/2023 0:00,10.89,23.8,25.0,0.15
7849,11/24/2023 1:00,16.43,32.21,33.0,0.26
7850,11/24/2023 2:00,24.48,34.14,142.0,0.17
7851,11/24/2023 3:00,12.97,32.95,115.0,0.12
7852,11/24/2023 4:00,11.38,22.37,36.0,0.1
7853,11/24/2023 5:00,17.82,29.69,43.0,0.2
7854,11/24/2023 6:00,20.57,33.84,29.0,0.24
7855,11/24/2023 7:00,11.9,22.29,149.0,0.24
7856,11/24/2023 8:00,17.63,19.89,78.0,0.17
7857,11/24/2023 9:00,10.37,21.99,61.0,0.11
7858,11/24/2023 10:00,19.35,23.26,95.0,0.13
7859,11/24/2023 11:00,11.35,27.14,53.0,0.28
7860,11/24/2023 12:00,5.53,21.08,121.0,0.25
7861,11/24/2023 13:00,16.39,24.6,82.0,0.14
7862,11/24/2023 14:00,19.34,21.57,59.0,0.11
7863,11/24/2023 15:00,22.0,22.62,108.0,0.2
7864,11/24/2023 16:00,9.64,18.38,126.0,0.21
7865,11/24/2023 17:00,16.97,30.66,116.0,0.29
7866,11/24/2023 18:00,10.31,31.61,58.0,0.24
7867,11/24/2023 19:00,8.69,16.32,30.0,0.22
7868,11/24/2023 20:00,24.64,25.14,119.0,0.28
7869,11/24/2023 21:00,21.84,16.65,6.0,0.25
7870,11/24/2023 22:00,16.26,17.4,42.0,0.14
7871,11/24/2023 23:00,16.17,28.12,77.0,0.22
7872,11/25/2023 0:00,24.01,16.94,113.0,0.14
7873,11/25/2023 1:00,15.91,30.84,88.0,0.25
7874,11/25/2023 2:00,19.22,22.56,102.0,0.28
7875,11/25/2023 3:00,7.25,19.33,25.0,0.16
7876,11/25/2023 4:00,15.01,23.88,101.0,0.3
7877,11/25/2023 5:00,16.01,34.0,5.0,0.23
7878,11/25/2023 6:00,15.3,34.4,93.0,0.22
7879,11/25/2023 7:00,11.98,17.19,11.0,0.22
7880,11/25/2023 8:00,23.68,16.54,118.0,0.14
7881,11/25/2023 9:00,5.96,33.0,31.0,0.13
7882,11/25/2023 10:00,18.59,18.93,58.0,0.28
7883,11/25/2023 11:00,6.59,30.33,63.0,0.21
7884,11/25/2023 12:00,6.47,32.26,87.0,0.27
7885,11/25/2023 13:00,21.98,16.61,45.0,0.24
7886,11/25/2023 14:00,14.14,19.86,75.0,0.19
7887,11/25/2023 15:00,6.4,25.71,100.0,0.16
7888,11/25/2023 16:00,7.41,18.52,12.0,0.18
7889,11/25/2023 17:00,17.34,26.38,32.0,0.11
7890,11/25/2023 18:00,16.33,19.87,64.0,0.26
7891,11/25/2023 19:00,9.32,17.13,26.0,0.29
7892,11/25/2023 20:00,9.87,22.8,64.0,0.1
7893,11/25/2023 21:00,13.68,20.79,111.0,0.16
7894,11/25/2023 22:00,10.98,17.37,140.0,0.12
7895,11/25/2023 23:00,6.34,19.36,150.0,0.22
7896,11/26/2023 0:00,19.81,27.56,124.0,0.22
7897,11/26/2023 1:00,23.63,20.25,117.0,0.17
7898,11/26/2023 2:00,12.49,24.87,57.0,0.24
7899,11/26/2023 3:00,9.01,24.25,59.0,0.28
7900,11/26/2023 4:00,24.87,22.24,58.0,0.14
7901,11/26/2023 5:00,15.26,34.58,143.0,0.23
7902,11/26/2023 6:00,19.39,25.41,115.0,0.11
7903,11/26/2023 7:00,21.43,15.98,99.0,0.17
7904,11/26/2023 8:00,14.35,26.89,116.0,0.18
7905,11/26/2023 9:00,22.66,32.99,86.0,0.13
7906,11/26/2023 10:00,14.63,18.61,104.0,0.12
7907,11/26/2023 11:00,7.07,24.44,29.0,0.25
7908,11/26/2023 12:00,14.07,18.15,75.0,0.17
7909,11/26/2023 13:00,20.95,32.57,114.0,0.18
7910,11/26/2023 14:00,23.82,26.14,125.0,0.15
7911,11/26/2023 15:00,11.77,23.44,106.0,0.2
7912,11/26/2023 16:00,16.86,34.99,103.0,0.12
7913,11/26/2023 17:00,15.6,28.03,86.0,0.24
7914,11/26/2023 18:00,6.83,21.63,76.0,0.18
7915,11/26/2023 19:00,13.84,15.47,6.0,0.29
7916,11/26/2023 20:00,13.52,22.45,15.0,0.13
7917,11/26/2023 21:00,7.52,26.9,77.0,0.27
7918,11/26/2023 22:00,12.66,29.9,87.0,0.17
7919,11/26/2023 23:00,7.86,19.64,115.0,0.29
7920,11/27/2023 0:00,8.83,30.69,10.0,0.16
7921,11/27/2023 1:00,21.85,24.78,43.0,0.26
7922,11/27/2023 2:00,9.4,31.36,65.0,0.25
7923,11/27/2023 3:00,16.62,34.45,106.0,0.24
7924,11/27/2023 4:00,20.81,17.6,26.0,0.13
7925,11/27/2023 5:00,12.59,30.42,33.0,0.28
7926,11/27/2023 6:00,11.87,32.8,94.0,0.11
7927,11/27/2023 7:00,8.36,17.43,38.0,0.24
7928,11/27/2023 8:00,19.22,22.23,116.0,0.1
7929,11/27/2023 9:00,17.43,17.54,20.0,0.1
7930,11/27/2023 10:00,24.26,31.84,82.0,0.24
7931,11/27/2023 11:00,5.24,21.57,10.0,0.2
7932,11/27/2023 12:00,14.61,18.19,140.0,0.13
7933,11/27/2023 13:00,18.97,32.68,74.0,0.2
7934,11/27/2023 14:00,12.65,23.95,27.0,0.23
7935,11/27/2023 15:00,21.33,20.63,96.0,0.1
7936,11/27/2023 16:00,21.07,34.54,145.0,0.25
7937,11/27/2023 17:00,20.44,31.78,78.0,0.16
7938,11/27/2023 18:00,11.88,20.13,103.0,0.22
7939,11/27/2023 19:00,9.61,29.99,103.0,0.14
7940,11/27/2023 20:00,8.3,16.92,144.0,0.15
7941,11/27/2023 21:00,16.3,32.08,134.0,0.21
7942,11/27/2023 22:00,6.14,17.97,60.0,0.19
7943,11/27/2023 23:00,24.96,21.74,25.0,0.11
7944,11/28/2023 0:00,22.3,15.7,97.0,0.19
7945,11/28/2023 1:00,8.17,27.48,6.0,0.21
7946,11/28/2023 2:00,15.57,26.05,31.0,0.18
7947,11/28/2023 3:00,10.48,22.66,47.0,0.26
7948,11/28/2023 4:00,22.15,24.27,147.0,0.15
7949,11/28/2023 5:00,6.7,17.57,20.0,0.12
7950,11/28/2023 6:00,15.63,15.28,124.0,0.14
7951,11/28/2023 7:00,15.8,21.5,99.0,0.1
7952,11/28/2023 8:00,8.6,29.5,82.0,0.26
7953,11/28/2023 9:00,5.05,26.36,52.0,0.1
7954,11/28/2023 10:00,22.98,25.44,116.0,0.1
7955,11/28/2023 11:00,22.25,30.12,60.0,0.17
7956,11/28/2023 12:00,15.97,21.1,19.0,0.12
7957,11/28/2023 13:00,17.21,27.23,59.0,0.1
7958,11/28/2023 14:00,15.32,18.88,74.0,0.16
7959,11/28/2023 15:00,19.27,30.53,30.0,0.13
7960,11/28/2023 16:00,13.06,31.25,98.0,0.22
7961,11/28/2023 17:00,15.18,34.23,102.0,0.21
7962,11/28/2023 18:00,11.43,21.21,110.0,0.22
7963,11/28/2023 19:00,18.81,25.02,96.0,0.13
7964,11/28/2023 20:00,7.21,32.7,124.0,0.15
7965,11/28/2023 21:00,16.52,16.97,14.0,0.21
7966,11/28/2023 22:00,19.37,15.76,78.0,0.1
7967,11/28/2023 23:00,18.09,19.25,27.0,0.11
7968,11/29/2023 0:00,9.24,23.24,37.0,0.2
7969,11/29/2023 1:00,11.91,18.24,147.0,0.22
7970,11/29/2023 2:00,14.56,26.04,107.0,0.29
7971,11/29/2023 3:00,21.26,34.04,136.0,0.18
7972,11/29/2023 4:00,23.9,18.41,79.0,0.18
7973,11/29/2023 5:00,8.25,20.81,37.0,0.16
7974,11/29/2023 6:00,18.21,16.86,113.0,0.19
7975,11/29/2023 7:00,5.07,18.24,17.0,0.25
7976,11/29/2023 8:00,16.36,15.33,111.0,0.18
7977,11/29/2023 9:00,7.31,34.28,141.0,0.19
7978,11/29/2023 10:00,12.57,27.11,57.0,0.23
7979,11/29/2023 11:00,14.75,22.44,75.0,0.28
7980,11/29/2023 12:00,18.16,20.31,68.0,0.26
7981,11/29/2023 13:00,23.97,33.91,138.0,0.19
7982,11/29/2023 14:00,23.96,31.09,40.0,0.3
7983,11/29/2023 15:00,9.75,17.98,132.0,0.1
7984,11/29/2023 16:00,21.34,33.79,57.0,0.11
7985,11/29/2023 17:00,23.11,15.85,8.0,0.22
7986,11/29/2023 18:00,23.12,27.85,7.0,0.13
7987,11/29/2023 19:00,24.3,25.57,12.0,0.23
7988,11/29/2023 20:00,15.8,17.85,82.0,0.1
7989,11/29/2023 21:00,13.58,31.42,125.0,0.11
7990,11/29/2023 22:00,24.6,32.61,132.0,0.16
7991,11/29/2023 23:00,11.09,20.59,124.0,0.13
7992,11/30/2023 0:00,17.44,26.1,48.0,0.29
7993,11/30/2023 1:00,10.44,21.45,113.0,0.25
7994,11/30/2023 2:00,13.51,31.25,95.0,0.18
7995,11/30/2023 3:00,5.58,23.38,139.0,0.3
7996,11/30/2023 4:00,13.9,18.61,17.0,0.26
7997,11/30/2023 5:00,22.64,32.0,33.0,0.11
7998,11/30/2023 6:00,16.68,21.78,119.0,0.25
7999,11/30/2023 7:00,12.7,24.35,39.0,0.15
8000,11/30/2023 8:00,19.08,22.21,149.0,0.21
8001,11/30/2023 9:00,23.03,29.26,139.0,0.16
8002,11/30/2023 10:00,10.62,16.04,16.0,0.15
8003,11/30/2023 11:00,12.71,28.87,149.0,0.2
8004,11/30/2023 12:00,7.33,16.96,37.0,0.14
8005,11/30/2023 13:00,15.43,26.19,66.0,0.16
8006,11/30/2023 14:00,18.09,30.94,61.0,0.29
8007,11/30/2023 15:00,11.84,25.24,33.0,0.12
8008,11/30/2023 16:00,22.82,16.29,5.0,0.25
8009,11/30/2023 17:00,7.56,15.87,54.0,0.27
8010,11/30/2023 18:00,13.81,23.73,119.0,0.16
8011,11/30/2023 19:00,24.14,34.98,48.0,0.12
8012,11/30/2023 20:00,15.81,18.22,126.0,0.22
8013,11/30/2023 21:00,19.42,33.92,145.0,0.28
8014,11/30/2023 22:00,23.92,16.82,107.0,0.16
8015,11/30/2023 23:00,10.1,20.25,55.0,0.26
8016,12/1/2023 0:00,23.69,26.43,135.0,0.22
8017,12/1/2023 1:00,24.09,28.7,137.0,0.27
8018,12/1/2023 2:00,14.08,21.78,140.0,0.12
8019,12/1/2023 3:00,10.16,33.93,135.0,0.16
8020,12/1/2023 4:00,17.46,27.74,71.0,0.16
8021,12/1/2023 5:00,8.25,25.5,43.0,0.16
8022,12/1/2023 6:00,9.63,15.66,41.0,0.15
8023,12/1/2023 7:00,19.71,26.27,42.0,0.15
8024,12/1/2023 8:00,20.08,25.7,37.0,0.18
8025,12/1/2023 9:00,17.58,18.82,49.0,0.17
8026,12/1/2023 10:00,10.05,18.74,105.0,0.1
8027,12/1/2023 11:00,18.03,33.81,124.0,0.18
8028,12/1/2023 12:00,19.98,24.41,134.0,0.27
8029,12/1/2023 13:00,7.69,34.81,17.0,0.24
8030,12/1/2023 14:00,5.84,32.77,19.0,0.15
8031,12/1/2023 15:00,21.16,25.71,83.0,0.23
8032,12/1/2023 16:00,13.11,22.81,150.0,0.26
8033,12/1/2023 17:00,23.2,33.35,147.0,0.25
8034,12/1/2023 18:00,11.78,34.48,113.0,0.12
8035,12/1/2023 19:00,11.85,28.27,22.0,0.29
8036,12/1/2023 20:00,9.6,19.57,39.0,0.23
8037,12/1/2023 21:00,5.12,21.28,52.0,0.24
8038,12/1/2023 22:00,17.13,15.59,133.0,0.14
8039,12/1/2023 23:00,18.13,33.08,124.0,0.16
8040,12/2/2023 0:00,5.7,27.61,77.0,0.25
8041,12/2/2023 1:00,21.4,19.54,20.0,0.27
8042,12/2/2023 2:00,17.29,26.5,103.0,0.28
8043,12/2/2023 3:00,20.33,17.77,110.0,0.26
8044,12/2/2023 4:00,14.66,22.89,59.0,0.26
8045,12/2/2023 5:00,20.09,17.25,89.0,0.26
8046,12/2/2023 6:00,6.54,16.53,89.0,0.22
8047,12/2/2023 7:00,6.72,32.36,119.0,0.18
8048,12/2/2023 8:00,17.57,31.89,94.0,0.27
8049,12/2/2023 9:00,9.85,32.41,79.0,0.18
8050,12/2/2023 10:00,11.91,25.97,80.0,0.29
8051,12/2/2023 11:00,12.74,16.82,133.0,0.11
8052,12/2/2023 12:00,7.9,22.82,83.0,0.12
8053,12/2/2023 13:00,21.32,15.77,121.0,0.23
8054,12/2/2023 14:00,19.58,24.65,103.0,0.18
8055,12/2/2023 15:00,11.38,28.69,5.0,0.1
8056,12/2/2023 16:00,17.52,25.34,73.0,0.12
8057,12/2/2023 17:00,10.02,15.27,25.0,0.13
8058,12/2/2023 18:00,6.07,17.98,88.0,0.11
8059,12/2/2023 19:00,16.86,31.51,123.0,0.19
8060,12/2/2023 20:00,18.89,31.86,62.0,0.25
8061,12/2/2023 21:00,6.63,17.24,141.0,0.27
8062,12/2/2023 22:00,18.81,27.58,121.0,0.24
8063,12/2/2023 23:00,16.8,17.04,100.0,0.22
8064,12/3/2023 0:00,8.71,30.48,111.0,0.29
8065,12/3/2023 1:00,8.57,20.68,69.0,0.2
8066,12/3/2023 2:00,19.98,21.71,143.0,0.29
8067,12/3/2023 3:00,20.93,33.89,10.0,0.15
8068,12/3/2023 4:00,17.88,27.84,133.0,0.24
8069,12/3/2023 5:00,20.35,29.96,32.0,0.14
8070,12/3/2023 6:00,14.31,22.89,147.0,0.19
8071,12/3/2023 7:00,20.82,24.78,118.0,0.2
8072,12/3/2023 8:00,6.73,29.1,142.0,0.22
8073,12/3/2023 9:00,5.85,32.39,39.0,0.29
8074,12/3/2023 10:00,18.39,24.55,12.0,0.13
8075,12/3/2023 11:00,7.86,17.82,84.0,0.11
8076,12/3/2023 12:00,13.46,20.2,73.0,0.25
8077,12/3/2023 13:00,11.32,26.74,133.0,0.17
8078,12/3/2023 14:00,8.52,28.88,41.0,0.23
8079,12/3/2023 15:00,15.26,32.52,51.0,0.18
8080,12/3/2023 16:00,8.69,25.59,150.0,0.11
8081,12/3/2023 17:00,14.71,31.92,23.0,0.15
8082,12/3/2023 18:00,21.0,30.06,38.0,0.19
8083,12/3/2023 19:00,21.72,15.79,119.0,0.26
8084,12/3/2023 20:00,8.7,15.29,95.0,0.26
8085,12/3/2023 21:00,13.07,21.58,61.0,0.24
8086,12/3/2023 22:00,23.71,28.29,76.0,0.26
8087,12/3/2023 23:00,7.31,18.42,140.0,0.18
8088,12/4/2023 0:00,9.9,27.29,69.0,0.16
8089,12/4/2023 1:00,11.61,23.16,16.0,0.21
8090,12/4/2023 2:00,8.17,31.64,76.0,0.24
8091,12/4/2023 3:00,22.17,26.99,124.0,0.29
8092,12/4/2023 4:00,15.42,32.32,113.0,0.18
8093,12/4/2023 5:00,15.17,33.85,22.0,0.16
8094,12/4/2023 6:00,6.61,23.88,140.0,0.23
8095,12/4/2023 7:00,20.28,25.06,54.0,0.24
8096,12/4/2023 8:00,10.66,18.15,149.0,0.17
8097,12/4/2023 9:00,22.0,16.78,21.0,0.23
8098,12/4/2023 10:00,15.02,22.05,116.0,0.19
8099,12/4/2023 11:00,15.88,21.94,122.0,0.26
8100,12/4/2023 12:00,17.63,29.71,55.0,0.24
8101,12/4/2023 13:00,18.96,20.97,147.0,0.17
8102,12/4/2023 14:00,12.47,16.53,123.0,0.14
8103,12/4/2023 15:00,11.37,33.5,143.0,0.18
8104,12/4/2023 16:00,23.77,33.73,88.0,0.22
8105,12/4/2023 17:00,17.67,15.49,123.0,0.13
8106,12/4/2023 18:00,8.82,27.17,38.0,0.1
8107,12/4/2023 19:00,16.94,15.09,84.0,0.29
8108,12/4/2023 20:00,23.54,17.17,108.0,0.11
8109,12/4/2023 21:00,6.28,32.53,12.0,0.28
8110,12/4/2023 22:00,15.72,22.8,140.0,0.13
8111,12/4/2023 23:00,6.24,25.55,84.0,0.2
8112,12/5/2023 0:00,23.24,29.96,20.0,0.14
8113,12/5/2023 1:00,12.4,20.17,147.0,0.16
8114,12/5/2023 2:00,5.18,27.57,51.0,0.25
8115,12/5/2023 3:00,11.26,33.47,95.0,0.13
8116,12/5/2023 4:00,11.2,28.32,140.0,0.25
8117,12/5/2023 5:00,7.54,24.57,75.0,0.12
8118,12/5/2023 6:00,21.83,23.34,147.0,0.11
8119,12/5/2023 7:00,7.87,17.19,22.0,0.29
8120,12/5/2023 8:00,16.01,20.93,73.0,0.14
8121,12/5/2023 9:00,22.3,31.0,138.0,0.1
8122,12/5/2023 10:00,14.68,17.09,38.0,0.23
8123,12/5/2023 11:00,14.31,16.92,143.0,0.28
8124,12/5/2023 12:00,17.81,33.21,145.0,0.24
8125,12/5/2023 13:00,24.22,18.24,109.0,0.2
8126,12/5/2023 14:00,5.81,32.89,92.0,0.1
8127,12/5/2023 15:00,14.55,33.17,149.0,0.27
8128,12/5/2023 16:00,12.94,32.17,104.0,0.22
8129,12/5/2023 17:00,11.75,19.48,92.0,0.18
8130,12/5/2023 18:00,21.62,25.77,67.0,0.19
8131,12/5/2023 19:00,19.52,15.67,107.0,0.22
8132,12/5/2023 20:00,8.44,34.08,92.0,0.21
8133,12/5/2023 21:00,23.55,29.76,130.0,0.26
8134,12/5/2023 22:00,7.12,22.8,24.0,0.17
8135,12/5/2023 23:00,14.46,33.9,147.0,0.22
8136,12/6/2023 0:00,7.58,15.1,128.0,0.3
8137,12/6/2023 1:00,6.65,28.67,14.0,0.12
8138,12/6/2023 2:00,19.45,18.69,51.0,0.22
8139,12/6/2023 3:00,10.01,25.43,130.0,0.14
8140,12/6/2023 4:00,10.39,33.54,51.0,0.16
8141,12/6/2023 5:00,13.61,27.18,45.0,0.16
8142,12/6/2023 6:00,23.83,15.36,127.0,0.15
8143,12/6/2023 7:00,11.18,27.53,113.0,0.2
8144,12/6/2023 8:00,17.75,27.92,37.0,0.11
8145,12/6/2023 9:00,18.62,30.09,59.0,0.2
8146,12/6/2023 10:00,5.48,25.58,24.0,0.16
8147,12/6/2023 11:00,19.07,24.94,39.0,0.24
8148,12/6/2023 12:00,6.91,34.54,110.0,0.11
8149,12/6/2023 13:00,13.9,15.91,126.0,0.15
8150,12/6/2023 14:00,20.16,21.44,5.0,0.24
8151,12/6/2023 15:00,14.69,25.73,115.0,0.15
8152,12/6/2023 16:00,17.5,27.1,94.0,0.24
8153,12/6/2023 17:00,5.48,15.86,13.0,0.16
8154,12/6/2023 18:00,6.31,32.17,83.0,0.19
8155,12/6/2023 19:00,17.93,31.2,10.0,0.12
8156,12/6/2023 20:00,17.69,32.84,8.0,0.2
8157,12/6/2023 21:00,14.83,23.45,142.0,0.15
8158,12/6/2023 22:00,15.98,17.43,97.0,0.13
8159,12/6/2023 23:00,22.55,24.03,11.0,0.13
8160,12/7/2023 0:00,18.36,18.14,72.0,0.28
8161,12/7/2023 1:00,9.57,26.39,6.0,0.26
8162,12/7/2023 2:00,23.6,25.86,93.0,0.21
8163,12/7/2023 3:00,16.01,21.72,145.0,0.12
8164,12/7/2023 4:00,6.64,15.87,124.0,0.3
8165,12/7/2023 5:00,17.29,15.2,22.0,0.24
8166,12/7/2023 6:00,23.91,30.8,140.0,0.27
8167,12/7/2023 7:00,13.96,18.63,134.0,0.13
8168,12/7/2023 8:00,19.11,21.29,67.0,0.18
8169,12/7/2023 9:00,18.42,19.63,54.0,0.29
8170,12/7/2023 10:00,9.92,27.93,141.0,0.15
8171,12/7/2023 11:00,17.9,20.18,10.0,0.2
8172,12/7/2023 12:00,21.44,24.1,144.0,0.28
8173,12/7/2023 13:00,6.86,15.3,76.0,0.28
8174,12/7/2023 14:00,23.79,22.4,130.0,0.14
8175,12/7/2023 15:00,24.45,30.48,73.0,0.14
8176,12/7/2023 16:00,12.29,31.86,20.0,0.2
8177,12/7/2023 17:00,21.22,22.33,82.0,0.17
8178,12/7/2023 18:00,21.28,27.47,112.0,0.12
8179,12/7/2023 19:00,9.67,19.2,55.0,0.15
8180,12/7/2023 20:00,23.52,30.34,83.0,0.25
8181,12/7/2023 21:00,15.31,20.05,52.0,0.28
8182,12/7/2023 22:00,6.68,16.19,122.0,0.25
8183,12/7/2023 23:00,23.22,21.08,93.0,0.29
8184,12/8/2023 0:00,15.42,26.08,146.0,0.22
8185,12/8/2023 1:00,15.93,28.91,113.0,0.28
8186,12/8/2023 2:00,20.65,23.54,75.0,0.12
8187,12/8/2023 3:00,22.72,20.93,115.0,0.21
8188,12/8/2023 4:00,13.74,19.69,132.0,0.25
8189,12/8/2023 5:00,18.16,16.97,13.0,0.14
8190,12/8/2023 6:00,24.18,33.99,49.0,0.21
8191,12/8/2023 7:00,21.68,34.89,121.0,0.25
8192,12/8/2023 8:00,5.22,22.0,138.0,0.21
8193,12/8/2023 9:00,13.12,23.68,66.0,0.16
8194,12/8/2023 10:00,10.32,20.39,72.0,0.21
8195,12/8/2023 11:00,24.78,30.96,79.0,0.28
8196,12/8/2023 12:00,20.57,15.2,26.0,0.22
8197,12/8/2023 13:00,18.81,18.29,8.0,0.14
8198,12/8/2023 14:00,19.37,22.91,149.0,0.21
8199,12/8/2023 15:00,15.23,21.02,72.0,0.3
8200,12/8/2023 16:00,15.56,33.74,143.0,0.22
8201,12/8/2023 17:00,6.17,33.35,44.0,0.22
8202,12/8/2023 18:00,18.57,19.17,106.0,0.24
8203,12/8/2023 19:00,5.35,26.14,53.0,0.16
8204,12/8/2023 20:00,23.09,19.07,38.0,0.15
8205,12/8/2023 21:00,11.95,29.24,139.0,0.28
8206,12/8/2023 22:00,10.22,25.76,83.0,0.19
8207,12/8/2023 23:00,10.15,33.97,148.0,0.25
8208,12/9/2023 0:00,5.09,24.82,81.0,0.11
8209,12/9/2023 1:00,11.24,22.16,108.0,0.16
8210,12/9/2023 2:00,23.43,26.31,131.0,0.13
8211,12/9/2023 3:00,22.69,29.14,19.0,0.12
8212,12/9/2023 4:00,5.5,25.29,44.0,0.2
8213,12/9/2023 5:00,20.82,30.11,46.0,0.2
8214,12/9/2023 6:00,9.23,27.84,54.0,0.17
8215,12/9/2023 7:00,15.9,26.69,139.0,0.21
8216,12/9/2023 8:00,12.22,21.61,143.0,0.12
8217,12/9/2023 9:00,7.25,34.73,126.0,0.12
8218,12/9/2023 10:00,10.73,25.27,92.0,0.29
8219,12/9/2023 11:00,13.33,30.37,25.0,0.28
8220,12/9/2023 12:00,6.27,32.2,33.0,0.12
8221,12/9/2023 13:00,18.14,33.97,47.0,0.16
8222,12/9/2023 14:00,7.66,20.99,94.0,0.17
8223,12/9/2023 15:00,5.78,31.6,74.0,0.16
8224,12/9/2023 16:00,6.99,17.52,115.0,0.15
8225,12/9/2023 17:00,17.49,29.69,129.0,0.26
8226,12/9/2023 18:00,16.07,23.63,105.0,0.28
8227,12/9/2023 19:00,14.82,30.07,26.0,0.25
8228,12/9/2023 20:00,22.62,29.47,32.0,0.27
8229,12/9/2023 21:00,16.92,25.96,31.0,0.28
8230,12/9/2023 22:00,18.48,33.98,56.0,0.23
8231,12/9/2023 23:00,6.98,21.94,79.0,0.1
8232,12/10/2023 0:00,21.94,19.41,93.0,0.11
8233,12/10/2023 1:00,19.43,23.04,78.0,0.2
8234,12/10/2023 2:00,20.59,23.02,79.0,0.23
8235,12/10/2023 3:00,22.51,18.38,70.0,0.11
8236,12/10/2023 4:00,12.69,27.81,139.0,0.21
8237,12/10/2023 5:00,18.9,15.07,54.0,0.15
8238,12/10/2023 6:00,14.99,25.52,24.0,0.28
8239,12/10/2023 7:00,15.35,26.9,112.0,0.22
8240,12/10/2023 8:00,21.15,30.23,150.0,0.27
8241,12/10/2023 9:00,12.91,34.8,34.0,0.21
8242,12/10/2023 10:00,22.65,17.63,148.0,0.16
8243,12/10/2023 11:00,21.45,33.16,108.0,0.17
8244,12/10/2023 12:00,16.26,35.0,81.0,0.15
8245,12/10/2023 13:00,24.43,31.9,122.0,0.19
8246,12/10/2023 14:00,10.13,26.53,123.0,0.23
8247,12/10/2023 15:00,9.71,21.66,19.0,0.25
8248,12/10/2023 16:00,18.76,29.38,80.0,0.14
8249,12/10/2023 17:00,5.95,15.99,143.0,0.29
8250,12/10/2023 18:00,7.26,22.94,77.0,0.16
8251,12/10/2023 19:00,24.79,28.47,72.0,0.23
8252,12/10/2023 20:00,7.61,27.39,99.0,0.12
8253,12/10/2023 21:00,10.59,25.45,117.0,0.12
8254,12/10/2023 22:00,16.32,26.42,96.0,0.22
8255,12/10/2023 23:00,17.27,17.14,7.0,0.23
8256,12/11/2023 0:00,11.45,18.5,13.0,0.25
8257,12/11/2023 1:00,19.76,34.53,59.0,0.18
8258,12/11/2023 2:00,23.88,19.64,87.0,0.11
8259,12/11/2023 3:00,11.94,27.17,66.0,0.11
8260,12/11/2023 4:00,9.67,30.7,29.0,0.16
8261,12/11/2023 5:00,13.01,33.91,84.0,0.27
8262,12/11/2023 6:00,16.06,21.26,76.0,0.26
8263,12/11/2023 7:00,6.35,27.61,71.0,0.23
8264,12/11/2023 8:00,8.7,22.1,39.0,0.29
8265,12/11/2023 9:00,17.04,31.5,12.0,0.25
8266,12/11/2023 10:00,10.07,16.0,113.0,0.24
8267,12/11/2023 11:00,17.67,23.27,148.0,0.12
8268,12/11/2023 12:00,13.23,18.93,90.0,0.11
8269,12/11/2023 13:00,7.25,31.12,47.0,0.16
8270,12/11/2023 14:00,8.63,31.0,24.0,0.23
8271,12/11/2023 15:00,20.56,33.43,142.0,0.3
8272,12/11/2023 16:00,17.35,18.36,138.0,0.11
8273,12/11/2023 17:00,9.1,28.11,129.0,0.26
8274,12/11/2023 18:00,15.71,22.36,101.0,0.26
8275,12/11/2023 19:00,14.69,32.12,109.0,0.21
8276,12/11/2023 20:00,5.92,33.69,150.0,0.3
8277,12/11/2023 21:00,9.39,25.51,117.0,0.19
8278,12/11/2023 22:00,21.33,28.38,25.0,0.23
8279,12/11/2023 23:00,15.16,22.09,52.0,0.15
8280,12/12/2023 0:00,24.29,31.66,45.0,0.26
8281,12/12/2023 1:00,5.54,23.82,102.0,0.23
8282,12/12/2023 2:00,10.44,26.98,13.0,0.2
8283,12/12/2023 3:00,17.08,25.74,66.0,0.18
8284,12/12/2023 4:00,19.72,32.54,88.0,0.23
8285,12/12/2023 5:00,7.2,27.07,150.0,0.21
8286,12/12/2023 6:00,13.4,19.98,117.0,0.16
8287,12/12/2023 7:00,16.05,28.68,125.0,0.21
8288,12/12/2023 8:00,5.07,32.31,77.0,0.23
8289,12/12/2023 9:00,24.09,24.59,111.0,0.25
8290,12/12/2023 10:00,9.54,27.47,149.0,0.12
8291,12/12/2023 11:00,8.47,18.73,40.0,0.17
8292,12/12/2023 12:00,18.49,32.97,22.0,0.29
8293,12/12/2023 13:00,13.47,33.36,53.0,0.25
8294,12/12/2023 14:00,21.42,17.49,82.0,0.16
8295,12/12/2023 15:00,9.8,26.26,115.0,0.22
8296,12/12/2023 16:00,23.25,25.69,21.0,0.22
8297,12/12/2023 17:00,23.04,31.97,104.0,0.15
8298,12/12/2023 18:00,17.65,17.44,26.0,0.29
8299,12/12/2023 19:00,9.65,21.65,73.0,0.12
8300,12/12/2023 20:00,8.59,28.02,107.0,0.15
8301,12/12/2023 21:00,19.67,33.19,68.0,0.18
8302,12/12/2023 22:00,6.61,32.23,140.0,0.26
8303,12/12/2023 23:00,14.58,24.92,25.0,0.2
8304,12/13/2023 0:00,15.01,20.22,17.0,0.22
8305,12/13/2023 1:00,6.49,23.99,46.0,0.19
8306,12/13/2023 2:00,8.1,15.69,94.0,0.22
8307,12/13/2023 3:00,6.37,33.08,104.0,0.27
8308,12/13/2023 4:00,16.17,30.62,49.0,0.24
8309,12/13/2023 5:00,10.02,29.08,124.0,0.18
8310,12/13/2023 6:00,20.11,22.65,141.0,0.11
8311,12/13/2023 7:00,7.84,34.43,51.0,0.15
8312,12/13/2023 8:00,9.93,30.98,111.0,0.22
8313,12/13/2023 9:00,20.05,21.43,50.0,0.24
8314,12/13/2023 10:00,17.21,28.56,70.0,0.27
8315,12/13/2023 11:00,17.43,15.02,130.0,0.18
8316,12/13/2023 12:00,11.85,30.09,149.0,0.18
8317,12/13/2023 13:00,5.35,18.72,37.0,0.27
8318,12/13/2023 14:00,13.55,30.06,110.0,0.18
8319,12/13/2023 15:00,8.02,22.65,89.0,0.26
8320,12/13/2023 16:00,24.3,27.77,55.0,0.1
8321,12/13/2023 17:00,20.2,22.45,44.0,0.28
8322,12/13/2023 18:00,20.0,34.97,9.0,0.12
8323,12/13/2023 19:00,23.86,22.75,37.0,0.23
8324,12/13/2023 20:00,22.74,30.23,49.0,0.12
8325,12/13/2023 21:00,22.57,32.48,61.0,0.29
8326,12/13/2023 22:00,6.85,25.92,42.0,0.18
8327,12/13/2023 23:00,12.79,28.96,117.0,0.13
8328,12/14/2023 0:00,7.32,30.08,16.0,0.29
8329,12/14/2023 1:00,16.83,32.84,147.0,0.27
8330,12/14/2023 2:00,15.57,26.07,65.0,0.17
8331,12/14/2023 3:00,16.29,19.15,86.0,0.19
8332,12/14/2023 4:00,24.82,30.42,39.0,0.11
8333,12/14/2023 5:00,16.93,28.28,120.0,0.25
8334,12/14/2023 6:00,24.83,24.8,31.0,0.18
8335,12/14/2023 7:00,18.76,33.47,140.0,0.28
8336,12/14/2023 8:00,11.48,19.35,20.0,0.25
8337,12/14/2023 9:00,7.46,26.87,12.0,0.19
8338,12/14/2023 10:00,23.36,28.03,17.0,0.21
8339,12/14/2023 11:00,23.4,16.06,79.0,0.23
8340,12/14/2023 12:00,19.24,16.88,20.0,0.13
8341,12/14/2023 13:00,12.48,15.4,130.0,0.12
8342,12/14/2023 14:00,21.41,18.41,28.0,0.29
8343,12/14/2023 15:00,8.13,17.93,67.0,0.2
8344,12/14/2023 16:00,12.64,15.38,37.0,0.2
8345,12/14/2023 17:00,7.79,34.55,97.0,0.15
8346,12/14/2023 18:00,6.93,33.43,75.0,0.27
8347,12/14/2023 19:00,9.94,30.29,103.0,0.13
8348,12/14/2023 20:00,18.43,19.68,137.0,0.3
8349,12/14/2023 21:00,14.5,32.15,144.0,0.26
8350,12/14/2023 22:00,6.77,34.44,79.0,0.13
8351,12/14/2023 23:00,17.93,26.09,42.0,0.16
8352,12/15/2023 0:00,8.91,31.21,75.0,0.24
8353,12/15/2023 1:00,8.23,24.53,94.0,0.24
8354,12/15/2023 2:00,12.27,21.58,145.0,0.12
8355,12/15/2023 3:00,15.97,16.54,54.0,0.17
8356,12/15/2023 4:00,11.37,21.14,73.0,0.27
8357,12/15/2023 5:00,8.64,15.35,24.0,0.1
8358,12/15/2023 6:00,21.66,32.42,5.0,0.27
8359,12/15/2023 7:00,7.22,20.35,118.0,0.12
8360,12/15/2023 8:00,16.4,17.23,80.0,0.15
8361,12/15/2023 9:00,24.26,26.69,80.0,0.19
8362,12/15/2023 10:00,24.15,30.82,49.0,0.27
8363,12/15/2023 11:00,6.08,15.83,130.0,0.24
8364,12/15/2023 12:00,7.07,25.0,20.0,0.21
8365,12/15/2023 13:00,22.84,24.25,67.0,0.2
8366,12/15/2023 14:00,8.73,25.16,75.0,0.14
8367,12/15/2023 15:00,14.83,34.86,75.0,0.26
8368,12/15/2023 16:00,5.29,20.47,117.0,0.26
8369,12/15/2023 17:00,7.03,23.21,58.0,0.28
8370,12/15/2023 18:00,13.29,16.6,73.0,0.23
8371,12/15/2023 19:00,21.88,21.97,148.0,0.22
8372,12/15/2023 20:00,20.82,24.1,91.0,0.12
8373,12/15/2023 21:00,15.91,23.24,19.0,0.24
8374,12/15/2023 22:00,13.01,21.15,86.0,0.16
8375,12/15/2023 23:00,20.29,18.94,33.0,0.23
8376,12/16/2023 0:00,13.09,33.34,35.0,0.19
8377,12/16/2023 1:00,11.85,15.42,14.0,0.23
8378,12/16/2023 2:00,19.75,30.81,134.0,0.22
8379,12/16/2023 3:00,9.99,20.56,83.0,0.19
8380,12/16/2023 4:00,19.33,27.68,42.0,0.21
8381,12/16/2023 5:00,12.46,23.41,134.0,0.25
8382,12/16/2023 6:00,5.31,21.64,137.0,0.17
8383,12/16/2023 7:00,8.97,30.46,83.0,0.27
8384,12/16/2023 8:00,6.35,24.58,29.0,0.25
8385,12/16/2023 9:00,6.61,24.69,64.0,0.3
8386,12/16/2023 10:00,24.84,15.1,119.0,0.28
8387,12/16/2023 11:00,16.77,23.18,59.0,0.17
8388,12/16/2023 12:00,12.54,26.08,74.0,0.16
8389,12/16/2023 13:00,18.25,34.07,76.0,0.19
8390,12/16/2023 14:00,22.44,15.31,70.0,0.2
8391,12/16/2023 15:00,20.89,15.09,52.0,0.28
8392,12/16/2023 16:00,17.74,16.46,128.0,0.14
8393,12/16/2023 17:00,16.36,34.84,16.0,0.29
8394,12/16/2023 18:00,7.85,16.47,41.0,0.27
8395,12/16/2023 19:00,20.52,15.9,34.0,0.3
8396,12/16/2023 20:00,18.04,24.02,26.0,0.27
8397,12/16/2023 21:00,6.41,19.75,32.0,0.16
8398,12/16/2023 22:00,15.85,23.15,60.0,0.22
8399,12/16/2023 23:00,7.2,21.25,115.0,0.23
8400,12/17/2023 0:00,11.83,34.77,58.0,0.13
8401,12/17/2023 1:00,10.21,27.85,149.0,0.11
8402,12/17/2023 2:00,10.94,26.48,79.0,0.16
8403,12/17/2023 3:00,24.64,22.02,59.0,0.12
8404,12/17/2023 4:00,11.94,24.45,31.0,0.15
8405,12/17/2023 5:00,5.54,26.52,66.0,0.2
8406,12/17/2023 6:00,16.84,26.99,53.0,0.19
8407,12/17/2023 7:00,15.12,32.4,50.0,0.12
8408,12/17/2023 8:00,10.6,32.46,74.0,0.23
8409,12/17/2023 9:00,9.5,31.32,45.0,0.26
8410,12/17/2023 10:00,17.74,30.19,85.0,0.19
8411,12/17/2023 11:00,8.48,34.51,35.0,0.3
8412,12/17/2023 12:00,10.07,18.71,110.0,0.26
8413,12/17/2023 13:00,5.86,18.08,34.0,0.26
8414,12/17/2023 14:00,20.93,23.18,37.0,0.25
8415,12/17/2023 15:00,9.71,19.1,18.0,0.28
8416,12/17/2023 16:00,9.29,34.35,46.0,0.27
8417,12/17/2023 17:00,5.1,15.59,127.0,0.21
8418,12/17/2023 18:00,20.31,15.06,18.0,0.17
8419,12/17/2023 19:00,19.93,16.32,95.0,0.26
8420,12/17/2023 20:00,22.54,29.01,24.0,0.27
8421,12/17/2023 21:00,18.16,17.05,38.0,0.28
8422,12/17/2023 22:00,13.32,28.84,110.0,0.29
8423,12/17/2023 23:00,14.69,29.19,101.0,0.16
8424,12/18/2023 0:00,12.37,24.42,10.0,0.12
8425,12/18/2023 1:00,13.13,24.29,55.0,0.24
8426,12/18/2023 2:00,5.34,26.1,93.0,0.17
8427,12/18/2023 3:00,11.96,18.35,141.0,0.2
8428,12/18/2023 4:00,13.59,16.31,36.0,0.22
8429,12/18/2023 5:00,7.59,24.07,60.0,0.26
8430,12/18/2023 6:00,10.88,31.68,86.0,0.11
8431,12/18/2023 7:00,7.88,19.8,129.0,0.15
8432,12/18/2023 8:00,16.29,16.09,143.0,0.15
8433,12/18/2023 9:00,5.45,16.57,37.0,0.11
8434,12/18/2023 10:00,9.38,33.7,111.0,0.28
8435,12/18/2023 11:00,24.45,32.43,60.0,0.2
8436,12/18/2023 12:00,12.59,22.86,114.0,0.21
8437,12/18/2023 13:00,13.63,27.02,43.0,0.27
8438,12/18/2023 14:00,13.89,24.44,118.0,0.11
8439,12/18/2023 15:00,19.48,19.32,145.0,0.17
8440,12/18/2023 16:00,18.45,26.75,6.0,0.14
8441,12/18/2023 17:00,24.49,19.4,47.0,0.28
8442,12/18/2023 18:00,17.99,24.4,103.0,0.27
8443,12/18/2023 19:00,10.37,34.73,90.0,0.26
8444,12/18/2023 20:00,12.51,28.36,43.0,0.24
8445,12/18/2023 21:00,17.81,19.51,45.0,0.11
8446,12/18/2023 22:00,8.57,24.34,96.0,0.21
8447,12/18/2023 23:00,11.96,28.71,11.0,0.13
8448,12/19/2023 0:00,14.86,30.78,53.0,0.17
8449,12/19/2023 1:00,24.0,19.11,136.0,0.29
8450,12/19/2023 2:00,18.7,26.43,86.0,0.17
8451,12/19/2023 3:00,24.51,31.64,17.0,0.19
8452,12/19/2023 4:00,22.85,31.66,89.0,0.2
8453,12/19/2023 5:00,7.73,22.25,127.0,0.21
8454,12/19/2023 6:00,5.11,24.81,61.0,0.24
8455,12/19/2023 7:00,18.81,22.55,18.0,0.29
8456,12/19/2023 8:00,16.95,33.7,102.0,0.23
8457,12/19/2023 9:00,5.32,26.93,72.0,0.27
8458,12/19/2023 10:00,13.15,18.85,9.0,0.14
8459,12/19/2023 11:00,9.88,25.65,74.0,0.13
8460,12/19/2023 12:00,5.87,24.39,142.0,0.1
8461,12/19/2023 13:00,8.16,21.08,149.0,0.21
8462,12/19/2023 14:00,17.32,15.24,80.0,0.16
8463,12/19/2023 15:00,9.74,18.49,119.0,0.22
8464,12/19/2023 16:00,16.33,30.27,142.0,0.25
8465,12/19/2023 17:00,9.66,25.46,129.0,0.3
8466,12/19/2023 18:00,10.86,18.03,75.0,0.18
8467,12/19/2023 19:00,15.91,21.83,26.0,0.2
8468,12/19/2023 20:00,16.15,18.58,102.0,0.28
8469,12/19/2023 21:00,20.33,31.59,142.0,0.14
8470,12/19/2023 22:00,14.03,20.96,145.0,0.22
8471,12/19/2023 23:00,22.78,18.12,45.0,0.23
8472,12/20/2023 0:00,14.05,23.88,111.0,0.21
8473,12/20/2023 1:00,7.21,29.02,6.0,0.15
8474,12/20/2023 2:00,23.1,32.43,129.0,0.12
8475,12/20/2023 3:00,21.33,18.97,54.0,0.24
8476,12/20/2023 4:00,5.59,23.72,39.0,0.15
8477,12/20/2023 5:00,11.69,26.85,63.0,0.27
8478,12/20/2023 6:00,17.64,21.99,87.0,0.27
8479,12/20/2023 7:00,19.71,15.39,38.0,0.24
8480,12/20/2023 8:00,23.87,24.4,26.0,0.23
8481,12/20/2023 9:00,6.3,32.7,86.0,0.15
8482,12/20/2023 10:00,9.12,30.53,38.0,0.28
8483,12/20/2023 11:00,8.86,19.65,109.0,0.24
8484,12/20/2023 12:00,16.05,22.38,62.0,0.27
8485,12/20/2023 13:00,20.25,33.29,80.0,0.11
8486,12/20/2023 14:00,18.02,19.12,48.0,0.23
8487,12/20/2023 15:00,22.52,31.09,12.0,0.21
8488,12/20/2023 16:00,24.6,33.76,121.0,0.2
8489,12/20/2023 17:00,7.56,28.61,116.0,0.3
8490,12/20/2023 18:00,18.63,17.88,107.0,0.13
8491,12/20/2023 19:00,18.8,26.56,18.0,0.28
8492,12/20/2023 20:00,12.36,18.33,50.0,0.26
8493,12/20/2023 21:00,23.41,15.94,105.0,0.26
8494,12/20/2023 22:00,9.13,31.53,48.0,0.11
8495,12/20/2023 23:00,10.84,25.94,79.0,0.2
8496,12/21/2023 0:00,22.0,29.11,20.0,0.18
8497,12/21/2023 1:00,5.61,22.89,141.0,0.24
8498,12/21/2023 2:00,13.22,32.6,7.0,0.18
8499,12/21/2023 3:00,14.32,24.83,55.0,0.28
8500,12/21/2023 4:00,11.99,16.87,67.0,0.19
8501,12/21/2023 5:00,15.61,21.52,32.0,0.15
8502,12/21/2023 6:00,11.73,24.44,87.0,0.18
8503,12/21/2023 7:00,20.08,34.37,63.0,0.2
8504,12/21/2023 8:00,21.21,19.65,146.0,0.12
8505,12/21/2023 9:00,17.04,20.17,113.0,0.25
8506,12/21/2023 10:00,7.52,28.31,111.0,0.27
8507,12/21/2023 11:00,5.15,34.82,54.0,0.21
8508,12/21/2023 12:00,20.38,28.38,56.0,0.15
8509,12/21/2023 13:00,20.95,20.92,29.0,0.23
8510,12/21/2023 14:00,6.94,17.85,148.0,0.13
8511,12/21/2023 15:00,7.29,31.44,111.0,0.14
8512,12/21/2023 16:00,17.79,34.7,98.0,0.27
8513,12/21/2023 17:00,17.09,19.87,113.0,0.18
8514,12/21/2023 18:00,14.34,27.95,87.0,0.29
8515,12/21/2023 19:00,23.23,22.3,120.0,0.13
8516,12/21/2023 20:00,12.25,30.14,61.0,0.24
8517,12/21/2023 21:00,20.64,28.24,85.0,0.1
8518,12/21/2023 22:00,24.2,34.06,124.0,0.16
8519,12/21/2023 23:00,8.04,25.22,121.0,0.15
8520,12/22/2023 0:00,18.55,30.4,12.0,0.12
8521,12/22/2023 1:00,10.1,32.99,70.0,0.24
8522,12/22/2023 2:00,20.29,21.46,118.0,0.26
8523,12/22/2023 3:00,24.18,15.1,38.0,0.13
8524,12/22/2023 4:00,19.25,26.58,6.0,0.16
8525,12/22/2023 5:00,19.86,23.26,18.0,0.26
8526,12/22/2023 6:00,22.26,16.37,8.0,0.26
8527,12/22/2023 7:00,7.04,34.09,118.0,0.19
8528,12/22/2023 8:00,7.98,24.26,19.0,0.22
8529,12/22/2023 9:00,7.47,30.32,7.0,0.29
8530,12/22/2023 10:00,21.4,20.73,5.0,0.15
8531,12/22/2023 11:00,12.01,19.68,28.0,0.18
8532,12/22/2023 12:00,14.1,16.27,95.0,0.28
8533,12/22/2023 13:00,11.39,34.56,61.0,0.18
8534,12/22/2023 14:00,19.04,17.62,102.0,0.25
8535,12/22/2023 15:00,18.61,33.29,120.0,0.27
8536,12/22/2023 16:00,7.41,34.56,37.0,0.28
8537,12/22/2023 17:00,17.19,16.69,71.0,0.28
8538,12/22/2023 18:00,10.06,15.75,85.0,0.25
8539,12/22/2023 19:00,9.54,17.21,148.0,0.15
8540,12/22/2023 20:00,22.39,26.66,52.0,0.2
8541,12/22/2023 21:00,13.33,22.8,41.0,0.15
8542,12/22/2023 22:00,5.09,15.14,144.0,0.15
8543,12/22/2023 23:00,22.51,17.8,82.0,0.16
8544,12/23/2023 0:00,5.9,24.02,58.0,0.2
8545,12/23/2023 1:00,12.49,24.04,52.0,0.24
8546,12/23/2023 2:00,22.66,17.91,112.0,0.22
8547,12/23/2023 3:00,10.08,26.16,72.0,0.22
8548,12/23/2023 4:00,21.96,34.02,91.0,0.16
8549,12/23/2023 5:00,11.73,23.25,128.0,0.13
8550,12/23/2023 6:00,13.31,26.48,144.0,0.18
8551,12/23/2023 7:00,6.41,25.5,70.0,0.29
8552,12/23/2023 8:00,20.2,19.35,65.0,0.18
8553,12/23/2023 9:00,23.14,25.74,87.0,0.16
8554,12/23/2023 10:00,11.43,22.31,64.0,0.13
8555,12/23/2023 11:00,11.98,31.62,19.0,0.2
8556,12/23/2023 12:00,17.9,22.42,42.0,0.17
8557,12/23/2023 13:00,23.7,25.83,61.0,0.18
8558,12/23/2023 14:00,24.09,21.41,135.0,0.14
8559,12/23/2023 15:00,10.96,21.62,97.0,0.25
8560,12/23/2023 16:00,19.61,29.86,71.0,0.24
8561,12/23/2023 17:00,9.88,27.73,113.0,0.24
8562,12/23/2023 18:00,7.08,32.64,144.0,0.21
8563,12/23/2023 19:00,7.4,27.79,45.0,0.26
8564,12/23/2023 20:00,12.74,28.23,141.0,0.23
8565,12/23/2023 21:00,20.9,21.7,43.0,0.2
8566,12/23/2023 22:00,22.47,25.27,120.0,0.15
8567,12/23/2023 23:00,23.37,33.58,83.0,0.3
8568,12/24/2023 0:00,15.73,22.28,140.0,0.25
8569,12/24/2023 1:00,22.61,33.77,128.0,0.26
8570,12/24/2023 2:00,11.08,24.67,118.0,0.29
8571,12/24/2023 3:00,7.89,33.13,135.0,0.13
8572,12/24/2023 4:00,19.07,15.44,18.0,0.12
8573,12/24/2023 5:00,18.56,24.28,148.0,0.27
8574,12/24/2023 6:00,5.0,15.77,119.0,0.15
8575,12/24/2023 7:00,14.36,20.77,76.0,0.18
8576,12/24/2023 8:00,17.55,17.99,22.0,0.21
8577,12/24/2023 9:00,24.38,19.44,29.0,0.19
8578,12/24/2023 10:00,18.41,15.56,121.0,0.26
8579,12/24/2023 11:00,22.52,26.34,121.0,0.28
8580,12/24/2023 12:00,22.96,17.16,108.0,0.12
8581,12/24/2023 13:00,16.6,17.16,91.0,0.17
8582,12/24/2023 14:00,15.53,19.39,12.0,0.14
8583,12/24/2023 15:00,18.18,18.03,36.0,0.14
8584,12/24/2023 16:00,11.58,17.39,21.0,0.14
8585,12/24/2023 17:00,8.67,24.39,102.0,0.21
8586,12/24/2023 18:00,10.85,22.38,109.0,0.16
8587,12/24/2023 19:00,8.71,25.53,103.0,0.26
8588,12/24/2023 20:00,5.69,33.94,108.0,0.16
8589,12/24/2023 21:00,15.93,28.33,122.0,0.26
8590,12/24/2023 22:00,19.02,15.87,67.0,0.27
8591,12/24/2023 23:00,20.49,33.21,107.0,0.23
8592,12/25/2023 0:00,21.3,20.13,67.0,0.24
8593,12/25/2023 1:00,14.17,31.32,28.0,0.17
8594,12/25/2023 2:00,17.14,34.14,125.0,0.24
8595,12/25/2023 3:00,14.93,21.3,89.0,0.14
8596,12/25/2023 4:00,10.4,30.18,96.0,0.11
8597,12/25/2023 5:00,6.73,20.67,131.0,0.28
8598,12/25/2023 6:00,8.58,25.86,19.0,0.29
8599,12/25/2023 7:00,21.13,33.8,49.0,0.26
8600,12/25/2023 8:00,5.54,32.83,54.0,0.21
8601,12/25/2023 9:00,6.98,28.57,127.0,0.23
8602,12/25/2023 10:00,22.25,28.53,57.0,0.14
8603,12/25/2023 11:00,21.72,28.03,146.0,0.19
8604,12/25/2023 12:00,6.86,33.31,11.0,0.18
8605,12/25/2023 13:00,14.33,27.71,142.0,0.12
8606,12/25/2023 14:00,11.79,29.66,43.0,0.28
8607,12/25/2023 15:00,19.06,30.33,144.0,0.17
8608,12/25/2023 16:00,23.85,19.0,54.0,0.22
8609,12/25/2023 17:00,23.75,17.02,66.0,0.21
8610,12/25/2023 18:00,18.41,23.35,36.0,0.1
8611,12/25/2023 19:00,24.58,19.19,38.0,0.15
8612,12/25/2023 20:00,18.08,31.89,36.0,0.26
8613,12/25/2023 21:00,17.89,23.08,83.0,0.25
8614,12/25/2023 22:00,13.79,26.62,24.0,0.12
8615,12/25/2023 23:00,9.0,16.26,79.0,0.26
8616,12/26/2023 0:00,12.99,18.59,48.0,0.25
8617,12/26/2023 1:00,5.04,18.82,21.0,0.23
8618,12/26/2023 2:00,5.05,27.8,119.0,0.29
8619,12/26/2023 3:00,24.16,24.18,87.0,0.11
8620,12/26/2023 4:00,23.34,16.24,32.0,0.18
8621,12/26/2023 5:00,12.86,22.9,64.0,0.2
8622,12/26/2023 6:00,8.7,15.86,57.0,0.18
8623,12/26/2023 7:00,6.11,22.7,40.0,0.12
8624,12/26/2023 8:00,16.61,32.12,108.0,0.12
8625,12/26/2023 9:00,6.58,22.72,79.0,0.21
8626,12/26/2023 10:00,18.09,33.93,75.0,0.11
8627,12/26/2023 11:00,16.34,33.82,35.0,0.15
8628,12/26/2023 12:00,12.4,33.58,32.0,0.19
8629,12/26/2023 13:00,16.69,34.31,44.0,0.17
8630,12/26/2023 14:00,6.2,30.84,92.0,0.25
8631,12/26/2023 15:00,18.26,29.46,107.0,0.3
8632,12/26/2023 16:00,20.78,23.68,140.0,0.15
8633,12/26/2023 17:00,9.37,24.85,31.0,0.22
8634,12/26/2023 18:00,10.56,32.68,19.0,0.27
8635,12/26/2023 19:00,24.86,22.67,64.0,0.15
8636,12/26/2023 20:00,20.35,31.33,131.0,0.25
8637,12/26/2023 21:00,15.89,31.75,19.0,0.14
8638,12/26/2023 22:00,13.68,31.64,101.0,0.16
8639,12/26/2023 23:00,7.33,20.02,122.0,0.27
8640,12/27/2023 0:00,23.36,27.98,16.0,0.21
8641,12/27/2023 1:00,24.31,31.48,69.0,0.27
8642,12/27/2023 2:00,15.47,21.1,97.0,0.13
8643,12/27/2023 3:00,7.67,33.57,94.0,0.27
8644,12/27/2023 4:00,22.88,31.02,53.0,0.14
8645,12/27/2023 5:00,6.75,19.49,9.0,0.1
8646,12/27/2023 6:00,12.3,19.4,117.0,0.13
8647,12/27/2023 7:00,5.44,31.35,37.0,0.25
8648,12/27/2023 8:00,9.81,27.69,103.0,0.15
8649,12/27/2023 9:00,18.03,28.4,75.0,0.28
8650,12/27/2023 10:00,5.63,15.67,98.0,0.29
8651,12/27/2023 11:00,13.4,28.64,129.0,0.12
8652,12/27/2023 12:00,13.72,32.07,37.0,0.21
8653,12/27/2023 13:00,10.31,15.43,59.0,0.21
8654,12/27/2023 14:00,6.16,22.27,45.0,0.26
8655,12/27/2023 15:00,7.33,20.77,68.0,0.29
8656,12/27/2023 16:00,13.0,20.13,125.0,0.11
8657,12/27/2023 17:00,7.83,22.17,103.0,0.27
8658,12/27/2023 18:00,16.16,24.49,11.0,0.16
8659,12/27/2023 19:00,13.37,34.61,19.0,0.23
8660,12/27/2023 20:00,11.54,31.76,128.0,0.29
8661,12/27/2023 21:00,8.29,20.05,86.0,0.3
8662,12/27/2023 22:00,14.3,27.88,7.0,0.19
8663,12/27/2023 23:00,15.05,19.92,84.0,0.21
8664,12/28/2023 0:00,8.68,22.94,25.0,0.27
8665,12/28/2023 1:00,21.41,18.02,145.0,0.28
8666,12/28/2023 2:00,24.07,28.34,117.0,0.28
8667,12/28/2023 3:00,5.92,24.42,90.0,0.27
8668,12/28/2023 4:00,17.65,29.78,82.0,0.23
8669,12/28/2023 5:00,24.92,20.74,16.0,0.17
8670,12/28/2023 6:00,23.03,17.58,32.0,0.22
8671,12/28/2023 7:00,24.61,34.05,104.0,0.29
8672,12/28/2023 8:00,10.12,32.06,86.0,0.13
8673,12/28/2023 9:00,20.07,21.4,141.0,0.24
8674,12/28/2023 10:00,19.04,19.32,14.0,0.12
8675,12/28/2023 11:00,5.61,17.47,142.0,0.17
8676,12/28/2023 12:00,12.9,24.9,148.0,0.1
8677,12/28/2023 13:00,15.3,21.1,22.0,0.24
8678,12/28/2023 14:00,5.22,27.0,58.0,0.27
8679,12/28/2023 15:00,9.69,25.89,11.0,0.22
8680,12/28/2023 16:00,20.0,26.65,27.0,0.28
8681,12/28/2023 17:00,13.61,20.02,68.0,0.27
8682,12/28/2023 18:00,20.68,32.38,102.0,0.2
8683,12/28/2023 19:00,11.1,32.28,58.0,0.21
8684,12/28/2023 20:00,24.42,18.36,11.0,0.12
8685,12/28/2023 21:00,7.06,26.9,145.0,0.3
8686,12/28/2023 22:00,19.24,16.91,136.0,0.24
8687,12/28/2023 23:00,17.7,24.79,110.0,0.25
8688,12/29/2023 0:00,23.83,24.33,60.0,0.26
8689,12/29/2023 1:00,24.56,32.48,15.0,0.27
8690,12/29/2023 2:00,12.52,15.98,9.0,0.14
8691,12/29/2023 3:00,16.0,15.76,83.0,0.12
8692,12/29/2023 4:00,5.47,31.88,34.0,0.24
8693,12/29/2023 5:00,5.83,34.83,136.0,0.28
8694,12/29/2023 6:00,7.99,26.97,33.0,0.18
8695,12/29/2023 7:00,22.72,27.89,147.0,0.13
8696,12/29/2023 8:00,17.08,33.55,64.0,0.23
8697,12/29/2023 9:00,5.1,16.65,60.0,0.27
8698,12/29/2023 10:00,5.85,16.69,37.0,0.25
8699,12/29/2023 11:00,18.32,30.19,128.0,0.25
8700,12/29/2023 12:00,8.4,29.12,111.0,0.14
8701,12/29/2023 13:00,20.76,21.47,44.0,0.22
8702,12/29/2023 14:00,20.26,25.38,75.0,0.26
8703,12/29/2023 15:00,15.23,15.82,52.0,0.27
8704,12/29/2023 16:00,18.91,16.32,110.0,0.27
8705,12/29/2023 17:00,17.92,27.3,51.0,0.29
8706,12/29/2023 18:00,21.76,22.87,126.0,0.29
8707,12/29/2023 19:00,5.51,22.1,97.0,0.18
8708,12/29/2023 20:00,12.49,33.33,133.0,0.16
8709,12/29/2023 21:00,12.63,26.31,125.0,0.2
8710,12/29/2023 22:00,14.93,25.98,141.0,0.11
8711,12/29/2023 23:00,14.62,33.04,59.0,0.15
8712,12/30/2023 0:00,6.14,27.17,65.0,0.29
8713,12/30/2023 1:00,24.39,22.05,75.0,0.18
8714,12/30/2023 2:00,21.44,32.08,78.0,0.28
8715,12/30/2023 3:00,7.31,31.2,137.0,0.14
8716,12/30/2023 4:00,11.22,22.85,17.0,0.29
8717,12/30/2023 5:00,21.37,31.38,121.0,0.21
8718,12/30/2023 6:00,6.95,32.88,55.0,0.3
8719,12/30/2023 7:00,14.52,16.2,145.0,0.17
8720,12/30/2023 8:00,18.63,16.65,54.0,0.27
8721,12/30/2023 9:00,24.03,25.91,54.0,0.23
8722,12/30/2023 10:00,13.11,29.43,45.0,0.2
8723,12/30/2023 11:00,24.92,34.19,69.0,0.17
8724,12/30/2023 12:00,23.82,22.2,81.0,0.25
8725,12/30/2023 13:00,9.66,22.77,138.0,0.28
8726,12/30/2023 14:00,6.31,16.18,136.0,0.28
8727,12/30/2023 15:00,11.54,23.78,50.0,0.11
8728,12/30/2023 16:00,23.37,15.68,58.0,0.28
8729,12/30/2023 17:00,20.71,34.22,43.0,0.26
8730,12/30/2023 18:00,14.71,29.76,15.0,0.25
8731,12/30/2023 19:00,12.06,26.52,44.0,0.19
8732,12/30/2023 20:00,23.96,16.48,103.0,0.18
8733,12/30/2023 21:00,18.55,15.22,135.0,0.18
8734,12/30/2023 22:00,23.78,28.35,113.0,0.14
8735,12/30/2023 23:00,11.93,19.44,136.0,0.21
8736,12/31/2023 0:00,15.93,21.44,104.0,0.11
8737,12/31/2023 1:00,6.44,32.04,34.0,0.2
8738,12/31/2023 2:00,9.03,19.65,91.0,0.22
8739,12/31/2023 3:00,11.26,29.29,23.0,0.16
8740,12/31/2023 4:00,24.96,18.39,57.0,0.1
8741,12/31/2023 5:00,24.98,18.86,106.0,0.24
8742,12/31/2023 6:00,22.14,31.18,68.0,0.24
8743,12/31/2023 7:00,22.8,30.7,42.0,0.27
8744,12/31/2023 8:00,6.28,17.15,36.0,0.26
8745,12/31/2023 9:00,16.59,32.11,119.0,0.14
8746,12/31/2023 10:00,7.15,21.56,70.0,0.16
8747,12/31/2023 11:00,19.22,33.74,109.0,0.2
8748,12/31/2023 12:00,16.74,33.36,23.0,0.26
8749,12/31/2023 13:00,7.69,17.66,129.0,0.19
8750,12/31/2023 14:00,19.46,27.59,150.0,0.17
8751,12/31/2023 15:00,17.96,25.94,131.0,0.26
8752,12/31/2023 16:00,6.49,16.3,89.0,0.26
8753,12/31/2023 17:00,18.87,31.36,84.0,0.28
8754,12/31/2023 18:00,9.65,18.12,37.0,0.23
8755,12/31/2023 19:00,12.82,29.29,106.0,0.2
8756,12/31/2023 20:00,19.51,16.33,69.0,0.3
8757,12/31/2023 21:00,16.91,26.33,89.0,0.13
8758,12/31/2023 22:00,6.2,23.52,67.0,0.22
8759,12/31/2023 23:00,19.28,17.52,140.0,0.19
8760,,,,,
8761,,,,,
8762,,,,,
8763,,,,,
8764,,,,,
8765,,,,,
8766,,,,,
8767,,,,,
8768,,,,,
8769,,,,,
8770,,,,,
8771,,,,,
8772,,,,,
8773,,,,,
8774,,,,,
8775,,,,,
8776,,,,,
8777,,,,,
8778,,,,,
8779,,,,,
8780,,,,,
8781,,,,,
8782,,,,,
8783,,,,,
8784,,,,,
8785,,,,,
8786,,,,,
8787,,,,,
8788,,,,,
8789,,,,,
8790,,,,,
8791,,,,,
8792,,,,,
8793,,,,,
8794,,,,,
8795,,,,,
8796,,,,,
8797,,,,,
8798,,,,,
8799,,,,,
8800,,,,,
8801,,,,,
8802,,,,,
8803,,,,,
8804,,,,,
8805,,,,,
8806,,,,,
8807,,,,,
8808,,,,,
8809,,,,,
8810,,,,,
8811,,,,,
8812,,,,,
8813,,,,,
8814,,,,,
8815,,,,,
8816,,,,,
8817,,,,,
8818,,,,,
8819,,,,,
8820,,,,,
8821,,,,,
8822,,,,,
8823,,,,,
8824,,,,,
8825,,,,,
8826,,,,,
8827,,,,,
8828,,,,,
8829,,,,,
8830,,,,,
8831,,,,,
8832,,,,,
8833,,,,,
8834,,,,,
8835,,,,,
8836,,,,,
8837,,,,,
8838,,,,,
8839,,,,,
8840,,,,,
8841,,,,,
8842,,,,,
8843,,,,,
8844,,,,,
8845,,,,,
8846,,,,,
8847,,,,,
8848,,,,,
8849,,,,,
8850,,,,,
8851,,,,,
8852,,,,,
8853,,,,,
8854,,,,,
8855,,,,,
8856,,,,,
8857,,,,,
8858,,,,,
8859,,,,,
8860,,,,,
8861,,,,,
8862,,,,,
8863,,,,,
8864,,,,,
8865,,,,,
8866,,,,,
8867,,,,,
8868,,,,,
8869,,,,,
8870,,,,,
8871,,,,,
8872,,,,,
8873,,,,,
8874,,,,,
8875,,,,,
8876,,,,,
8877,,,,,
8878,,,,,
8879,,,,,
8880,,,,,
8881,,,,,
8882,,,,,
8883,,,,,
8884,,,,,
8885,,,,,
8886,,,,,
8887,,,,,
8888,,,,,
8889,,,,,
8890,,,,,
8891,,,,,
8892,,,,,
8893,,,,,
8894,,,,,
8895,,,,,
8896,,,,,
8897,,,,,
8898,,,,,
8899,,,,,
8900,,,,,
8901,,,,,
8902,,,,,
8903,,,,,
8904,,,,,
8905,,,,,
8906,,,,,
8907,,,,,
8908,,,,,
8909,,,,,
8910,,,,,
8911,,,,,
8912,,,,,
8913,,,,,
8914,,,,,
8915,,,,,
8916,,,,,
8917,,,,,
8918,,,,,
8919,,,,,
8920,,,,,
8921,,,,,
8922,,,,,
8923,,,,,
8924,,,,,
8925,,,,,
8926,,,,,
8927,,,,,
8928,,,,,
8929,,,,,
8930,,,,,
8931,,,,,
8932,,,,,
8933,,,,,
8934,,,,,
8935,,,,,
8936,,,,,
8937,,,,,
8938,,,,,
8939,,,,,
8940,,,,,
8941,,,,,
8942,,,,,
8943,,,,,
8944,,,,,
8945,,,,,
8946,,,,,
8947,,,,,
8948,,,,,
8949,,,,,
8950,,,,,
8951,,,,,
8952,,,,,
8953,,,,,
8954,,,,,
8955,,,,,
8956,,,,,
8957,,,,,
8958,,,,,
8959,,,,,
8960,,,,,
8961,,,,,
8962,,,,,
8963,,,,,
8964,,,,,
8965,,,,,
8966,,,,,
8967,,,,,
8968,,,,,
8969,,,,,
8970,,,,,
8971,,,,,
8972,,,,,
8973,,,,,
8974,,,,,
8975,,,,,
8976,,,,,
8977,,,,,
8978,,,,,
8979,,,,,
8980,,,,,
8981,,,,,
8982,,,,,
8983,,,,,
8984,,,,,
8985,,,,,
8986,,,,,
8987,,,,,
8988,,,,,
8989,,,,,
8990,,,,,
8991,,,,,
8992,,,,,
8993,,,,,
8994,,,,,
8995,,,,,
8996,,,,,
8997,,,,,
8998,,,,,
8999,,,,,
9000,,,,,
9001,,,,,
9002,,,,,
9003,,,,,
9004,,,,,
9005,,,,,
9006,,,,,
9007,,,,,
9008,,,,,
9009,,,,,
9010,,,,,
9011,,,,,
9012,,,,,
9013,,,,,
9014,,,,,
9015,,,,,
9016,,,,,
9017,,,,,
9018,,,,,
9019,,,,,
9020,,,,,
9021,,,,,
9022,,,,,
9023,,,,,
9024,,,,,
9025,,,,,
9026,,,,,
9027,,,,,
9028,,,,,
9029,,,,,
9030,,,,,
9031,,,,,
9032,,,,,
9033,,,,,
9034,,,,,
9035,,,,,
9036,,,,,
9037,,,,,
9038,,,,,
9039,,,,,
9040,,,,,
9041,,,,,
9042,,,,,
9043,,,,,
9044,,,,,
9045,,,,,
9046,,,,,
9047,,,,,
9048,,,,,
9049,,,,,
9050,,,,,
9051,,,,,
9052,,,,,
9053,,,,,
9054,,,,,
9055,,,,,
9056,,,,,
9057,,,,,
9058,,,,,
9059,,,,,
9060,,,,,
9061,,,,,
9062,,,,,
9063,,,,,
9064,,,,,
9065,,,,,
9066,,,,,
9067,,,,,
9068,,,,,
9069,,,,,
9070,,,,,
9071,,,,,
9072,,,,,
9073,,,,,
9074,,,,,
9075,,,,,
9076,,,,,
9077,,,,,
9078,,,,,
9079,,,,,
9080,,,,,
9081,,,,,
9082,,,,,
9083,,,,,
9084,,,,,
9085,,,,,
9086,,,,,
9087,,,,,
9088,,,,,
9089,,,,,
9090,,,,,
9091,,,,,
9092,,,,,
9093,,,,,
9094,,,,,
9095,,,,,
9096,,,,,
9097,,,,,
9098,,,,,
9099,,,,,
9100,,,,,
9101,,,,,
9102,,,,,
9103,,,,,
9104,,,,,
9105,,,,,
9106,,,,,
9107,,,,,
9108,,,,,
9109,,,,,
9110,,,,,
9111,,,,,
9112,,,,,
9113,,,,,
9114,,,,,
9115,,,,,
9116,,,,,
9117,,,,,
9118,,,,,
9119,,,,,
9120,,,,,
9121,,,,,
9122,,,,,
9123,,,,,
9124,,,,,
9125,,,,,
9126,,,,,
9127,,,,,
9128,,,,,
9129,,,,,
9130,,,,,
9131,,,,,
9132,,,,,
9133,,,,,
9134,,,,,
9135,,,,,
9136,,,,,
9137,,,,,
9138,,,,,
9139,,,,,
9140,,,,,
9141,,,,,
9142,,,,,
9143,,,,,
9144,,,,,
9145,,,,,
9146,,,,,
9147,,,,,
9148,,,,,
9149,,,,,
9150,,,,,
9151,,,,,
9152,,,,,
9153,,,,,
9154,,,,,
9155,,,,,
9156,,,,,
9157,,,,,
9158,,,,,
9159,,,,,
9160,,,,,
9161,,,,,
9162,,,,,
9163,,,,,
9164,,,,,
9165,,,,,
9166,,,,,
9167,,,,,
9168,,,,,
9169,,,,,
9170,,,,,
9171,,,,,
9172,,,,,
9173,,,,,
9174,,,,,
9175,,,,,
9176,,,,,
9177,,,,,
9178,,,,,
9179,,,,,
9180,,,,,
9181,,,,,
9182,,,,,
9183,,,,,
9184,,,,,
9185,,,,,
9186,,,,,
9187,,,,,
9188,,,,,
9189,,,,,
9190,,,,,
9191,,,,,
9192,,,,,
9193,,,,,
9194,,,,,
9195,,,,,
9196,,,,,
9197,,,,,
9198,,,,,
9199,,,,,
9200,,,,,
9201,,,,,
9202,,,,,
9203,,,,,
9204,,,,,
9205,,,,,
9206,,,,,
9207,,,,,
9208,,,,,
9209,,,,,
9210,,,,,
9211,,,,,
9212,,,,,
9213,,,,,
9214,,,,,
9215,,,,,
9216,,,,,
9217,,,,,
9218,,,,,
9219,,,,,
9220,,,,,
9221,,,,,
9222,,,,,
9223,,,,,
9224,,,,,
9225,,,,,
9226,,,,,
9227,,,,,
9228,,,,,
9229,,,,,
9230,,,,,
9231,,,,,
9232,,,,,
9233,,,,,
9234,,,,,
9235,,,,,
9236,,,,,
9237,,,,,
9238,,,,,
9239,,,,,
9240,,,,,
9241,,,,,
9242,,,,,
9243,,,,,
9244,,,,,
9245,,,,,
9246,,,,,
9247,,,,,
9248,,,,,
9249,,,,,
9250,,,,,
9251,,,,,
9252,,,,,
9253,,,,,
9254,,,,,
9255,,,,,
9256,,,,,
9257,,,,,
9258,,,,,
9259,,,,,
9260,,,,,
9261,,,,,
9262,,,,,
9263,,,,,
9264,,,,,
9265,,,,,
9266,,,,,
9267,,,,,
9268,,,,,
9269,,,,,
9270,,,,,
9271,,,,,
9272,,,,,
9273,,,,,
9274,,,,,
9275,,,,,
9276,,,,,
9277,,,,,
9278,,,,,
9279,,,,,
9280,,,,,
9281,,,,,
9282,,,,,
9283,,,,,
9284,,,,,
9285,,,,,
9286,,,,,
9287,,,,,
9288,,,,,
9289,,,,,
9290,,,,,
9291,,,,,
9292,,,,,
9293,,,,,
9294,,,,,
9295,,,,,
9296,,,,,
9297,,,,,
9298,,,,,
9299,,,,,
9300,,,,,
9301,,,,,
9302,,,,,
9303,,,,,
9304,,,,,
9305,,,,,
9306,,,,,
9307,,,,,
9308,,,,,
9309,,,,,
9310,,,,,
9311,,,,,
9312,,,,,
9313,,,,,
9314,,,,,
9315,,,,,
9316,,,,,
9317,,,,,
9318,,,,,
9319,,,,,
9320,,,,,
9321,,,,,
9322,,,,,
9323,,,,,
9324,,,,,
9325,,,,,
9326,,,,,
9327,,,,,
9328,,,,,
9329,,,,,
9330,,,,,
9331,,,,,
9332,,,,,
9333,,,,,
9334,,,,,
9335,,,,,
9336,,,,,
9337,,,,,
9338,,,,,
9339,,,,,
9340,,,,,
9341,,,,,
9342,,,,,
9343,,,,,
9344,,,,,
9345,,,,,
9346,,,,,
9347,,,,,
9348,,,,,
9349,,,,,
9350,,,,,
9351,,,,,
9352,,,,,
9353,,,,,
9354,,,,,
9355,,,,,
9356,,,,,
9357,,,,,
9358,,,,,
9359,,,,,
9360,,,,,
9361,,,,,
9362,,,,,
9363,,,,,
9364,,,,,
9365,,,,,
9366,,,,,
9367,,,,,
9368,,,,,
9369,,,,,
9370,,,,,
9371,,,,,
9372,,,,,
9373,,,,,
9374,,,,,
9375,,,,,
9376,,,,,
9377,,,,,
9378,,,,,
9379,,,,,
9380,,,,,
9381,,,,,
9382,,,,,
9383,,,,,
9384,,,,,
9385,,,,,
9386,,,,,
9387,,,,,
9388,,,,,
9389,,,,,
9390,,,,,
9391,,,,,
9392,,,,,
9393,,,,,
9394,,,,,
9395,,,,,
9396,,,,,
9397,,,,,
9398,,,,,
9399,,,,,
9400,,,,,
9401,,,,,
9402,,,,,
9403,,,,,
9404,,,,,
9405,,,,,
9406,,,,,
9407,,,,,
9408,,,,,
9409,,,,,
9410,,,,,
9411,,,,,
9412,,,,,
9413,,,,,
9414,,,,,
9415,,,,,
9416,,,,,
9417,,,,,
9418,,,,,
9419,,,,,
9420,,,,,
9421,,,,,
9422,,,,,
9423,,,,,
9424,,,,,
9425,,,,,
9426,,,,,
9427,,,,,
9428,,,,,
9429,,,,,
9430,,,,,
9431,,,,,
9432,,,,,
9433,,,,,
9434,,,,,
9435,,,,,
9436,,,,,
9437,,,,,
9438,,,,,
9439,,,,,
9440,,,,,
9441,,,,,
9442,,,,,
9443,,,,,
9444,,,,,
9445,,,,,
9446,,,,,
9447,,,,,
9448,,,,,
9449,,,,,
9450,,,,,
9451,,,,,
9452,,,,,
9453,,,,,
9454,,,,,
9455,,,,,
9456,,,,,
9457,,,,,
9458,,,,,
9459,,,,,
9460,,,,,
9461,,,,,
9462,,,,,
9463,,,,,
9464,,,,,
9465,,,,,
9466,,,,,
9467,,,,,
9468,,,,,
9469,,,,,
9470,,,,,
9471,,,,,
9472,,,,,
9473,,,,,
9474,,,,,
9475,,,,,
9476,,,,,
9477,,,,,
9478,,,,,
9479,,,,,
9480,,,,,
9481,,,,,
9482,,,,,
9483,,,,,
9484,,,,,
9485,,,,,
9486,,,,,
9487,,,,,
9488,,,,,
9489,,,,,
9490,,,,,
9491,,,,,
9492,,,,,
9493,,,,,
9494,,,,,
9495,,,,,
9496,,,,,
9497,,,,,
9498,,,,,
9499,,,,,
9500,,,,,
9501,,,,,
9502,,,,,
9503,,,,,
9504,,,,,
9505,,,,,
9506,,,,,
9507,,,,,
9508,,,,,
9509,,,,,
9510,,,,,
9511,,,,,
9512,,,,,
9513,,,,,
9514,,,,,
9515,,,,,
9516,,,,,
9517,,,,,
9518,,,,,
9519,,,,,
9520,,,,,
9521,,,,,
9522,,,,,
9523,,,,,
9524,,,,,
9525,,,,,
9526,,,,,
9527,,,,,
9528,,,,,
9529,,,,,
9530,,,,,
9531,,,,,
9532,,,,,
9533,,,,,
9534,,,,,
9535,,,,,
9536,,,,,
9537,,,,,
9538,,,,,
9539,,,,,
9540,,,,,
9541,,,,,
9542,,,,,
9543,,,,,
9544,,,,,
9545,,,,,
9546,,,,,
9547,,,,,
9548,,,,,
9549,,,,,
9550,,,,,
9551,,,,,
9552,,,,,
9553,,,,,
9554,,,,,
9555,,,,,
9556,,,,,
9557,,,,,
9558,,,,,
9559,,,,,
9560,,,,,
9561,,,,,
9562,,,,,
9563,,,,,
9564,,,,,
9565,,,,,
9566,,,,,
9567,,,,,
9568,,,,,
9569,,,,,
9570,,,,,
9571,,,,,
9572,,,,,
9573,,,,,
9574,,,,,
9575,,,,,
9576,,,,,
9577,,,,,
9578,,,,,
9579,,,,,
9580,,,,,
9581,,,,,
9582,,,,,
9583,,,,,
9584,,,,,
9585,,,,,
9586,,,,,
9587,,,,,
9588,,,,,
9589,,,,,
9590,,,,,
9591,,,,,
9592,,,,,
9593,,,,,
9594,,,,,
9595,,,,,
9596,,,,,
9597,,,,,
9598,,,,,
9599,,,,,
9600,,,,,
9601,,,,,
9602,,,,,
9603,,,,,
9604,,,,,
9605,,,,,
9606,,,,,
9607,,,,,
9608,,,,,
9609,,,,,
9610,,,,,
9611,,,,,
9612,,,,,
9613,,,,,
9614,,,,,
9615,,,,,
9616,,,,,
9617,,,,,
9618,,,,,
9619,,,,,
9620,,,,,
9621,,,,,
9622,,,,,
9623,,,,,
9624,,,,,
9625,,,,,
9626,,,,,
9627,,,,,
9628,,,,,
9629,,,,,
9630,,,,,
9631,,,,,
9632,,,,,
9633,,,,,
9634,,,,,
9635,,,,,
9636,,,,,
9637,,,,,
9638,,,,,
9639,,,,,
9640,,,,,
9641,,,,,
9642,,,,,
9643,,,,,
9644,,,,,
9645,,,,,
9646,,,,,
9647,,,,,
9648,,,,,
9649,,,,,
9650,,,,,
9651,,,,,
9652,,,,,
9653,,,,,
9654,,,,,
9655,,,,,
9656,,,,,
9657,,,,,
9658,,,,,
9659,,,,,
9660,,,,,
9661,,,,,
9662,,,,,
9663,,,,,
9664,,,,,
9665,,,,,
9666,,,,,
9667,,,,,
9668,,,,,
9669,,,,,
9670,,,,,
9671,,,,,
9672,,,,,
9673,,,,,
9674,,,,,
9675,,,,,
9676,,,,,
9677,,,,,
9678,,,,,
9679,,,,,
9680,,,,,
9681,,,,,
9682,,,,,
9683,,,,,
9684,,,,,
9685,,,,,
9686,,,,,
9687,,,,,
9688,,,,,
9689,,,,,
9690,,,,,
9691,,,,,
9692,,,,,
9693,,,,,
9694,,,,,
9695,,,,,
9696,,,,,
9697,,,,,
9698,,,,,
9699,,,,,
9700,,,,,
9701,,,,,
9702,,,,,
9703,,,,,
9704,,,,,
9705,,,,,
9706,,,,,
9707,,,,,
9708,,,,,
9709,,,,,
9710,,,,,
9711,,,,,
9712,,,,,
9713,,,,,
9714,,,,,
9715,,,,,
9716,,,,,
9717,,,,,
9718,,,,,
9719,,,,,
9720,,,,,
9721,,,,,
9722,,,,,
9723,,,,,
9724,,,,,
9725,,,,,
9726,,,,,
9727,,,,,
9728,,,,,
9729,,,,,
9730,,,,,
9731,,,,,
9732,,,,,
9733,,,,,
9734,,,,,
9735,,,,,
9736,,,,,
9737,,,,,
9738,,,,,
9739,,,,,
9740,,,,,
9741,,,,,
9742,,,,,
9743,,,,,
9744,,,,,
9745,,,,,
9746,,,,,
9747,,,,,
9748,,,,,
9749,,,,,
9750,,,,,
9751,,,,,
9752,,,,,
9753,,,,,
9754,,,,,
9755,,,,,
9756,,,,,
9757,,,,,
9758,,,,,
9759,,,,,
9760,,,,,
9761,,,,,
9762,,,,,
9763,,,,,
9764,,,,,
9765,,,,,
9766,,,,,
9767,,,,,
9768,,,,,
9769,,,,,
9770,,,,,
9771,,,,,
9772,,,,,
9773,,,,,
9774,,,,,
9775,,,,,
9776,,,,,
9777,,,,,
9778,,,,,
9779,,,,,
9780,,,,,
9781,,,,,
9782,,,,,
9783,,,,,
9784,,,,,
9785,,,,,
9786,,,,,
9787,,,,,
9788,,,,,
9789,,,,,
9790,,,,,
9791,,,,,
9792,,,,,
9793,,,,,
9794,,,,,
9795,,,,,
9796,,,,,
9797,,,,,
9798,,,,,
9799,,,,,
9800,,,,,
9801,,,,,
9802,,,,,
9803,,,,,
9804,,,,,
9805,,,,,
9806,,,,,
9807,,,,,
9808,,,,,
9809,,,,,
9810,,,,,
9811,,,,,
9812,,,,,
9813,,,,,
9814,,,,,
9815,,,,,
9816,,,,,
9817,,,,,
9818,,,,,
9819,,,,,
9820,,,,,
9821,,,,,
9822,,,,,
9823,,,,,
9824,,,,,
9825,,,,,
9826,,,,,
9827,,,,,
9828,,,,,
9829,,,,,
9830,,,,,
9831,,,,,
9832,,,,,
9833,,,,,
9834,,,,,
9835,,,,,
9836,,,,,
9837,,,,,
9838,,,,,
9839,,,,,
9840,,,,,
9841,,,,,
9842,,,,,
9843,,,,,
9844,,,,,
9845,,,,,
9846,,,,,
9847,,,,,
9848,,,,,
9849,,,,,
9850,,,,,
9851,,,,,
9852,,,,,
9853,,,,,
9854,,,,,
9855,,,,,
9856,,,,,
9857,,,,,
9858,,,,,
9859,,,,,
9860,,,,,
9861,,,,,
9862,,,,,
9863,,,,,
9864,,,,,
9865,,,,,
9866,,,,,
9867,,,,,
9868,,,,,
9869,,,,,
9870,,,,,
9871,,,,,
9872,,,,,
9873,,,,,
9874,,,,,
9875,,,,,
9876,,,,,
9877,,,,,
9878,,,,,
9879,,,,,
9880,,,,,
9881,,,,,
9882,,,,,
9883,,,,,
9884,,,,,
9885,,,,,
9886,,,,,
9887,,,,,
9888,,,,,
9889,,,,,
9890,,,,,
9891,,,,,
9892,,,,,
9893,,,,,
9894,,,,,
9895,,,,,
9896,,,,,
9897,,,,,
9898,,,,,
9899,,,,,
9900,,,,,
9901,,,,,
9902,,,,,
9903,,,,,
9904,,,,,
9905,,,,,
9906,,,,,
9907,,,,,
9908,,,,,
9909,,,,,
9910,,,,,
9911,,,,,
9912,,,,,
9913,,,,,
9914,,,,,
9915,,,,,
9916,,,,,
9917,,,,,
9918,,,,,
9919,,,,,
9920,,,,,
9921,,,,,
9922,,,,,
9923,,,,,
9924,,,,,
9925,,,,,
9926,,,,,
9927,,,,,
9928,,,,,
9929,,,,,
9930,,,,,
9931,,,,,
9932,,,,,
9933,,,,,
9934,,,,,
9935,,,,,
9936,,,,,
9937,,,,,
9938,,,,,
9939,,,,,
9940,,,,,
9941,,,,,
9942,,,,,
9943,,,,,
9944,,,,,
9945,,,,,
9946,,,,,
9947,,,,,
9948,,,,,
9949,,,,,
9950,,,,,
9951,,,,,
9952,,,,,
9953,,,,,
9954,,,,,
9955,,,,,
9956,,,,,
9957,,,,,
9958,,,,,
9959,,,,,
9960,,,,,
9961,,,,,
9962,,,,,
9963,,,,,
9964,,,,,
9965,,,,,
9966,,,,,
9967,,,,,
9968,,,,,
9969,,,,,
9970,,,,,
9971,,,,,
9972,,,,,
9973,,,,,
9974,,,,,
9975,,,,,
9976,,,,,
9977,,,,,
9978,,,,,
9979,,,,,
9980,,,,,
9981,,,,,
9982,,,,,
9983,,,,,
9984,,,,,
9985,,,,,
9986,,,,,
9987,,,,,
9988,,,,,
9989,,,,,
9990,,,,,
9991,,,,,
9992,,,,,
9993,,,,,
9994,,,,,
9995,,,,,
9996,,,,,
9997,,,,,
9998,,,,,
9999,,,,,
10000,,,,,
10001,,,,,
10002,,,,,
10003,,,,,
10004,,,,,
10005,,,,,
10006,,,,,
10007,,,,,
10008,,,,,
10009,,,,,
10010,,,,,
10011,,,,,
10012,,,,,
10013,,,,,
10014,,,,,
10015,,,,,
10016,,,,,
10017,,,,,
10018,,,,,
10019,,,,,
10020,,,,,
10021,,,,,
10022,,,,,
10023,,,,,
10024,,,,,
10025,,,,,
10026,,,,,
10027,,,,,
10028,,,,,
10029,,,,,
10030,,,,,
10031,,,,,
10032,,,,,
10033,,,,,
10034,,,,,
10035,,,,,
10036,,,,,
10037,,,,,
10038,,,,,
10039,,,,,
10040,,,,,
10041,,,,,
10042,,,,,
10043,,,,,
10044,,,,,
10045,,,,,
10046,,,,,
10047,,,,,
10048,,,,,
10049,,,,,
10050,,,,,
10051,,,,,
10052,,,,,
10053,,,,,
10054,,,,,
10055,,,,,
10056,,,,,
10057,,,,,
10058,,,,,
10059,,,,,
10060,,,,,
10061,,,,,
10062,,,,,
10063,,,,,
10064,,,,,
10065,,,,,
10066,,,,,
10067,,,,,
10068,,,,,
10069,,,,,
10070,,,,,
10071,,,,,
10072,,,,,
10073,,,,,
10074,,,,,
10075,,,,,
10076,,,,,
10077,,,,,
10078,,,,,
10079,,,,,
10080,,,,,
10081,,,,,
10082,,,,,
10083,,,,,
10084,,,,,
10085,,,,,
10086,,,,,
10087,,,,,
10088,,,,,
10089,,,,,
10090,,,,,
10091,,,,,
10092,,,,,
10093,,,,,
10094,,,,,
10095,,,,,
10096,,,,,
10097,,,,,
10098,,,,,
10099,,,,,
10100,,,,,
10101,,,,,
10102,,,,,
10103,,,,,
10104,,,,,
10105,,,,,
10106,,,,,
10107,,,,,
10108,,,,,
10109,,,,,
10110,,,,,
10111,,,,,
10112,,,,,
10113,,,,,
10114,,,,,
10115,,,,,
10116,,,,,
10117,,,,,
10118,,,,,
10119,,,,,
10120,,,,,
10121,,,,,
10122,,,,,
10123,,,,,
10124,,,,,
10125,,,,,
10126,,,,,
10127,,,,,
10128,,,,,
10129,,,,,
10130,,,,,
10131,,,,,
10132,,,,,
10133,,,,,
10134,,,,,
10135,,,,,
10136,,,,,
10137,,,,,
10138,,,,,
10139,,,,,
10140,,,,,
10141,,,,,
10142,,,,,
10143,,,,,
10144,,,,,
10145,,,,,
10146,,,,,
10147,,,,,
10148,,,,,
10149,,,,,
10150,,,,,
10151,,,,,
10152,,,,,
10153,,,,,
10154,,,,,
10155,,,,,
10156,,,,,
10157,,,,,
10158,,,,,
10159,,,,,
10160,,,,,
10161,,,,,
10162,,,,,
10163,,,,,
10164,,,,,
10165,,,,,
10166,,,,,
10167,,,,,
10168,,,,,
10169,,,,,
10170,,,,,
10171,,,,,
10172,,,,,
10173,,,,,
10174,,,,,
10175,,,,,
10176,,,,,
10177,,,,,
10178,,,,,
10179,,,,,
10180,,,,,
10181,,,,,
10182,,,,,
10183,,,,,
10184,,,,,
10185,,,,,
10186,,,,,
10187,,,,,
10188,,,,,
10189,,,,,
10190,,,,,
10191,,,,,
10192,,,,,
10193,,,,,
10194,,,,,
10195,,,,,
10196,,,,,
10197,,,,,
10198,,,,,
10199,,,,,
10200,,,,,
10201,,,,,
10202,,,,,
10203,,,,,
10204,,,,,
10205,,,,,
10206,,,,,
10207,,,,,
10208,,,,,
10209,,,,,
10210,,,,,
