,Season,Temperature (°C),Humidity (%),Wind Speed (m/s),Sunlight (W/m²),Building Occupancy,Energy Tariff ($/kWh),Energy Consumption (kWh),Timestamp
0,Winter,-4.19,53.82,4.32,3.16,165,0.24,19.13,2023-01-01 00:00:00
1,Winter,9.44,70.59,5.78,536.76,72,0.11,9.04,2023-01-01 01:00:00
2,Winter,-4.3,35.83,2.48,486.66,104,0.15,19.6,2023-01-01 02:00:00
3,Winter,2.23,73.91,13.68,727.17,153,0.22,17.35,2023-01-01 03:00:00
4,Winter,-1.56,57.3,3.44,96.14,188,0.18,21.06,2023-01-01 04:00:00
5,Winter,3.97,68.12,1.39,113.64,119,0.27,19.31,2023-01-01 05:00:00
6,Winter,-2.12,69.64,14.32,608.67,162,0.24,23.15,2023-01-01 06:00:00
7,Winter,5.75,78.02,0.05,353.88,193,0.18,19.23,2023-01-01 07:00:00
8,Winter,6.49,31.63,0.77,959.19,16,0.21,10.45,2023-01-01 08:00:00
9,Winter,3.27,54.19,4.57,129.39,18,0.19,17.33,2023-01-01 09:00:00
10,Winter,1.95,67.32,10.28,413.29,6,0.09,15.66,2023-01-01 10:00:00
11,Winter,-2.65,61.89,15.23,754.86,5,0.13,11.47,2023-01-01 11:00:00
12,Winter,6.19,56.38,12.9,340.26,21,0.06,18.93,2023-01-01 12:00:00
13,Winter,4.15,64.17,5.2,691.08,6,0.08,11.67,2023-01-01 13:00:00
14,Winter,7.46,49.41,19.73,606.65,23,0.11,16.41,2023-01-01 14:00:00
15,Winter,9.25,49.08,2.29,899.23,8,0.1,13.26,2023-01-01 15:00:00
16,Winter,-1.7,76.71,1.47,583.22,22,0.12,15.13,2023-01-01 16:00:00
17,Winter,2.58,66.56,4.43,305.83,21,0.12,19.19,2023-01-01 17:00:00
18,Winter,0.71,40.5,7.1,960.96,16,0.11,12.57,2023-01-01 18:00:00
19,Winter,3.55,63.7,4.38,279.19,7,0.12,19.89,2023-01-01 19:00:00
20,Winter,-2.51,36.26,10.08,53.4,26,0.08,22.93,2023-01-01 20:00:00
21,Winter,-0.08,63.26,8.25,708.63,81,0.26,12.04,2023-01-01 21:00:00
22,Winter,3.05,35.75,6.02,274.51,121,0.1,19.27,2023-01-01 22:00:00
23,Winter,3.64,41.65,16.65,178.46,167,0.18,20.0,2023-01-01 23:00:00
24,Winter,7.63,70.77,17.4,576.76,138,0.11,19.39,2023-01-02 00:00:00
25,Winter,4.01,30.63,17.34,413.84,63,0.17,22.15,2023-01-02 01:00:00
26,Winter,8.13,37.76,3.98,431.46,81,0.26,16.67,2023-01-02 02:00:00
27,Winter,-4.01,39.19,15.88,167.96,108,0.27,21.65,2023-01-02 03:00:00
28,Winter,-2.58,42.91,11.09,193.48,50,0.1,14.74,2023-01-02 04:00:00
29,Winter,5.16,43.35,6.91,917.57,61,0.17,18.25,2023-01-02 05:00:00
30,Winter,-1.82,44.0,18.55,788.93,66,0.12,22.49,2023-01-02 06:00:00
31,Winter,2.11,41.58,4.83,147.27,183,0.12,15.21,2023-01-02 07:00:00
32,Winter,-3.24,48.28,12.97,813.28,11,0.22,17.63,2023-01-02 08:00:00
33,Winter,-4.36,30.8,9.89,31.94,18,0.23,12.84,2023-01-02 09:00:00
34,Winter,-1.64,45.23,7.96,105.76,21,0.1,16.45,2023-01-02 10:00:00
35,Winter,8.81,48.89,12.78,286.85,16,0.15,15.6,2023-01-02 11:00:00
36,Winter,9.04,52.66,3.9,465.89,14,0.09,10.08,2023-01-02 12:00:00
37,Winter,0.91,34.76,18.44,673.24,34,0.06,17.69,2023-01-02 13:00:00
38,Winter,5.79,50.1,6.76,523.05,26,0.15,16.2,2023-01-02 14:00:00
39,Winter,-4.28,53.3,8.96,499.91,33,0.11,12.96,2023-01-02 15:00:00
40,Winter,2.3,67.85,15.65,227.33,35,0.12,12.58,2023-01-02 16:00:00
41,Winter,5.2,33.34,12.2,301.18,36,0.05,9.82,2023-01-02 17:00:00
42,Winter,-4.89,50.76,14.69,353.89,33,0.15,18.69,2023-01-02 18:00:00
43,Winter,1.86,41.87,5.17,871.87,8,0.14,15.21,2023-01-02 19:00:00
44,Winter,1.1,45.87,2.56,28.31,24,0.15,15.84,2023-01-02 20:00:00
45,Winter,2.35,64.23,18.19,73.92,32,0.15,16.17,2023-01-02 21:00:00
46,Winter,3.87,66.1,17.48,470.37,36,0.21,15.84,2023-01-02 22:00:00
47,Winter,3.46,35.29,19.23,152.26,42,0.1,22.08,2023-01-02 23:00:00
48,Winter,1.51,74.74,12.56,623.03,40,0.11,17.74,2023-01-03 00:00:00
49,Winter,-1.84,50.79,19.83,165.25,24,0.25,23.06,2023-01-03 01:00:00
50,Winter,2.37,66.83,3.78,858.58,42,0.11,12.76,2023-01-03 02:00:00
51,Winter,4.0,41.74,6.59,971.01,11,0.2,18.44,2023-01-03 03:00:00
52,Winter,-0.48,32.04,10.34,428.51,47,0.22,16.91,2023-01-03 04:00:00
53,Winter,9.57,35.38,15.27,624.77,23,0.23,16.68,2023-01-03 05:00:00
54,Winter,3.72,44.08,15.85,853.24,27,0.2,8.78,2023-01-03 06:00:00
55,Winter,0.83,72.35,1.07,666.05,41,0.29,21.49,2023-01-03 07:00:00
56,Winter,9.99,77.96,2.31,286.58,24,0.28,13.65,2023-01-03 08:00:00
57,Winter,1.68,70.35,2.11,826.06,27,0.21,10.25,2023-01-03 09:00:00
58,Winter,3.4,41.2,16.92,601.73,19,0.13,11.82,2023-01-03 10:00:00
59,Winter,4.95,46.42,15.04,382.89,37,0.08,11.81,2023-01-03 11:00:00
60,Winter,7.21,32.24,3.8,858.79,16,0.12,16.14,2023-01-03 12:00:00
61,Winter,2.13,76.29,11.29,379.78,22,0.1,11.18,2023-01-03 13:00:00
62,Winter,5.3,57.66,7.07,119.22,44,0.14,17.21,2023-01-03 14:00:00
63,Winter,5.88,36.0,17.68,446.38,25,0.14,9.23,2023-01-03 15:00:00
64,Winter,2.31,42.12,18.25,184.28,41,0.05,11.1,2023-01-03 16:00:00
65,Winter,7.33,58.71,4.97,693.11,5,0.11,19.29,2023-01-03 17:00:00
66,Winter,3.75,55.38,4.11,540.11,20,0.06,15.23,2023-01-03 18:00:00
67,Winter,6.16,31.33,16.67,587.47,20,0.09,13.35,2023-01-03 19:00:00
68,Winter,3.53,40.83,16.03,72.5,11,0.07,15.08,2023-01-03 20:00:00
69,Winter,1.17,35.04,18.57,515.32,48,0.14,17.59,2023-01-03 21:00:00
70,Winter,-3.09,63.41,16.91,374.24,38,0.26,22.51,2023-01-03 22:00:00
71,Winter,2.72,42.8,16.08,617.45,19,0.18,13.43,2023-01-03 23:00:00
72,Winter,4.06,78.12,2.46,434.25,13,0.2,17.54,2023-01-04 00:00:00
73,Winter,3.56,35.59,0.86,895.61,6,0.16,11.97,2023-01-04 01:00:00
74,Winter,-0.58,40.08,11.42,292.45,17,0.23,20.75,2023-01-04 02:00:00
75,Winter,-4.82,43.87,13.39,571.32,40,0.21,20.16,2023-01-04 03:00:00
76,Winter,9.26,30.39,16.92,655.11,33,0.29,15.24,2023-01-04 04:00:00
77,Winter,9.31,66.38,15.03,517.45,50,0.29,18.18,2023-01-04 05:00:00
78,Winter,8.04,50.43,14.9,218.75,47,0.21,14.62,2023-01-04 06:00:00
79,Winter,-0.72,35.93,7.72,61.91,39,0.22,16.36,2023-01-04 07:00:00
80,Winter,0.33,45.89,0.87,168.3,26,0.22,13.71,2023-01-04 08:00:00
81,Winter,-1.7,36.29,13.67,96.3,17,0.23,19.63,2023-01-04 09:00:00
82,Winter,0.86,34.85,15.61,912.44,46,0.12,12.58,2023-01-04 10:00:00
83,Winter,-0.32,36.41,5.8,28.77,5,0.11,22.2,2023-01-04 11:00:00
84,Winter,8.69,39.99,18.38,144.02,40,0.11,12.86,2023-01-04 12:00:00
85,Winter,8.5,37.79,14.42,5.98,29,0.13,9.45,2023-01-04 13:00:00
86,Winter,0.98,38.72,18.96,293.09,18,0.06,17.48,2023-01-04 14:00:00
87,Winter,3.24,38.59,17.62,338.42,26,0.09,20.97,2023-01-04 15:00:00
88,Winter,3.03,64.78,2.7,872.36,6,0.07,9.36,2023-01-04 16:00:00
89,Winter,0.77,75.09,18.7,413.37,24,0.1,21.37,2023-01-04 17:00:00
90,Winter,4.8,30.86,16.76,808.92,29,0.08,11.97,2023-01-04 18:00:00
91,Winter,-4.57,74.44,8.82,140.53,10,0.06,15.52,2023-01-04 19:00:00
92,Winter,4.06,51.01,1.99,801.8,14,0.09,14.69,2023-01-04 20:00:00
93,Winter,-1.45,32.15,1.4,747.4,141,0.16,17.92,2023-01-04 21:00:00
94,Winter,8.39,67.62,13.69,722.64,70,0.22,18.1,2023-01-04 22:00:00
95,Winter,0.32,65.9,5.02,232.31,109,0.22,19.52,2023-01-04 23:00:00
96,Winter,-3.89,77.62,19.44,470.13,167,0.12,19.97,2023-01-05 00:00:00
97,Winter,7.54,63.12,13.19,378.24,145,0.19,17.49,2023-01-05 01:00:00
98,Winter,4.42,42.5,16.38,562.05,91,0.22,21.22,2023-01-05 02:00:00
99,Winter,0.96,38.85,8.92,789.69,97,0.18,17.73,2023-01-05 03:00:00
100,Winter,6.56,76.9,12.83,973.5,131,0.13,13.16,2023-01-05 04:00:00
101,Winter,6.95,33.89,8.92,543.37,90,0.16,13.68,2023-01-05 05:00:00
102,Winter,-2.86,64.19,6.89,498.83,126,0.23,15.78,2023-01-05 06:00:00
103,Winter,3.09,48.3,9.02,79.16,168,0.3,16.73,2023-01-05 07:00:00
104,Winter,-3.45,72.38,15.26,624.21,19,0.11,13.14,2023-01-05 08:00:00
105,Winter,1.31,71.39,15.19,358.13,25,0.12,22.22,2023-01-05 09:00:00
106,Winter,7.03,59.86,18.27,278.62,26,0.14,10.52,2023-01-05 10:00:00
107,Winter,9.18,78.71,9.42,285.23,25,0.11,8.75,2023-01-05 11:00:00
108,Winter,0.93,35.82,2.49,810.32,10,0.07,10.14,2023-01-05 12:00:00
109,Winter,9.05,38.75,19.76,319.52,24,0.15,14.25,2023-01-05 13:00:00
110,Winter,0.61,62.97,18.99,141.33,25,0.1,11.19,2023-01-05 14:00:00
111,Winter,-3.44,38.83,9.79,429.59,19,0.11,22.52,2023-01-05 15:00:00
112,Winter,2.08,36.99,10.18,60.21,9,0.12,16.13,2023-01-05 16:00:00
113,Winter,5.68,44.13,0.52,95.13,25,0.14,11.01,2023-01-05 17:00:00
114,Winter,-4.64,65.04,13.74,244.97,29,0.14,19.88,2023-01-05 18:00:00
115,Winter,8.75,43.11,7.82,922.61,8,0.12,8.37,2023-01-05 19:00:00
116,Winter,4.78,76.79,19.21,593.18,11,0.08,15.63,2023-01-05 20:00:00
117,Winter,0.97,63.51,1.02,195.78,132,0.2,24.38,2023-01-05 21:00:00
118,Winter,9.79,44.01,17.55,138.86,124,0.27,12.27,2023-01-05 22:00:00
119,Winter,4.12,62.92,9.95,629.0,150,0.18,13.21,2023-01-05 23:00:00
120,Winter,9.37,45.77,2.0,456.68,187,0.17,20.59,2023-01-06 00:00:00
121,Winter,4.44,59.97,13.51,797.47,113,0.29,18.13,2023-01-06 01:00:00
122,Winter,7.03,65.88,6.54,835.57,128,0.26,20.19,2023-01-06 02:00:00
123,Winter,2.37,33.23,0.34,795.19,114,0.18,17.5,2023-01-06 03:00:00
124,Winter,1.92,58.77,6.42,251.52,145,0.18,24.79,2023-01-06 04:00:00
125,Winter,-0.39,61.35,8.23,327.1,152,0.1,14.35,2023-01-06 05:00:00
126,Winter,2.9,78.14,16.24,662.59,116,0.18,19.94,2023-01-06 06:00:00
127,Winter,3.21,62.7,14.79,644.25,129,0.27,20.07,2023-01-06 07:00:00
128,Winter,5.72,58.85,13.77,208.61,17,0.16,17.6,2023-01-06 08:00:00
129,Winter,2.81,75.25,19.97,180.07,22,0.19,17.78,2023-01-06 09:00:00
130,Winter,0.3,61.87,13.79,721.23,29,0.14,19.61,2023-01-06 10:00:00
131,Winter,6.8,37.91,10.49,938.28,14,0.07,12.22,2023-01-06 11:00:00
132,Winter,6.68,71.09,8.23,86.94,30,0.09,12.03,2023-01-06 12:00:00
133,Winter,8.42,31.39,9.97,597.51,26,0.12,18.86,2023-01-06 13:00:00
134,Winter,5.82,35.03,1.04,897.48,12,0.12,14.15,2023-01-06 14:00:00
135,Winter,2.12,56.04,2.35,903.09,27,0.06,8.95,2023-01-06 15:00:00
136,Winter,-1.76,71.74,15.02,458.31,22,0.07,19.45,2023-01-06 16:00:00
137,Winter,-2.4,41.71,7.0,762.23,14,0.08,19.04,2023-01-06 17:00:00
138,Winter,2.23,45.68,10.76,416.62,25,0.07,18.54,2023-01-06 18:00:00
139,Winter,2.98,57.63,12.96,915.97,15,0.12,15.78,2023-01-06 19:00:00
140,Winter,-1.48,75.06,0.72,996.57,20,0.08,9.63,2023-01-06 20:00:00
141,Winter,-2.26,60.43,7.22,168.09,144,0.26,18.41,2023-01-06 21:00:00
142,Winter,6.56,72.9,2.63,569.14,130,0.24,13.86,2023-01-06 22:00:00
143,Winter,8.42,53.77,8.88,613.28,173,0.23,15.13,2023-01-06 23:00:00
144,Winter,-2.52,30.42,9.07,711.14,150,0.19,22.25,2023-01-07 00:00:00
145,Winter,5.43,64.36,16.62,118.27,113,0.26,15.58,2023-01-07 01:00:00
146,Winter,-1.61,73.74,5.48,892.58,196,0.14,14.66,2023-01-07 02:00:00
147,Winter,3.29,33.29,1.3,563.83,199,0.2,20.06,2023-01-07 03:00:00
148,Winter,-2.96,66.79,0.05,724.43,170,0.3,19.72,2023-01-07 04:00:00
149,Winter,2.36,78.12,5.22,228.54,84,0.27,15.95,2023-01-07 05:00:00
150,Winter,4.89,66.17,15.92,496.11,167,0.17,21.7,2023-01-07 06:00:00
151,Winter,-1.71,47.08,15.89,322.14,153,0.26,22.02,2023-01-07 07:00:00
152,Winter,9.75,44.53,12.78,510.45,12,0.29,9.79,2023-01-07 08:00:00
153,Winter,4.55,58.8,18.39,611.85,15,0.28,18.15,2023-01-07 09:00:00
154,Winter,8.31,55.71,14.89,682.31,23,0.11,15.93,2023-01-07 10:00:00
155,Winter,4.14,69.08,16.0,502.73,26,0.14,17.25,2023-01-07 11:00:00
156,Winter,1.79,72.36,7.88,795.05,18,0.05,14.71,2023-01-07 12:00:00
157,Winter,-4.91,50.59,12.71,123.51,18,0.14,20.37,2023-01-07 13:00:00
158,Winter,6.8,34.32,16.81,741.79,16,0.07,18.28,2023-01-07 14:00:00
159,Winter,-3.0,41.6,18.03,437.07,20,0.1,13.72,2023-01-07 15:00:00
160,Winter,5.29,79.46,2.91,214.32,13,0.11,14.18,2023-01-07 16:00:00
161,Winter,-2.12,59.93,18.32,801.41,30,0.11,18.55,2023-01-07 17:00:00
162,Winter,-3.93,39.05,1.35,35.25,7,0.12,12.36,2023-01-07 18:00:00
163,Winter,6.05,60.11,8.88,271.36,11,0.14,9.58,2023-01-07 19:00:00
164,Winter,-0.68,64.58,0.59,974.44,21,0.09,10.72,2023-01-07 20:00:00
165,Winter,-4.89,53.89,16.51,557.53,169,0.17,20.92,2023-01-07 21:00:00
166,Winter,8.7,39.46,4.07,97.06,158,0.15,24.23,2023-01-07 22:00:00
167,Winter,7.07,68.2,18.59,889.11,90,0.16,16.79,2023-01-07 23:00:00
168,Winter,5.91,40.66,19.84,155.75,93,0.11,19.91,2023-01-08 00:00:00
169,Winter,-2.99,34.34,6.63,394.19,103,0.24,14.08,2023-01-08 01:00:00
170,Winter,3.83,58.89,9.14,402.15,105,0.27,13.96,2023-01-08 02:00:00
171,Winter,5.95,30.41,5.59,29.72,102,0.25,17.92,2023-01-08 03:00:00
172,Winter,-4.36,42.04,2.59,364.89,196,0.17,20.84,2023-01-08 04:00:00
173,Winter,-2.07,49.74,1.0,18.82,71,0.13,16.72,2023-01-08 05:00:00
174,Winter,3.98,62.48,1.86,492.74,157,0.22,16.48,2023-01-08 06:00:00
175,Winter,0.45,48.65,8.64,700.93,130,0.12,21.36,2023-01-08 07:00:00
176,Winter,-2.22,66.96,14.32,569.14,21,0.2,19.35,2023-01-08 08:00:00
177,Winter,3.86,74.21,16.38,936.08,18,0.28,16.26,2023-01-08 09:00:00
178,Winter,5.67,70.26,11.59,997.67,13,0.09,10.06,2023-01-08 10:00:00
179,Winter,-1.24,58.25,11.33,157.45,29,0.07,12.45,2023-01-08 11:00:00
180,Winter,9.04,77.99,14.11,548.12,12,0.07,13.9,2023-01-08 12:00:00
181,Winter,-2.26,58.34,2.4,448.49,10,0.14,16.79,2023-01-08 13:00:00
182,Winter,-1.33,62.7,18.38,1.27,20,0.11,17.06,2023-01-08 14:00:00
183,Winter,-2.69,34.92,14.05,82.22,14,0.14,14.96,2023-01-08 15:00:00
184,Winter,9.01,58.07,12.77,639.12,15,0.14,9.39,2023-01-08 16:00:00
185,Winter,-2.14,56.42,12.06,511.32,28,0.13,19.11,2023-01-08 17:00:00
186,Winter,0.62,41.82,19.91,575.54,26,0.1,17.61,2023-01-08 18:00:00
187,Winter,6.62,66.77,12.15,475.78,29,0.06,9.73,2023-01-08 19:00:00
188,Winter,1.91,43.09,4.23,139.2,28,0.14,15.06,2023-01-08 20:00:00
189,Winter,8.95,62.13,6.45,278.18,191,0.21,22.0,2023-01-08 21:00:00
190,Winter,-2.22,35.31,19.15,576.32,86,0.29,21.48,2023-01-08 22:00:00
191,Winter,4.0,46.1,9.8,195.47,74,0.27,12.96,2023-01-08 23:00:00
192,Winter,-3.29,41.55,9.25,270.21,91,0.21,20.35,2023-01-09 00:00:00
193,Winter,7.56,37.09,1.75,739.01,178,0.2,15.74,2023-01-09 01:00:00
194,Winter,2.68,42.95,4.8,156.14,150,0.21,18.65,2023-01-09 02:00:00
195,Winter,7.36,69.22,11.98,409.49,51,0.16,20.61,2023-01-09 03:00:00
196,Winter,8.52,69.58,5.44,514.98,111,0.19,18.66,2023-01-09 04:00:00
197,Winter,2.13,51.81,12.77,400.23,65,0.23,12.53,2023-01-09 05:00:00
198,Winter,-2.66,57.64,8.02,651.72,189,0.29,22.2,2023-01-09 06:00:00
199,Winter,-3.7,65.51,18.23,266.25,118,0.3,16.31,2023-01-09 07:00:00
200,Winter,8.59,32.77,0.3,544.06,7,0.24,18.11,2023-01-09 08:00:00
201,Winter,-4.01,62.75,0.92,465.66,10,0.11,22.16,2023-01-09 09:00:00
202,Winter,4.63,36.54,13.54,997.49,20,0.07,11.83,2023-01-09 10:00:00
203,Winter,4.06,71.29,13.18,102.51,5,0.12,21.38,2023-01-09 11:00:00
204,Winter,9.5,33.37,5.43,644.12,22,0.13,11.22,2023-01-09 12:00:00
205,Winter,8.62,72.31,10.69,241.27,21,0.12,10.71,2023-01-09 13:00:00
206,Winter,4.37,36.44,1.15,24.32,22,0.09,14.71,2023-01-09 14:00:00
207,Winter,-3.39,41.11,0.36,961.99,14,0.14,19.07,2023-01-09 15:00:00
208,Winter,-3.28,70.37,18.33,134.37,35,0.12,22.31,2023-01-09 16:00:00
209,Winter,5.96,44.22,8.28,248.81,6,0.1,16.21,2023-01-09 17:00:00
210,Winter,-0.72,31.04,7.09,706.83,49,0.06,17.85,2023-01-09 18:00:00
211,Winter,0.95,56.31,8.24,598.81,7,0.1,20.62,2023-01-09 19:00:00
212,Winter,2.4,73.33,3.28,156.41,19,0.13,18.96,2023-01-09 20:00:00
213,Winter,4.94,54.84,16.35,632.84,10,0.16,17.26,2023-01-09 21:00:00
214,Winter,7.89,54.14,14.68,910.77,41,0.15,18.57,2023-01-09 22:00:00
215,Winter,3.81,68.8,4.14,784.33,40,0.19,17.96,2023-01-09 23:00:00
216,Winter,6.81,74.99,16.88,381.7,36,0.28,17.68,2023-01-10 00:00:00
217,Winter,-4.05,40.59,5.14,387.77,24,0.23,17.54,2023-01-10 01:00:00
218,Winter,7.45,33.2,4.82,772.01,13,0.2,10.75,2023-01-10 02:00:00
219,Winter,5.51,63.48,6.0,860.44,49,0.28,10.88,2023-01-10 03:00:00
220,Winter,0.93,54.18,11.74,39.03,12,0.24,19.37,2023-01-10 04:00:00
221,Winter,4.25,35.37,1.86,849.7,25,0.27,19.42,2023-01-10 05:00:00
222,Winter,4.69,58.13,17.1,572.71,5,0.29,15.14,2023-01-10 06:00:00
223,Winter,-3.96,58.54,19.25,404.37,39,0.22,16.5,2023-01-10 07:00:00
224,Winter,7.06,36.11,11.01,797.88,31,0.27,17.83,2023-01-10 08:00:00
225,Winter,7.46,58.13,1.62,445.14,21,0.19,10.55,2023-01-10 09:00:00
226,Winter,-4.03,59.95,10.01,769.17,7,0.12,11.96,2023-01-10 10:00:00
227,Winter,-0.45,57.58,6.95,4.96,44,0.11,22.13,2023-01-10 11:00:00
228,Winter,-3.88,56.24,3.22,283.64,32,0.06,19.13,2023-01-10 12:00:00
229,Winter,-2.16,79.63,9.13,309.89,28,0.06,21.54,2023-01-10 13:00:00
230,Winter,2.12,59.61,8.64,692.78,41,0.06,21.16,2023-01-10 14:00:00
231,Winter,-2.63,57.36,6.99,397.6,28,0.13,14.06,2023-01-10 15:00:00
232,Winter,2.77,45.63,12.23,814.21,44,0.09,14.8,2023-01-10 16:00:00
233,Winter,7.99,30.8,9.94,217.88,43,0.1,10.98,2023-01-10 17:00:00
234,Winter,2.72,43.09,5.83,41.08,33,0.14,15.73,2023-01-10 18:00:00
235,Winter,7.15,61.14,7.13,208.76,44,0.08,15.42,2023-01-10 19:00:00
236,Winter,7.46,65.9,13.22,971.49,8,0.11,14.17,2023-01-10 20:00:00
237,Winter,4.54,35.07,15.52,25.14,9,0.24,20.84,2023-01-10 21:00:00
238,Winter,-4.55,63.65,6.24,926.96,47,0.21,15.48,2023-01-10 22:00:00
239,Winter,7.54,77.24,13.94,845.09,45,0.13,13.07,2023-01-10 23:00:00
240,Winter,4.78,69.71,7.77,24.41,11,0.14,11.83,2023-01-11 00:00:00
241,Winter,6.12,75.61,17.43,250.64,48,0.19,20.29,2023-01-11 01:00:00
242,Winter,4.32,48.0,7.98,557.26,45,0.19,14.85,2023-01-11 02:00:00
243,Winter,-4.81,77.14,13.01,173.15,30,0.12,16.0,2023-01-11 03:00:00
244,Winter,-1.44,73.42,13.78,977.24,19,0.12,13.4,2023-01-11 04:00:00
245,Winter,7.03,55.32,18.46,241.37,6,0.11,11.26,2023-01-11 05:00:00
246,Winter,-1.42,59.94,18.39,982.75,21,0.22,20.18,2023-01-11 06:00:00
247,Winter,-4.65,41.18,18.04,360.53,25,0.15,18.41,2023-01-11 07:00:00
248,Winter,5.22,62.52,8.63,606.3,42,0.21,12.45,2023-01-11 08:00:00
249,Winter,-4.19,41.67,3.79,626.0,22,0.28,20.01,2023-01-11 09:00:00
250,Winter,-4.75,52.11,1.31,662.65,33,0.13,19.74,2023-01-11 10:00:00
251,Winter,-1.12,40.61,9.31,845.27,39,0.06,18.75,2023-01-11 11:00:00
252,Winter,5.25,36.83,12.34,890.78,43,0.08,9.78,2023-01-11 12:00:00
253,Winter,2.53,50.31,7.09,592.56,6,0.1,11.71,2023-01-11 13:00:00
254,Winter,3.97,55.08,3.03,792.42,10,0.07,17.0,2023-01-11 14:00:00
255,Winter,9.77,69.77,17.52,595.73,21,0.08,15.42,2023-01-11 15:00:00
256,Winter,-3.55,65.88,3.85,967.7,9,0.11,12.94,2023-01-11 16:00:00
257,Winter,7.85,58.61,14.51,366.32,19,0.09,8.87,2023-01-11 17:00:00
258,Winter,-3.02,39.15,18.5,825.21,6,0.09,20.16,2023-01-11 18:00:00
259,Winter,-4.39,50.96,14.92,150.85,22,0.08,12.28,2023-01-11 19:00:00
260,Winter,5.43,53.33,11.05,641.17,14,0.15,11.95,2023-01-11 20:00:00
261,Winter,-2.69,42.61,6.22,905.35,164,0.16,16.71,2023-01-11 21:00:00
262,Winter,9.12,38.94,0.7,903.99,104,0.23,15.89,2023-01-11 22:00:00
263,Winter,8.6,79.24,13.35,123.51,142,0.28,18.02,2023-01-11 23:00:00
264,Winter,1.58,51.34,0.82,694.0,79,0.15,20.61,2023-01-12 00:00:00
265,Winter,-1.95,38.0,3.75,651.97,185,0.19,14.42,2023-01-12 01:00:00
266,Winter,1.8,65.61,7.22,531.29,165,0.24,18.94,2023-01-12 02:00:00
267,Winter,-0.45,51.11,17.87,292.62,72,0.16,16.95,2023-01-12 03:00:00
268,Winter,1.84,77.83,13.31,719.32,100,0.13,20.21,2023-01-12 04:00:00
269,Winter,-4.06,38.88,0.47,11.09,165,0.14,24.73,2023-01-12 05:00:00
270,Winter,-3.0,43.8,17.72,743.59,56,0.21,17.62,2023-01-12 06:00:00
271,Winter,-1.77,36.03,12.64,209.24,193,0.14,19.06,2023-01-12 07:00:00
272,Winter,3.32,60.55,6.62,873.02,25,0.13,18.69,2023-01-12 08:00:00
273,Winter,2.91,38.08,9.53,329.53,27,0.21,21.94,2023-01-12 09:00:00
274,Winter,4.11,46.52,14.23,890.68,7,0.12,10.71,2023-01-12 10:00:00
275,Winter,4.29,59.05,14.85,117.23,29,0.14,16.66,2023-01-12 11:00:00
276,Winter,2.62,61.98,5.33,997.72,11,0.11,10.5,2023-01-12 12:00:00
277,Winter,0.01,68.79,10.17,179.44,20,0.08,15.3,2023-01-12 13:00:00
278,Winter,-2.21,73.69,6.62,658.91,26,0.14,13.56,2023-01-12 14:00:00
279,Winter,-3.2,47.87,7.63,420.99,30,0.12,22.14,2023-01-12 15:00:00
280,Winter,9.69,30.17,9.89,638.82,17,0.13,15.49,2023-01-12 16:00:00
281,Winter,5.65,44.59,17.58,769.69,30,0.09,16.36,2023-01-12 17:00:00
282,Winter,4.55,38.68,8.45,901.14,19,0.14,10.22,2023-01-12 18:00:00
283,Winter,1.3,33.82,11.8,402.73,26,0.14,14.31,2023-01-12 19:00:00
284,Winter,-3.05,49.38,15.07,728.5,20,0.12,10.76,2023-01-12 20:00:00
285,Winter,7.14,53.95,3.6,790.12,144,0.28,16.92,2023-01-12 21:00:00
286,Winter,2.92,47.95,14.24,303.59,190,0.14,16.35,2023-01-12 22:00:00
287,Winter,3.94,58.29,12.05,406.52,140,0.16,18.28,2023-01-12 23:00:00
288,Winter,-3.07,69.83,19.87,582.78,71,0.29,23.14,2023-01-13 00:00:00
289,Winter,-3.65,53.93,7.17,358.21,156,0.1,21.33,2023-01-13 01:00:00
290,Winter,-4.88,57.53,8.13,584.64,98,0.19,15.64,2023-01-13 02:00:00
291,Winter,8.21,52.02,16.1,73.58,112,0.13,17.45,2023-01-13 03:00:00
292,Winter,-2.85,50.07,4.5,653.58,170,0.27,19.13,2023-01-13 04:00:00
293,Winter,8.99,61.14,9.43,714.52,93,0.12,9.43,2023-01-13 05:00:00
294,Winter,5.54,63.51,17.77,758.99,166,0.16,17.06,2023-01-13 06:00:00
295,Winter,-4.61,52.18,9.49,727.23,197,0.22,24.73,2023-01-13 07:00:00
296,Winter,0.71,33.61,1.62,833.06,30,0.25,16.3,2023-01-13 08:00:00
297,Winter,2.53,69.23,19.58,393.59,28,0.27,13.5,2023-01-13 09:00:00
298,Winter,7.86,74.93,19.16,814.04,9,0.14,17.02,2023-01-13 10:00:00
299,Winter,6.78,63.01,13.19,18.4,21,0.07,18.74,2023-01-13 11:00:00
300,Winter,7.88,66.94,16.99,359.85,18,0.09,16.53,2023-01-13 12:00:00
301,Winter,6.26,37.38,9.9,422.53,16,0.11,15.59,2023-01-13 13:00:00
302,Winter,-2.78,37.91,0.42,958.39,10,0.12,17.5,2023-01-13 14:00:00
303,Winter,8.25,62.73,10.21,859.32,21,0.11,19.25,2023-01-13 15:00:00
304,Winter,4.0,59.02,12.76,573.32,19,0.06,11.08,2023-01-13 16:00:00
305,Winter,4.35,71.13,9.33,966.09,18,0.15,15.73,2023-01-13 17:00:00
306,Winter,9.61,64.79,1.81,943.34,5,0.06,8.45,2023-01-13 18:00:00
307,Winter,-1.43,54.71,16.2,789.32,12,0.08,10.38,2023-01-13 19:00:00
308,Winter,1.14,45.49,5.26,637.34,29,0.13,13.55,2023-01-13 20:00:00
309,Winter,5.28,48.08,5.11,673.83,182,0.28,17.65,2023-01-13 21:00:00
310,Winter,6.58,47.86,7.57,424.21,145,0.2,20.35,2023-01-13 22:00:00
311,Winter,6.11,32.28,19.88,266.47,123,0.12,11.74,2023-01-13 23:00:00
312,Winter,-2.63,50.15,4.98,487.85,153,0.29,16.57,2023-01-14 00:00:00
313,Winter,-1.45,49.49,6.79,740.1,125,0.25,17.46,2023-01-14 01:00:00
314,Winter,6.08,36.63,8.76,782.32,187,0.19,14.82,2023-01-14 02:00:00
315,Winter,5.33,37.99,11.82,715.39,153,0.16,16.39,2023-01-14 03:00:00
316,Winter,-1.29,56.17,19.23,926.05,188,0.23,21.47,2023-01-14 04:00:00
317,Winter,5.61,48.75,0.44,492.87,110,0.16,19.92,2023-01-14 05:00:00
318,Winter,-2.73,44.39,16.91,226.37,96,0.12,19.87,2023-01-14 06:00:00
319,Winter,4.47,52.47,11.24,425.93,176,0.15,20.77,2023-01-14 07:00:00
320,Winter,5.05,34.58,16.16,899.56,14,0.13,11.93,2023-01-14 08:00:00
321,Winter,-1.3,68.24,13.07,24.95,21,0.11,22.13,2023-01-14 09:00:00
322,Winter,4.42,75.27,11.02,676.57,29,0.12,14.44,2023-01-14 10:00:00
323,Winter,-1.71,47.41,15.16,54.58,20,0.07,19.01,2023-01-14 11:00:00
324,Winter,0.94,77.46,6.36,90.13,9,0.08,11.02,2023-01-14 12:00:00
325,Winter,-3.15,35.19,15.16,262.28,24,0.15,19.71,2023-01-14 13:00:00
326,Winter,-0.37,38.6,1.84,100.88,12,0.13,21.84,2023-01-14 14:00:00
327,Winter,9.79,34.02,0.81,913.25,29,0.14,13.84,2023-01-14 15:00:00
328,Winter,-2.5,70.62,5.65,86.02,23,0.11,17.78,2023-01-14 16:00:00
329,Winter,-2.62,45.62,19.06,15.08,24,0.14,23.6,2023-01-14 17:00:00
330,Winter,7.27,50.24,10.92,689.28,18,0.12,16.97,2023-01-14 18:00:00
331,Winter,8.42,38.45,16.18,201.29,27,0.07,9.94,2023-01-14 19:00:00
332,Winter,0.9,57.38,14.44,5.56,22,0.06,19.58,2023-01-14 20:00:00
333,Winter,-4.18,70.98,8.28,869.6,129,0.27,17.61,2023-01-14 21:00:00
334,Winter,4.23,40.54,9.31,989.88,85,0.16,16.17,2023-01-14 22:00:00
335,Winter,-1.81,78.07,12.12,305.89,192,0.11,24.59,2023-01-14 23:00:00
336,Winter,-1.88,44.53,2.79,375.74,96,0.14,12.9,2023-01-15 00:00:00
337,Winter,5.17,42.06,13.93,286.92,140,0.29,15.72,2023-01-15 01:00:00
338,Winter,7.8,50.08,7.43,192.53,103,0.17,11.95,2023-01-15 02:00:00
339,Winter,-4.25,35.63,14.97,361.41,105,0.14,23.57,2023-01-15 03:00:00
340,Winter,2.34,49.57,17.98,921.09,104,0.16,16.48,2023-01-15 04:00:00
341,Winter,9.79,30.44,11.44,391.53,55,0.28,11.56,2023-01-15 05:00:00
342,Winter,0.01,51.31,16.88,768.13,75,0.16,18.5,2023-01-15 06:00:00
343,Winter,2.92,63.09,12.96,84.14,59,0.12,14.03,2023-01-15 07:00:00
344,Winter,3.74,57.59,9.4,884.79,23,0.12,9.79,2023-01-15 08:00:00
345,Winter,6.45,48.8,0.64,111.57,16,0.23,15.38,2023-01-15 09:00:00
346,Winter,1.05,71.59,17.88,964.93,25,0.14,12.45,2023-01-15 10:00:00
347,Winter,9.24,61.69,15.64,131.35,28,0.12,19.01,2023-01-15 11:00:00
348,Winter,5.11,64.4,5.75,832.96,15,0.12,10.67,2023-01-15 12:00:00
349,Winter,1.66,50.21,11.63,183.0,24,0.06,11.12,2023-01-15 13:00:00
350,Winter,-3.03,66.27,11.46,731.2,19,0.06,16.64,2023-01-15 14:00:00
351,Winter,1.92,70.36,17.09,299.08,20,0.11,16.97,2023-01-15 15:00:00
352,Winter,9.53,39.27,1.29,713.82,29,0.12,14.65,2023-01-15 16:00:00
353,Winter,6.47,40.63,4.42,933.34,13,0.09,13.01,2023-01-15 17:00:00
354,Winter,5.5,35.0,10.22,739.04,17,0.11,10.07,2023-01-15 18:00:00
355,Winter,-3.59,54.77,17.32,496.22,23,0.07,17.15,2023-01-15 19:00:00
356,Winter,-0.3,57.82,4.01,113.34,14,0.07,18.69,2023-01-15 20:00:00
357,Winter,4.58,71.16,6.47,658.78,118,0.2,19.34,2023-01-15 21:00:00
358,Winter,4.86,66.41,15.74,462.6,189,0.14,22.04,2023-01-15 22:00:00
359,Winter,0.71,38.39,14.41,408.98,194,0.19,22.08,2023-01-15 23:00:00
360,Winter,3.16,36.28,14.86,707.36,124,0.14,19.35,2023-01-16 00:00:00
361,Winter,-0.37,51.69,6.33,910.24,106,0.17,14.3,2023-01-16 01:00:00
362,Winter,3.81,69.86,18.64,405.6,136,0.16,20.19,2023-01-16 02:00:00
363,Winter,0.93,54.0,12.96,467.35,190,0.3,22.1,2023-01-16 03:00:00
364,Winter,-2.34,49.76,12.69,550.14,136,0.11,16.21,2023-01-16 04:00:00
365,Winter,7.78,71.05,5.93,445.63,185,0.16,18.91,2023-01-16 05:00:00
366,Winter,5.93,42.63,15.83,460.37,53,0.16,16.85,2023-01-16 06:00:00
367,Winter,1.69,53.22,16.8,260.8,92,0.12,17.48,2023-01-16 07:00:00
368,Winter,2.4,66.49,19.1,340.68,15,0.29,15.83,2023-01-16 08:00:00
369,Winter,-2.97,31.9,1.33,25.26,22,0.14,16.76,2023-01-16 09:00:00
370,Winter,-1.98,44.17,16.8,802.74,20,0.14,17.17,2023-01-16 10:00:00
371,Winter,3.78,50.99,18.39,451.89,18,0.09,11.37,2023-01-16 11:00:00
372,Winter,2.25,61.26,9.26,102.18,13,0.07,16.81,2023-01-16 12:00:00
373,Winter,4.15,39.55,18.62,889.76,39,0.08,11.79,2023-01-16 13:00:00
374,Winter,9.74,58.91,0.54,500.71,36,0.12,9.81,2023-01-16 14:00:00
375,Winter,9.25,79.75,9.16,192.56,6,0.1,18.62,2023-01-16 15:00:00
376,Winter,-4.67,62.41,5.19,389.22,5,0.15,14.77,2023-01-16 16:00:00
377,Winter,3.66,32.36,1.44,614.88,47,0.08,16.01,2023-01-16 17:00:00
378,Winter,6.75,54.38,10.39,735.97,12,0.11,8.38,2023-01-16 18:00:00
379,Winter,4.38,69.7,6.63,716.05,26,0.13,15.64,2023-01-16 19:00:00
380,Winter,1.22,76.85,9.1,54.77,33,0.08,20.33,2023-01-16 20:00:00
381,Winter,-1.19,42.95,0.28,830.46,38,0.1,10.68,2023-01-16 21:00:00
382,Winter,-3.37,74.69,18.08,791.5,14,0.18,10.15,2023-01-16 22:00:00
383,Winter,-1.6,67.0,0.48,206.32,36,0.29,19.9,2023-01-16 23:00:00
384,Winter,-0.79,42.82,4.76,6.02,45,0.13,15.2,2023-01-17 00:00:00
385,Winter,4.78,51.28,1.76,32.51,37,0.12,11.63,2023-01-17 01:00:00
386,Winter,-2.23,72.92,15.66,944.55,10,0.3,16.5,2023-01-17 02:00:00
387,Winter,8.75,38.03,10.13,222.55,13,0.25,9.84,2023-01-17 03:00:00
388,Winter,2.5,59.02,1.24,372.46,20,0.17,15.46,2023-01-17 04:00:00
389,Winter,-2.33,75.39,12.31,651.26,34,0.25,15.37,2023-01-17 05:00:00
390,Winter,-0.3,66.71,4.68,516.37,9,0.27,18.47,2023-01-17 06:00:00
391,Winter,3.27,72.34,0.72,81.42,20,0.2,17.97,2023-01-17 07:00:00
392,Winter,-3.24,34.37,5.46,168.32,32,0.18,13.82,2023-01-17 08:00:00
393,Winter,1.02,67.92,12.97,22.96,39,0.21,16.73,2023-01-17 09:00:00
394,Winter,0.45,57.75,8.76,112.9,6,0.12,20.74,2023-01-17 10:00:00
395,Winter,6.2,45.89,13.78,867.94,48,0.06,18.9,2023-01-17 11:00:00
396,Winter,-4.46,41.46,7.31,624.22,26,0.13,21.94,2023-01-17 12:00:00
397,Winter,9.75,76.47,2.29,607.05,18,0.12,11.03,2023-01-17 13:00:00
398,Winter,-1.79,41.08,14.71,709.93,35,0.1,15.86,2023-01-17 14:00:00
399,Winter,-3.75,37.04,5.02,592.23,14,0.06,13.21,2023-01-17 15:00:00
400,Winter,-3.25,47.07,0.37,221.4,13,0.06,18.87,2023-01-17 16:00:00
401,Winter,-4.75,72.75,14.09,345.95,15,0.1,15.85,2023-01-17 17:00:00
402,Winter,-0.68,30.13,1.91,55.0,46,0.08,14.27,2023-01-17 18:00:00
403,Winter,4.56,52.71,0.93,221.7,50,0.08,14.88,2023-01-17 19:00:00
404,Winter,1.6,62.11,2.54,1.41,23,0.05,11.73,2023-01-17 20:00:00
405,Winter,-1.36,50.65,4.87,265.56,24,0.1,11.39,2023-01-17 21:00:00
406,Winter,2.3,38.78,9.39,552.44,37,0.17,10.56,2023-01-17 22:00:00
407,Winter,1.81,30.87,10.25,609.91,37,0.17,17.92,2023-01-17 23:00:00
408,Winter,-3.28,72.36,5.32,46.96,27,0.19,13.51,2023-01-18 00:00:00
409,Winter,-2.56,59.32,14.41,576.86,43,0.16,22.07,2023-01-18 01:00:00
410,Winter,9.82,64.04,3.85,334.91,22,0.16,8.78,2023-01-18 02:00:00
411,Winter,5.37,65.67,4.02,157.15,29,0.17,17.99,2023-01-18 03:00:00
412,Winter,7.08,42.49,0.32,24.9,28,0.14,21.18,2023-01-18 04:00:00
413,Winter,3.59,51.1,3.71,655.01,31,0.17,12.19,2023-01-18 05:00:00
414,Winter,9.38,73.1,10.55,410.75,45,0.18,10.38,2023-01-18 06:00:00
415,Winter,1.35,71.81,17.36,440.27,24,0.21,12.62,2023-01-18 07:00:00
416,Winter,9.44,57.59,7.96,850.92,16,0.25,13.22,2023-01-18 08:00:00
417,Winter,2.97,78.43,19.12,658.8,23,0.29,11.66,2023-01-18 09:00:00
418,Winter,2.76,78.23,14.48,359.33,12,0.08,15.57,2023-01-18 10:00:00
419,Winter,-3.4,31.06,0.35,915.26,24,0.15,10.41,2023-01-18 11:00:00
420,Winter,9.72,46.48,15.81,9.5,28,0.05,14.32,2023-01-18 12:00:00
421,Winter,2.62,38.83,9.52,764.71,14,0.13,17.27,2023-01-18 13:00:00
422,Winter,1.29,64.56,12.74,691.27,15,0.07,14.27,2023-01-18 14:00:00
423,Winter,9.64,54.56,4.86,933.32,16,0.08,12.1,2023-01-18 15:00:00
424,Winter,3.97,60.64,5.4,261.21,23,0.1,11.8,2023-01-18 16:00:00
425,Winter,1.14,69.27,16.15,341.66,6,0.14,19.33,2023-01-18 17:00:00
426,Winter,5.51,71.11,8.91,868.88,27,0.1,18.03,2023-01-18 18:00:00
427,Winter,-2.73,45.21,2.86,437.56,25,0.06,14.73,2023-01-18 19:00:00
428,Winter,-2.12,75.59,4.97,807.84,27,0.06,16.6,2023-01-18 20:00:00
429,Winter,-4.71,59.67,2.33,556.64,80,0.28,20.69,2023-01-18 21:00:00
430,Winter,-2.95,34.6,16.1,999.88,159,0.24,17.21,2023-01-18 22:00:00
431,Winter,2.06,69.5,15.11,577.3,126,0.25,22.4,2023-01-18 23:00:00
432,Winter,-4.28,43.79,19.54,634.76,72,0.29,17.87,2023-01-19 00:00:00
433,Winter,7.09,35.72,10.81,859.29,103,0.2,12.17,2023-01-19 01:00:00
434,Winter,5.57,34.55,12.99,848.72,89,0.18,13.53,2023-01-19 02:00:00
435,Winter,-1.24,74.84,18.08,344.43,60,0.15,14.0,2023-01-19 03:00:00
436,Winter,2.22,51.14,7.93,431.7,176,0.28,15.58,2023-01-19 04:00:00
437,Winter,3.72,40.51,15.62,152.69,174,0.14,15.67,2023-01-19 05:00:00
438,Winter,8.58,34.63,16.63,275.22,145,0.25,16.05,2023-01-19 06:00:00
439,Winter,0.63,76.28,15.33,991.38,170,0.23,17.01,2023-01-19 07:00:00
440,Winter,-1.26,52.81,11.35,416.22,19,0.25,20.96,2023-01-19 08:00:00
441,Winter,5.51,60.17,11.23,344.27,30,0.14,11.46,2023-01-19 09:00:00
442,Winter,-4.1,73.17,7.58,252.19,8,0.12,18.04,2023-01-19 10:00:00
443,Winter,9.24,68.43,6.33,597.71,21,0.14,9.69,2023-01-19 11:00:00
444,Winter,-0.65,78.92,8.2,326.37,10,0.09,17.33,2023-01-19 12:00:00
445,Winter,-1.11,32.98,5.4,225.25,13,0.14,11.07,2023-01-19 13:00:00
446,Winter,3.61,40.62,15.74,191.82,7,0.12,10.83,2023-01-19 14:00:00
447,Winter,-0.03,61.94,6.73,905.16,16,0.05,11.11,2023-01-19 15:00:00
448,Winter,9.28,54.45,19.87,146.75,18,0.07,12.7,2023-01-19 16:00:00
449,Winter,8.88,46.87,11.63,765.98,30,0.06,17.75,2023-01-19 17:00:00
450,Winter,7.71,39.97,4.26,949.51,21,0.12,15.02,2023-01-19 18:00:00
451,Winter,-2.04,39.97,18.12,383.47,17,0.08,17.33,2023-01-19 19:00:00
452,Winter,5.9,33.95,11.9,374.63,22,0.08,20.25,2023-01-19 20:00:00
453,Winter,3.48,60.95,2.54,635.53,165,0.13,21.08,2023-01-19 21:00:00
454,Winter,6.28,49.1,18.81,419.18,145,0.1,16.78,2023-01-19 22:00:00
455,Winter,5.36,60.0,18.24,42.46,153,0.12,21.03,2023-01-19 23:00:00
456,Winter,8.43,41.68,4.66,36.6,68,0.25,21.39,2023-01-20 00:00:00
457,Winter,-3.47,79.37,2.3,26.09,124,0.24,16.79,2023-01-20 01:00:00
458,Winter,-2.58,45.16,18.47,587.95,114,0.1,21.69,2023-01-20 02:00:00
459,Winter,0.89,44.28,5.18,940.6,53,0.27,12.68,2023-01-20 03:00:00
460,Winter,5.54,52.36,4.63,933.93,105,0.16,15.09,2023-01-20 04:00:00
461,Winter,6.36,40.09,4.08,181.02,139,0.27,22.55,2023-01-20 05:00:00
462,Winter,0.03,70.27,2.28,169.67,174,0.3,26.14,2023-01-20 06:00:00
463,Winter,-0.5,41.71,17.68,533.88,89,0.26,13.65,2023-01-20 07:00:00
464,Winter,0.16,58.72,1.25,508.92,27,0.18,18.69,2023-01-20 08:00:00
465,Winter,-4.44,35.7,3.49,512.09,15,0.29,12.43,2023-01-20 09:00:00
466,Winter,-3.1,74.05,8.52,199.48,20,0.07,11.93,2023-01-20 10:00:00
467,Winter,2.89,40.12,2.92,157.81,18,0.06,20.27,2023-01-20 11:00:00
468,Winter,3.85,62.91,7.51,263.15,20,0.13,19.33,2023-01-20 12:00:00
469,Winter,3.13,45.33,2.97,760.01,19,0.08,14.96,2023-01-20 13:00:00
470,Winter,0.14,46.71,8.34,426.12,23,0.06,15.44,2023-01-20 14:00:00
471,Winter,4.59,58.02,2.59,483.47,13,0.12,13.2,2023-01-20 15:00:00
472,Winter,-0.3,57.69,7.02,858.18,10,0.14,12.53,2023-01-20 16:00:00
473,Winter,-1.41,47.2,11.01,170.83,24,0.06,15.56,2023-01-20 17:00:00
474,Winter,6.25,67.91,0.17,127.0,11,0.06,13.89,2023-01-20 18:00:00
475,Winter,-1.58,30.78,15.66,927.84,5,0.08,19.88,2023-01-20 19:00:00
476,Winter,6.61,44.69,13.57,369.06,6,0.07,10.4,2023-01-20 20:00:00
477,Winter,0.24,71.0,19.38,585.76,119,0.21,16.28,2023-01-20 21:00:00
478,Winter,-1.23,67.34,19.82,531.85,167,0.28,16.08,2023-01-20 22:00:00
479,Winter,-0.06,68.32,18.19,721.7,158,0.15,21.71,2023-01-20 23:00:00
480,Winter,3.72,78.81,15.21,814.02,77,0.24,16.02,2023-01-21 00:00:00
481,Winter,-3.14,31.04,8.55,992.43,137,0.22,13.25,2023-01-21 01:00:00
482,Winter,3.6,44.16,17.17,654.52,130,0.1,20.71,2023-01-21 02:00:00
483,Winter,-3.1,60.36,13.17,658.28,185,0.23,21.19,2023-01-21 03:00:00
484,Winter,3.26,30.76,19.0,374.93,67,0.21,13.5,2023-01-21 04:00:00
485,Winter,-2.69,52.39,18.38,633.62,172,0.23,24.37,2023-01-21 05:00:00
486,Winter,3.78,46.43,11.76,580.0,152,0.14,22.99,2023-01-21 06:00:00
487,Winter,-1.56,53.15,3.99,236.83,142,0.14,20.84,2023-01-21 07:00:00
488,Winter,-3.35,41.13,9.43,801.38,14,0.16,20.7,2023-01-21 08:00:00
489,Winter,1.51,65.25,17.6,754.92,30,0.29,18.25,2023-01-21 09:00:00
490,Winter,5.17,72.98,8.62,96.44,7,0.06,21.07,2023-01-21 10:00:00
491,Winter,4.14,48.55,4.76,528.89,30,0.1,15.04,2023-01-21 11:00:00
492,Winter,9.06,31.67,7.72,526.09,22,0.06,13.0,2023-01-21 12:00:00
493,Spring,13.92,32.45,15.14,171.53,5,0.13,12.85,2023-01-21 13:00:00
494,Spring,13.99,79.97,6.32,780.67,30,0.11,7.9,2023-01-21 14:00:00
495,Spring,13.52,30.67,12.02,410.2,21,0.1,8.8,2023-01-21 15:00:00
496,Spring,11.51,71.31,17.34,613.25,5,0.11,6.24,2023-01-21 16:00:00
497,Spring,12.64,55.9,8.43,932.43,12,0.07,4.96,2023-01-21 17:00:00
498,Spring,12.24,60.29,11.83,947.51,5,0.08,6.52,2023-01-21 18:00:00
499,Spring,10.9,70.38,0.97,35.66,27,0.09,7.94,2023-01-21 19:00:00
500,Spring,13.11,50.03,13.59,868.18,30,0.11,4.35,2023-01-21 20:00:00
501,Spring,15.92,70.15,2.49,315.91,165,0.3,12.44,2023-01-21 21:00:00
502,Spring,15.29,77.84,11.54,90.57,107,0.15,11.15,2023-01-21 22:00:00
503,Spring,13.95,35.77,5.61,868.38,121,0.2,7.6,2023-01-21 23:00:00
504,Spring,17.48,70.1,0.7,200.12,102,0.16,11.1,2023-01-22 00:00:00
505,Spring,19.55,53.0,1.96,28.5,152,0.28,16.26,2023-01-22 01:00:00
506,Spring,14.08,75.01,7.62,204.33,199,0.15,17.07,2023-01-22 02:00:00
507,Spring,19.92,39.4,18.03,568.92,125,0.25,9.13,2023-01-22 03:00:00
508,Spring,15.28,57.1,10.42,964.05,127,0.28,14.61,2023-01-22 04:00:00
509,Spring,13.93,44.36,1.72,778.49,108,0.12,6.18,2023-01-22 05:00:00
510,Spring,15.44,58.87,8.85,771.42,172,0.13,16.49,2023-01-22 06:00:00
511,Spring,13.6,60.63,10.78,625.89,128,0.16,15.74,2023-01-22 07:00:00
512,Spring,11.87,32.73,8.95,1.41,16,0.19,12.52,2023-01-22 08:00:00
513,Spring,19.71,66.42,4.92,723.58,7,0.27,8.7,2023-01-22 09:00:00
514,Spring,16.7,52.52,0.18,365.61,27,0.11,13.55,2023-01-22 10:00:00
515,Spring,17.43,67.43,17.84,37.87,22,0.13,13.18,2023-01-22 11:00:00
516,Spring,19.78,33.31,19.39,149.96,24,0.06,15.02,2023-01-22 12:00:00
517,Spring,17.11,78.56,11.51,787.46,20,0.1,6.11,2023-01-22 13:00:00
518,Spring,16.83,73.15,16.33,901.2,30,0.11,12.4,2023-01-22 14:00:00
519,Spring,16.76,59.89,8.36,645.92,8,0.09,10.67,2023-01-22 15:00:00
520,Spring,16.36,57.67,0.12,97.8,17,0.06,11.19,2023-01-22 16:00:00
521,Spring,11.76,72.58,16.12,125.2,7,0.05,13.48,2023-01-22 17:00:00
522,Spring,15.52,48.65,4.11,682.53,23,0.1,6.51,2023-01-22 18:00:00
523,Spring,10.36,46.37,16.86,927.56,12,0.12,10.19,2023-01-22 19:00:00
524,Spring,14.88,44.94,9.36,912.67,11,0.06,4.24,2023-01-22 20:00:00
525,Spring,19.19,46.08,13.2,145.61,145,0.28,9.12,2023-01-22 21:00:00
526,Spring,18.55,46.08,5.62,623.83,193,0.29,8.84,2023-01-22 22:00:00
527,Spring,11.05,35.2,3.97,435.62,53,0.16,9.81,2023-01-22 23:00:00
528,Spring,17.26,56.51,11.82,582.92,191,0.19,10.32,2023-01-23 00:00:00
529,Spring,11.41,53.87,18.91,216.33,55,0.12,15.68,2023-01-23 01:00:00
530,Spring,11.97,39.69,4.55,404.41,117,0.23,15.87,2023-01-23 02:00:00
531,Spring,11.76,66.56,18.17,539.51,177,0.28,16.36,2023-01-23 03:00:00
532,Spring,13.32,32.89,1.37,73.06,162,0.17,17.7,2023-01-23 04:00:00
533,Spring,19.76,31.67,18.6,287.14,90,0.28,15.88,2023-01-23 05:00:00
534,Spring,17.41,63.07,3.51,333.31,54,0.2,14.97,2023-01-23 06:00:00
535,Spring,13.8,38.83,4.04,644.77,130,0.22,8.45,2023-01-23 07:00:00
536,Spring,10.12,51.7,1.56,620.73,30,0.22,6.98,2023-01-23 08:00:00
537,Spring,11.63,48.21,20.0,523.98,21,0.13,13.37,2023-01-23 09:00:00
538,Spring,13.5,44.56,2.76,832.32,9,0.12,5.74,2023-01-23 10:00:00
539,Spring,18.08,31.37,4.28,601.65,25,0.09,6.03,2023-01-23 11:00:00
540,Spring,11.45,75.69,19.31,154.13,21,0.13,7.28,2023-01-23 12:00:00
541,Spring,12.53,30.33,2.16,944.78,5,0.14,11.16,2023-01-23 13:00:00
542,Spring,12.47,48.36,5.82,220.45,30,0.08,9.16,2023-01-23 14:00:00
543,Spring,12.18,37.99,16.99,267.5,8,0.13,9.6,2023-01-23 15:00:00
544,Spring,17.53,54.69,1.45,540.96,39,0.11,12.12,2023-01-23 16:00:00
545,Spring,13.37,38.05,14.38,958.94,32,0.1,4.77,2023-01-23 17:00:00
546,Spring,12.16,35.21,1.02,762.41,12,0.08,5.81,2023-01-23 18:00:00
547,Spring,18.75,68.55,17.41,291.66,29,0.05,10.71,2023-01-23 19:00:00
548,Spring,16.53,31.07,4.28,126.17,8,0.11,12.43,2023-01-23 20:00:00
549,Spring,12.08,39.95,13.98,860.07,32,0.12,6.18,2023-01-23 21:00:00
550,Spring,14.4,51.09,4.83,848.65,50,0.13,8.35,2023-01-23 22:00:00
551,Spring,16.27,40.89,6.54,746.71,50,0.25,9.65,2023-01-23 23:00:00
552,Spring,17.84,74.88,14.5,741.03,13,0.24,12.42,2023-01-24 00:00:00
553,Spring,12.31,51.14,18.09,238.44,28,0.22,8.57,2023-01-24 01:00:00
554,Spring,12.61,56.48,0.75,985.44,42,0.19,13.89,2023-01-24 02:00:00
555,Spring,13.47,30.99,17.46,83.6,18,0.11,11.65,2023-01-24 03:00:00
556,Spring,17.27,74.41,6.7,213.66,41,0.17,10.36,2023-01-24 04:00:00
557,Spring,12.71,72.05,19.98,593.1,39,0.29,8.3,2023-01-24 05:00:00
558,Spring,11.46,68.78,10.51,244.53,37,0.26,11.86,2023-01-24 06:00:00
559,Spring,12.48,39.99,16.28,568.69,23,0.16,9.97,2023-01-24 07:00:00
560,Spring,12.26,75.23,16.45,798.97,14,0.11,12.39,2023-01-24 08:00:00
561,Spring,10.54,71.16,14.44,592.49,24,0.28,13.43,2023-01-24 09:00:00
562,Spring,13.21,31.77,0.27,869.44,47,0.11,12.86,2023-01-24 10:00:00
563,Spring,18.3,43.89,0.85,644.61,10,0.06,13.49,2023-01-24 11:00:00
564,Spring,11.45,36.66,4.7,996.09,26,0.11,3.87,2023-01-24 12:00:00
565,Spring,17.1,32.08,14.38,477.87,41,0.11,11.32,2023-01-24 13:00:00
566,Spring,19.34,30.02,10.11,578.03,27,0.1,11.81,2023-01-24 14:00:00
567,Spring,12.61,68.5,17.62,281.57,11,0.08,6.87,2023-01-24 15:00:00
568,Spring,18.17,37.44,10.52,758.98,50,0.11,8.79,2023-01-24 16:00:00
569,Spring,13.19,47.8,17.8,532.16,8,0.11,6.18,2023-01-24 17:00:00
570,Spring,13.45,53.37,8.43,764.95,35,0.08,9.39,2023-01-24 18:00:00
571,Spring,10.62,53.92,13.1,142.86,48,0.05,6.23,2023-01-24 19:00:00
572,Spring,19.75,43.4,18.94,179.57,26,0.14,12.35,2023-01-24 20:00:00
573,Spring,14.07,41.86,14.55,317.88,28,0.19,7.34,2023-01-24 21:00:00
574,Spring,10.19,44.75,14.75,273.14,28,0.22,8.76,2023-01-24 22:00:00
575,Spring,18.4,39.0,12.12,264.06,6,0.18,12.15,2023-01-24 23:00:00
576,Spring,12.24,72.77,5.61,612.7,43,0.21,10.23,2023-01-25 00:00:00
577,Spring,14.4,30.19,9.68,823.02,31,0.29,11.1,2023-01-25 01:00:00
578,Spring,19.03,79.54,16.74,500.13,49,0.22,10.17,2023-01-25 02:00:00
579,Spring,13.87,73.96,12.12,986.9,23,0.28,3.59,2023-01-25 03:00:00
580,Spring,11.22,66.94,13.7,757.97,5,0.27,6.63,2023-01-25 04:00:00
581,Spring,15.73,63.3,17.14,418.43,39,0.1,10.46,2023-01-25 05:00:00
582,Spring,11.71,76.94,9.02,593.56,48,0.24,7.19,2023-01-25 06:00:00
583,Spring,15.38,67.43,15.38,886.96,11,0.25,3.79,2023-01-25 07:00:00
584,Spring,17.59,56.28,18.77,226.46,32,0.27,8.49,2023-01-25 08:00:00
585,Spring,19.08,52.77,16.49,594.06,45,0.21,10.82,2023-01-25 09:00:00
586,Spring,16.3,62.58,7.96,400.78,20,0.08,12.14,2023-01-25 10:00:00
587,Spring,19.22,59.38,0.54,780.12,11,0.09,4.64,2023-01-25 11:00:00
588,Spring,15.11,40.59,19.48,199.39,18,0.07,9.13,2023-01-25 12:00:00
589,Spring,17.74,60.44,12.39,821.68,22,0.07,13.86,2023-01-25 13:00:00
590,Spring,16.1,79.31,1.47,122.87,6,0.08,5.35,2023-01-25 14:00:00
591,Spring,14.83,53.88,2.89,721.28,15,0.14,4.57,2023-01-25 15:00:00
592,Spring,10.64,40.83,3.89,272.07,21,0.07,14.08,2023-01-25 16:00:00
593,Spring,14.22,43.29,16.16,655.38,28,0.11,7.14,2023-01-25 17:00:00
594,Spring,12.68,43.68,1.65,86.24,22,0.13,15.17,2023-01-25 18:00:00
595,Spring,19.32,41.86,0.74,197.94,27,0.09,14.74,2023-01-25 19:00:00
596,Spring,11.7,71.54,10.03,175.15,23,0.1,5.83,2023-01-25 20:00:00
597,Spring,13.13,52.43,15.3,113.38,71,0.26,14.89,2023-01-25 21:00:00
598,Spring,15.6,62.97,9.92,349.95,65,0.11,10.27,2023-01-25 22:00:00
599,Spring,11.17,50.77,0.97,76.68,116,0.15,16.07,2023-01-25 23:00:00
600,Spring,11.77,46.38,13.14,907.34,56,0.29,7.8,2023-01-26 00:00:00
601,Spring,15.81,50.3,13.32,978.17,95,0.26,11.53,2023-01-26 01:00:00
602,Spring,14.74,73.05,4.78,229.55,114,0.23,16.9,2023-01-26 02:00:00
603,Spring,18.56,47.71,2.46,849.21,102,0.18,11.76,2023-01-26 03:00:00
604,Spring,13.26,75.87,11.38,415.03,97,0.2,7.63,2023-01-26 04:00:00
605,Spring,19.14,64.27,5.71,862.71,129,0.14,9.81,2023-01-26 05:00:00
606,Spring,19.23,33.0,1.82,52.65,122,0.23,9.11,2023-01-26 06:00:00
607,Spring,15.24,49.97,5.65,408.55,134,0.1,10.96,2023-01-26 07:00:00
608,Spring,15.77,59.67,16.33,772.17,8,0.23,7.35,2023-01-26 08:00:00
609,Spring,15.46,48.34,8.97,304.99,7,0.1,12.27,2023-01-26 09:00:00
610,Spring,12.45,46.16,13.83,496.1,12,0.06,7.05,2023-01-26 10:00:00
611,Spring,16.47,64.79,19.0,768.65,21,0.11,5.12,2023-01-26 11:00:00
612,Spring,16.94,75.27,8.86,543.33,21,0.06,12.62,2023-01-26 12:00:00
613,Spring,18.61,72.84,16.73,474.21,12,0.11,7.02,2023-01-26 13:00:00
614,Spring,13.93,57.85,7.67,627.74,17,0.11,13.57,2023-01-26 14:00:00
615,Spring,14.33,63.69,4.73,314.69,13,0.15,7.8,2023-01-26 15:00:00
616,Spring,18.28,49.08,4.45,153.24,11,0.1,10.95,2023-01-26 16:00:00
617,Spring,17.75,65.11,2.49,615.95,22,0.07,13.38,2023-01-26 17:00:00
618,Spring,15.22,76.1,12.45,963.63,29,0.1,6.11,2023-01-26 18:00:00
619,Spring,10.08,39.36,14.55,964.84,27,0.13,9.73,2023-01-26 19:00:00
620,Spring,12.4,68.33,11.31,606.28,9,0.09,13.72,2023-01-26 20:00:00
621,Spring,11.65,68.57,5.88,501.32,83,0.22,14.24,2023-01-26 21:00:00
622,Spring,18.59,77.44,11.15,210.63,184,0.28,13.21,2023-01-26 22:00:00
623,Spring,19.2,63.61,17.5,816.79,128,0.19,6.85,2023-01-26 23:00:00
624,Spring,16.7,52.83,11.88,938.8,144,0.28,10.02,2023-01-27 00:00:00
625,Spring,13.66,73.86,4.04,37.06,125,0.22,15.63,2023-01-27 01:00:00
626,Spring,17.58,48.94,16.77,54.67,97,0.14,12.15,2023-01-27 02:00:00
627,Spring,17.56,72.85,10.07,271.34,148,0.28,17.2,2023-01-27 03:00:00
628,Spring,18.64,57.68,10.19,411.53,51,0.19,11.98,2023-01-27 04:00:00
629,Spring,11.83,36.02,19.79,698.51,186,0.27,12.01,2023-01-27 05:00:00
630,Spring,16.58,49.06,11.07,638.68,137,0.15,14.15,2023-01-27 06:00:00
631,Spring,14.4,47.78,6.88,165.43,140,0.28,10.72,2023-01-27 07:00:00
632,Spring,13.86,45.51,19.84,925.36,27,0.14,11.09,2023-01-27 08:00:00
633,Spring,17.68,73.53,8.35,597.87,21,0.18,10.64,2023-01-27 09:00:00
634,Spring,17.26,72.25,6.57,907.16,25,0.1,12.6,2023-01-27 10:00:00
635,Spring,17.77,62.64,19.71,100.02,23,0.09,12.42,2023-01-27 11:00:00
636,Spring,14.12,55.8,0.22,226.39,19,0.14,7.43,2023-01-27 12:00:00
637,Spring,14.09,46.39,2.71,93.53,28,0.09,11.69,2023-01-27 13:00:00
638,Spring,18.27,32.95,0.8,4.61,7,0.06,8.12,2023-01-27 14:00:00
639,Spring,12.5,32.81,3.39,465.54,21,0.15,10.93,2023-01-27 15:00:00
640,Spring,19.61,57.84,11.09,390.6,7,0.11,12.72,2023-01-27 16:00:00
641,Spring,10.46,62.43,2.0,112.01,14,0.15,13.42,2023-01-27 17:00:00
642,Spring,19.32,78.18,13.31,767.58,14,0.1,7.68,2023-01-27 18:00:00
643,Spring,17.13,37.31,2.32,933.75,21,0.05,4.97,2023-01-27 19:00:00
644,Spring,10.92,53.81,9.77,512.33,13,0.09,8.87,2023-01-27 20:00:00
645,Spring,14.68,46.67,16.76,749.03,92,0.12,10.67,2023-01-27 21:00:00
646,Spring,17.78,58.93,18.41,654.91,196,0.29,8.44,2023-01-27 22:00:00
647,Spring,19.64,67.04,13.64,656.72,120,0.15,12.29,2023-01-27 23:00:00
648,Spring,19.93,66.57,8.06,570.89,158,0.19,10.65,2023-01-28 00:00:00
649,Spring,16.15,30.86,2.09,276.27,114,0.23,11.5,2023-01-28 01:00:00
650,Spring,15.78,77.92,5.97,765.14,178,0.16,14.83,2023-01-28 02:00:00
651,Spring,12.55,66.53,14.96,91.05,79,0.27,11.37,2023-01-28 03:00:00
652,Spring,14.89,75.21,9.74,289.59,53,0.11,11.0,2023-01-28 04:00:00
653,Spring,14.48,36.94,0.92,889.35,67,0.25,11.39,2023-01-28 05:00:00
654,Spring,15.89,38.61,18.43,42.45,121,0.29,9.9,2023-01-28 06:00:00
655,Spring,11.41,51.29,19.92,348.89,125,0.12,7.24,2023-01-28 07:00:00
656,Spring,12.19,67.29,19.77,182.3,6,0.27,5.22,2023-01-28 08:00:00
657,Spring,14.57,67.18,16.71,846.71,8,0.18,12.38,2023-01-28 09:00:00
658,Spring,14.39,63.35,10.26,817.58,25,0.12,8.81,2023-01-28 10:00:00
659,Spring,16.69,78.14,10.34,15.1,7,0.07,12.81,2023-01-28 11:00:00
660,Spring,11.22,47.2,1.63,848.51,19,0.06,13.46,2023-01-28 12:00:00
661,Spring,15.89,34.13,2.51,45.87,5,0.09,15.1,2023-01-28 13:00:00
662,Spring,18.58,33.47,19.05,230.95,16,0.07,7.07,2023-01-28 14:00:00
663,Spring,12.7,71.61,19.44,360.62,12,0.05,6.79,2023-01-28 15:00:00
664,Spring,18.86,47.76,8.13,39.2,18,0.11,8.51,2023-01-28 16:00:00
665,Spring,15.99,45.66,5.94,141.94,21,0.05,13.76,2023-01-28 17:00:00
666,Spring,10.74,67.38,5.8,907.46,6,0.06,11.79,2023-01-28 18:00:00
667,Spring,17.17,47.01,4.6,11.56,27,0.1,12.37,2023-01-28 19:00:00
668,Spring,11.44,69.52,11.62,984.12,18,0.14,4.95,2023-01-28 20:00:00
669,Spring,16.17,66.82,9.85,697.98,191,0.2,14.07,2023-01-28 21:00:00
670,Spring,19.76,65.05,2.9,687.58,197,0.27,7.83,2023-01-28 22:00:00
671,Spring,17.79,74.01,12.76,12.92,62,0.24,8.0,2023-01-28 23:00:00
672,Spring,13.01,31.35,11.73,450.94,56,0.22,5.5,2023-01-29 00:00:00
673,Spring,12.26,69.59,7.63,206.54,91,0.17,14.3,2023-01-29 01:00:00
674,Spring,14.05,37.65,9.4,9.06,107,0.25,11.19,2023-01-29 02:00:00
675,Spring,17.53,36.15,14.72,646.39,124,0.19,9.79,2023-01-29 03:00:00
676,Spring,13.04,73.21,12.24,222.72,162,0.12,14.69,2023-01-29 04:00:00
677,Spring,17.52,48.24,14.65,10.27,188,0.12,11.15,2023-01-29 05:00:00
678,Spring,16.82,52.2,7.15,691.76,109,0.17,12.23,2023-01-29 06:00:00
679,Spring,15.87,39.73,12.76,867.55,158,0.25,6.87,2023-01-29 07:00:00
680,Spring,18.63,69.49,3.36,131.88,11,0.29,9.46,2023-01-29 08:00:00
681,Spring,18.28,70.95,8.86,550.3,6,0.24,11.11,2023-01-29 09:00:00
682,Spring,10.51,50.27,4.65,832.38,19,0.06,8.13,2023-01-29 10:00:00
683,Spring,19.31,48.69,7.97,578.12,7,0.12,13.83,2023-01-29 11:00:00
684,Spring,13.25,50.19,7.12,578.89,18,0.13,10.97,2023-01-29 12:00:00
685,Spring,16.4,70.96,17.03,630.66,29,0.12,12.72,2023-01-29 13:00:00
686,Spring,12.48,42.55,9.16,122.64,24,0.07,12.78,2023-01-29 14:00:00
687,Spring,11.96,73.57,17.35,358.66,23,0.14,6.02,2023-01-29 15:00:00
688,Spring,10.39,61.93,7.72,217.37,29,0.12,11.61,2023-01-29 16:00:00
689,Spring,17.82,77.42,11.04,293.48,6,0.15,5.91,2023-01-29 17:00:00
690,Spring,11.77,41.07,9.02,522.64,8,0.14,6.09,2023-01-29 18:00:00
691,Spring,11.25,67.41,11.96,54.3,11,0.13,11.38,2023-01-29 19:00:00
692,Spring,19.02,60.25,12.96,991.05,10,0.14,5.7,2023-01-29 20:00:00
693,Spring,11.27,37.4,13.56,321.11,111,0.16,9.41,2023-01-29 21:00:00
694,Spring,16.9,72.64,18.55,222.41,76,0.24,7.51,2023-01-29 22:00:00
695,Spring,10.17,53.15,0.7,850.94,156,0.17,10.65,2023-01-29 23:00:00
696,Spring,12.41,63.33,15.09,32.54,74,0.29,12.55,2023-01-30 00:00:00
697,Spring,12.54,66.56,3.14,905.19,73,0.24,11.0,2023-01-30 01:00:00
698,Spring,11.86,43.1,7.6,730.75,175,0.29,16.13,2023-01-30 02:00:00
699,Spring,15.42,71.18,2.01,341.16,145,0.11,16.52,2023-01-30 03:00:00
700,Spring,15.04,76.29,17.88,239.0,61,0.29,7.63,2023-01-30 04:00:00
701,Spring,15.61,74.5,1.85,151.29,170,0.2,9.0,2023-01-30 05:00:00
702,Spring,11.5,50.54,0.26,244.35,132,0.28,13.21,2023-01-30 06:00:00
703,Spring,10.67,58.14,8.0,380.11,150,0.14,11.69,2023-01-30 07:00:00
704,Spring,19.52,40.39,19.13,672.49,23,0.19,12.56,2023-01-30 08:00:00
705,Spring,17.93,55.29,10.16,818.48,14,0.12,12.57,2023-01-30 09:00:00
706,Spring,15.53,55.6,17.39,215.81,20,0.14,9.15,2023-01-30 10:00:00
707,Spring,11.49,42.05,12.91,401.04,7,0.13,10.35,2023-01-30 11:00:00
708,Spring,18.96,56.3,16.27,806.22,11,0.13,12.7,2023-01-30 12:00:00
709,Spring,18.01,63.33,6.41,485.3,47,0.06,10.56,2023-01-30 13:00:00
710,Spring,15.97,64.84,5.7,861.88,39,0.12,10.41,2023-01-30 14:00:00
711,Spring,16.93,77.9,13.87,715.54,9,0.13,10.17,2023-01-30 15:00:00
712,Spring,15.64,38.83,10.93,221.07,20,0.08,13.96,2023-01-30 16:00:00
713,Spring,19.65,53.8,9.66,636.24,14,0.14,10.45,2023-01-30 17:00:00
714,Spring,10.38,69.78,8.26,567.75,37,0.08,4.75,2023-01-30 18:00:00
715,Spring,11.06,78.74,11.05,999.92,40,0.05,8.22,2023-01-30 19:00:00
716,Spring,17.85,75.16,3.16,595.78,27,0.09,12.27,2023-01-30 20:00:00
717,Spring,18.45,33.87,2.62,320.31,40,0.21,7.45,2023-01-30 21:00:00
718,Spring,15.07,41.6,2.0,430.54,29,0.18,5.81,2023-01-30 22:00:00
719,Spring,15.4,68.62,14.42,780.59,46,0.3,11.65,2023-01-30 23:00:00
720,Spring,17.02,60.55,3.52,438.45,9,0.12,6.73,2023-01-31 00:00:00
721,Spring,18.61,54.91,19.0,125.34,28,0.29,9.68,2023-01-31 01:00:00
722,Spring,18.12,43.53,9.95,305.12,13,0.15,13.44,2023-01-31 02:00:00
723,Spring,17.61,55.99,16.79,698.46,19,0.19,9.4,2023-01-31 03:00:00
724,Spring,10.46,76.48,10.96,240.14,32,0.15,13.88,2023-01-31 04:00:00
725,Spring,10.64,79.44,4.77,714.5,11,0.1,13.18,2023-01-31 05:00:00
726,Spring,14.68,71.07,16.31,338.86,44,0.29,7.43,2023-01-31 06:00:00
727,Spring,18.95,42.15,18.83,138.68,45,0.19,6.62,2023-01-31 07:00:00
728,Spring,13.85,36.32,5.82,826.58,45,0.15,11.16,2023-01-31 08:00:00
729,Spring,13.83,77.59,15.64,47.23,20,0.23,12.68,2023-01-31 09:00:00
730,Spring,11.96,36.58,12.78,493.24,22,0.12,6.98,2023-01-31 10:00:00
731,Spring,13.92,66.1,11.32,621.89,16,0.07,8.75,2023-01-31 11:00:00
732,Spring,15.75,50.47,9.8,610.36,7,0.14,5.13,2023-01-31 12:00:00
733,Spring,17.17,76.34,16.1,522.36,42,0.14,6.45,2023-01-31 13:00:00
734,Spring,16.49,53.53,19.25,333.61,33,0.14,11.0,2023-01-31 14:00:00
735,Spring,13.43,47.48,7.74,2.42,15,0.07,10.08,2023-01-31 15:00:00
736,Spring,11.75,50.43,12.07,345.35,30,0.15,11.79,2023-01-31 16:00:00
737,Spring,10.99,31.33,1.57,976.04,12,0.1,6.15,2023-01-31 17:00:00
738,Spring,11.78,67.78,12.21,975.76,7,0.09,5.19,2023-01-31 18:00:00
739,Spring,10.3,62.82,13.49,576.4,25,0.06,14.31,2023-01-31 19:00:00
740,Spring,15.37,76.5,5.5,362.06,43,0.08,9.24,2023-01-31 20:00:00
741,Spring,11.64,33.84,8.89,806.35,17,0.2,10.2,2023-01-31 21:00:00
742,Spring,18.31,79.28,12.34,561.17,28,0.14,7.26,2023-01-31 22:00:00
743,Spring,11.64,67.29,9.12,763.35,26,0.13,4.21,2023-01-31 23:00:00
744,Spring,12.09,43.03,14.05,464.24,5,0.26,6.77,2023-02-01 00:00:00
745,Spring,14.06,57.55,17.16,995.51,12,0.29,5.83,2023-02-01 01:00:00
746,Spring,19.49,35.15,12.13,770.03,8,0.17,10.76,2023-02-01 02:00:00
747,Spring,10.51,67.06,7.73,510.32,47,0.17,14.13,2023-02-01 03:00:00
748,Spring,10.31,36.37,8.72,751.56,10,0.22,5.07,2023-02-01 04:00:00
749,Spring,17.05,62.08,14.86,32.66,40,0.23,10.9,2023-02-01 05:00:00
750,Spring,17.05,33.34,16.8,244.65,26,0.3,10.13,2023-02-01 06:00:00
751,Spring,18.78,67.37,6.32,670.15,48,0.26,8.31,2023-02-01 07:00:00
752,Spring,18.31,45.44,7.44,859.01,26,0.29,11.99,2023-02-01 08:00:00
753,Spring,19.4,41.88,11.58,813.7,29,0.23,11.56,2023-02-01 09:00:00
754,Spring,11.51,67.75,11.13,504.71,19,0.13,7.01,2023-02-01 10:00:00
755,Spring,11.01,72.35,6.74,124.26,25,0.08,6.86,2023-02-01 11:00:00
756,Spring,11.08,33.87,6.12,114.35,17,0.06,11.55,2023-02-01 12:00:00
757,Spring,13.39,68.33,10.22,806.56,28,0.07,10.44,2023-02-01 13:00:00
758,Spring,17.42,43.8,16.63,462.8,29,0.11,10.03,2023-02-01 14:00:00
759,Spring,16.37,67.34,2.06,715.73,24,0.13,10.55,2023-02-01 15:00:00
760,Spring,16.97,61.15,9.14,281.51,18,0.06,8.2,2023-02-01 16:00:00
761,Spring,16.41,37.7,5.73,546.3,9,0.1,10.16,2023-02-01 17:00:00
762,Spring,11.14,31.95,18.19,318.81,12,0.12,5.84,2023-02-01 18:00:00
763,Spring,10.76,34.21,11.3,807.65,26,0.09,8.77,2023-02-01 19:00:00
764,Spring,17.68,73.69,14.75,238.76,29,0.05,13.64,2023-02-01 20:00:00
765,Spring,18.43,78.73,12.66,301.66,160,0.17,16.06,2023-02-01 21:00:00
766,Spring,17.93,51.97,19.79,460.85,122,0.17,12.92,2023-02-01 22:00:00
767,Spring,19.36,74.46,3.75,970.23,95,0.23,9.43,2023-02-01 23:00:00
768,Spring,16.26,65.76,9.3,449.89,197,0.23,13.96,2023-02-02 00:00:00
769,Spring,18.07,76.45,10.83,284.68,147,0.22,11.22,2023-02-02 01:00:00
770,Spring,11.06,48.99,7.21,153.54,69,0.15,15.39,2023-02-02 02:00:00
771,Spring,13.99,42.41,10.25,257.94,118,0.23,15.9,2023-02-02 03:00:00
772,Spring,14.15,37.5,6.18,551.51,51,0.12,13.57,2023-02-02 04:00:00
773,Spring,11.67,68.94,4.4,255.79,92,0.17,13.92,2023-02-02 05:00:00
774,Spring,18.96,68.3,7.34,804.62,127,0.1,6.58,2023-02-02 06:00:00
775,Spring,19.59,37.23,2.43,901.19,140,0.14,13.09,2023-02-02 07:00:00
776,Spring,15.77,63.8,1.05,228.47,19,0.21,14.79,2023-02-02 08:00:00
777,Spring,18.19,56.99,14.99,293.24,18,0.27,12.29,2023-02-02 09:00:00
778,Spring,14.64,60.79,11.98,297.16,8,0.09,14.04,2023-02-02 10:00:00
779,Spring,16.97,62.07,16.38,37.76,22,0.13,6.39,2023-02-02 11:00:00
780,Spring,17.76,78.45,3.52,534.83,10,0.13,4.42,2023-02-02 12:00:00
781,Spring,14.55,58.35,7.07,590.62,14,0.07,13.86,2023-02-02 13:00:00
782,Spring,10.4,67.82,14.85,549.14,22,0.14,13.3,2023-02-02 14:00:00
783,Spring,13.92,62.09,14.69,538.87,25,0.06,7.76,2023-02-02 15:00:00
784,Spring,18.53,44.93,13.37,727.3,14,0.14,8.75,2023-02-02 16:00:00
785,Spring,16.56,37.96,8.47,884.7,28,0.14,5.48,2023-02-02 17:00:00
786,Spring,15.45,48.3,12.61,452.5,12,0.12,11.03,2023-02-02 18:00:00
787,Spring,14.26,44.58,17.88,781.33,29,0.08,11.02,2023-02-02 19:00:00
788,Spring,12.59,41.07,8.04,858.1,9,0.06,12.78,2023-02-02 20:00:00
789,Spring,10.94,50.57,6.8,405.1,96,0.18,14.24,2023-02-02 21:00:00
790,Spring,16.93,45.67,7.7,857.86,71,0.18,12.92,2023-02-02 22:00:00
791,Spring,17.95,47.64,0.08,656.17,190,0.27,17.53,2023-02-02 23:00:00
792,Spring,15.91,74.36,1.94,138.83,164,0.18,11.79,2023-02-03 00:00:00
793,Spring,15.41,66.02,12.22,245.35,161,0.19,15.86,2023-02-03 01:00:00
794,Spring,13.8,55.29,11.8,89.64,55,0.2,14.2,2023-02-03 02:00:00
795,Spring,10.84,70.66,4.71,919.54,71,0.21,12.03,2023-02-03 03:00:00
796,Spring,12.05,54.39,7.02,544.83,96,0.11,15.53,2023-02-03 04:00:00
797,Spring,18.75,54.52,16.72,19.34,195,0.26,12.31,2023-02-03 05:00:00
798,Spring,15.86,55.67,4.51,198.75,64,0.11,13.27,2023-02-03 06:00:00
799,Spring,13.59,59.22,1.26,694.26,66,0.28,6.06,2023-02-03 07:00:00
800,Spring,11.95,76.16,7.35,718.41,16,0.14,13.12,2023-02-03 08:00:00
801,Spring,13.76,49.28,15.44,395.95,18,0.19,13.84,2023-02-03 09:00:00
802,Spring,16.07,59.05,17.99,117.4,8,0.12,8.4,2023-02-03 10:00:00
803,Spring,11.66,30.48,9.23,416.26,18,0.11,9.51,2023-02-03 11:00:00
804,Spring,12.33,49.57,17.37,272.37,26,0.11,9.67,2023-02-03 12:00:00
805,Spring,10.72,65.07,5.45,964.45,8,0.08,12.33,2023-02-03 13:00:00
806,Spring,19.03,34.3,9.37,966.58,23,0.15,11.44,2023-02-03 14:00:00
807,Spring,14.89,35.86,0.58,78.9,27,0.15,10.03,2023-02-03 15:00:00
808,Spring,17.13,38.38,16.73,409.97,14,0.13,13.83,2023-02-03 16:00:00
809,Spring,16.83,53.31,6.18,633.12,17,0.14,7.12,2023-02-03 17:00:00
810,Spring,11.59,77.04,0.57,829.99,26,0.13,13.12,2023-02-03 18:00:00
811,Spring,16.77,52.61,12.72,576.6,17,0.06,7.63,2023-02-03 19:00:00
812,Spring,11.54,75.68,8.27,374.76,7,0.14,10.92,2023-02-03 20:00:00
813,Spring,16.8,52.95,16.24,57.97,159,0.22,11.88,2023-02-03 21:00:00
814,Spring,14.02,52.3,16.28,946.07,69,0.2,10.09,2023-02-03 22:00:00
815,Spring,18.99,54.29,18.28,255.44,96,0.23,14.95,2023-02-03 23:00:00
816,Spring,14.78,57.05,7.47,645.84,150,0.18,7.92,2023-02-04 00:00:00
817,Spring,18.99,43.22,8.02,494.49,113,0.18,7.46,2023-02-04 01:00:00
818,Spring,11.81,31.22,7.98,733.37,71,0.11,5.44,2023-02-04 02:00:00
819,Spring,18.48,46.9,6.38,358.03,156,0.26,9.04,2023-02-04 03:00:00
820,Spring,10.32,79.63,4.98,924.88,153,0.21,16.25,2023-02-04 04:00:00
821,Spring,16.04,34.92,8.16,562.47,172,0.12,10.08,2023-02-04 05:00:00
822,Spring,19.63,77.35,13.12,912.45,66,0.2,5.39,2023-02-04 06:00:00
823,Spring,15.21,63.06,18.57,154.46,187,0.25,9.55,2023-02-04 07:00:00
824,Spring,18.76,68.67,6.51,601.43,15,0.21,9.92,2023-02-04 08:00:00
825,Spring,17.17,69.76,4.02,169.62,22,0.12,12.64,2023-02-04 09:00:00
826,Spring,19.38,56.69,10.23,888.05,17,0.1,7.45,2023-02-04 10:00:00
827,Spring,12.07,50.84,17.37,127.6,23,0.15,6.21,2023-02-04 11:00:00
828,Spring,13.75,35.78,3.21,269.87,7,0.09,9.43,2023-02-04 12:00:00
829,Spring,10.29,67.08,0.9,923.45,21,0.11,5.69,2023-02-04 13:00:00
830,Spring,12.77,73.59,1.09,814.73,29,0.09,10.32,2023-02-04 14:00:00
831,Spring,11.87,72.06,9.24,93.05,14,0.09,14.19,2023-02-04 15:00:00
832,Spring,17.95,42.13,19.81,737.53,29,0.1,14.16,2023-02-04 16:00:00
833,Spring,15.03,72.89,6.3,535.1,7,0.13,11.65,2023-02-04 17:00:00
834,Spring,19.02,76.47,2.96,928.46,26,0.14,13.52,2023-02-04 18:00:00
835,Spring,10.88,46.93,14.84,85.34,15,0.08,11.64,2023-02-04 19:00:00
836,Spring,12.01,52.84,0.18,762.28,15,0.06,9.11,2023-02-04 20:00:00
837,Spring,18.32,78.6,3.44,737.95,108,0.15,15.22,2023-02-04 21:00:00
838,Spring,17.24,78.63,9.03,344.37,132,0.24,9.23,2023-02-04 22:00:00
839,Spring,16.89,68.18,0.09,34.35,91,0.15,11.81,2023-02-04 23:00:00
840,Spring,13.62,42.97,3.54,915.7,124,0.12,15.32,2023-02-05 00:00:00
841,Spring,10.63,50.22,15.96,885.39,94,0.15,14.13,2023-02-05 01:00:00
842,Spring,14.11,46.16,1.21,195.98,88,0.26,13.55,2023-02-05 02:00:00
843,Spring,17.08,40.76,10.5,682.54,190,0.18,15.71,2023-02-05 03:00:00
844,Spring,14.8,72.9,6.08,192.15,65,0.25,9.36,2023-02-05 04:00:00
845,Spring,13.4,66.42,15.03,299.57,184,0.2,17.9,2023-02-05 05:00:00
846,Spring,10.28,31.38,1.72,565.64,95,0.23,10.11,2023-02-05 06:00:00
847,Spring,18.93,33.45,4.99,140.65,152,0.29,12.68,2023-02-05 07:00:00
848,Spring,11.55,69.96,16.65,920.59,25,0.12,4.98,2023-02-05 08:00:00
849,Spring,13.6,57.91,8.86,723.0,10,0.21,10.1,2023-02-05 09:00:00
850,Spring,11.07,37.63,2.18,590.17,19,0.14,12.69,2023-02-05 10:00:00
851,Spring,13.28,42.97,5.58,547.1,23,0.05,7.47,2023-02-05 11:00:00
852,Spring,12.78,65.61,15.05,340.64,30,0.1,13.24,2023-02-05 12:00:00
853,Spring,12.53,51.69,9.0,807.35,28,0.13,7.11,2023-02-05 13:00:00
854,Spring,16.14,74.79,1.31,583.59,19,0.1,13.43,2023-02-05 14:00:00
855,Spring,16.45,49.36,14.14,371.5,29,0.11,10.67,2023-02-05 15:00:00
856,Spring,11.62,70.81,7.33,309.34,26,0.05,6.56,2023-02-05 16:00:00
857,Spring,15.82,43.38,3.01,370.66,6,0.09,10.54,2023-02-05 17:00:00
858,Spring,10.02,30.95,15.77,18.16,24,0.08,6.96,2023-02-05 18:00:00
859,Spring,15.92,34.46,7.33,199.3,16,0.1,14.09,2023-02-05 19:00:00
860,Spring,15.79,37.98,7.79,392.16,18,0.11,10.48,2023-02-05 20:00:00
861,Spring,13.3,50.89,5.14,349.84,163,0.27,16.58,2023-02-05 21:00:00
862,Spring,12.36,52.45,3.01,467.97,116,0.25,10.64,2023-02-05 22:00:00
863,Spring,12.6,37.0,18.87,990.04,170,0.15,7.99,2023-02-05 23:00:00
864,Spring,19.52,53.44,19.27,323.19,129,0.23,12.04,2023-02-06 00:00:00
865,Spring,16.77,67.46,9.94,8.68,144,0.24,15.63,2023-02-06 01:00:00
866,Spring,17.21,39.98,5.68,627.02,110,0.25,7.49,2023-02-06 02:00:00
867,Spring,13.85,58.39,19.75,928.61,84,0.26,13.73,2023-02-06 03:00:00
868,Spring,18.29,41.03,16.51,413.32,164,0.19,8.29,2023-02-06 04:00:00
869,Spring,17.98,47.65,1.89,964.56,188,0.12,12.35,2023-02-06 05:00:00
870,Spring,18.93,34.75,2.05,819.93,131,0.28,10.22,2023-02-06 06:00:00
871,Spring,15.89,32.05,5.07,361.52,161,0.27,12.33,2023-02-06 07:00:00
872,Spring,10.35,71.68,1.59,386.26,22,0.17,6.71,2023-02-06 08:00:00
873,Spring,18.32,40.91,8.6,174.58,19,0.22,6.33,2023-02-06 09:00:00
874,Spring,16.62,36.04,11.64,910.87,15,0.1,13.47,2023-02-06 10:00:00
875,Spring,16.32,43.03,8.73,962.39,26,0.11,6.09,2023-02-06 11:00:00
876,Spring,16.38,33.29,3.85,803.98,7,0.13,7.92,2023-02-06 12:00:00
877,Spring,16.29,59.59,14.71,370.21,50,0.14,8.85,2023-02-06 13:00:00
878,Spring,15.95,50.16,0.31,34.14,8,0.13,13.98,2023-02-06 14:00:00
879,Spring,18.96,53.56,11.97,710.23,16,0.14,6.63,2023-02-06 15:00:00
880,Spring,14.46,61.37,7.02,728.07,8,0.13,8.31,2023-02-06 16:00:00
881,Spring,12.32,64.42,8.82,467.98,12,0.1,9.1,2023-02-06 17:00:00
882,Spring,11.04,33.33,15.68,949.06,14,0.11,11.66,2023-02-06 18:00:00
883,Spring,13.07,57.55,14.64,556.96,11,0.1,10.93,2023-02-06 19:00:00
884,Spring,16.1,64.27,5.75,277.34,7,0.11,6.91,2023-02-06 20:00:00
885,Spring,15.09,64.77,0.44,346.16,50,0.18,11.77,2023-02-06 21:00:00
886,Spring,17.99,47.68,10.95,169.33,43,0.13,15.07,2023-02-06 22:00:00
887,Spring,13.43,64.94,15.02,803.22,36,0.22,8.61,2023-02-06 23:00:00
888,Spring,10.62,40.52,7.43,567.06,49,0.28,9.5,2023-02-07 00:00:00
889,Spring,15.39,57.12,11.62,981.41,22,0.26,3.75,2023-02-07 01:00:00
890,Spring,17.68,34.1,12.68,616.9,49,0.28,10.27,2023-02-07 02:00:00
891,Spring,19.69,76.86,9.43,220.35,20,0.17,10.45,2023-02-07 03:00:00
892,Spring,10.92,74.04,1.51,839.32,34,0.1,11.27,2023-02-07 04:00:00
893,Spring,12.28,51.84,11.04,450.5,34,0.26,11.48,2023-02-07 05:00:00
894,Spring,10.55,70.58,15.73,636.84,23,0.18,11.58,2023-02-07 06:00:00
895,Spring,15.74,65.69,6.93,846.97,28,0.11,12.51,2023-02-07 07:00:00
896,Spring,12.1,54.43,11.64,107.06,10,0.28,6.92,2023-02-07 08:00:00
897,Spring,12.3,56.74,9.57,704.11,6,0.22,13.4,2023-02-07 09:00:00
898,Spring,15.89,32.55,10.87,409.04,15,0.07,7.43,2023-02-07 10:00:00
899,Spring,18.79,33.99,8.14,925.9,19,0.07,5.35,2023-02-07 11:00:00
900,Spring,16.41,35.12,11.94,580.86,15,0.1,8.33,2023-02-07 12:00:00
901,Spring,10.42,70.73,1.74,307.76,14,0.14,8.88,2023-02-07 13:00:00
902,Spring,16.04,61.26,0.57,180.27,27,0.08,12.85,2023-02-07 14:00:00
903,Spring,14.92,63.79,0.29,926.87,9,0.06,4.89,2023-02-07 15:00:00
904,Spring,16.34,34.91,3.18,799.16,40,0.06,9.64,2023-02-07 16:00:00
905,Spring,13.64,43.38,19.2,862.68,33,0.08,6.72,2023-02-07 17:00:00
906,Spring,12.74,58.46,1.87,589.45,49,0.15,7.96,2023-02-07 18:00:00
907,Spring,12.03,71.91,4.56,992.2,8,0.09,10.72,2023-02-07 19:00:00
908,Spring,19.97,66.7,4.41,585.99,26,0.05,4.99,2023-02-07 20:00:00
909,Spring,10.05,44.56,10.69,313.83,37,0.14,6.63,2023-02-07 21:00:00
910,Spring,10.27,38.75,18.32,861.59,11,0.29,5.22,2023-02-07 22:00:00
911,Spring,13.72,42.67,19.98,686.06,32,0.27,5.9,2023-02-07 23:00:00
912,Spring,17.51,42.94,4.5,118.0,38,0.23,14.8,2023-02-08 00:00:00
913,Spring,10.85,71.99,17.33,262.72,49,0.22,15.32,2023-02-08 01:00:00
914,Spring,16.03,75.6,8.48,115.96,21,0.19,14.48,2023-02-08 02:00:00
915,Spring,14.08,51.0,8.49,301.24,26,0.27,7.33,2023-02-08 03:00:00
916,Spring,19.86,62.34,6.08,774.02,33,0.26,11.91,2023-02-08 04:00:00
917,Spring,13.72,34.29,5.73,423.86,40,0.18,12.76,2023-02-08 05:00:00
918,Spring,14.13,60.28,14.61,348.73,35,0.29,14.65,2023-02-08 06:00:00
919,Spring,13.81,67.48,14.68,535.44,25,0.16,11.69,2023-02-08 07:00:00
920,Spring,10.04,55.96,2.99,357.05,44,0.14,7.79,2023-02-08 08:00:00
921,Spring,18.53,40.97,6.29,591.24,10,0.15,8.65,2023-02-08 09:00:00
922,Spring,17.88,73.73,12.42,633.2,41,0.11,4.72,2023-02-08 10:00:00
923,Spring,14.57,41.16,6.02,422.99,23,0.09,9.3,2023-02-08 11:00:00
924,Spring,11.79,40.99,4.94,8.0,28,0.1,7.41,2023-02-08 12:00:00
925,Spring,18.72,40.6,5.52,538.2,24,0.12,7.27,2023-02-08 13:00:00
926,Spring,11.05,30.44,14.76,602.04,21,0.1,11.7,2023-02-08 14:00:00
927,Spring,13.02,35.79,13.82,373.45,8,0.11,12.19,2023-02-08 15:00:00
928,Spring,13.36,64.83,11.14,999.6,11,0.13,9.19,2023-02-08 16:00:00
929,Spring,13.27,47.59,19.05,996.19,28,0.1,9.56,2023-02-08 17:00:00
930,Spring,15.66,61.99,2.14,401.6,19,0.13,5.82,2023-02-08 18:00:00
931,Spring,18.67,73.63,13.36,300.45,14,0.06,9.94,2023-02-08 19:00:00
932,Spring,13.61,76.33,14.97,601.45,12,0.07,8.32,2023-02-08 20:00:00
933,Spring,19.38,61.31,9.87,967.31,160,0.28,14.91,2023-02-08 21:00:00
934,Spring,11.71,39.11,10.54,89.33,159,0.11,16.74,2023-02-08 22:00:00
935,Spring,19.64,78.8,14.5,650.79,163,0.24,7.49,2023-02-08 23:00:00
936,Spring,13.53,37.47,8.47,653.83,118,0.21,10.85,2023-02-09 00:00:00
937,Spring,15.49,63.91,11.26,628.66,94,0.11,7.25,2023-02-09 01:00:00
938,Spring,14.66,74.46,10.71,205.56,64,0.1,8.63,2023-02-09 02:00:00
939,Spring,15.87,71.33,0.36,182.0,61,0.26,12.38,2023-02-09 03:00:00
940,Spring,18.81,30.86,7.78,926.01,173,0.1,8.81,2023-02-09 04:00:00
941,Spring,19.02,63.21,14.95,416.75,100,0.22,12.22,2023-02-09 05:00:00
942,Spring,12.83,59.19,2.5,355.18,172,0.27,11.92,2023-02-09 06:00:00
943,Spring,18.27,40.93,11.15,767.63,99,0.2,8.16,2023-02-09 07:00:00
944,Spring,14.34,61.72,6.71,205.01,24,0.14,13.56,2023-02-09 08:00:00
945,Spring,12.8,31.34,14.97,833.21,21,0.13,6.92,2023-02-09 09:00:00
946,Spring,15.76,31.12,12.17,273.16,29,0.13,7.4,2023-02-09 10:00:00
947,Spring,12.94,55.06,9.76,657.17,29,0.05,8.14,2023-02-09 11:00:00
948,Spring,10.24,70.92,18.55,224.75,14,0.11,7.03,2023-02-09 12:00:00
949,Spring,19.16,34.03,1.95,421.75,12,0.12,5.71,2023-02-09 13:00:00
950,Spring,18.46,78.36,9.69,927.46,14,0.08,11.42,2023-02-09 14:00:00
951,Spring,16.13,54.17,3.17,25.12,10,0.13,9.3,2023-02-09 15:00:00
952,Spring,10.59,74.65,0.88,235.25,17,0.09,6.33,2023-02-09 16:00:00
953,Spring,15.96,69.5,0.12,406.21,28,0.13,10.6,2023-02-09 17:00:00
954,Spring,13.41,55.65,15.38,610.53,22,0.13,11.8,2023-02-09 18:00:00
955,Spring,13.8,53.7,3.89,794.0,30,0.06,11.44,2023-02-09 19:00:00
956,Spring,11.48,61.81,19.54,788.0,25,0.13,11.46,2023-02-09 20:00:00
957,Spring,15.67,78.59,4.6,106.43,149,0.28,10.24,2023-02-09 21:00:00
958,Spring,18.15,44.54,12.24,229.76,105,0.21,15.51,2023-02-09 22:00:00
959,Spring,10.08,68.44,0.21,101.06,146,0.15,13.61,2023-02-09 23:00:00
960,Spring,16.13,36.67,5.87,398.12,191,0.22,11.2,2023-02-10 00:00:00
961,Spring,14.91,77.41,13.51,813.17,200,0.22,17.25,2023-02-10 01:00:00
962,Spring,12.8,53.32,0.95,467.13,165,0.23,14.69,2023-02-10 02:00:00
963,Spring,17.0,71.46,1.86,419.1,82,0.27,14.83,2023-02-10 03:00:00
964,Spring,15.16,50.94,0.48,218.87,190,0.22,16.14,2023-02-10 04:00:00
965,Spring,16.91,60.27,2.52,516.82,55,0.28,6.17,2023-02-10 05:00:00
966,Spring,11.67,75.25,12.26,823.46,55,0.19,7.76,2023-02-10 06:00:00
967,Spring,10.71,51.4,17.74,645.4,130,0.1,14.38,2023-02-10 07:00:00
968,Spring,15.81,57.93,18.25,455.79,25,0.21,14.2,2023-02-10 08:00:00
969,Spring,19.19,71.84,16.7,419.19,26,0.16,6.38,2023-02-10 09:00:00
970,Spring,10.93,34.0,12.42,747.9,24,0.09,12.12,2023-02-10 10:00:00
971,Spring,18.52,68.14,17.18,406.72,12,0.09,14.47,2023-02-10 11:00:00
972,Spring,15.62,67.91,5.88,208.51,5,0.13,8.05,2023-02-10 12:00:00
973,Spring,15.31,79.78,9.77,56.64,24,0.1,8.33,2023-02-10 13:00:00
974,Spring,18.03,55.21,5.87,518.57,23,0.06,9.18,2023-02-10 14:00:00
975,Spring,17.54,79.75,11.08,793.91,25,0.1,13.6,2023-02-10 15:00:00
976,Spring,17.96,56.9,16.53,443.72,20,0.14,11.93,2023-02-10 16:00:00
977,Spring,18.89,65.6,17.17,140.66,6,0.1,5.09,2023-02-10 17:00:00
978,Spring,14.42,50.71,4.88,597.14,27,0.06,8.79,2023-02-10 18:00:00
979,Spring,17.96,72.43,5.37,293.63,23,0.06,9.71,2023-02-10 19:00:00
980,Spring,17.18,42.97,13.98,380.93,30,0.1,7.39,2023-02-10 20:00:00
981,Spring,13.85,50.65,19.6,718.72,53,0.11,7.54,2023-02-10 21:00:00
982,Spring,13.11,77.04,13.84,982.45,158,0.17,14.92,2023-02-10 22:00:00
983,Spring,12.66,59.29,2.44,373.39,117,0.17,10.35,2023-02-10 23:00:00
984,Spring,12.4,63.66,18.72,901.49,107,0.18,8.14,2023-02-11 00:00:00
985,Spring,13.97,62.78,8.15,165.01,88,0.3,10.06,2023-02-11 01:00:00
986,Spring,11.76,38.95,9.93,613.97,145,0.13,9.44,2023-02-11 02:00:00
987,Spring,14.93,54.36,17.21,879.87,96,0.16,11.17,2023-02-11 03:00:00
988,Spring,10.15,35.95,13.35,565.82,196,0.22,15.71,2023-02-11 04:00:00
989,Spring,16.72,76.65,2.86,928.08,163,0.24,13.16,2023-02-11 05:00:00
990,Spring,12.14,60.38,9.68,759.14,170,0.27,11.89,2023-02-11 06:00:00
991,Spring,12.7,49.77,9.54,800.11,102,0.12,10.65,2023-02-11 07:00:00
992,Spring,19.37,36.9,3.23,146.75,12,0.12,13.89,2023-02-11 08:00:00
993,Spring,11.66,64.57,15.73,505.43,10,0.2,10.93,2023-02-11 09:00:00
994,Spring,16.99,54.4,10.38,518.52,12,0.13,13.49,2023-02-11 10:00:00
995,Spring,13.16,50.92,7.55,760.73,26,0.13,6.38,2023-02-11 11:00:00
996,Spring,14.96,60.25,10.66,500.85,10,0.09,10.48,2023-02-11 12:00:00
997,Spring,13.61,57.73,11.56,703.43,30,0.06,11.85,2023-02-11 13:00:00
998,Spring,13.7,78.07,8.22,749.02,28,0.09,13.64,2023-02-11 14:00:00
999,Spring,18.65,75.13,6.79,572.93,6,0.05,7.46,2023-02-11 15:00:00
1000,Spring,19.86,44.61,17.69,622.62,21,0.09,11.44,2023-02-11 16:00:00
1001,Spring,15.53,71.55,11.3,868.17,24,0.07,10.64,2023-02-11 17:00:00
1002,Spring,14.39,71.53,5.82,201.75,20,0.11,7.74,2023-02-11 18:00:00
1003,Spring,13.97,31.12,8.22,682.33,5,0.11,9.28,2023-02-11 19:00:00
1004,Spring,18.93,74.8,18.43,530.25,19,0.14,10.99,2023-02-11 20:00:00
1005,Spring,11.08,75.3,8.63,930.45,53,0.13,7.94,2023-02-11 21:00:00
1006,Spring,17.0,52.29,17.01,949.91,151,0.12,14.93,2023-02-11 22:00:00
1007,Spring,17.05,79.27,2.1,998.45,181,0.16,10.2,2023-02-11 23:00:00
1008,Spring,11.92,35.32,5.37,40.74,128,0.17,13.52,2023-02-12 00:00:00
1009,Spring,12.96,59.48,5.59,406.05,110,0.11,6.64,2023-02-12 01:00:00
1010,Spring,19.01,30.63,7.62,240.77,76,0.19,8.02,2023-02-12 02:00:00
1011,Spring,19.97,34.22,12.51,276.19,181,0.22,12.69,2023-02-12 03:00:00
1012,Spring,11.77,76.66,15.7,159.61,105,0.22,15.07,2023-02-12 04:00:00
1013,Spring,12.03,42.62,18.62,651.69,59,0.28,5.72,2023-02-12 05:00:00
1014,Spring,13.58,35.16,2.68,891.05,177,0.13,11.18,2023-02-12 06:00:00
1015,Spring,17.72,51.07,0.62,379.27,115,0.23,14.7,2023-02-12 07:00:00
1016,Spring,19.29,54.28,19.89,915.28,10,0.15,12.8,2023-02-12 08:00:00
1017,Spring,18.7,58.69,4.11,108.03,14,0.13,9.25,2023-02-12 09:00:00
1018,Spring,17.71,32.29,13.19,44.27,11,0.08,14.71,2023-02-12 10:00:00
1019,Spring,14.17,54.8,12.14,534.7,8,0.11,6.89,2023-02-12 11:00:00
1020,Spring,16.06,77.38,13.02,92.15,12,0.07,9.69,2023-02-12 12:00:00
1021,Spring,15.62,75.28,11.75,282.31,7,0.15,8.43,2023-02-12 13:00:00
1022,Spring,15.4,68.99,19.79,205.03,11,0.13,12.35,2023-02-12 14:00:00
1023,Spring,11.24,75.81,3.42,51.92,17,0.14,6.57,2023-02-12 15:00:00
1024,Spring,17.12,74.63,14.69,946.03,30,0.08,4.89,2023-02-12 16:00:00
1025,Spring,14.52,58.97,18.94,803.45,16,0.11,12.81,2023-02-12 17:00:00
1026,Spring,19.68,35.14,9.37,492.66,8,0.12,10.15,2023-02-12 18:00:00
1027,Spring,17.61,60.84,0.48,182.94,19,0.13,6.95,2023-02-12 19:00:00
1028,Spring,19.68,64.06,9.59,733.07,8,0.08,10.05,2023-02-12 20:00:00
1029,Spring,12.9,55.55,10.3,818.65,72,0.11,6.55,2023-02-12 21:00:00
1030,Spring,17.48,79.76,16.19,690.59,186,0.21,16.34,2023-02-12 22:00:00
1031,Spring,17.29,34.68,7.16,130.43,111,0.19,13.38,2023-02-12 23:00:00
1032,Spring,14.15,31.9,13.55,162.21,83,0.13,12.59,2023-02-13 00:00:00
1033,Spring,19.31,30.81,17.46,727.23,174,0.27,8.31,2023-02-13 01:00:00
1034,Spring,10.77,67.14,3.98,645.61,183,0.15,12.18,2023-02-13 02:00:00
1035,Spring,14.97,78.7,7.93,294.87,69,0.22,7.82,2023-02-13 03:00:00
1036,Spring,13.73,72.23,14.92,428.14,153,0.26,7.92,2023-02-13 04:00:00
1037,Spring,16.09,59.11,4.09,652.38,69,0.2,10.79,2023-02-13 05:00:00
1038,Spring,14.6,47.56,1.8,93.65,81,0.13,10.33,2023-02-13 06:00:00
1039,Spring,17.2,71.59,5.8,449.26,196,0.26,15.26,2023-02-13 07:00:00
1040,Spring,11.05,46.43,11.91,455.34,12,0.19,8.08,2023-02-13 08:00:00
1041,Spring,10.25,46.99,3.76,397.41,8,0.11,12.2,2023-02-13 09:00:00
1042,Spring,14.93,63.31,8.35,831.17,18,0.11,7.94,2023-02-13 10:00:00
1043,Spring,18.11,30.16,16.3,49.07,21,0.13,13.99,2023-02-13 11:00:00
1044,Spring,13.65,32.84,3.66,425.33,26,0.1,6.75,2023-02-13 12:00:00
1045,Spring,12.8,71.66,4.65,912.1,34,0.13,9.9,2023-02-13 13:00:00
1046,Spring,17.24,40.48,12.27,160.47,28,0.08,10.95,2023-02-13 14:00:00
1047,Spring,10.36,79.27,1.97,225.57,11,0.07,11.62,2023-02-13 15:00:00
1048,Spring,12.81,55.38,2.96,316.16,35,0.08,5.52,2023-02-13 16:00:00
1049,Spring,19.91,33.37,9.53,202.44,48,0.12,10.87,2023-02-13 17:00:00
1050,Spring,12.22,49.14,2.6,385.2,18,0.09,13.23,2023-02-13 18:00:00
1051,Spring,17.9,74.88,4.02,363.29,22,0.05,12.67,2023-02-13 19:00:00
1052,Spring,12.9,43.79,8.41,649.3,22,0.14,12.72,2023-02-13 20:00:00
1053,Spring,13.99,52.74,16.08,11.08,37,0.23,6.83,2023-02-13 21:00:00
1054,Spring,14.69,34.9,0.02,31.46,6,0.23,6.9,2023-02-13 22:00:00
1055,Spring,13.56,33.53,7.61,110.92,11,0.27,12.17,2023-02-13 23:00:00
1056,Spring,17.01,61.29,17.69,241.71,41,0.15,11.33,2023-02-14 00:00:00
1057,Spring,14.34,42.82,4.35,650.24,18,0.18,11.08,2023-02-14 01:00:00
1058,Spring,12.29,60.12,2.19,227.34,26,0.3,13.8,2023-02-14 02:00:00
1059,Spring,15.3,48.41,10.27,485.75,16,0.12,9.57,2023-02-14 03:00:00
1060,Spring,18.06,47.48,11.1,498.06,14,0.27,10.32,2023-02-14 04:00:00
1061,Spring,19.99,49.93,15.31,254.88,34,0.24,6.37,2023-02-14 05:00:00
1062,Spring,17.7,79.37,0.53,679.05,16,0.25,12.05,2023-02-14 06:00:00
1063,Spring,14.36,59.81,2.12,876.28,9,0.13,10.66,2023-02-14 07:00:00
1064,Spring,17.63,67.69,13.26,545.52,37,0.28,6.21,2023-02-14 08:00:00
1065,Spring,14.29,68.53,4.98,107.73,14,0.12,14.39,2023-02-14 09:00:00
1066,Spring,15.14,31.08,10.72,153.22,26,0.07,10.86,2023-02-14 10:00:00
1067,Spring,19.67,61.2,4.25,447.05,16,0.06,13.93,2023-02-14 11:00:00
1068,Spring,13.5,32.07,16.81,933.44,22,0.1,12.91,2023-02-14 12:00:00
1069,Spring,11.15,51.64,0.97,514.71,11,0.13,13.26,2023-02-14 13:00:00
1070,Spring,19.15,43.31,2.14,698.18,26,0.06,11.74,2023-02-14 14:00:00
1071,Spring,10.84,56.76,5.57,849.14,39,0.13,4.82,2023-02-14 15:00:00
1072,Spring,18.35,59.75,9.88,436.93,12,0.12,6.89,2023-02-14 16:00:00
1073,Spring,15.32,49.86,1.14,978.03,9,0.12,11.32,2023-02-14 17:00:00
1074,Spring,11.15,39.26,13.03,229.27,42,0.13,7.14,2023-02-14 18:00:00
1075,Spring,11.12,61.82,2.81,234.99,42,0.05,10.89,2023-02-14 19:00:00
1076,Spring,12.29,41.16,14.59,803.14,5,0.15,13.33,2023-02-14 20:00:00
1077,Spring,19.1,35.77,6.49,777.98,44,0.13,8.45,2023-02-14 21:00:00
1078,Spring,10.03,79.05,6.61,887.32,29,0.11,5.33,2023-02-14 22:00:00
1079,Spring,13.01,74.98,15.87,643.19,45,0.23,9.48,2023-02-14 23:00:00
1080,Spring,16.04,37.27,16.32,501.91,35,0.19,6.41,2023-02-15 00:00:00
1081,Spring,17.9,66.52,3.21,562.74,8,0.11,7.31,2023-02-15 01:00:00
1082,Spring,19.9,49.2,17.98,10.98,50,0.3,6.64,2023-02-15 02:00:00
1083,Spring,12.52,76.04,19.73,840.98,16,0.27,4.78,2023-02-15 03:00:00
1084,Spring,13.99,77.0,13.96,222.27,9,0.17,7.82,2023-02-15 04:00:00
1085,Spring,14.5,56.29,14.01,426.99,24,0.17,6.8,2023-02-15 05:00:00
1086,Spring,18.69,77.4,10.65,351.24,12,0.11,6.62,2023-02-15 06:00:00
1087,Spring,13.27,50.37,9.37,618.63,16,0.24,8.23,2023-02-15 07:00:00
1088,Spring,16.6,40.68,12.33,800.46,5,0.29,7.31,2023-02-15 08:00:00
1089,Spring,15.07,68.03,10.97,539.41,43,0.2,14.25,2023-02-15 09:00:00
1090,Spring,12.2,46.52,14.83,424.06,41,0.14,11.94,2023-02-15 10:00:00
1091,Spring,18.67,31.91,15.84,652.79,33,0.13,13.17,2023-02-15 11:00:00
1092,Spring,15.81,37.18,14.73,100.89,16,0.06,7.55,2023-02-15 12:00:00
1093,Spring,10.59,65.53,14.15,608.42,29,0.1,8.49,2023-02-15 13:00:00
1094,Spring,12.21,51.51,1.72,47.35,15,0.13,6.48,2023-02-15 14:00:00
1095,Spring,13.32,33.85,2.9,733.64,14,0.13,10.03,2023-02-15 15:00:00
1096,Spring,16.56,67.63,8.13,69.75,25,0.14,8.96,2023-02-15 16:00:00
1097,Spring,12.89,62.71,17.79,472.31,25,0.07,7.58,2023-02-15 17:00:00
1098,Spring,13.26,44.81,6.89,261.57,14,0.14,5.67,2023-02-15 18:00:00
1099,Spring,13.8,59.19,3.67,947.74,9,0.05,4.04,2023-02-15 19:00:00
1100,Spring,14.85,63.94,13.91,57.75,12,0.08,12.64,2023-02-15 20:00:00
1101,Spring,12.13,77.85,12.6,324.05,184,0.17,12.82,2023-02-15 21:00:00
1102,Spring,18.96,65.77,3.17,506.41,71,0.25,12.85,2023-02-15 22:00:00
1103,Spring,16.35,68.45,3.2,7.66,79,0.26,11.65,2023-02-15 23:00:00
1104,Spring,13.02,69.82,12.03,836.9,178,0.16,15.63,2023-02-16 00:00:00
1105,Spring,10.62,65.62,19.41,210.34,144,0.23,11.34,2023-02-16 01:00:00
1106,Spring,16.77,49.16,8.43,737.06,142,0.28,16.28,2023-02-16 02:00:00
1107,Spring,19.02,61.29,1.25,681.98,90,0.14,15.34,2023-02-16 03:00:00
1108,Spring,15.96,48.72,1.34,899.42,177,0.25,8.24,2023-02-16 04:00:00
1109,Spring,18.9,54.1,15.83,733.52,88,0.16,13.99,2023-02-16 05:00:00
1110,Spring,14.83,49.14,4.32,231.26,72,0.18,6.58,2023-02-16 06:00:00
1111,Spring,12.84,34.68,9.16,300.61,200,0.16,13.14,2023-02-16 07:00:00
1112,Spring,13.89,62.86,0.94,436.97,12,0.1,14.36,2023-02-16 08:00:00
1113,Spring,13.2,64.06,14.29,848.11,5,0.2,11.94,2023-02-16 09:00:00
1114,Spring,17.48,67.62,6.36,943.95,27,0.07,10.55,2023-02-16 10:00:00
1115,Spring,11.74,51.33,13.26,596.37,20,0.11,11.96,2023-02-16 11:00:00
1116,Spring,13.07,63.78,9.47,774.66,8,0.1,3.9,2023-02-16 12:00:00
1117,Spring,18.96,42.96,16.98,238.42,23,0.09,13.43,2023-02-16 13:00:00
1118,Spring,10.26,57.46,7.15,359.48,26,0.09,9.68,2023-02-16 14:00:00
1119,Spring,14.07,75.33,7.48,969.4,28,0.06,12.31,2023-02-16 15:00:00
1120,Spring,13.26,70.7,18.92,756.29,18,0.1,5.32,2023-02-16 16:00:00
1121,Spring,19.7,46.46,13.01,756.96,8,0.07,12.6,2023-02-16 17:00:00
1122,Spring,11.32,41.22,2.22,309.26,15,0.07,11.82,2023-02-16 18:00:00
1123,Spring,11.75,37.79,1.97,511.67,11,0.05,13.21,2023-02-16 19:00:00
1124,Spring,16.98,55.92,0.31,288.51,16,0.1,9.97,2023-02-16 20:00:00
1125,Spring,18.77,73.76,4.6,512.39,81,0.16,6.14,2023-02-16 21:00:00
1126,Spring,17.98,37.51,6.12,692.4,153,0.18,8.21,2023-02-16 22:00:00
1127,Spring,12.02,63.4,15.66,475.22,102,0.14,9.33,2023-02-16 23:00:00
1128,Spring,13.16,77.69,2.34,671.37,100,0.13,12.85,2023-02-17 00:00:00
1129,Spring,14.67,33.36,4.03,516.82,164,0.21,14.59,2023-02-17 01:00:00
1130,Spring,17.2,33.88,13.49,325.27,136,0.18,7.25,2023-02-17 02:00:00
1131,Spring,16.24,78.54,12.62,252.32,87,0.12,11.69,2023-02-17 03:00:00
1132,Spring,11.99,75.7,13.87,882.18,140,0.25,13.09,2023-02-17 04:00:00
1133,Spring,17.2,49.22,14.17,91.73,94,0.24,9.85,2023-02-17 05:00:00
1134,Spring,18.48,32.96,3.02,241.21,86,0.15,13.66,2023-02-17 06:00:00
1135,Spring,10.57,64.42,2.54,799.59,88,0.23,7.06,2023-02-17 07:00:00
1136,Spring,13.01,78.45,13.92,603.1,20,0.28,12.32,2023-02-17 08:00:00
1137,Spring,16.96,62.41,8.07,513.68,25,0.2,7.75,2023-02-17 09:00:00
1138,Spring,19.9,79.78,18.07,438.85,22,0.1,6.3,2023-02-17 10:00:00
1139,Spring,14.18,52.97,13.82,378.28,16,0.15,8.01,2023-02-17 11:00:00
1140,Spring,14.27,44.69,10.19,85.57,16,0.08,8.02,2023-02-17 12:00:00
1141,Spring,10.95,42.33,13.94,455.2,20,0.07,10.67,2023-02-17 13:00:00
1142,Spring,15.94,67.5,10.67,723.62,24,0.09,11.94,2023-02-17 14:00:00
1143,Spring,15.26,36.59,15.16,69.11,30,0.08,15.27,2023-02-17 15:00:00
1144,Spring,16.79,51.74,15.36,475.38,16,0.1,13.06,2023-02-17 16:00:00
1145,Spring,16.01,42.19,14.38,328.83,21,0.06,12.26,2023-02-17 17:00:00
1146,Spring,14.98,54.07,9.91,781.8,7,0.15,4.33,2023-02-17 18:00:00
1147,Spring,16.46,76.23,4.96,549.95,24,0.11,13.43,2023-02-17 19:00:00
1148,Spring,16.55,71.83,13.45,743.85,16,0.14,7.47,2023-02-17 20:00:00
1149,Spring,14.25,61.13,2.05,515.5,90,0.15,12.57,2023-02-17 21:00:00
1150,Spring,17.09,43.52,0.98,62.56,154,0.26,16.73,2023-02-17 22:00:00
1151,Spring,18.32,76.17,18.18,981.01,100,0.18,14.6,2023-02-17 23:00:00
1152,Spring,16.3,55.4,11.12,56.18,165,0.21,13.48,2023-02-18 00:00:00
1153,Spring,18.37,55.3,12.03,185.97,56,0.2,13.06,2023-02-18 01:00:00
1154,Spring,12.98,39.48,6.67,380.41,85,0.21,10.4,2023-02-18 02:00:00
1155,Spring,19.82,48.98,17.66,72.35,186,0.17,12.93,2023-02-18 03:00:00
1156,Spring,14.59,38.58,16.36,925.34,161,0.28,15.64,2023-02-18 04:00:00
1157,Spring,11.97,36.23,3.19,696.45,120,0.19,9.2,2023-02-18 05:00:00
1158,Spring,15.71,69.51,14.33,646.49,141,0.17,14.02,2023-02-18 06:00:00
1159,Spring,19.95,59.93,9.31,716.57,62,0.14,10.66,2023-02-18 07:00:00
1160,Spring,16.59,48.56,4.24,713.95,17,0.29,9.83,2023-02-18 08:00:00
1161,Spring,15.33,55.44,16.28,279.65,20,0.27,6.1,2023-02-18 09:00:00
1162,Spring,15.41,60.99,3.24,841.53,9,0.13,9.44,2023-02-18 10:00:00
1163,Spring,10.76,49.98,7.98,408.42,27,0.13,13.11,2023-02-18 11:00:00
1164,Spring,16.87,57.61,3.72,735.17,23,0.07,5.22,2023-02-18 12:00:00
1165,Spring,16.48,35.26,15.72,664.61,27,0.06,6.79,2023-02-18 13:00:00
1166,Spring,15.35,61.32,8.61,616.77,13,0.07,8.48,2023-02-18 14:00:00
1167,Spring,18.8,31.94,1.03,934.35,13,0.06,13.33,2023-02-18 15:00:00
1168,Spring,14.37,43.6,16.04,146.05,10,0.08,8.8,2023-02-18 16:00:00
1169,Spring,19.95,59.18,13.48,516.14,12,0.08,7.08,2023-02-18 17:00:00
1170,Spring,14.36,57.19,7.11,473.28,9,0.06,8.46,2023-02-18 18:00:00
1171,Spring,19.57,30.21,18.44,100.17,12,0.08,8.76,2023-02-18 19:00:00
1172,Spring,17.16,44.71,7.13,120.71,5,0.07,5.69,2023-02-18 20:00:00
1173,Spring,17.95,77.83,4.44,711.54,130,0.18,14.99,2023-02-18 21:00:00
1174,Spring,14.65,73.35,10.16,529.28,200,0.23,9.84,2023-02-18 22:00:00
1175,Spring,13.8,40.97,15.31,119.76,132,0.15,17.09,2023-02-18 23:00:00
1176,Spring,10.87,33.1,3.58,537.23,197,0.17,11.86,2023-02-19 00:00:00
1177,Spring,12.41,35.67,17.47,201.91,141,0.11,14.87,2023-02-19 01:00:00
1178,Spring,19.17,35.07,13.15,652.7,88,0.19,11.97,2023-02-19 02:00:00
1179,Spring,13.9,51.15,9.97,377.9,80,0.16,15.41,2023-02-19 03:00:00
1180,Spring,10.61,72.82,16.51,668.08,155,0.24,12.11,2023-02-19 04:00:00
1181,Spring,15.07,67.56,10.6,8.86,161,0.18,9.28,2023-02-19 05:00:00
1182,Spring,10.32,51.12,13.16,951.95,199,0.1,11.38,2023-02-19 06:00:00
1183,Spring,19.12,59.58,17.9,221.54,184,0.13,9.42,2023-02-19 07:00:00
1184,Spring,10.26,47.55,1.57,795.24,28,0.14,12.6,2023-02-19 08:00:00
1185,Spring,19.73,53.32,11.82,605.58,6,0.23,7.21,2023-02-19 09:00:00
1186,Spring,10.2,55.36,3.64,109.18,26,0.09,13.33,2023-02-19 10:00:00
1187,Spring,13.79,33.53,7.18,862.74,29,0.1,11.01,2023-02-19 11:00:00
1188,Spring,10.91,45.16,19.57,914.4,28,0.05,7.66,2023-02-19 12:00:00
1189,Spring,16.31,55.57,11.81,361.73,17,0.12,9.41,2023-02-19 13:00:00
1190,Spring,10.4,45.67,5.35,214.22,9,0.1,6.05,2023-02-19 14:00:00
1191,Spring,15.46,45.66,2.68,763.54,21,0.13,12.63,2023-02-19 15:00:00
1192,Spring,19.41,75.17,9.25,562.56,10,0.14,11.1,2023-02-19 16:00:00
1193,Spring,11.32,43.49,16.25,516.62,7,0.13,12.55,2023-02-19 17:00:00
1194,Spring,12.56,40.99,5.58,479.41,5,0.1,8.5,2023-02-19 18:00:00
1195,Spring,12.83,54.93,3.48,84.24,16,0.07,9.56,2023-02-19 19:00:00
1196,Spring,18.81,68.41,9.62,798.73,9,0.11,7.97,2023-02-19 20:00:00
1197,Spring,18.66,34.94,16.47,44.97,86,0.18,11.19,2023-02-19 21:00:00
1198,Spring,19.42,79.95,12.36,996.75,152,0.3,10.87,2023-02-19 22:00:00
1199,Spring,16.86,60.29,1.77,100.91,191,0.29,12.11,2023-02-19 23:00:00
1200,Spring,13.13,64.73,7.44,747.88,88,0.21,14.71,2023-02-20 00:00:00
1201,Spring,17.66,49.08,7.98,529.73,68,0.25,11.24,2023-02-20 01:00:00
1202,Spring,15.23,44.05,14.12,647.3,104,0.2,6.96,2023-02-20 02:00:00
1203,Spring,11.07,62.9,12.69,768.7,187,0.11,13.82,2023-02-20 03:00:00
1204,Spring,17.3,45.68,0.3,546.16,59,0.2,8.7,2023-02-20 04:00:00
1205,Spring,15.55,37.0,6.03,917.36,111,0.28,14.73,2023-02-20 05:00:00
1206,Spring,12.71,52.85,17.49,851.85,75,0.21,7.66,2023-02-20 06:00:00
1207,Spring,15.49,43.53,10.97,538.16,101,0.28,12.86,2023-02-20 07:00:00
1208,Spring,13.37,75.55,4.21,188.51,7,0.28,9.77,2023-02-20 08:00:00
1209,Spring,14.3,60.51,5.72,347.24,12,0.29,5.85,2023-02-20 09:00:00
1210,Spring,10.04,71.66,7.2,527.29,29,0.07,8.79,2023-02-20 10:00:00
1211,Spring,18.3,46.66,13.23,283.53,26,0.15,7.77,2023-02-20 11:00:00
1212,Spring,12.19,52.96,14.69,7.92,13,0.13,8.56,2023-02-20 12:00:00
1213,Spring,14.45,66.86,6.99,184.28,26,0.1,14.91,2023-02-20 13:00:00
1214,Spring,19.64,66.73,2.44,864.88,35,0.09,13.68,2023-02-20 14:00:00
1215,Spring,12.69,40.81,6.99,545.57,13,0.07,14.24,2023-02-20 15:00:00
1216,Spring,10.79,41.8,11.36,614.96,14,0.07,4.51,2023-02-20 16:00:00
1217,Spring,12.4,46.57,9.68,692.53,38,0.13,14.13,2023-02-20 17:00:00
1218,Spring,13.84,63.65,8.73,254.63,6,0.14,6.37,2023-02-20 18:00:00
1219,Spring,14.46,41.34,18.87,908.61,15,0.11,4.43,2023-02-20 19:00:00
1220,Spring,11.49,56.02,16.27,207.87,11,0.09,8.85,2023-02-20 20:00:00
1221,Spring,15.03,66.9,19.73,275.4,41,0.18,12.88,2023-02-20 21:00:00
1222,Spring,17.13,53.6,14.0,260.27,38,0.22,7.97,2023-02-20 22:00:00
1223,Spring,10.05,36.58,12.62,792.26,7,0.24,8.01,2023-02-20 23:00:00
1224,Spring,15.64,39.16,6.82,177.57,7,0.29,9.69,2023-02-21 00:00:00
1225,Spring,10.16,72.15,10.77,352.52,28,0.26,7.64,2023-02-21 01:00:00
1226,Spring,17.43,37.0,7.34,123.18,7,0.27,8.03,2023-02-21 02:00:00
1227,Spring,14.76,77.26,0.87,403.08,42,0.2,15.11,2023-02-21 03:00:00
1228,Spring,13.33,62.31,18.37,464.49,18,0.2,6.73,2023-02-21 04:00:00
1229,Spring,14.63,35.04,16.24,985.21,48,0.14,9.7,2023-02-21 05:00:00
1230,Spring,17.83,74.13,6.73,619.61,16,0.19,8.28,2023-02-21 06:00:00
1231,Spring,19.69,30.61,4.45,275.19,49,0.12,10.82,2023-02-21 07:00:00
1232,Spring,10.91,55.58,1.18,303.24,30,0.28,5.64,2023-02-21 08:00:00
1233,Spring,14.64,31.19,11.68,605.42,47,0.22,7.15,2023-02-21 09:00:00
1234,Spring,14.67,70.43,15.62,910.71,21,0.13,5.54,2023-02-21 10:00:00
1235,Spring,14.9,46.29,14.38,920.83,41,0.08,13.48,2023-02-21 11:00:00
1236,Spring,16.7,68.62,18.23,842.05,49,0.12,11.66,2023-02-21 12:00:00
1237,Spring,16.32,67.68,1.71,713.68,5,0.06,4.88,2023-02-21 13:00:00
1238,Spring,14.71,33.7,4.48,718.32,16,0.07,7.5,2023-02-21 14:00:00
1239,Spring,11.15,62.43,16.46,620.6,29,0.07,9.48,2023-02-21 15:00:00
1240,Spring,12.09,38.77,8.13,355.54,19,0.11,10.61,2023-02-21 16:00:00
1241,Spring,12.59,69.75,16.13,67.25,46,0.06,6.84,2023-02-21 17:00:00
1242,Spring,11.66,30.33,1.09,795.61,36,0.12,5.4,2023-02-21 18:00:00
1243,Spring,19.88,74.92,19.8,979.0,8,0.09,5.36,2023-02-21 19:00:00
1244,Spring,12.52,61.41,11.99,611.13,49,0.12,9.77,2023-02-21 20:00:00
1245,Spring,16.41,70.47,2.48,682.96,11,0.13,8.83,2023-02-21 21:00:00
1246,Spring,17.79,34.72,18.04,190.17,25,0.19,6.84,2023-02-21 22:00:00
1247,Spring,11.22,51.89,1.23,699.67,41,0.15,10.01,2023-02-21 23:00:00
1248,Spring,11.46,57.99,1.04,248.9,47,0.24,9.47,2023-02-22 00:00:00
1249,Spring,19.06,52.99,9.36,681.32,16,0.29,4.6,2023-02-22 01:00:00
1250,Spring,18.4,73.69,11.73,460.32,44,0.25,11.37,2023-02-22 02:00:00
1251,Spring,15.74,42.52,3.21,818.07,34,0.24,7.75,2023-02-22 03:00:00
1252,Spring,19.35,68.02,13.91,295.25,35,0.25,7.42,2023-02-22 04:00:00
1253,Spring,13.99,64.33,1.03,284.85,48,0.15,7.27,2023-02-22 05:00:00
1254,Spring,18.96,65.76,5.92,780.47,40,0.18,11.98,2023-02-22 06:00:00
1255,Spring,12.28,69.87,2.96,679.4,7,0.26,10.74,2023-02-22 07:00:00
1256,Spring,12.17,68.05,6.27,170.55,20,0.22,7.09,2023-02-22 08:00:00
1257,Spring,15.66,49.79,5.86,965.31,22,0.12,8.74,2023-02-22 09:00:00
1258,Spring,10.5,64.31,8.0,724.73,30,0.08,7.62,2023-02-22 10:00:00
1259,Spring,17.41,48.03,11.31,863.38,48,0.09,5.82,2023-02-22 11:00:00
1260,Spring,17.77,38.23,5.55,369.04,41,0.07,6.18,2023-02-22 12:00:00
1261,Spring,14.93,78.15,18.07,197.93,13,0.15,8.06,2023-02-22 13:00:00
1262,Spring,13.72,57.27,5.86,781.28,10,0.06,13.55,2023-02-22 14:00:00
1263,Spring,13.38,44.51,18.05,912.73,8,0.15,11.15,2023-02-22 15:00:00
1264,Spring,19.86,31.98,1.23,154.78,16,0.08,13.83,2023-02-22 16:00:00
1265,Spring,15.71,67.35,2.79,560.72,6,0.1,4.74,2023-02-22 17:00:00
1266,Spring,16.5,41.1,7.13,576.55,13,0.11,8.24,2023-02-22 18:00:00
1267,Spring,18.56,71.99,1.53,451.02,13,0.13,12.3,2023-02-22 19:00:00
1268,Spring,12.58,59.93,17.84,677.24,15,0.11,9.57,2023-02-22 20:00:00
1269,Spring,17.61,39.98,16.85,543.6,170,0.11,13.61,2023-02-22 21:00:00
1270,Spring,15.71,50.44,6.74,614.05,129,0.14,13.09,2023-02-22 22:00:00
1271,Spring,18.2,36.23,4.15,939.78,165,0.3,9.03,2023-02-22 23:00:00
1272,Spring,14.17,74.87,16.57,986.79,96,0.16,7.75,2023-02-23 00:00:00
1273,Spring,15.02,74.06,2.1,433.14,119,0.2,16.04,2023-02-23 01:00:00
1274,Spring,14.33,38.03,14.44,198.95,194,0.29,16.92,2023-02-23 02:00:00
1275,Spring,16.2,42.13,11.62,860.7,119,0.16,15.74,2023-02-23 03:00:00
1276,Spring,15.11,42.99,4.04,686.76,124,0.27,13.3,2023-02-23 04:00:00
1277,Spring,15.2,77.03,15.86,651.17,162,0.18,16.31,2023-02-23 05:00:00
1278,Spring,17.09,53.2,2.29,936.15,148,0.24,6.92,2023-02-23 06:00:00
1279,Spring,14.2,48.3,8.69,141.77,113,0.17,15.59,2023-02-23 07:00:00
1280,Spring,15.71,67.95,13.21,289.05,25,0.23,14.96,2023-02-23 08:00:00
1281,Spring,16.98,61.01,18.19,890.9,5,0.11,9.44,2023-02-23 09:00:00
1282,Spring,17.06,64.82,15.56,619.58,16,0.1,8.76,2023-02-23 10:00:00
1283,Spring,17.57,51.67,15.18,93.33,7,0.13,13.56,2023-02-23 11:00:00
1284,Spring,16.9,60.52,17.38,264.2,5,0.06,10.4,2023-02-23 12:00:00
1285,Spring,19.3,44.14,16.62,315.59,19,0.1,8.88,2023-02-23 13:00:00
1286,Spring,12.21,32.85,2.8,530.3,8,0.12,13.51,2023-02-23 14:00:00
1287,Spring,11.06,64.14,16.29,713.48,26,0.08,4.69,2023-02-23 15:00:00
1288,Spring,16.12,43.39,3.88,955.9,28,0.06,8.42,2023-02-23 16:00:00
1289,Spring,18.41,40.62,14.45,748.19,14,0.13,13.5,2023-02-23 17:00:00
1290,Spring,17.82,66.59,17.39,667.68,20,0.12,4.16,2023-02-23 18:00:00
1291,Spring,15.58,69.38,0.09,426.63,12,0.12,5.45,2023-02-23 19:00:00
1292,Spring,19.62,71.87,7.77,728.96,13,0.09,8.68,2023-02-23 20:00:00
1293,Spring,19.44,62.31,10.58,547.43,154,0.27,7.66,2023-02-23 21:00:00
1294,Spring,19.2,65.09,10.5,982.87,119,0.21,13.11,2023-02-23 22:00:00
1295,Spring,18.96,51.21,7.21,349.64,189,0.16,15.57,2023-02-23 23:00:00
1296,Spring,19.38,32.11,0.07,104.26,175,0.22,8.57,2023-02-24 00:00:00
1297,Spring,13.13,69.87,15.02,513.3,87,0.14,10.04,2023-02-24 01:00:00
1298,Spring,11.78,55.55,0.73,843.52,75,0.14,13.35,2023-02-24 02:00:00
1299,Spring,17.63,38.24,6.22,670.62,68,0.21,7.37,2023-02-24 03:00:00
1300,Spring,18.33,39.56,12.61,298.34,174,0.25,17.17,2023-02-24 04:00:00
1301,Spring,18.75,39.57,3.12,726.22,196,0.11,16.97,2023-02-24 05:00:00
1302,Spring,11.08,77.49,16.4,694.38,186,0.23,11.51,2023-02-24 06:00:00
1303,Spring,10.38,79.42,12.33,43.94,177,0.11,12.76,2023-02-24 07:00:00
1304,Spring,16.33,55.63,17.6,776.73,23,0.11,12.38,2023-02-24 08:00:00
1305,Spring,19.25,54.22,19.49,38.83,16,0.24,6.46,2023-02-24 09:00:00
1306,Spring,18.54,77.41,16.57,407.77,11,0.07,8.43,2023-02-24 10:00:00
1307,Spring,14.29,57.75,16.41,80.41,8,0.14,12.65,2023-02-24 11:00:00
1308,Spring,10.18,58.47,3.9,838.16,7,0.07,9.4,2023-02-24 12:00:00
1309,Spring,11.24,36.55,19.15,362.77,25,0.14,14.31,2023-02-24 13:00:00
1310,Spring,13.95,54.06,16.44,250.62,18,0.06,7.28,2023-02-24 14:00:00
1311,Spring,10.55,39.12,17.54,577.71,28,0.15,14.47,2023-02-24 15:00:00
1312,Spring,17.64,57.85,14.45,223.43,26,0.1,10.76,2023-02-24 16:00:00
1313,Spring,18.15,71.92,15.63,583.19,29,0.13,7.74,2023-02-24 17:00:00
1314,Spring,18.17,52.25,7.93,466.93,9,0.07,10.95,2023-02-24 18:00:00
1315,Spring,15.99,42.81,5.56,179.6,10,0.06,10.84,2023-02-24 19:00:00
1316,Spring,13.74,30.05,4.41,771.36,22,0.14,9.51,2023-02-24 20:00:00
1317,Spring,19.62,30.35,9.1,119.41,91,0.14,11.67,2023-02-24 21:00:00
1318,Spring,15.3,68.02,13.02,206.91,56,0.23,11.01,2023-02-24 22:00:00
1319,Spring,17.45,30.9,2.77,253.54,95,0.28,16.49,2023-02-24 23:00:00
1320,Spring,19.86,68.13,14.91,568.69,173,0.14,12.8,2023-02-25 00:00:00
1321,Spring,17.14,64.95,15.05,713.04,100,0.12,12.67,2023-02-25 01:00:00
1322,Spring,19.92,65.22,14.6,173.84,126,0.12,9.2,2023-02-25 02:00:00
1323,Spring,15.96,67.56,4.87,114.74,136,0.15,12.83,2023-02-25 03:00:00
1324,Spring,18.15,55.39,19.88,129.83,93,0.28,12.57,2023-02-25 04:00:00
1325,Spring,19.95,53.23,0.17,199.15,59,0.11,15.32,2023-02-25 05:00:00
1326,Spring,17.73,54.0,8.28,30.51,190,0.27,10.14,2023-02-25 06:00:00
1327,Spring,12.87,32.71,11.87,344.51,140,0.22,8.41,2023-02-25 07:00:00
1328,Spring,10.61,60.86,11.97,44.97,17,0.12,12.95,2023-02-25 08:00:00
1329,Spring,11.11,49.88,8.84,479.0,26,0.13,14.08,2023-02-25 09:00:00
1330,Spring,15.29,73.01,19.16,732.57,28,0.13,9.04,2023-02-25 10:00:00
1331,Spring,16.73,45.78,7.03,921.29,23,0.13,13.47,2023-02-25 11:00:00
1332,Spring,14.03,32.97,5.96,845.18,8,0.11,8.23,2023-02-25 12:00:00
1333,Spring,13.51,56.86,0.23,354.22,15,0.14,9.63,2023-02-25 13:00:00
1334,Spring,18.99,75.62,18.35,627.39,29,0.14,7.96,2023-02-25 14:00:00
1335,Spring,17.0,66.73,16.76,513.99,29,0.12,7.06,2023-02-25 15:00:00
1336,Spring,17.12,71.24,19.37,65.16,17,0.05,10.19,2023-02-25 16:00:00
1337,Spring,10.86,67.54,10.39,783.98,26,0.11,11.6,2023-02-25 17:00:00
1338,Spring,18.57,75.89,13.97,99.76,25,0.09,7.85,2023-02-25 18:00:00
1339,Spring,14.36,45.75,4.12,924.53,10,0.1,6.64,2023-02-25 19:00:00
1340,Spring,16.16,60.19,5.95,809.03,14,0.06,13.51,2023-02-25 20:00:00
1341,Spring,19.18,51.89,11.99,194.68,99,0.12,15.97,2023-02-25 21:00:00
1342,Spring,18.96,78.1,1.53,902.21,113,0.26,7.88,2023-02-25 22:00:00
1343,Spring,16.73,55.84,8.24,577.77,100,0.22,10.13,2023-02-25 23:00:00
1344,Spring,10.26,34.29,8.57,805.85,50,0.25,7.17,2023-02-26 00:00:00
1345,Spring,15.32,70.85,11.55,523.46,66,0.17,14.69,2023-02-26 01:00:00
1346,Spring,10.2,48.28,11.74,736.67,193,0.25,11.65,2023-02-26 02:00:00
1347,Spring,11.35,75.56,18.71,340.86,84,0.21,16.03,2023-02-26 03:00:00
1348,Spring,19.81,45.75,1.28,296.72,153,0.23,16.39,2023-02-26 04:00:00
1349,Spring,15.63,33.8,17.4,710.5,162,0.19,13.69,2023-02-26 05:00:00
1350,Spring,19.48,46.36,17.21,901.59,113,0.21,8.62,2023-02-26 06:00:00
1351,Spring,12.89,78.07,7.05,488.18,58,0.22,8.27,2023-02-26 07:00:00
1352,Spring,19.44,73.28,18.67,95.43,14,0.11,14.44,2023-02-26 08:00:00
1353,Spring,19.63,58.9,15.85,416.09,18,0.18,9.5,2023-02-26 09:00:00
1354,Spring,17.87,55.99,5.76,463.3,26,0.06,9.63,2023-02-26 10:00:00
1355,Spring,17.29,67.1,14.65,220.14,19,0.14,12.26,2023-02-26 11:00:00
1356,Spring,14.73,68.92,13.17,322.63,20,0.07,5.87,2023-02-26 12:00:00
1357,Spring,12.31,74.43,5.44,747.55,23,0.15,12.33,2023-02-26 13:00:00
1358,Spring,17.42,77.19,8.84,755.96,16,0.14,12.78,2023-02-26 14:00:00
1359,Spring,16.79,40.24,16.15,174.3,9,0.12,14.48,2023-02-26 15:00:00
1360,Spring,19.33,46.68,10.72,719.87,21,0.1,6.19,2023-02-26 16:00:00
1361,Spring,17.38,48.67,2.86,558.8,8,0.11,8.87,2023-02-26 17:00:00
1362,Spring,13.84,63.49,2.82,141.36,29,0.06,9.44,2023-02-26 18:00:00
1363,Spring,19.33,42.04,1.42,582.05,25,0.14,11.14,2023-02-26 19:00:00
1364,Spring,18.21,66.73,2.5,179.68,13,0.15,11.48,2023-02-26 20:00:00
1365,Spring,16.58,69.8,13.59,791.96,80,0.24,10.29,2023-02-26 21:00:00
1366,Spring,16.5,58.79,14.58,731.66,182,0.26,11.44,2023-02-26 22:00:00
1367,Spring,19.2,37.78,17.28,156.73,177,0.29,11.52,2023-02-26 23:00:00
1368,Spring,17.22,75.18,2.72,326.91,97,0.23,11.03,2023-02-27 00:00:00
1369,Spring,15.54,36.33,11.96,653.64,104,0.27,8.49,2023-02-27 01:00:00
1370,Spring,12.9,66.04,15.35,951.78,138,0.15,11.23,2023-02-27 02:00:00
1371,Spring,10.47,44.03,19.99,788.39,116,0.17,15.46,2023-02-27 03:00:00
1372,Spring,13.06,31.55,15.55,724.36,191,0.28,14.7,2023-02-27 04:00:00
1373,Spring,12.66,72.68,19.15,582.64,50,0.29,13.11,2023-02-27 05:00:00
1374,Spring,17.96,59.23,13.76,443.11,172,0.15,9.94,2023-02-27 06:00:00
1375,Spring,15.68,40.42,11.25,32.03,185,0.27,12.92,2023-02-27 07:00:00
1376,Spring,10.81,71.62,1.63,265.29,25,0.27,11.6,2023-02-27 08:00:00
1377,Spring,11.51,72.63,19.89,359.25,28,0.29,12.74,2023-02-27 09:00:00
1378,Spring,18.03,68.2,16.46,952.29,16,0.12,4.23,2023-02-27 10:00:00
1379,Spring,14.5,69.26,16.79,843.63,10,0.11,8.3,2023-02-27 11:00:00
1380,Spring,13.59,48.97,2.66,763.8,17,0.08,12.63,2023-02-27 12:00:00
1381,Spring,11.63,45.01,18.51,842.64,13,0.06,7.39,2023-02-27 13:00:00
1382,Spring,18.45,55.94,3.54,421.61,19,0.1,5.82,2023-02-27 14:00:00
1383,Spring,15.91,41.57,2.84,428.67,46,0.09,10.1,2023-02-27 15:00:00
1384,Spring,17.09,57.25,4.32,181.79,23,0.1,9.27,2023-02-27 16:00:00
1385,Spring,18.86,42.77,12.39,413.98,12,0.09,10.68,2023-02-27 17:00:00
1386,Spring,16.12,56.85,15.6,719.18,17,0.09,4.6,2023-02-27 18:00:00
1387,Spring,14.5,33.81,5.0,124.84,14,0.1,13.06,2023-02-27 19:00:00
1388,Spring,13.9,56.75,13.21,961.79,31,0.12,7.17,2023-02-27 20:00:00
1389,Spring,19.44,36.96,15.92,38.16,39,0.11,9.48,2023-02-27 21:00:00
1390,Spring,16.09,33.56,17.58,856.14,29,0.29,8.21,2023-02-27 22:00:00
1391,Spring,17.05,40.57,18.45,850.0,9,0.3,11.35,2023-02-27 23:00:00
1392,Spring,16.6,75.8,11.67,884.8,16,0.21,8.71,2023-02-28 00:00:00
1393,Spring,12.42,78.95,19.3,777.57,28,0.27,6.12,2023-02-28 01:00:00
1394,Spring,11.43,49.66,2.99,368.76,30,0.13,10.01,2023-02-28 02:00:00
1395,Spring,11.41,52.05,14.11,252.88,36,0.11,14.6,2023-02-28 03:00:00
1396,Spring,14.47,64.89,5.4,482.1,24,0.29,14.39,2023-02-28 04:00:00
1397,Spring,14.42,54.07,7.27,403.37,44,0.25,7.4,2023-02-28 05:00:00
1398,Spring,16.89,79.07,18.47,794.27,45,0.26,10.57,2023-02-28 06:00:00
1399,Spring,11.36,64.34,8.63,368.77,32,0.18,9.22,2023-02-28 07:00:00
1400,Spring,17.16,67.09,9.25,583.42,8,0.21,4.31,2023-02-28 08:00:00
1401,Spring,16.12,65.89,15.52,759.95,10,0.24,10.9,2023-02-28 09:00:00
1402,Spring,13.1,46.1,12.87,295.86,37,0.12,6.63,2023-02-28 10:00:00
1403,Spring,18.33,37.76,18.92,304.28,31,0.05,7.39,2023-02-28 11:00:00
1404,Spring,14.78,61.83,3.74,820.0,15,0.1,5.9,2023-02-28 12:00:00
1405,Spring,19.23,60.04,19.72,63.5,20,0.12,8.98,2023-02-28 13:00:00
1406,Spring,17.15,34.54,8.2,246.85,20,0.08,14.94,2023-02-28 14:00:00
1407,Spring,19.49,78.12,4.11,984.86,26,0.11,5.89,2023-02-28 15:00:00
1408,Spring,10.54,51.64,6.37,906.48,5,0.12,7.55,2023-02-28 16:00:00
1409,Spring,19.33,34.15,7.75,815.26,30,0.13,10.63,2023-02-28 17:00:00
1410,Spring,18.04,36.23,16.15,516.14,46,0.05,5.34,2023-02-28 18:00:00
1411,Spring,18.74,49.91,5.79,194.54,50,0.15,10.02,2023-02-28 19:00:00
1412,Spring,13.84,74.96,6.65,491.38,37,0.13,12.11,2023-02-28 20:00:00
1413,Spring,11.1,73.73,10.54,995.64,40,0.28,8.03,2023-02-28 21:00:00
1414,Spring,14.32,41.39,16.83,540.82,40,0.11,11.31,2023-02-28 22:00:00
1415,Spring,14.86,75.98,19.49,802.93,10,0.15,10.28,2023-02-28 23:00:00
1416,Spring,17.58,53.33,0.68,957.64,10,0.3,7.01,2023-03-01 00:00:00
1417,Spring,12.1,47.31,15.69,883.65,23,0.16,7.29,2023-03-01 01:00:00
1418,Spring,12.86,49.14,4.82,309.68,50,0.17,8.42,2023-03-01 02:00:00
1419,Spring,13.17,74.59,0.56,676.06,12,0.2,6.81,2023-03-01 03:00:00
1420,Spring,15.05,51.33,17.85,925.24,28,0.15,8.72,2023-03-01 04:00:00
1421,Spring,16.98,54.4,1.58,32.81,12,0.14,5.36,2023-03-01 05:00:00
1422,Spring,16.86,45.22,9.2,267.74,30,0.14,9.42,2023-03-01 06:00:00
1423,Spring,17.79,64.42,5.71,972.39,35,0.28,7.61,2023-03-01 07:00:00
1424,Spring,13.46,38.55,18.35,321.37,35,0.23,10.42,2023-03-01 08:00:00
1425,Spring,18.4,46.65,12.62,826.87,22,0.3,10.45,2023-03-01 09:00:00
1426,Spring,18.4,55.38,7.35,508.59,42,0.08,10.36,2023-03-01 10:00:00
1427,Spring,19.06,39.33,15.49,189.92,37,0.06,12.84,2023-03-01 11:00:00
1428,Spring,19.19,61.01,19.66,389.47,47,0.06,6.59,2023-03-01 12:00:00
1429,Spring,13.39,54.24,7.6,868.07,8,0.09,6.87,2023-03-01 13:00:00
1430,Spring,13.71,46.52,10.11,199.77,15,0.13,13.79,2023-03-01 14:00:00
1431,Spring,19.94,52.61,6.71,297.17,19,0.06,6.17,2023-03-01 15:00:00
1432,Spring,14.5,68.67,16.6,759.01,5,0.06,4.99,2023-03-01 16:00:00
1433,Spring,11.46,40.09,7.82,947.06,23,0.07,3.74,2023-03-01 17:00:00
1434,Spring,12.36,53.19,4.87,32.07,14,0.13,9.47,2023-03-01 18:00:00
1435,Spring,19.96,55.51,15.81,775.21,22,0.09,10.12,2023-03-01 19:00:00
1436,Spring,18.81,74.57,14.34,448.15,29,0.1,8.25,2023-03-01 20:00:00
1437,Spring,16.03,53.03,5.23,562.03,131,0.1,11.62,2023-03-01 21:00:00
1438,Spring,19.29,66.48,12.95,697.99,183,0.24,14.32,2023-03-01 22:00:00
1439,Spring,14.63,47.44,10.34,692.09,137,0.27,8.26,2023-03-01 23:00:00
1440,Spring,12.94,34.19,17.11,392.99,50,0.16,11.15,2023-03-02 00:00:00
1441,Spring,11.35,32.63,18.13,315.51,162,0.13,13.21,2023-03-02 01:00:00
1442,Spring,11.11,71.04,0.78,379.6,133,0.1,11.57,2023-03-02 02:00:00
1443,Spring,13.88,44.44,5.25,55.05,85,0.14,15.08,2023-03-02 03:00:00
1444,Spring,18.19,52.45,16.07,831.31,158,0.28,8.27,2023-03-02 04:00:00
1445,Spring,16.89,54.36,10.33,470.99,119,0.11,9.97,2023-03-02 05:00:00
1446,Spring,18.99,53.75,10.91,859.14,119,0.2,14.24,2023-03-02 06:00:00
1447,Spring,10.78,49.49,0.87,910.94,131,0.3,13.44,2023-03-02 07:00:00
1448,Spring,13.11,79.49,4.65,878.34,23,0.15,10.34,2023-03-02 08:00:00
1449,Spring,18.81,54.36,18.58,8.39,13,0.16,12.88,2023-03-02 09:00:00
1450,Spring,15.6,69.61,6.07,439.29,28,0.07,5.31,2023-03-02 10:00:00
1451,Spring,17.55,62.19,9.71,901.87,14,0.12,9.64,2023-03-02 11:00:00
1452,Spring,12.26,60.16,14.79,404.17,25,0.08,13.35,2023-03-02 12:00:00
1453,Spring,11.06,70.92,3.97,904.98,15,0.13,4.0,2023-03-02 13:00:00
1454,Spring,13.98,34.55,7.93,116.27,17,0.08,9.44,2023-03-02 14:00:00
1455,Spring,19.82,66.83,18.92,976.43,7,0.05,10.49,2023-03-02 15:00:00
1456,Spring,10.18,46.65,1.13,855.15,8,0.12,9.89,2023-03-02 16:00:00
1457,Spring,14.09,46.47,11.53,123.98,8,0.15,13.86,2023-03-02 17:00:00
1458,Spring,18.85,38.69,3.8,75.55,17,0.13,9.68,2023-03-02 18:00:00
1459,Spring,19.78,68.66,7.9,900.01,9,0.13,11.15,2023-03-02 19:00:00
1460,Spring,19.67,30.57,5.69,812.56,14,0.13,9.98,2023-03-02 20:00:00
1461,Spring,11.52,42.17,1.72,733.51,168,0.25,8.01,2023-03-02 21:00:00
1462,Spring,15.54,33.84,19.82,453.13,196,0.1,10.63,2023-03-02 22:00:00
1463,Spring,18.8,47.12,3.76,536.81,150,0.17,11.05,2023-03-02 23:00:00
1464,Spring,16.01,76.67,1.25,854.03,133,0.25,14.91,2023-03-03 00:00:00
1465,Spring,12.81,56.49,15.21,695.91,158,0.26,13.96,2023-03-03 01:00:00
1466,Spring,19.65,61.88,2.49,260.01,122,0.21,14.12,2023-03-03 02:00:00
1467,Spring,10.87,54.43,8.53,899.22,99,0.11,9.9,2023-03-03 03:00:00
1468,Spring,19.73,44.11,14.38,95.64,176,0.21,10.26,2023-03-03 04:00:00
1469,Spring,16.14,79.26,14.05,175.37,176,0.29,9.09,2023-03-03 05:00:00
1470,Spring,16.65,79.84,1.95,689.19,76,0.25,14.67,2023-03-03 06:00:00
1471,Spring,13.42,45.4,10.38,18.55,156,0.17,14.24,2023-03-03 07:00:00
1472,Spring,11.67,70.87,11.09,855.98,27,0.13,7.32,2023-03-03 08:00:00
1473,Spring,10.56,39.71,3.05,176.7,11,0.26,7.31,2023-03-03 09:00:00
1474,Spring,19.86,67.92,3.02,713.52,6,0.1,7.24,2023-03-03 10:00:00
1475,Spring,10.52,38.83,12.01,961.01,7,0.15,11.6,2023-03-03 11:00:00
1476,Spring,19.42,50.4,13.41,935.99,27,0.1,9.58,2023-03-03 12:00:00
1477,Spring,19.56,30.89,16.27,263.32,17,0.12,10.02,2023-03-03 13:00:00
1478,Spring,16.93,32.72,0.54,990.48,5,0.1,6.56,2023-03-03 14:00:00
1479,Spring,15.36,77.95,6.75,877.37,14,0.05,3.75,2023-03-03 15:00:00
1480,Spring,13.32,68.9,14.72,547.98,27,0.13,11.86,2023-03-03 16:00:00
1481,Spring,15.07,45.9,0.86,233.64,29,0.11,12.23,2023-03-03 17:00:00
1482,Spring,13.16,79.56,10.95,466.1,16,0.1,9.06,2023-03-03 18:00:00
1483,Spring,10.93,45.4,17.54,187.57,27,0.12,12.06,2023-03-03 19:00:00
1484,Spring,10.07,73.9,2.36,662.88,30,0.14,13.72,2023-03-03 20:00:00
1485,Spring,18.48,49.4,5.34,356.78,118,0.28,12.36,2023-03-03 21:00:00
1486,Spring,13.95,78.47,2.24,322.64,114,0.17,12.15,2023-03-03 22:00:00
1487,Spring,11.1,39.03,0.22,65.65,166,0.18,8.43,2023-03-03 23:00:00
1488,Spring,10.33,32.09,5.16,850.0,191,0.26,17.17,2023-03-04 00:00:00
1489,Spring,12.86,61.37,8.95,388.49,156,0.3,14.78,2023-03-04 01:00:00
1490,Spring,15.83,34.22,5.32,120.75,139,0.26,8.38,2023-03-04 02:00:00
1491,Spring,12.95,53.76,4.51,273.07,154,0.11,11.35,2023-03-04 03:00:00
1492,Spring,18.1,67.21,0.3,449.7,147,0.1,16.78,2023-03-04 04:00:00
1493,Spring,19.77,34.43,19.97,318.77,129,0.26,13.85,2023-03-04 05:00:00
1494,Spring,11.4,68.37,10.95,547.16,153,0.15,15.03,2023-03-04 06:00:00
1495,Spring,16.91,32.15,2.57,869.97,62,0.21,14.08,2023-03-04 07:00:00
1496,Spring,14.2,71.03,16.38,160.07,20,0.28,6.61,2023-03-04 08:00:00
1497,Spring,18.45,76.43,1.73,292.58,13,0.23,13.55,2023-03-04 09:00:00
1498,Spring,10.93,75.06,11.67,961.09,6,0.14,11.47,2023-03-04 10:00:00
1499,Spring,19.45,57.12,5.72,518.88,24,0.13,8.01,2023-03-04 11:00:00
1500,Spring,12.75,30.12,4.14,184.65,8,0.09,4.99,2023-03-04 12:00:00
1501,Spring,18.35,63.14,1.58,594.92,5,0.05,13.65,2023-03-04 13:00:00
1502,Spring,13.34,59.49,11.75,545.37,5,0.15,13.06,2023-03-04 14:00:00
1503,Spring,11.36,41.17,4.83,703.05,17,0.07,13.59,2023-03-04 15:00:00
1504,Spring,11.23,40.95,6.51,191.27,22,0.11,10.05,2023-03-04 16:00:00
1505,Spring,17.93,50.16,0.54,167.79,18,0.08,11.46,2023-03-04 17:00:00
1506,Spring,14.07,43.37,14.84,909.8,19,0.09,10.75,2023-03-04 18:00:00
1507,Spring,19.77,48.3,18.97,92.45,28,0.06,9.71,2023-03-04 19:00:00
1508,Spring,19.13,36.32,9.38,589.98,10,0.08,8.33,2023-03-04 20:00:00
1509,Spring,15.97,67.19,9.8,294.61,166,0.29,14.84,2023-03-04 21:00:00
1510,Spring,17.05,67.08,1.92,43.31,97,0.12,14.4,2023-03-04 22:00:00
1511,Spring,15.09,45.27,8.66,715.81,99,0.1,5.87,2023-03-04 23:00:00
1512,Spring,10.76,69.31,7.34,859.01,67,0.15,9.55,2023-03-05 00:00:00
1513,Spring,19.15,59.23,7.41,816.65,84,0.11,9.27,2023-03-05 01:00:00
1514,Spring,17.77,71.64,17.96,705.59,117,0.21,15.27,2023-03-05 02:00:00
1515,Spring,14.96,50.76,14.25,723.08,193,0.17,16.39,2023-03-05 03:00:00
1516,Spring,17.27,74.38,11.86,132.87,100,0.26,9.06,2023-03-05 04:00:00
1517,Spring,18.74,54.01,17.27,326.33,70,0.21,8.16,2023-03-05 05:00:00
1518,Spring,19.49,36.27,12.91,639.28,96,0.25,12.87,2023-03-05 06:00:00
1519,Spring,16.96,70.42,15.63,500.88,154,0.16,8.36,2023-03-05 07:00:00
1520,Spring,11.3,68.31,1.83,402.6,7,0.19,8.23,2023-03-05 08:00:00
1521,Spring,15.15,58.96,9.08,788.39,25,0.18,8.98,2023-03-05 09:00:00
1522,Spring,13.21,34.68,10.65,183.6,25,0.06,7.06,2023-03-05 10:00:00
1523,Spring,15.55,33.95,7.79,189.57,10,0.09,8.7,2023-03-05 11:00:00
1524,Spring,19.26,40.97,9.96,139.14,12,0.14,10.17,2023-03-05 12:00:00
1525,Spring,16.22,54.13,16.13,232.38,13,0.07,14.27,2023-03-05 13:00:00
1526,Spring,19.66,70.2,1.19,471.21,30,0.1,14.71,2023-03-05 14:00:00
1527,Spring,13.91,51.9,6.44,525.49,9,0.14,6.11,2023-03-05 15:00:00
1528,Spring,14.61,54.28,15.66,369.55,30,0.07,10.85,2023-03-05 16:00:00
1529,Spring,11.56,40.58,8.27,782.7,11,0.08,6.62,2023-03-05 17:00:00
1530,Spring,16.32,70.39,1.86,911.53,9,0.07,7.96,2023-03-05 18:00:00
1531,Spring,17.77,77.82,6.72,754.35,21,0.07,6.05,2023-03-05 19:00:00
1532,Spring,19.89,73.86,11.58,780.07,15,0.05,11.68,2023-03-05 20:00:00
1533,Spring,17.79,53.61,10.87,528.4,165,0.22,12.0,2023-03-05 21:00:00
1534,Spring,17.6,61.89,4.82,61.42,154,0.11,8.82,2023-03-05 22:00:00
1535,Spring,10.41,63.64,4.77,988.1,121,0.17,12.74,2023-03-05 23:00:00
1536,Spring,14.02,34.49,7.29,808.02,88,0.18,14.67,2023-03-06 00:00:00
1537,Spring,13.98,67.38,10.65,269.47,145,0.29,13.54,2023-03-06 01:00:00
1538,Spring,11.67,52.67,18.78,812.04,54,0.29,8.86,2023-03-06 02:00:00
1539,Spring,15.89,56.08,13.31,912.07,124,0.22,8.9,2023-03-06 03:00:00
1540,Spring,13.98,35.96,14.83,815.33,123,0.17,15.38,2023-03-06 04:00:00
1541,Spring,12.18,33.07,0.93,216.03,95,0.13,9.16,2023-03-06 05:00:00
1542,Spring,12.93,30.61,0.65,371.53,150,0.3,10.06,2023-03-06 06:00:00
1543,Spring,10.98,71.87,13.61,611.85,58,0.17,13.17,2023-03-06 07:00:00
1544,Spring,11.69,68.39,15.77,970.65,18,0.21,5.96,2023-03-06 08:00:00
1545,Spring,13.86,42.86,0.93,715.74,12,0.16,4.86,2023-03-06 09:00:00
1546,Spring,18.98,59.23,11.32,544.09,8,0.12,10.64,2023-03-06 10:00:00
1547,Spring,11.3,41.1,10.89,212.65,25,0.09,8.31,2023-03-06 11:00:00
1548,Spring,12.84,34.79,10.92,594.21,10,0.14,8.31,2023-03-06 12:00:00
1549,Spring,19.99,42.36,0.18,760.52,19,0.14,8.01,2023-03-06 13:00:00
1550,Spring,11.71,34.29,18.11,190.39,28,0.12,15.22,2023-03-06 14:00:00
1551,Spring,19.23,72.49,6.87,740.74,40,0.09,5.95,2023-03-06 15:00:00
1552,Spring,12.28,43.17,19.52,982.89,20,0.11,11.94,2023-03-06 16:00:00
1553,Spring,18.08,75.89,19.96,552.21,43,0.08,13.61,2023-03-06 17:00:00
1554,Spring,18.48,66.87,7.43,162.05,9,0.15,12.06,2023-03-06 18:00:00
1555,Spring,12.38,52.11,6.0,19.55,24,0.14,6.54,2023-03-06 19:00:00
1556,Spring,17.45,77.57,13.33,649.43,30,0.06,13.47,2023-03-06 20:00:00
1557,Spring,16.37,75.15,11.19,947.73,47,0.19,8.16,2023-03-06 21:00:00
1558,Spring,15.12,50.55,16.02,920.43,49,0.24,11.85,2023-03-06 22:00:00
1559,Spring,10.35,76.52,1.69,384.11,47,0.27,8.58,2023-03-06 23:00:00
1560,Spring,16.22,63.08,19.51,88.68,22,0.14,8.48,2023-03-07 00:00:00
1561,Spring,16.96,38.11,12.23,437.09,22,0.22,10.14,2023-03-07 01:00:00
1562,Spring,19.73,47.31,16.42,68.26,17,0.21,14.42,2023-03-07 02:00:00
1563,Spring,17.12,37.33,8.23,994.5,10,0.26,5.6,2023-03-07 03:00:00
1564,Spring,11.65,60.66,9.95,419.79,13,0.11,13.0,2023-03-07 04:00:00
1565,Spring,19.29,79.88,13.65,713.35,48,0.11,14.04,2023-03-07 05:00:00
1566,Spring,12.31,60.61,5.71,561.41,13,0.24,13.81,2023-03-07 06:00:00
1567,Spring,18.12,58.56,1.43,524.23,15,0.14,12.35,2023-03-07 07:00:00
1568,Spring,17.54,75.44,5.22,742.69,49,0.17,9.46,2023-03-07 08:00:00
1569,Spring,18.1,50.09,8.35,237.16,47,0.22,15.52,2023-03-07 09:00:00
1570,Spring,11.63,61.63,7.59,845.93,27,0.1,13.29,2023-03-07 10:00:00
1571,Spring,13.93,55.26,10.53,746.5,12,0.1,13.54,2023-03-07 11:00:00
1572,Spring,15.34,33.51,17.04,935.14,22,0.08,8.99,2023-03-07 12:00:00
1573,Spring,14.05,60.44,8.75,917.89,5,0.08,4.84,2023-03-07 13:00:00
1574,Spring,10.29,47.21,16.55,544.79,44,0.07,5.17,2023-03-07 14:00:00
1575,Spring,17.63,64.27,4.77,331.2,15,0.05,12.48,2023-03-07 15:00:00
1576,Spring,10.38,47.4,17.05,843.87,14,0.06,8.72,2023-03-07 16:00:00
1577,Spring,12.41,46.79,0.76,905.59,46,0.09,6.46,2023-03-07 17:00:00
1578,Spring,19.11,32.5,17.74,653.87,12,0.12,8.66,2023-03-07 18:00:00
1579,Spring,15.32,54.47,4.52,350.4,40,0.07,9.73,2023-03-07 19:00:00
1580,Spring,11.7,48.44,15.5,159.1,9,0.07,10.55,2023-03-07 20:00:00
1581,Spring,12.85,74.47,19.08,219.46,30,0.24,6.11,2023-03-07 21:00:00
1582,Spring,19.97,55.59,15.94,735.08,12,0.14,13.59,2023-03-07 22:00:00
1583,Spring,19.26,54.83,9.21,348.64,10,0.14,9.98,2023-03-07 23:00:00
1584,Spring,12.64,74.79,6.53,449.59,9,0.25,10.1,2023-03-08 00:00:00
1585,Spring,18.93,38.57,14.95,98.63,7,0.24,11.58,2023-03-08 01:00:00
1586,Spring,17.01,66.45,16.19,393.66,34,0.11,10.25,2023-03-08 02:00:00
1587,Spring,18.37,36.62,9.27,791.7,5,0.29,4.84,2023-03-08 03:00:00
1588,Spring,15.0,74.31,19.45,489.28,13,0.24,11.67,2023-03-08 04:00:00
1589,Spring,18.28,45.48,16.76,445.39,48,0.19,9.73,2023-03-08 05:00:00
1590,Spring,12.32,72.51,1.53,814.16,25,0.18,5.8,2023-03-08 06:00:00
1591,Spring,16.78,46.08,8.45,177.4,25,0.15,12.83,2023-03-08 07:00:00
1592,Spring,12.69,45.48,1.9,578.65,44,0.19,11.39,2023-03-08 08:00:00
1593,Spring,14.54,58.49,11.62,866.19,50,0.24,13.09,2023-03-08 09:00:00
1594,Spring,15.79,40.2,16.88,510.74,17,0.08,7.49,2023-03-08 10:00:00
1595,Spring,16.07,67.06,19.5,310.29,24,0.09,13.26,2023-03-08 11:00:00
1596,Spring,13.97,37.74,2.64,734.81,11,0.09,12.1,2023-03-08 12:00:00
1597,Spring,18.25,74.95,18.11,847.79,8,0.14,7.88,2023-03-08 13:00:00
1598,Spring,10.29,58.53,11.21,265.48,29,0.11,9.18,2023-03-08 14:00:00
1599,Spring,15.72,72.7,13.26,222.98,23,0.11,11.72,2023-03-08 15:00:00
1600,Spring,13.84,43.0,0.15,374.35,8,0.09,10.16,2023-03-08 16:00:00
1601,Spring,15.02,37.21,7.99,986.72,12,0.1,4.04,2023-03-08 17:00:00
1602,Spring,14.26,42.88,15.8,957.7,21,0.15,9.18,2023-03-08 18:00:00
1603,Spring,18.0,43.11,1.01,489.31,5,0.11,10.7,2023-03-08 19:00:00
1604,Spring,13.87,58.52,13.5,351.54,14,0.06,9.94,2023-03-08 20:00:00
1605,Spring,14.42,49.43,14.73,372.51,104,0.14,7.16,2023-03-08 21:00:00
1606,Spring,11.16,55.93,5.2,929.28,80,0.12,7.34,2023-03-08 22:00:00
1607,Spring,15.54,46.08,2.34,317.64,59,0.25,10.6,2023-03-08 23:00:00
1608,Spring,10.78,50.43,16.01,345.19,191,0.24,15.81,2023-03-09 00:00:00
1609,Spring,10.26,47.61,4.84,36.09,144,0.15,11.19,2023-03-09 01:00:00
1610,Spring,11.25,40.46,7.64,513.87,143,0.25,16.79,2023-03-09 02:00:00
1611,Spring,19.34,52.71,6.35,48.36,154,0.18,14.61,2023-03-09 03:00:00
1612,Spring,11.29,77.28,9.88,850.52,146,0.24,6.67,2023-03-09 04:00:00
1613,Spring,16.88,54.59,10.42,444.14,176,0.15,17.04,2023-03-09 05:00:00
1614,Spring,19.12,75.21,6.52,744.8,113,0.12,7.88,2023-03-09 06:00:00
1615,Spring,16.53,46.62,6.22,445.06,169,0.27,15.78,2023-03-09 07:00:00
1616,Spring,17.16,57.63,17.34,46.59,19,0.19,13.67,2023-03-09 08:00:00
1617,Spring,13.47,79.22,9.34,692.82,22,0.18,9.88,2023-03-09 09:00:00
1618,Spring,17.13,41.82,0.72,133.02,8,0.05,13.83,2023-03-09 10:00:00
1619,Spring,18.22,67.93,16.92,979.79,24,0.12,4.88,2023-03-09 11:00:00
1620,Spring,14.4,73.18,19.66,271.67,10,0.08,14.01,2023-03-09 12:00:00
1621,Spring,10.76,65.54,3.47,332.04,18,0.1,11.55,2023-03-09 13:00:00
1622,Spring,17.21,41.28,18.89,895.41,9,0.07,6.15,2023-03-09 14:00:00
1623,Spring,14.96,33.7,7.15,223.04,17,0.13,13.13,2023-03-09 15:00:00
1624,Spring,18.08,56.95,12.3,999.93,30,0.12,12.27,2023-03-09 16:00:00
1625,Spring,11.24,75.84,19.2,610.15,26,0.15,5.8,2023-03-09 17:00:00
1626,Spring,17.66,34.39,2.45,367.96,25,0.08,5.96,2023-03-09 18:00:00
1627,Spring,16.51,54.84,13.71,204.66,19,0.05,11.55,2023-03-09 19:00:00
1628,Spring,16.39,69.74,19.16,224.51,6,0.15,11.26,2023-03-09 20:00:00
1629,Spring,10.45,43.52,7.49,909.69,178,0.1,12.83,2023-03-09 21:00:00
1630,Spring,18.28,30.79,4.7,304.03,199,0.14,10.5,2023-03-09 22:00:00
1631,Spring,16.26,53.73,13.5,830.73,178,0.28,16.39,2023-03-09 23:00:00
1632,Spring,12.7,32.72,14.93,125.06,148,0.3,10.57,2023-03-10 00:00:00
1633,Spring,17.22,53.75,6.67,160.91,72,0.18,15.18,2023-03-10 01:00:00
1634,Spring,11.25,39.95,9.63,618.51,127,0.17,7.86,2023-03-10 02:00:00
1635,Spring,10.9,52.35,14.38,605.14,176,0.14,7.42,2023-03-10 03:00:00
1636,Spring,11.51,59.72,9.98,515.04,107,0.19,8.56,2023-03-10 04:00:00
1637,Spring,11.05,48.85,10.27,473.1,91,0.3,8.77,2023-03-10 05:00:00
1638,Spring,12.14,68.82,9.75,87.17,183,0.25,16.49,2023-03-10 06:00:00
1639,Spring,10.52,69.24,4.7,467.61,162,0.24,17.26,2023-03-10 07:00:00
1640,Spring,18.59,58.27,6.3,706.6,29,0.23,7.44,2023-03-10 08:00:00
1641,Spring,15.52,61.95,11.69,850.01,18,0.25,3.84,2023-03-10 09:00:00
1642,Spring,19.9,77.0,19.73,955.87,28,0.08,13.21,2023-03-10 10:00:00
1643,Spring,11.83,73.22,0.09,759.08,12,0.11,13.67,2023-03-10 11:00:00
1644,Spring,11.36,66.39,8.68,362.45,30,0.07,6.7,2023-03-10 12:00:00
1645,Spring,11.07,69.28,17.03,883.47,19,0.07,5.6,2023-03-10 13:00:00
1646,Spring,15.94,32.92,3.74,561.6,30,0.06,10.92,2023-03-10 14:00:00
1647,Spring,16.33,39.22,10.93,749.56,12,0.13,12.32,2023-03-10 15:00:00
1648,Spring,13.35,59.13,5.34,243.89,8,0.13,5.33,2023-03-10 16:00:00
1649,Spring,19.28,54.17,11.43,769.85,23,0.06,9.95,2023-03-10 17:00:00
1650,Spring,10.61,52.25,9.32,976.01,30,0.14,11.77,2023-03-10 18:00:00
1651,Spring,17.13,78.54,4.28,222.21,17,0.14,13.67,2023-03-10 19:00:00
1652,Spring,10.72,72.62,17.82,508.75,12,0.1,6.3,2023-03-10 20:00:00
1653,Spring,19.56,32.89,13.04,289.58,109,0.19,11.28,2023-03-10 21:00:00
1654,Spring,15.78,70.04,7.89,37.46,91,0.25,9.29,2023-03-10 22:00:00
1655,Spring,16.78,65.17,13.27,543.61,63,0.2,5.36,2023-03-10 23:00:00
1656,Spring,11.54,61.62,16.97,692.52,170,0.22,16.6,2023-03-11 00:00:00
1657,Spring,12.2,57.34,3.16,121.37,173,0.25,11.51,2023-03-11 01:00:00
1658,Spring,10.82,49.86,0.68,973.15,117,0.25,7.35,2023-03-11 02:00:00
1659,Spring,14.11,35.76,12.5,426.96,141,0.13,12.27,2023-03-11 03:00:00
1660,Spring,17.54,40.18,7.2,215.01,157,0.25,11.08,2023-03-11 04:00:00
1661,Spring,17.52,36.69,18.91,727.41,60,0.19,13.29,2023-03-11 05:00:00
1662,Spring,19.61,53.67,8.54,440.38,53,0.2,12.28,2023-03-11 06:00:00
1663,Spring,16.95,70.11,6.2,784.35,117,0.1,12.25,2023-03-11 07:00:00
1664,Spring,19.12,43.86,8.17,387.01,9,0.29,7.96,2023-03-11 08:00:00
1665,Spring,17.17,35.87,19.65,933.8,20,0.15,7.92,2023-03-11 09:00:00
1666,Spring,18.02,76.35,5.14,833.26,10,0.08,8.17,2023-03-11 10:00:00
1667,Spring,17.45,74.33,16.33,564.58,11,0.06,12.52,2023-03-11 11:00:00
1668,Spring,15.44,45.48,6.08,828.12,16,0.06,4.63,2023-03-11 12:00:00
1669,Spring,12.71,31.16,13.4,99.13,25,0.12,7.61,2023-03-11 13:00:00
1670,Spring,11.33,43.54,18.63,253.63,27,0.13,7.22,2023-03-11 14:00:00
1671,Spring,17.1,49.28,4.62,12.49,7,0.11,5.98,2023-03-11 15:00:00
1672,Spring,13.83,50.8,1.75,352.36,19,0.07,8.91,2023-03-11 16:00:00
1673,Spring,11.02,40.31,10.8,548.37,24,0.07,11.66,2023-03-11 17:00:00
1674,Spring,17.59,33.28,18.88,624.94,18,0.14,7.53,2023-03-11 18:00:00
1675,Spring,12.8,33.05,7.43,602.29,27,0.11,8.09,2023-03-11 19:00:00
1676,Spring,19.59,33.09,0.87,663.26,25,0.06,7.26,2023-03-11 20:00:00
1677,Spring,17.99,76.42,5.52,985.66,127,0.11,7.76,2023-03-11 21:00:00
1678,Spring,16.12,68.13,5.13,913.32,128,0.24,13.69,2023-03-11 22:00:00
1679,Spring,17.01,69.27,10.96,669.5,77,0.29,14.84,2023-03-11 23:00:00
1680,Spring,10.82,52.92,6.5,498.99,73,0.22,13.48,2023-03-12 00:00:00
1681,Spring,13.04,63.71,8.28,89.25,90,0.28,13.49,2023-03-12 01:00:00
1682,Spring,13.33,68.13,16.09,943.48,124,0.28,6.84,2023-03-12 02:00:00
1683,Spring,19.82,38.15,14.63,777.96,94,0.11,8.88,2023-03-12 03:00:00
1684,Spring,13.53,69.97,17.06,899.94,177,0.3,15.14,2023-03-12 04:00:00
1685,Spring,12.87,49.5,1.06,942.17,124,0.27,7.12,2023-03-12 05:00:00
1686,Spring,11.21,68.69,9.51,546.36,187,0.19,16.67,2023-03-12 06:00:00
1687,Spring,19.87,61.09,5.86,73.92,135,0.3,13.25,2023-03-12 07:00:00
1688,Spring,17.81,73.47,8.36,717.12,10,0.11,6.48,2023-03-12 08:00:00
1689,Spring,13.18,66.23,7.14,993.3,23,0.18,8.81,2023-03-12 09:00:00
1690,Spring,16.95,59.34,1.34,546.51,25,0.08,12.52,2023-03-12 10:00:00
1691,Spring,19.63,50.04,7.43,977.31,15,0.15,6.26,2023-03-12 11:00:00
1692,Spring,13.66,45.48,4.83,3.15,16,0.15,10.41,2023-03-12 12:00:00
1693,Spring,10.26,30.76,15.36,781.05,25,0.12,9.5,2023-03-12 13:00:00
1694,Spring,19.2,70.19,11.24,870.78,21,0.1,9.43,2023-03-12 14:00:00
1695,Spring,15.74,63.0,5.31,2.63,27,0.08,14.59,2023-03-12 15:00:00
1696,Spring,14.98,48.3,5.89,70.65,12,0.1,15.02,2023-03-12 16:00:00
1697,Spring,10.51,35.86,7.92,48.24,16,0.08,12.54,2023-03-12 17:00:00
1698,Spring,18.3,45.77,15.73,769.78,29,0.07,7.05,2023-03-12 18:00:00
1699,Spring,14.39,30.79,15.08,782.32,10,0.05,11.39,2023-03-12 19:00:00
1700,Spring,11.6,36.9,4.19,386.79,8,0.1,14.0,2023-03-12 20:00:00
1701,Spring,16.74,76.22,2.26,567.89,58,0.17,9.04,2023-03-12 21:00:00
1702,Spring,16.49,70.96,16.69,847.5,141,0.22,6.55,2023-03-12 22:00:00
1703,Spring,15.82,38.32,9.28,949.46,144,0.19,13.86,2023-03-12 23:00:00
1704,Spring,17.61,65.36,18.81,609.89,128,0.21,13.23,2023-03-13 00:00:00
1705,Spring,12.45,32.63,15.76,349.17,164,0.23,8.53,2023-03-13 01:00:00
1706,Spring,10.95,71.72,0.36,790.91,90,0.23,14.24,2023-03-13 02:00:00
1707,Spring,19.61,49.3,14.95,308.58,103,0.17,15.0,2023-03-13 03:00:00
1708,Spring,11.2,78.12,14.21,75.9,171,0.16,12.42,2023-03-13 04:00:00
1709,Spring,10.18,45.13,14.93,484.83,138,0.17,8.93,2023-03-13 05:00:00
1710,Spring,17.99,65.0,14.04,150.08,122,0.29,17.12,2023-03-13 06:00:00
1711,Spring,13.52,62.86,6.91,631.9,68,0.11,11.09,2023-03-13 07:00:00
1712,Spring,13.76,71.35,8.91,666.27,13,0.15,8.45,2023-03-13 08:00:00
1713,Spring,14.48,37.99,9.78,99.55,19,0.14,5.64,2023-03-13 09:00:00
1714,Spring,15.87,57.83,14.43,612.13,29,0.09,8.25,2023-03-13 10:00:00
1715,Spring,18.6,55.55,12.95,834.41,28,0.12,12.37,2023-03-13 11:00:00
1716,Spring,16.24,65.72,14.37,774.8,14,0.12,9.77,2023-03-13 12:00:00
1717,Spring,17.56,42.68,13.22,401.69,25,0.14,11.64,2023-03-13 13:00:00
1718,Spring,19.5,49.94,17.75,230.17,39,0.1,5.72,2023-03-13 14:00:00
1719,Spring,14.79,59.19,15.19,720.42,45,0.14,8.76,2023-03-13 15:00:00
1720,Spring,11.69,57.12,7.07,866.52,36,0.08,10.83,2023-03-13 16:00:00
1721,Spring,16.05,40.7,17.6,920.9,35,0.06,8.24,2023-03-13 17:00:00
1722,Spring,18.32,63.73,6.0,775.52,17,0.09,13.21,2023-03-13 18:00:00
1723,Spring,18.04,78.62,18.74,949.16,47,0.05,10.95,2023-03-13 19:00:00
1724,Spring,19.76,77.69,0.99,353.75,22,0.06,5.74,2023-03-13 20:00:00
1725,Spring,17.35,47.66,7.17,818.32,48,0.17,6.67,2023-03-13 21:00:00
1726,Spring,10.44,37.57,11.82,72.28,45,0.22,10.92,2023-03-13 22:00:00
1727,Spring,14.63,44.5,10.2,167.09,16,0.27,11.83,2023-03-13 23:00:00
1728,Spring,13.95,33.97,16.75,51.07,20,0.27,11.47,2023-03-14 00:00:00
1729,Spring,19.4,32.37,18.7,911.21,19,0.15,10.28,2023-03-14 01:00:00
1730,Spring,12.18,67.01,16.87,762.76,34,0.11,9.14,2023-03-14 02:00:00
1731,Spring,11.86,34.19,16.48,310.11,34,0.2,7.93,2023-03-14 03:00:00
1732,Spring,15.82,77.63,19.23,908.69,19,0.27,13.03,2023-03-14 04:00:00
1733,Spring,19.54,43.59,13.58,191.75,10,0.18,8.79,2023-03-14 05:00:00
1734,Spring,18.19,46.45,15.05,959.84,34,0.28,11.54,2023-03-14 06:00:00
1735,Spring,18.09,68.71,19.9,895.51,8,0.13,3.94,2023-03-14 07:00:00
1736,Spring,14.33,58.38,12.55,296.88,33,0.23,6.37,2023-03-14 08:00:00
1737,Spring,16.3,49.68,16.68,569.56,22,0.26,6.14,2023-03-14 09:00:00
1738,Spring,11.51,64.66,19.78,797.18,39,0.07,10.38,2023-03-14 10:00:00
1739,Spring,16.73,57.64,13.11,650.75,39,0.07,9.46,2023-03-14 11:00:00
1740,Spring,18.39,33.15,8.59,837.76,50,0.12,14.03,2023-03-14 12:00:00
1741,Spring,13.84,46.46,5.21,999.51,26,0.12,12.91,2023-03-14 13:00:00
1742,Spring,12.76,54.0,7.67,907.02,6,0.07,8.48,2023-03-14 14:00:00
1743,Spring,12.05,76.58,11.31,948.03,42,0.14,5.71,2023-03-14 15:00:00
1744,Spring,13.46,64.29,16.15,685.4,48,0.14,7.95,2023-03-14 16:00:00
1745,Spring,17.62,69.06,5.4,401.19,32,0.08,11.14,2023-03-14 17:00:00
1746,Spring,17.41,69.78,9.8,883.88,50,0.09,10.81,2023-03-14 18:00:00
1747,Spring,10.05,38.31,17.89,899.22,21,0.09,4.13,2023-03-14 19:00:00
1748,Spring,16.44,46.13,8.61,33.49,35,0.06,12.97,2023-03-14 20:00:00
1749,Spring,12.08,77.97,11.77,697.17,13,0.24,9.01,2023-03-14 21:00:00
1750,Spring,17.32,67.86,13.45,698.97,39,0.2,10.88,2023-03-14 22:00:00
1751,Spring,15.41,67.42,2.48,518.41,20,0.11,8.9,2023-03-14 23:00:00
1752,Spring,17.89,73.63,12.13,883.04,7,0.26,9.9,2023-03-15 00:00:00
1753,Spring,14.57,58.86,3.88,224.71,41,0.19,15.44,2023-03-15 01:00:00
1754,Spring,17.64,68.82,3.92,132.92,13,0.27,8.15,2023-03-15 02:00:00
1755,Spring,14.54,39.74,1.04,809.56,23,0.11,5.37,2023-03-15 03:00:00
1756,Spring,13.22,61.07,7.43,577.51,11,0.23,4.95,2023-03-15 04:00:00
1757,Spring,13.95,70.08,17.25,503.87,15,0.13,9.31,2023-03-15 05:00:00
1758,Spring,11.89,66.55,1.44,76.52,27,0.23,11.52,2023-03-15 06:00:00
1759,Spring,18.16,36.3,17.65,715.03,9,0.12,5.49,2023-03-15 07:00:00
1760,Spring,14.28,50.81,12.11,115.45,8,0.27,8.75,2023-03-15 08:00:00
1761,Spring,12.91,40.49,11.95,422.88,41,0.26,6.08,2023-03-15 09:00:00
1762,Spring,16.94,79.73,14.29,868.78,41,0.09,10.14,2023-03-15 10:00:00
1763,Spring,10.45,43.4,3.83,588.21,47,0.1,12.3,2023-03-15 11:00:00
1764,Spring,11.61,53.77,3.04,784.87,46,0.07,10.26,2023-03-15 12:00:00
1765,Spring,13.86,43.51,3.54,339.31,25,0.14,11.54,2023-03-15 13:00:00
1766,Spring,19.53,71.19,3.93,298.56,25,0.13,5.02,2023-03-15 14:00:00
1767,Spring,10.52,34.54,8.51,337.05,27,0.09,7.36,2023-03-15 15:00:00
1768,Spring,12.54,60.38,16.38,357.98,17,0.06,10.61,2023-03-15 16:00:00
1769,Spring,18.41,66.41,7.35,501.06,11,0.15,11.03,2023-03-15 17:00:00
1770,Spring,16.21,43.01,12.78,148.08,8,0.12,6.07,2023-03-15 18:00:00
1771,Spring,15.97,70.8,11.07,727.59,12,0.14,5.23,2023-03-15 19:00:00
1772,Spring,11.16,68.09,8.6,402.38,18,0.09,5.77,2023-03-15 20:00:00
1773,Spring,19.81,40.38,9.16,477.05,64,0.2,12.71,2023-03-15 21:00:00
1774,Spring,17.94,31.61,6.44,90.5,181,0.12,14.57,2023-03-15 22:00:00
1775,Spring,11.01,38.26,4.65,940.81,117,0.2,15.16,2023-03-15 23:00:00
1776,Spring,16.47,41.33,12.09,983.81,194,0.23,9.5,2023-03-16 00:00:00
1777,Spring,13.75,54.07,10.84,393.38,113,0.25,12.86,2023-03-16 01:00:00
1778,Spring,14.02,72.78,2.31,173.94,149,0.14,17.71,2023-03-16 02:00:00
1779,Spring,11.74,79.4,3.46,397.81,59,0.17,12.41,2023-03-16 03:00:00
1780,Spring,11.39,53.54,18.17,605.27,74,0.22,8.39,2023-03-16 04:00:00
1781,Spring,11.83,74.45,3.71,606.54,102,0.3,6.65,2023-03-16 05:00:00
1782,Spring,11.98,55.38,11.86,124.03,150,0.1,16.31,2023-03-16 06:00:00
1783,Spring,15.55,74.87,7.93,638.69,59,0.21,8.12,2023-03-16 07:00:00
1784,Spring,19.34,39.04,5.82,320.56,12,0.19,8.93,2023-03-16 08:00:00
1785,Spring,13.68,62.83,0.12,761.23,12,0.18,11.25,2023-03-16 09:00:00
1786,Spring,10.3,33.93,13.91,824.53,25,0.05,6.87,2023-03-16 10:00:00
1787,Spring,15.9,34.63,17.3,228.73,27,0.07,12.65,2023-03-16 11:00:00
1788,Spring,16.73,64.75,8.23,499.37,10,0.15,8.12,2023-03-16 12:00:00
1789,Spring,18.36,44.99,17.77,983.28,22,0.13,7.33,2023-03-16 13:00:00
1790,Spring,15.94,45.66,8.22,329.32,18,0.08,7.18,2023-03-16 14:00:00
1791,Spring,18.51,50.53,11.77,585.87,8,0.1,11.07,2023-03-16 15:00:00
1792,Spring,14.79,59.44,7.67,552.35,23,0.13,5.65,2023-03-16 16:00:00
1793,Spring,13.43,65.64,18.61,268.15,17,0.12,10.55,2023-03-16 17:00:00
1794,Spring,10.97,55.63,8.52,428.2,5,0.11,10.33,2023-03-16 18:00:00
1795,Spring,13.63,42.65,19.12,966.03,21,0.14,10.93,2023-03-16 19:00:00
1796,Spring,18.85,57.19,0.01,686.72,20,0.1,6.56,2023-03-16 20:00:00
1797,Spring,10.75,67.94,16.79,494.03,173,0.18,9.29,2023-03-16 21:00:00
1798,Spring,11.01,69.8,7.77,465.07,60,0.23,7.76,2023-03-16 22:00:00
1799,Spring,14.78,67.82,0.37,461.18,161,0.29,14.96,2023-03-16 23:00:00
1800,Spring,14.05,43.08,10.63,636.29,92,0.3,11.06,2023-03-17 00:00:00
1801,Spring,17.68,63.31,15.77,306.22,98,0.27,7.29,2023-03-17 01:00:00
1802,Spring,12.8,48.69,16.68,707.69,191,0.26,13.37,2023-03-17 02:00:00
1803,Spring,12.87,37.82,2.41,851.03,145,0.23,13.76,2023-03-17 03:00:00
1804,Spring,15.17,52.51,10.84,814.65,132,0.16,10.54,2023-03-17 04:00:00
1805,Spring,19.26,45.82,2.61,787.85,115,0.16,9.39,2023-03-17 05:00:00
1806,Spring,13.32,30.8,5.17,170.31,119,0.12,10.96,2023-03-17 06:00:00
1807,Spring,11.64,78.17,10.0,193.6,183,0.16,9.58,2023-03-17 07:00:00
1808,Spring,10.55,37.54,5.38,872.33,6,0.12,6.45,2023-03-17 08:00:00
1809,Spring,15.98,47.69,16.5,49.75,22,0.21,9.9,2023-03-17 09:00:00
1810,Spring,14.92,53.27,5.62,96.86,6,0.09,10.54,2023-03-17 10:00:00
1811,Spring,13.77,45.25,9.93,560.62,14,0.06,4.92,2023-03-17 11:00:00
1812,Spring,13.03,46.84,10.93,273.8,28,0.12,10.22,2023-03-17 12:00:00
1813,Spring,12.71,46.24,10.77,859.9,24,0.11,9.08,2023-03-17 13:00:00
1814,Spring,17.88,61.27,5.44,174.47,19,0.06,7.96,2023-03-17 14:00:00
1815,Spring,13.77,56.95,16.43,995.39,10,0.1,9.87,2023-03-17 15:00:00
1816,Spring,18.04,49.62,2.21,332.17,23,0.14,12.42,2023-03-17 16:00:00
1817,Spring,17.62,74.53,3.81,400.03,18,0.11,13.58,2023-03-17 17:00:00
1818,Spring,18.87,40.62,15.69,444.27,22,0.14,13.15,2023-03-17 18:00:00
1819,Spring,16.58,42.0,1.12,593.69,19,0.07,8.32,2023-03-17 19:00:00
1820,Spring,19.68,40.76,8.22,147.54,14,0.05,10.01,2023-03-17 20:00:00
1821,Spring,19.07,49.71,10.87,990.51,186,0.11,14.12,2023-03-17 21:00:00
1822,Spring,13.39,42.3,1.92,26.81,191,0.15,13.28,2023-03-17 22:00:00
1823,Spring,19.24,64.65,4.15,521.13,184,0.19,14.08,2023-03-17 23:00:00
1824,Spring,11.43,44.93,14.49,824.26,196,0.28,14.17,2023-03-18 00:00:00
1825,Spring,16.61,54.96,7.56,743.35,127,0.14,12.36,2023-03-18 01:00:00
1826,Spring,17.23,69.44,2.34,288.29,57,0.24,10.06,2023-03-18 02:00:00
1827,Spring,10.64,44.84,18.13,75.41,109,0.13,13.23,2023-03-18 03:00:00
1828,Spring,12.39,61.46,17.75,585.86,193,0.15,14.46,2023-03-18 04:00:00
1829,Spring,16.57,78.32,2.43,749.46,71,0.26,10.47,2023-03-18 05:00:00
1830,Spring,11.93,76.34,13.29,877.9,134,0.27,15.19,2023-03-18 06:00:00
1831,Spring,18.42,67.23,1.85,544.1,179,0.3,10.14,2023-03-18 07:00:00
1832,Spring,15.79,46.57,7.36,167.66,22,0.19,9.41,2023-03-18 08:00:00
1833,Spring,11.1,60.58,5.16,972.69,24,0.15,11.78,2023-03-18 09:00:00
1834,Spring,10.92,69.66,17.54,129.05,17,0.09,10.86,2023-03-18 10:00:00
1835,Spring,16.1,79.85,11.31,944.08,7,0.09,3.57,2023-03-18 11:00:00
1836,Spring,13.45,44.75,11.9,627.39,20,0.06,13.84,2023-03-18 12:00:00
1837,Spring,15.58,31.17,15.28,280.91,30,0.09,11.8,2023-03-18 13:00:00
1838,Spring,18.19,41.81,3.93,958.02,6,0.08,7.28,2023-03-18 14:00:00
1839,Spring,15.35,77.35,2.93,988.87,29,0.14,7.78,2023-03-18 15:00:00
1840,Spring,14.45,45.6,4.28,695.74,6,0.09,12.04,2023-03-18 16:00:00
1841,Spring,18.99,64.78,8.26,211.17,14,0.13,10.01,2023-03-18 17:00:00
1842,Spring,14.94,74.94,12.86,146.19,15,0.1,10.01,2023-03-18 18:00:00
1843,Spring,17.27,52.64,4.29,493.79,30,0.13,10.71,2023-03-18 19:00:00
1844,Spring,19.94,68.13,2.03,698.17,21,0.1,6.11,2023-03-18 20:00:00
1845,Spring,10.18,67.83,10.88,636.7,124,0.24,14.2,2023-03-18 21:00:00
1846,Spring,18.79,61.62,2.87,16.27,112,0.11,15.03,2023-03-18 22:00:00
1847,Spring,16.54,68.87,13.47,78.33,81,0.1,10.42,2023-03-18 23:00:00
1848,Spring,13.18,69.95,19.15,612.6,158,0.18,14.81,2023-03-19 00:00:00
1849,Spring,13.23,56.99,15.28,649.49,95,0.18,11.2,2023-03-19 01:00:00
1850,Spring,12.48,76.19,2.91,769.47,188,0.26,8.78,2023-03-19 02:00:00
1851,Spring,11.45,39.47,18.36,528.15,102,0.21,11.64,2023-03-19 03:00:00
1852,Spring,14.31,57.5,13.88,165.61,163,0.17,9.04,2023-03-19 04:00:00
1853,Spring,16.44,42.94,5.79,394.28,196,0.13,16.47,2023-03-19 05:00:00
1854,Spring,11.47,34.05,15.96,22.58,50,0.14,9.46,2023-03-19 06:00:00
1855,Spring,14.41,37.55,10.58,749.07,71,0.21,7.07,2023-03-19 07:00:00
1856,Spring,12.33,35.17,9.91,446.93,7,0.2,11.26,2023-03-19 08:00:00
1857,Spring,18.34,52.2,0.67,843.97,27,0.29,6.61,2023-03-19 09:00:00
1858,Spring,17.52,50.49,2.04,260.84,15,0.12,13.09,2023-03-19 10:00:00
1859,Spring,18.38,66.8,7.57,448.07,5,0.06,4.98,2023-03-19 11:00:00
1860,Spring,18.48,59.04,14.45,432.06,29,0.1,7.31,2023-03-19 12:00:00
1861,Spring,18.25,41.76,6.93,506.24,8,0.12,7.67,2023-03-19 13:00:00
1862,Spring,12.96,70.74,6.86,967.25,19,0.15,11.83,2023-03-19 14:00:00
1863,Spring,10.33,71.28,18.06,372.08,29,0.11,7.14,2023-03-19 15:00:00
1864,Spring,12.37,40.93,11.67,165.5,9,0.11,6.12,2023-03-19 16:00:00
1865,Spring,11.47,32.29,18.52,994.84,11,0.13,3.57,2023-03-19 17:00:00
1866,Spring,19.39,78.03,19.32,577.26,14,0.06,6.04,2023-03-19 18:00:00
1867,Spring,14.8,36.41,10.02,409.47,9,0.08,8.3,2023-03-19 19:00:00
1868,Spring,11.25,61.04,19.57,516.16,7,0.11,10.41,2023-03-19 20:00:00
1869,Spring,13.76,71.38,1.72,149.25,71,0.13,8.8,2023-03-19 21:00:00
1870,Spring,13.46,67.48,6.53,582.47,63,0.2,11.91,2023-03-19 22:00:00
1871,Spring,17.51,64.25,0.21,644.46,84,0.22,8.99,2023-03-19 23:00:00
1872,Spring,14.49,75.69,8.4,253.12,153,0.26,13.1,2023-03-20 00:00:00
1873,Spring,10.63,38.9,6.96,227.92,134,0.13,11.9,2023-03-20 01:00:00
1874,Spring,17.77,63.53,17.3,806.1,88,0.23,6.39,2023-03-20 02:00:00
1875,Spring,13.48,64.04,7.32,206.39,119,0.28,17.0,2023-03-20 03:00:00
1876,Spring,10.12,79.31,13.04,862.07,148,0.25,15.27,2023-03-20 04:00:00
1877,Spring,16.58,69.33,0.18,597.33,87,0.2,10.69,2023-03-20 05:00:00
1878,Spring,12.4,48.28,9.12,610.97,131,0.13,12.03,2023-03-20 06:00:00
1879,Spring,15.19,54.8,10.92,838.47,52,0.23,8.11,2023-03-20 07:00:00
1880,Spring,17.85,40.48,12.38,485.04,29,0.29,8.48,2023-03-20 08:00:00
1881,Spring,13.81,50.55,18.86,297.82,22,0.25,6.77,2023-03-20 09:00:00
1882,Spring,16.42,58.38,3.07,182.54,29,0.14,9.26,2023-03-20 10:00:00
1883,Spring,16.17,33.53,2.34,820.69,15,0.07,13.52,2023-03-20 11:00:00
1884,Spring,11.68,49.89,7.04,590.46,17,0.13,11.76,2023-03-20 12:00:00
1885,Spring,11.24,78.16,9.41,787.87,23,0.11,8.13,2023-03-20 13:00:00
1886,Spring,18.14,33.63,6.98,742.92,7,0.11,8.2,2023-03-20 14:00:00
1887,Spring,12.81,68.4,3.48,928.76,48,0.09,6.8,2023-03-20 15:00:00
1888,Spring,14.57,72.09,6.78,667.15,14,0.08,9.27,2023-03-20 16:00:00
1889,Spring,15.18,43.84,0.25,6.42,18,0.09,13.15,2023-03-20 17:00:00
1890,Spring,11.35,79.04,18.97,857.52,16,0.09,5.45,2023-03-20 18:00:00
1891,Spring,17.89,64.69,19.3,555.27,36,0.09,5.4,2023-03-20 19:00:00
1892,Spring,17.83,78.25,4.76,997.43,9,0.06,4.11,2023-03-20 20:00:00
1893,Spring,11.73,68.45,13.46,916.63,36,0.26,5.28,2023-03-20 21:00:00
1894,Spring,19.82,42.75,14.38,868.88,42,0.22,12.53,2023-03-20 22:00:00
1895,Spring,12.78,32.77,9.42,989.44,26,0.19,6.54,2023-03-20 23:00:00
1896,Spring,16.67,73.54,6.57,798.95,36,0.14,8.35,2023-03-21 00:00:00
1897,Spring,11.0,45.07,0.44,978.76,5,0.13,7.56,2023-03-21 01:00:00
1898,Spring,18.93,45.63,17.0,500.41,8,0.13,7.55,2023-03-21 02:00:00
1899,Spring,15.17,68.06,10.91,79.23,44,0.27,13.51,2023-03-21 03:00:00
1900,Spring,17.87,61.98,18.76,204.71,43,0.28,5.9,2023-03-21 04:00:00
1901,Spring,18.54,34.94,19.86,624.94,49,0.18,13.28,2023-03-21 05:00:00
1902,Spring,12.58,79.01,10.16,575.98,50,0.11,5.16,2023-03-21 06:00:00
1903,Spring,18.56,63.65,6.76,2.86,40,0.29,6.06,2023-03-21 07:00:00
1904,Spring,14.05,51.12,4.48,871.0,22,0.3,4.56,2023-03-21 08:00:00
1905,Spring,17.25,72.59,6.28,924.81,24,0.3,9.28,2023-03-21 09:00:00
1906,Spring,19.93,63.66,19.8,611.19,25,0.15,9.85,2023-03-21 10:00:00
1907,Spring,16.96,50.12,16.59,379.86,23,0.15,5.95,2023-03-21 11:00:00
1908,Spring,11.79,75.85,5.11,558.98,19,0.05,12.89,2023-03-21 12:00:00
1909,Spring,13.5,48.85,0.36,745.82,48,0.11,13.28,2023-03-21 13:00:00
1910,Spring,19.09,65.45,10.42,190.14,6,0.13,12.43,2023-03-21 14:00:00
1911,Spring,13.78,32.93,0.32,920.42,23,0.06,11.49,2023-03-21 15:00:00
1912,Spring,12.8,63.14,15.49,509.92,37,0.11,13.53,2023-03-21 16:00:00
1913,Spring,12.07,64.25,8.2,990.74,22,0.07,10.27,2023-03-21 17:00:00
1914,Spring,14.42,30.17,16.89,136.65,13,0.11,12.65,2023-03-21 18:00:00
1915,Spring,14.48,64.11,4.5,518.45,18,0.13,6.19,2023-03-21 19:00:00
1916,Spring,12.86,60.82,4.72,550.91,39,0.14,12.56,2023-03-21 20:00:00
1917,Spring,19.87,66.9,17.45,40.94,38,0.11,5.85,2023-03-21 21:00:00
1918,Spring,12.77,66.93,15.38,263.43,34,0.1,10.67,2023-03-21 22:00:00
1919,Spring,15.68,54.74,13.8,583.41,44,0.27,9.34,2023-03-21 23:00:00
1920,Spring,19.21,63.59,1.81,763.31,32,0.16,7.31,2023-03-22 00:00:00
1921,Spring,15.69,37.05,14.55,616.36,42,0.12,5.45,2023-03-22 01:00:00
1922,Spring,12.66,38.76,17.37,316.31,18,0.29,14.24,2023-03-22 02:00:00
1923,Spring,14.79,63.42,7.43,484.55,14,0.13,14.05,2023-03-22 03:00:00
1924,Spring,17.36,76.23,12.16,278.9,50,0.16,6.89,2023-03-22 04:00:00
1925,Spring,11.56,55.54,6.51,573.92,27,0.16,9.84,2023-03-22 05:00:00
1926,Spring,10.49,71.56,15.51,258.32,13,0.27,6.16,2023-03-22 06:00:00
1927,Spring,18.6,41.43,10.79,787.29,21,0.16,4.59,2023-03-22 07:00:00
1928,Spring,19.22,55.4,1.56,324.33,41,0.27,13.85,2023-03-22 08:00:00
1929,Spring,18.2,56.65,17.44,833.79,15,0.29,9.14,2023-03-22 09:00:00
1930,Spring,17.46,43.81,19.19,220.61,37,0.1,8.82,2023-03-22 10:00:00
1931,Spring,11.16,33.62,9.52,440.91,10,0.13,4.56,2023-03-22 11:00:00
1932,Spring,12.97,69.19,14.85,346.64,40,0.13,9.84,2023-03-22 12:00:00
1933,Spring,15.72,35.22,1.18,370.43,10,0.06,6.08,2023-03-22 13:00:00
1934,Spring,19.45,68.37,15.48,41.66,22,0.06,9.17,2023-03-22 14:00:00
1935,Spring,15.08,47.27,3.31,758.11,23,0.14,12.51,2023-03-22 15:00:00
1936,Spring,19.69,77.47,2.99,66.34,15,0.09,7.81,2023-03-22 16:00:00
1937,Spring,13.15,51.64,5.97,487.95,14,0.11,9.9,2023-03-22 17:00:00
1938,Spring,16.95,56.86,12.36,213.91,15,0.1,9.61,2023-03-22 18:00:00
1939,Spring,12.93,31.21,8.33,915.46,8,0.08,3.61,2023-03-22 19:00:00
1940,Spring,10.31,54.35,18.17,783.78,6,0.14,4.17,2023-03-22 20:00:00
1941,Spring,13.25,75.79,15.6,169.4,79,0.26,10.97,2023-03-22 21:00:00
1942,Spring,17.97,71.57,15.03,492.59,148,0.2,15.74,2023-03-22 22:00:00
1943,Spring,13.99,31.82,4.65,894.1,61,0.28,9.7,2023-03-22 23:00:00
1944,Spring,13.81,67.3,10.1,447.38,63,0.23,9.42,2023-03-23 00:00:00
1945,Spring,11.71,50.17,13.95,20.76,144,0.12,15.91,2023-03-23 01:00:00
1946,Spring,12.04,38.7,13.22,672.51,151,0.14,10.9,2023-03-23 02:00:00
1947,Spring,13.23,70.65,16.69,174.63,161,0.13,15.85,2023-03-23 03:00:00
1948,Spring,11.19,70.27,16.96,568.61,75,0.18,14.97,2023-03-23 04:00:00
1949,Spring,18.28,67.17,4.63,318.9,59,0.1,14.57,2023-03-23 05:00:00
1950,Spring,11.5,64.05,3.59,913.04,179,0.17,12.73,2023-03-23 06:00:00
1951,Spring,12.01,65.17,7.97,277.87,178,0.15,17.39,2023-03-23 07:00:00
1952,Spring,16.54,57.83,5.78,917.59,12,0.23,8.8,2023-03-23 08:00:00
1953,Spring,11.38,76.6,1.73,480.57,14,0.1,9.46,2023-03-23 09:00:00
1954,Spring,16.78,79.95,19.73,417.81,19,0.13,13.56,2023-03-23 10:00:00
1955,Spring,12.55,45.9,8.41,848.8,26,0.13,7.85,2023-03-23 11:00:00
1956,Spring,15.48,70.2,0.92,631.28,8,0.13,5.73,2023-03-23 12:00:00
1957,Spring,17.05,53.92,3.59,980.81,20,0.12,11.63,2023-03-23 13:00:00
1958,Spring,14.68,76.57,6.09,821.7,19,0.06,8.03,2023-03-23 14:00:00
1959,Spring,10.73,78.25,8.19,4.52,22,0.09,13.2,2023-03-23 15:00:00
1960,Spring,17.32,58.77,12.68,989.02,20,0.15,11.44,2023-03-23 16:00:00
1961,Spring,13.18,61.21,0.08,460.15,5,0.11,9.23,2023-03-23 17:00:00
1962,Spring,17.42,31.06,4.27,908.25,20,0.07,9.52,2023-03-23 18:00:00
1963,Spring,15.17,39.02,19.01,504.91,26,0.05,10.03,2023-03-23 19:00:00
1964,Spring,10.92,42.74,11.41,297.6,5,0.06,5.15,2023-03-23 20:00:00
1965,Spring,12.77,74.49,14.2,595.87,92,0.17,8.35,2023-03-23 21:00:00
1966,Spring,11.6,33.52,14.53,240.03,108,0.17,11.09,2023-03-23 22:00:00
1967,Spring,19.72,72.24,14.63,263.47,195,0.21,14.5,2023-03-23 23:00:00
1968,Spring,13.36,30.31,16.65,479.93,159,0.22,17.26,2023-03-24 00:00:00
1969,Spring,18.24,59.08,9.22,620.98,64,0.14,13.53,2023-03-24 01:00:00
1970,Spring,19.22,67.21,5.88,31.57,119,0.17,14.49,2023-03-24 02:00:00
1971,Spring,19.4,36.88,12.29,514.21,158,0.15,12.88,2023-03-24 03:00:00
1972,Spring,17.31,63.75,19.15,583.67,65,0.14,13.81,2023-03-24 04:00:00
1973,Spring,18.46,32.59,8.01,542.78,143,0.2,14.31,2023-03-24 05:00:00
1974,Spring,16.74,54.73,7.08,884.63,62,0.29,10.76,2023-03-24 06:00:00
1975,Spring,17.62,72.04,0.44,749.14,62,0.15,7.26,2023-03-24 07:00:00
1976,Spring,17.63,44.27,1.06,523.02,27,0.14,13.82,2023-03-24 08:00:00
1977,Spring,16.99,59.94,5.84,145.78,18,0.25,9.57,2023-03-24 09:00:00
1978,Spring,19.85,71.61,9.84,455.83,22,0.15,9.82,2023-03-24 10:00:00
1979,Spring,17.16,39.26,11.24,351.36,26,0.14,12.74,2023-03-24 11:00:00
1980,Spring,16.87,52.79,19.22,151.62,26,0.14,8.77,2023-03-24 12:00:00
1981,Spring,14.48,54.17,18.01,42.65,28,0.12,12.21,2023-03-24 13:00:00
1982,Spring,13.39,73.85,13.49,510.08,26,0.08,8.46,2023-03-24 14:00:00
1983,Spring,16.49,49.49,7.95,436.96,6,0.1,9.34,2023-03-24 15:00:00
1984,Spring,19.57,33.78,6.55,911.06,27,0.13,9.02,2023-03-24 16:00:00
1985,Spring,16.31,52.23,4.36,160.28,9,0.1,11.52,2023-03-24 17:00:00
1986,Spring,13.71,47.28,7.47,247.5,12,0.13,6.03,2023-03-24 18:00:00
1987,Spring,15.49,34.95,13.69,821.94,15,0.13,12.41,2023-03-24 19:00:00
1988,Spring,11.0,48.72,6.54,490.39,20,0.12,11.14,2023-03-24 20:00:00
1989,Spring,15.01,40.87,18.79,693.94,97,0.23,12.22,2023-03-24 21:00:00
1990,Spring,15.45,61.39,1.35,743.41,158,0.23,11.82,2023-03-24 22:00:00
1991,Spring,13.58,37.85,3.9,716.65,79,0.22,7.61,2023-03-24 23:00:00
1992,Spring,16.11,66.12,17.25,210.48,146,0.11,11.21,2023-03-25 00:00:00
1993,Spring,14.99,35.77,12.45,749.36,107,0.19,10.76,2023-03-25 01:00:00
1994,Spring,10.32,77.69,4.88,689.56,55,0.24,10.86,2023-03-25 02:00:00
1995,Spring,15.11,78.64,9.8,713.39,107,0.26,10.11,2023-03-25 03:00:00
1996,Spring,19.79,77.93,15.74,38.88,197,0.28,15.86,2023-03-25 04:00:00
1997,Spring,13.1,73.54,8.38,761.59,183,0.14,17.16,2023-03-25 05:00:00
1998,Spring,11.04,42.12,7.05,763.27,51,0.15,8.07,2023-03-25 06:00:00
1999,Spring,15.84,37.22,13.44,943.83,57,0.19,7.82,2023-03-25 07:00:00
2000,Spring,17.95,42.09,8.99,888.04,7,0.15,8.74,2023-03-25 08:00:00
2001,Spring,16.06,42.13,15.77,913.09,24,0.25,10.14,2023-03-25 09:00:00
2002,Spring,18.73,56.77,14.84,928.74,16,0.08,7.14,2023-03-25 10:00:00
2003,Spring,15.16,57.35,1.7,809.12,5,0.07,4.54,2023-03-25 11:00:00
2004,Spring,15.17,36.01,15.23,885.89,23,0.12,5.29,2023-03-25 12:00:00
2005,Spring,15.43,65.98,9.63,292.24,5,0.06,11.16,2023-03-25 13:00:00
2006,Spring,16.73,53.58,12.26,850.51,20,0.08,5.73,2023-03-25 14:00:00
2007,Spring,19.04,37.87,5.08,495.31,17,0.14,10.41,2023-03-25 15:00:00
2008,Spring,10.74,68.95,8.5,366.26,5,0.14,10.39,2023-03-25 16:00:00
2009,Spring,16.0,58.18,18.11,782.23,9,0.14,11.41,2023-03-25 17:00:00
2010,Spring,13.6,33.85,3.5,118.11,6,0.05,10.3,2023-03-25 18:00:00
2011,Spring,11.48,44.03,19.87,89.31,15,0.08,12.05,2023-03-25 19:00:00
2012,Spring,10.36,47.14,19.67,249.4,16,0.11,8.98,2023-03-25 20:00:00
2013,Spring,17.67,45.33,19.07,992.64,98,0.25,8.38,2023-03-25 21:00:00
2014,Spring,10.33,42.82,19.09,273.36,62,0.15,10.05,2023-03-25 22:00:00
2015,Spring,15.65,69.46,2.63,606.47,52,0.18,6.95,2023-03-25 23:00:00
2016,Spring,12.2,49.3,13.65,777.42,82,0.18,10.28,2023-03-26 00:00:00
2017,Spring,10.36,66.37,8.12,11.81,143,0.29,13.94,2023-03-26 01:00:00
2018,Spring,17.74,38.11,17.8,681.31,95,0.21,10.73,2023-03-26 02:00:00
2019,Spring,10.56,48.29,10.7,290.51,124,0.11,9.47,2023-03-26 03:00:00
2020,Spring,11.26,51.83,17.06,812.93,76,0.18,5.47,2023-03-26 04:00:00
2021,Spring,10.47,77.23,2.08,806.92,134,0.13,7.0,2023-03-26 05:00:00
2022,Spring,18.81,30.29,8.05,857.27,61,0.12,7.18,2023-03-26 06:00:00
2023,Spring,15.49,39.34,6.56,923.75,192,0.27,11.88,2023-03-26 07:00:00
2024,Spring,19.63,48.34,6.88,271.3,21,0.18,8.82,2023-03-26 08:00:00
2025,Spring,16.45,48.64,11.84,645.73,27,0.19,13.22,2023-03-26 09:00:00
2026,Spring,10.4,58.01,18.08,862.83,6,0.14,7.23,2023-03-26 10:00:00
2027,Spring,18.15,30.11,13.31,587.37,8,0.13,10.33,2023-03-26 11:00:00
2028,Spring,18.5,71.89,0.61,729.54,20,0.08,8.51,2023-03-26 12:00:00
2029,Spring,12.04,37.35,6.97,13.87,15,0.12,12.71,2023-03-26 13:00:00
2030,Spring,14.07,42.1,4.2,543.5,28,0.13,10.82,2023-03-26 14:00:00
2031,Spring,16.06,59.68,9.85,387.36,8,0.11,13.36,2023-03-26 15:00:00
2032,Spring,10.43,72.16,7.78,632.17,5,0.07,12.43,2023-03-26 16:00:00
2033,Spring,15.0,70.36,2.01,779.34,14,0.15,11.78,2023-03-26 17:00:00
2034,Spring,18.63,42.45,17.06,447.06,19,0.07,12.5,2023-03-26 18:00:00
2035,Spring,14.65,62.78,12.27,782.6,7,0.05,12.18,2023-03-26 19:00:00
2036,Spring,16.04,63.66,11.07,180.9,9,0.14,13.68,2023-03-26 20:00:00
2037,Spring,16.05,37.38,9.08,572.48,161,0.24,15.81,2023-03-26 21:00:00
2038,Spring,11.94,73.74,14.02,876.69,94,0.13,9.64,2023-03-26 22:00:00
2039,Spring,16.3,31.48,9.33,502.81,172,0.15,15.5,2023-03-26 23:00:00
2040,Spring,11.19,72.89,7.79,990.16,72,0.27,6.98,2023-03-27 00:00:00
2041,Spring,17.92,43.21,16.06,262.16,75,0.2,8.96,2023-03-27 01:00:00
2042,Spring,13.03,74.82,15.75,880.88,179,0.27,9.6,2023-03-27 02:00:00
2043,Spring,13.64,77.72,7.08,989.23,100,0.29,12.96,2023-03-27 03:00:00
2044,Spring,16.47,77.66,10.05,430.49,111,0.17,13.66,2023-03-27 04:00:00
2045,Spring,14.18,70.95,14.73,876.17,154,0.27,8.4,2023-03-27 05:00:00
2046,Spring,17.96,65.32,8.6,494.82,193,0.14,10.68,2023-03-27 06:00:00
2047,Spring,18.9,58.67,4.06,132.37,136,0.26,14.08,2023-03-27 07:00:00
2048,Spring,13.98,32.69,1.81,292.23,29,0.26,8.7,2023-03-27 08:00:00
2049,Spring,16.84,31.9,7.91,627.12,11,0.15,6.81,2023-03-27 09:00:00
2050,Spring,13.59,74.13,17.45,944.31,9,0.12,11.87,2023-03-27 10:00:00
2051,Spring,11.51,60.05,9.66,111.37,10,0.07,9.55,2023-03-27 11:00:00
2052,Spring,17.28,51.22,0.86,578.98,8,0.15,12.35,2023-03-27 12:00:00
2053,Spring,14.0,61.24,19.12,828.97,13,0.07,9.92,2023-03-27 13:00:00
2054,Spring,16.48,70.1,10.45,72.89,8,0.14,9.16,2023-03-27 14:00:00
2055,Spring,15.36,78.32,4.79,744.97,26,0.07,4.52,2023-03-27 15:00:00
2056,Spring,13.64,42.24,17.01,45.87,33,0.09,12.86,2023-03-27 16:00:00
2057,Spring,13.01,39.36,16.73,639.26,37,0.1,8.77,2023-03-27 17:00:00
2058,Spring,15.62,65.23,12.57,815.27,42,0.12,5.14,2023-03-27 18:00:00
2059,Spring,13.34,42.07,5.36,70.36,43,0.13,10.9,2023-03-27 19:00:00
2060,Spring,19.13,51.16,18.17,416.95,30,0.08,7.53,2023-03-27 20:00:00
2061,Spring,10.36,77.59,14.42,533.32,49,0.16,7.25,2023-03-27 21:00:00
2062,Spring,11.45,43.47,8.02,157.29,22,0.28,9.4,2023-03-27 22:00:00
2063,Spring,10.16,45.63,6.38,507.3,33,0.14,10.28,2023-03-27 23:00:00
2064,Spring,13.3,67.43,19.67,438.33,42,0.27,14.39,2023-03-28 00:00:00
2065,Spring,15.74,72.59,5.99,256.13,31,0.22,5.3,2023-03-28 01:00:00
2066,Spring,11.9,73.83,14.38,850.29,19,0.2,6.88,2023-03-28 02:00:00
2067,Spring,11.86,33.88,18.94,573.47,50,0.16,5.05,2023-03-28 03:00:00
2068,Spring,18.96,54.25,15.72,232.07,43,0.16,5.86,2023-03-28 04:00:00
2069,Spring,16.75,40.39,13.42,36.03,29,0.14,15.6,2023-03-28 05:00:00
2070,Spring,17.3,37.75,5.08,137.82,42,0.2,10.93,2023-03-28 06:00:00
2071,Spring,19.17,54.9,4.78,615.25,33,0.26,13.88,2023-03-28 07:00:00
2072,Spring,14.24,58.82,19.44,491.99,45,0.13,11.9,2023-03-28 08:00:00
2073,Spring,15.05,43.14,17.88,409.94,38,0.18,7.09,2023-03-28 09:00:00
2074,Spring,14.57,38.13,10.13,654.2,13,0.12,8.72,2023-03-28 10:00:00
2075,Spring,17.73,68.39,11.33,199.29,9,0.15,12.06,2023-03-28 11:00:00
2076,Spring,17.76,58.14,0.2,678.58,25,0.09,6.13,2023-03-28 12:00:00
2077,Spring,15.27,46.12,16.38,480.44,21,0.14,12.34,2023-03-28 13:00:00
2078,Spring,14.56,49.15,19.27,895.24,28,0.13,7.58,2023-03-28 14:00:00
2079,Spring,11.1,51.94,16.99,765.47,23,0.12,4.56,2023-03-28 15:00:00
2080,Spring,13.45,37.18,6.55,760.19,50,0.15,5.55,2023-03-28 16:00:00
2081,Spring,19.33,46.85,0.54,755.41,5,0.07,13.53,2023-03-28 17:00:00
2082,Spring,12.14,57.69,6.82,556.2,48,0.09,12.58,2023-03-28 18:00:00
2083,Spring,11.6,32.11,2.46,284.06,27,0.14,11.79,2023-03-28 19:00:00
2084,Spring,19.44,56.12,13.91,347.49,29,0.14,13.38,2023-03-28 20:00:00
2085,Spring,11.54,46.11,14.94,75.21,44,0.3,10.87,2023-03-28 21:00:00
2086,Spring,10.74,44.93,6.62,563.43,27,0.14,14.06,2023-03-28 22:00:00
2087,Spring,13.05,69.44,19.48,149.4,16,0.1,13.22,2023-03-28 23:00:00
2088,Spring,14.35,41.39,18.95,732.79,50,0.1,13.78,2023-03-29 00:00:00
2089,Spring,12.21,58.41,2.56,436.95,48,0.1,12.05,2023-03-29 01:00:00
2090,Spring,13.47,35.24,9.35,515.75,46,0.27,7.58,2023-03-29 02:00:00
2091,Spring,12.65,43.52,6.09,716.84,11,0.14,7.84,2023-03-29 03:00:00
2092,Spring,10.96,66.43,17.7,374.86,14,0.21,9.96,2023-03-29 04:00:00
2093,Spring,18.4,74.76,3.03,72.72,13,0.11,6.2,2023-03-29 05:00:00
2094,Spring,17.61,77.44,1.74,84.97,22,0.15,13.09,2023-03-29 06:00:00
2095,Spring,13.39,31.0,2.37,387.55,15,0.27,13.8,2023-03-29 07:00:00
2096,Spring,18.55,38.34,15.71,877.66,23,0.17,10.39,2023-03-29 08:00:00
2097,Spring,17.21,59.34,7.43,681.83,31,0.17,12.57,2023-03-29 09:00:00
2098,Spring,18.32,42.39,2.21,895.38,50,0.07,6.88,2023-03-29 10:00:00
2099,Spring,17.47,32.15,16.54,651.3,20,0.15,14.16,2023-03-29 11:00:00
2100,Spring,16.03,61.33,4.66,918.23,31,0.1,5.76,2023-03-29 12:00:00
2101,Spring,17.0,32.78,2.48,804.4,19,0.08,4.02,2023-03-29 13:00:00
2102,Spring,14.83,32.87,7.61,585.88,10,0.07,12.28,2023-03-29 14:00:00
2103,Spring,10.54,75.19,17.42,651.56,7,0.14,12.15,2023-03-29 15:00:00
2104,Spring,18.08,67.26,4.69,928.84,23,0.15,12.93,2023-03-29 16:00:00
2105,Spring,18.04,65.59,14.87,45.43,20,0.11,8.08,2023-03-29 17:00:00
2106,Spring,17.22,35.88,15.47,568.65,18,0.1,12.09,2023-03-29 18:00:00
2107,Spring,10.65,55.63,13.25,65.85,10,0.1,14.88,2023-03-29 19:00:00
2108,Spring,19.32,69.27,14.38,455.78,19,0.13,8.41,2023-03-29 20:00:00
2109,Spring,11.79,42.42,10.82,464.98,71,0.18,10.01,2023-03-29 21:00:00
2110,Spring,19.45,36.93,7.79,667.88,142,0.1,11.64,2023-03-29 22:00:00
2111,Spring,12.96,64.43,9.47,93.52,137,0.14,10.71,2023-03-29 23:00:00
2112,Spring,19.63,55.51,14.61,398.28,158,0.26,9.32,2023-03-30 00:00:00
2113,Spring,12.02,44.86,3.35,538.26,157,0.2,9.94,2023-03-30 01:00:00
2114,Spring,18.77,54.89,10.79,351.42,112,0.11,13.48,2023-03-30 02:00:00
2115,Spring,17.26,38.86,11.59,197.97,182,0.14,17.5,2023-03-30 03:00:00
2116,Spring,15.94,54.89,11.16,467.88,98,0.1,7.43,2023-03-30 04:00:00
2117,Spring,15.81,73.19,15.6,474.09,134,0.1,13.44,2023-03-30 05:00:00
2118,Spring,14.09,60.23,11.17,289.81,83,0.22,12.02,2023-03-30 06:00:00
2119,Spring,19.66,44.72,13.4,629.86,88,0.13,15.43,2023-03-30 07:00:00
2120,Spring,14.01,35.6,19.97,331.85,18,0.28,9.86,2023-03-30 08:00:00
2121,Spring,18.72,63.68,5.57,160.1,18,0.19,8.81,2023-03-30 09:00:00
2122,Spring,14.09,48.04,14.15,854.49,16,0.14,8.91,2023-03-30 10:00:00
2123,Spring,16.85,55.11,19.03,765.71,7,0.07,6.95,2023-03-30 11:00:00
2124,Spring,17.51,59.2,14.89,693.47,17,0.15,5.2,2023-03-30 12:00:00
2125,Spring,15.65,43.16,8.24,181.47,20,0.06,9.13,2023-03-30 13:00:00
2126,Spring,12.7,57.01,2.29,295.38,8,0.08,12.92,2023-03-30 14:00:00
2127,Spring,10.39,41.51,10.74,424.27,22,0.1,5.41,2023-03-30 15:00:00
2128,Spring,19.92,61.66,9.27,802.51,15,0.11,8.18,2023-03-30 16:00:00
2129,Spring,13.63,49.32,4.32,729.89,20,0.11,9.64,2023-03-30 17:00:00
2130,Spring,18.13,68.57,6.71,285.83,7,0.1,14.59,2023-03-30 18:00:00
2131,Spring,18.79,48.66,2.58,391.96,22,0.13,12.24,2023-03-30 19:00:00
2132,Spring,14.01,73.42,14.38,910.04,28,0.1,12.51,2023-03-30 20:00:00
2133,Spring,10.34,42.87,15.68,793.43,124,0.15,15.11,2023-03-30 21:00:00
2134,Spring,10.89,60.72,2.46,795.24,170,0.11,15.39,2023-03-30 22:00:00
2135,Spring,15.88,77.86,12.76,45.82,55,0.14,9.99,2023-03-30 23:00:00
2136,Spring,12.08,32.21,16.1,282.99,55,0.26,6.84,2023-03-31 00:00:00
2137,Spring,13.82,49.3,15.97,314.6,172,0.11,10.23,2023-03-31 01:00:00
2138,Spring,12.21,70.5,8.96,971.32,160,0.18,8.82,2023-03-31 02:00:00
2139,Spring,14.02,51.01,7.92,482.09,139,0.2,7.75,2023-03-31 03:00:00
2140,Spring,17.75,58.84,15.48,892.0,115,0.21,10.33,2023-03-31 04:00:00
2141,Spring,16.46,47.37,18.84,548.94,104,0.18,14.51,2023-03-31 05:00:00
2142,Spring,12.57,62.59,0.95,802.84,103,0.2,6.82,2023-03-31 06:00:00
2143,Spring,10.23,67.75,16.23,197.17,139,0.22,12.48,2023-03-31 07:00:00
2144,Spring,18.73,79.78,15.8,716.38,18,0.27,10.69,2023-03-31 08:00:00
2145,Spring,18.82,40.95,5.02,608.07,23,0.29,8.88,2023-03-31 09:00:00
2146,Spring,15.27,70.21,0.61,384.65,25,0.13,9.99,2023-03-31 10:00:00
2147,Spring,18.9,39.91,18.85,698.07,22,0.07,7.82,2023-03-31 11:00:00
2148,Spring,13.65,53.16,5.25,741.91,7,0.14,11.38,2023-03-31 12:00:00
2149,Spring,11.34,46.3,6.97,508.0,12,0.11,4.61,2023-03-31 13:00:00
2150,Spring,18.03,40.17,2.97,106.59,20,0.07,6.83,2023-03-31 14:00:00
2151,Spring,19.76,34.11,13.2,408.46,29,0.05,9.48,2023-03-31 15:00:00
2152,Spring,18.81,69.66,12.66,75.93,13,0.09,13.73,2023-03-31 16:00:00
2153,Spring,13.05,52.01,13.7,27.32,25,0.12,15.27,2023-03-31 17:00:00
2154,Spring,15.12,37.03,11.78,503.89,10,0.08,8.43,2023-03-31 18:00:00
2155,Spring,16.55,52.42,13.15,890.78,17,0.1,4.61,2023-03-31 19:00:00
2156,Spring,14.73,43.99,2.85,404.98,7,0.1,12.88,2023-03-31 20:00:00
2157,Spring,19.41,44.75,17.75,148.13,104,0.22,12.99,2023-03-31 21:00:00
2158,Spring,13.12,75.22,10.05,717.09,135,0.24,6.59,2023-03-31 22:00:00
2159,Spring,17.68,51.7,14.29,985.53,150,0.11,12.69,2023-03-31 23:00:00
2160,Spring,12.8,71.23,14.02,695.86,81,0.25,9.2,2023-04-01 00:00:00
2161,Spring,14.51,36.06,7.44,30.6,51,0.26,12.15,2023-04-01 01:00:00
2162,Spring,19.54,61.73,7.77,8.0,78,0.25,16.52,2023-04-01 02:00:00
2163,Spring,14.06,43.97,0.2,300.94,140,0.16,9.07,2023-04-01 03:00:00
2164,Spring,19.98,35.17,12.35,457.4,76,0.27,13.22,2023-04-01 04:00:00
2165,Spring,19.44,46.83,4.19,893.44,61,0.14,7.73,2023-04-01 05:00:00
2166,Spring,11.8,31.41,13.39,61.34,155,0.14,8.14,2023-04-01 06:00:00
2167,Spring,11.37,76.91,12.92,185.87,74,0.26,9.34,2023-04-01 07:00:00
2168,Spring,10.9,46.63,14.36,31.73,9,0.29,8.6,2023-04-01 08:00:00
2169,Spring,12.99,75.67,17.58,310.56,22,0.16,9.37,2023-04-01 09:00:00
2170,Spring,18.53,64.5,7.39,396.07,10,0.11,5.21,2023-04-01 10:00:00
2171,Spring,12.32,44.24,7.23,879.25,25,0.11,5.99,2023-04-01 11:00:00
2172,Spring,16.14,52.93,13.52,957.1,25,0.13,10.23,2023-04-01 12:00:00
2173,Spring,15.73,67.71,11.19,558.23,15,0.14,7.23,2023-04-01 13:00:00
2174,Spring,18.06,79.65,8.78,817.16,30,0.06,8.83,2023-04-01 14:00:00
2175,Spring,13.09,62.82,12.11,375.34,23,0.13,9.55,2023-04-01 15:00:00
2176,Spring,13.13,53.29,19.39,340.65,12,0.08,14.59,2023-04-01 16:00:00
2177,Spring,18.4,44.38,13.16,430.79,30,0.11,12.59,2023-04-01 17:00:00
2178,Spring,14.47,50.2,11.21,599.72,22,0.08,7.11,2023-04-01 18:00:00
2179,Spring,16.7,30.22,16.31,202.9,12,0.1,7.75,2023-04-01 19:00:00
2180,Spring,15.61,50.6,14.04,805.62,9,0.13,12.82,2023-04-01 20:00:00
2181,Spring,15.61,34.6,4.18,725.86,87,0.1,13.76,2023-04-01 21:00:00
2182,Spring,12.15,32.48,17.26,492.5,188,0.12,10.42,2023-04-01 22:00:00
2183,Spring,18.87,47.05,17.11,394.99,126,0.2,10.33,2023-04-01 23:00:00
2184,Spring,19.57,54.82,4.64,293.34,141,0.12,10.52,2023-04-02 00:00:00
2185,Spring,13.65,46.14,19.62,609.65,82,0.26,10.73,2023-04-02 01:00:00
2186,Spring,18.37,56.92,9.66,736.82,53,0.27,6.46,2023-04-02 02:00:00
2187,Spring,13.15,32.07,15.3,142.27,89,0.16,16.11,2023-04-02 03:00:00
2188,Spring,13.6,74.42,8.95,347.51,73,0.16,9.69,2023-04-02 04:00:00
2189,Spring,11.72,61.23,3.73,531.14,83,0.21,12.87,2023-04-02 05:00:00
2190,Spring,10.88,49.75,7.27,790.87,117,0.28,6.5,2023-04-02 06:00:00
2191,Spring,15.49,77.19,14.02,489.29,191,0.25,15.36,2023-04-02 07:00:00
2192,Spring,16.13,78.02,9.66,367.74,18,0.24,5.9,2023-04-02 08:00:00
2193,Spring,17.95,72.55,9.05,838.87,11,0.24,7.52,2023-04-02 09:00:00
2194,Spring,19.61,49.31,2.32,999.22,16,0.13,7.54,2023-04-02 10:00:00
2195,Spring,16.31,63.65,11.02,876.39,7,0.06,5.65,2023-04-02 11:00:00
2196,Spring,11.28,56.13,15.21,474.04,29,0.08,9.84,2023-04-02 12:00:00
2197,Spring,13.62,57.64,10.45,944.98,18,0.09,11.11,2023-04-02 13:00:00
2198,Spring,12.78,65.93,10.58,57.37,5,0.14,11.61,2023-04-02 14:00:00
2199,Spring,19.15,65.08,16.58,67.31,13,0.09,9.9,2023-04-02 15:00:00
2200,Spring,11.33,59.91,6.31,232.03,18,0.14,6.74,2023-04-02 16:00:00
2201,Spring,16.97,78.93,6.98,125.97,15,0.12,7.56,2023-04-02 17:00:00
2202,Spring,19.23,79.12,5.91,507.74,26,0.13,13.84,2023-04-02 18:00:00
2203,Spring,17.69,77.83,5.46,272.89,7,0.13,12.47,2023-04-02 19:00:00
2204,Spring,17.32,68.64,7.21,66.62,5,0.07,13.7,2023-04-02 20:00:00
2205,Spring,18.95,61.88,19.18,378.8,170,0.19,15.65,2023-04-02 21:00:00
2206,Spring,18.23,57.74,1.68,264.54,68,0.2,7.33,2023-04-02 22:00:00
2207,Spring,13.1,51.62,9.82,951.47,65,0.22,7.86,2023-04-02 23:00:00
2208,Spring,14.87,58.95,15.05,292.99,159,0.2,12.81,2023-04-03 00:00:00
2209,Spring,15.66,49.31,4.49,512.79,118,0.12,9.99,2023-04-03 01:00:00
2210,Spring,18.19,76.37,1.01,654.9,140,0.26,12.56,2023-04-03 02:00:00
2211,Spring,18.44,53.83,10.15,593.87,178,0.15,11.64,2023-04-03 03:00:00
2212,Spring,16.13,68.32,16.94,204.43,163,0.28,11.62,2023-04-03 04:00:00
2213,Spring,11.53,70.77,12.4,829.88,182,0.23,13.87,2023-04-03 05:00:00
2214,Spring,19.3,48.14,11.9,510.61,87,0.14,10.02,2023-04-03 06:00:00
2215,Spring,11.66,39.18,14.65,730.66,103,0.17,12.43,2023-04-03 07:00:00
2216,Spring,19.41,32.97,10.52,396.2,22,0.28,13.83,2023-04-03 08:00:00
2217,Spring,15.06,63.48,0.73,634.04,22,0.11,6.68,2023-04-03 09:00:00
2218,Spring,18.81,75.25,19.79,951.76,12,0.14,3.62,2023-04-03 10:00:00
2219,Spring,12.5,40.71,11.3,879.71,5,0.09,7.31,2023-04-03 11:00:00
2220,Spring,10.96,66.77,11.86,947.25,24,0.11,12.88,2023-04-03 12:00:00
2221,Spring,17.84,64.33,17.42,583.05,28,0.13,7.17,2023-04-03 13:00:00
2222,Spring,12.25,62.47,15.1,305.8,43,0.08,7.89,2023-04-03 14:00:00
2223,Spring,14.14,65.7,4.69,272.49,11,0.08,9.46,2023-04-03 15:00:00
2224,Spring,10.77,78.24,6.73,901.49,31,0.13,11.11,2023-04-03 16:00:00
2225,Spring,10.51,59.92,8.82,75.7,18,0.15,5.6,2023-04-03 17:00:00
2226,Spring,15.89,36.54,3.17,406.7,12,0.15,14.31,2023-04-03 18:00:00
2227,Spring,14.54,71.85,17.42,585.66,38,0.1,12.79,2023-04-03 19:00:00
2228,Spring,12.45,63.53,19.92,315.26,23,0.1,14.28,2023-04-03 20:00:00
2229,Spring,12.05,48.2,0.09,837.08,9,0.18,11.01,2023-04-03 21:00:00
2230,Spring,15.68,70.85,10.27,772.05,24,0.28,5.02,2023-04-03 22:00:00
2231,Spring,13.02,44.13,10.46,549.7,17,0.14,13.64,2023-04-03 23:00:00
2232,Spring,14.43,41.39,15.95,586.59,47,0.22,12.42,2023-04-04 00:00:00
2233,Spring,19.14,55.71,8.44,632.41,5,0.16,4.29,2023-04-04 01:00:00
2234,Spring,12.82,77.68,10.78,87.23,25,0.28,7.81,2023-04-04 02:00:00
2235,Spring,10.84,72.13,19.51,458.09,11,0.25,13.89,2023-04-04 03:00:00
2236,Spring,19.6,36.9,5.54,42.96,17,0.13,12.57,2023-04-04 04:00:00
2237,Spring,17.83,31.05,9.68,584.85,23,0.23,12.16,2023-04-04 05:00:00
2238,Spring,12.87,62.27,11.41,77.11,50,0.29,9.51,2023-04-04 06:00:00
2239,Spring,11.88,61.59,5.58,681.41,19,0.16,11.68,2023-04-04 07:00:00
2240,Spring,16.63,32.48,14.59,119.77,23,0.27,14.03,2023-04-04 08:00:00
2241,Spring,14.68,63.29,18.26,549.56,48,0.15,9.44,2023-04-04 09:00:00
2242,Spring,18.53,52.09,16.57,137.3,22,0.13,13.46,2023-04-04 10:00:00
2243,Spring,14.1,69.1,3.48,857.14,33,0.12,4.35,2023-04-04 11:00:00
2244,Spring,10.18,62.58,0.39,36.28,31,0.1,7.72,2023-04-04 12:00:00
2245,Spring,18.5,54.03,8.76,809.61,39,0.11,7.1,2023-04-04 13:00:00
2246,Spring,18.91,45.77,10.99,338.86,5,0.1,8.91,2023-04-04 14:00:00
2247,Spring,17.4,36.44,18.23,173.8,9,0.06,13.43,2023-04-04 15:00:00
2248,Spring,11.4,50.15,14.21,287.25,6,0.05,5.88,2023-04-04 16:00:00
2249,Spring,11.75,63.52,11.69,988.39,18,0.15,8.9,2023-04-04 17:00:00
2250,Spring,18.09,72.64,10.43,221.42,28,0.1,15.15,2023-04-04 18:00:00
2251,Spring,19.82,43.43,15.95,579.17,34,0.09,10.37,2023-04-04 19:00:00
2252,Spring,17.7,56.51,14.83,373.01,41,0.13,13.15,2023-04-04 20:00:00
2253,Spring,12.65,34.1,4.21,134.08,32,0.11,7.06,2023-04-04 21:00:00
2254,Spring,10.9,51.34,5.81,630.86,41,0.25,5.38,2023-04-04 22:00:00
2255,Spring,14.09,66.27,1.53,800.06,30,0.15,4.71,2023-04-04 23:00:00
2256,Spring,11.68,53.36,13.01,824.96,46,0.12,7.9,2023-04-05 00:00:00
2257,Spring,10.82,40.92,19.89,809.07,46,0.17,9.1,2023-04-05 01:00:00
2258,Spring,11.63,78.6,13.22,594.49,8,0.16,6.53,2023-04-05 02:00:00
2259,Spring,11.09,56.95,8.78,885.44,44,0.13,5.31,2023-04-05 03:00:00
2260,Spring,11.4,66.65,18.16,745.36,14,0.29,5.73,2023-04-05 04:00:00
2261,Spring,11.66,48.12,9.32,803.16,20,0.17,11.84,2023-04-05 05:00:00
2262,Spring,10.44,54.28,5.52,93.36,34,0.19,6.92,2023-04-05 06:00:00
2263,Spring,17.24,62.81,14.98,814.7,22,0.23,11.35,2023-04-05 07:00:00
2264,Spring,12.84,69.13,4.38,240.28,12,0.1,8.17,2023-04-05 08:00:00
2265,Spring,17.41,65.29,3.94,875.93,28,0.17,13.22,2023-04-05 09:00:00
2266,Spring,12.98,64.55,5.48,987.39,20,0.07,6.18,2023-04-05 10:00:00
2267,Spring,19.01,59.26,16.82,363.62,37,0.07,10.39,2023-04-05 11:00:00
2268,Spring,13.3,63.43,17.7,34.36,49,0.08,10.4,2023-04-05 12:00:00
2269,Spring,13.19,64.12,12.33,665.67,18,0.06,11.11,2023-04-05 13:00:00
2270,Spring,12.87,61.69,9.77,944.73,7,0.05,9.15,2023-04-05 14:00:00
2271,Spring,19.92,79.59,2.81,873.37,15,0.09,4.34,2023-04-05 15:00:00
2272,Spring,16.11,45.09,9.74,900.62,23,0.14,11.02,2023-04-05 16:00:00
2273,Spring,11.32,79.35,9.92,900.35,13,0.13,13.34,2023-04-05 17:00:00
2274,Spring,12.76,46.06,14.6,789.32,5,0.11,12.49,2023-04-05 18:00:00
2275,Spring,16.92,76.76,0.73,989.32,20,0.05,8.53,2023-04-05 19:00:00
2276,Spring,19.13,38.71,15.84,608.89,7,0.1,4.77,2023-04-05 20:00:00
2277,Spring,19.19,54.96,11.23,464.55,108,0.28,10.55,2023-04-05 21:00:00
2278,Spring,11.37,49.5,10.46,263.41,71,0.28,6.48,2023-04-05 22:00:00
2279,Spring,18.1,30.98,8.34,339.29,101,0.14,9.68,2023-04-05 23:00:00
2280,Spring,13.28,41.2,11.38,618.2,153,0.27,12.63,2023-04-06 00:00:00
2281,Spring,18.36,54.83,4.83,254.15,135,0.29,10.59,2023-04-06 01:00:00
2282,Spring,18.82,34.19,13.86,563.92,76,0.14,6.87,2023-04-06 02:00:00
2283,Spring,14.08,70.82,2.02,902.13,137,0.19,15.61,2023-04-06 03:00:00
2284,Spring,13.62,34.69,2.71,107.98,125,0.23,13.08,2023-04-06 04:00:00
2285,Spring,11.59,42.4,11.64,698.3,140,0.11,7.93,2023-04-06 05:00:00
2286,Spring,12.84,32.95,10.34,749.87,178,0.3,12.48,2023-04-06 06:00:00
2287,Spring,18.12,59.18,11.1,70.79,138,0.23,12.76,2023-04-06 07:00:00
2288,Spring,10.14,35.53,1.01,630.98,29,0.13,6.49,2023-04-06 08:00:00
2289,Spring,15.67,46.07,2.69,282.97,8,0.3,8.68,2023-04-06 09:00:00
2290,Spring,12.26,71.03,14.32,372.73,19,0.1,8.74,2023-04-06 10:00:00
2291,Spring,16.37,41.74,1.69,720.37,10,0.09,11.04,2023-04-06 11:00:00
2292,Spring,17.63,71.34,1.18,146.21,29,0.11,9.32,2023-04-06 12:00:00
2293,Spring,13.2,35.65,19.08,128.87,18,0.06,13.79,2023-04-06 13:00:00
2294,Spring,18.91,43.46,12.87,172.59,25,0.12,14.6,2023-04-06 14:00:00
2295,Spring,12.62,31.07,17.33,732.21,17,0.12,13.67,2023-04-06 15:00:00
2296,Spring,10.01,30.54,6.63,922.78,11,0.11,11.48,2023-04-06 16:00:00
2297,Spring,18.85,79.64,2.47,675.16,10,0.12,8.18,2023-04-06 17:00:00
2298,Spring,12.85,50.42,2.42,358.23,28,0.14,11.47,2023-04-06 18:00:00
2299,Spring,15.1,78.5,12.52,538.28,13,0.05,14.01,2023-04-06 19:00:00
2300,Spring,12.73,73.8,10.21,467.03,13,0.09,12.47,2023-04-06 20:00:00
2301,Spring,13.91,51.09,9.41,540.61,95,0.12,8.69,2023-04-06 21:00:00
2302,Spring,15.92,77.23,7.56,234.18,158,0.28,15.36,2023-04-06 22:00:00
2303,Spring,10.92,52.1,10.15,709.0,130,0.25,8.74,2023-04-06 23:00:00
2304,Spring,19.54,52.36,4.22,152.04,154,0.24,11.04,2023-04-07 00:00:00
2305,Spring,13.95,56.77,11.77,896.98,146,0.22,9.53,2023-04-07 01:00:00
2306,Spring,11.31,61.35,6.45,828.26,144,0.28,11.08,2023-04-07 02:00:00
2307,Spring,19.28,71.14,14.64,562.16,117,0.26,10.11,2023-04-07 03:00:00
2308,Spring,11.42,70.34,12.05,159.95,97,0.13,10.6,2023-04-07 04:00:00
2309,Spring,15.58,68.81,5.0,903.64,65,0.17,4.68,2023-04-07 05:00:00
2310,Spring,19.59,61.67,1.58,827.44,141,0.26,13.1,2023-04-07 06:00:00
2311,Spring,12.29,69.83,19.36,544.15,144,0.28,10.89,2023-04-07 07:00:00
2312,Spring,13.13,47.64,19.99,790.52,5,0.13,6.02,2023-04-07 08:00:00
2313,Spring,10.02,34.41,12.66,485.22,24,0.26,10.95,2023-04-07 09:00:00
2314,Spring,12.53,41.51,13.58,500.19,10,0.06,4.5,2023-04-07 10:00:00
2315,Spring,13.01,43.26,17.65,674.18,6,0.1,6.79,2023-04-07 11:00:00
2316,Spring,10.75,77.39,15.31,669.08,28,0.15,7.66,2023-04-07 12:00:00
2317,Spring,16.61,36.27,19.41,876.74,30,0.09,12.94,2023-04-07 13:00:00
2318,Spring,10.49,42.48,6.8,735.75,13,0.14,6.55,2023-04-07 14:00:00
2319,Spring,14.29,64.97,19.29,129.93,27,0.13,8.45,2023-04-07 15:00:00
2320,Spring,15.49,60.51,1.13,611.02,5,0.13,12.29,2023-04-07 16:00:00
2321,Spring,13.86,64.84,10.76,986.75,6,0.07,5.9,2023-04-07 17:00:00
2322,Spring,10.95,72.86,15.22,441.14,30,0.11,9.81,2023-04-07 18:00:00
2323,Spring,15.45,37.36,15.92,328.07,30,0.06,6.37,2023-04-07 19:00:00
2324,Spring,13.73,56.12,6.78,807.34,25,0.14,13.35,2023-04-07 20:00:00
2325,Spring,11.94,38.43,15.56,565.25,126,0.28,14.24,2023-04-07 21:00:00
2326,Spring,18.23,52.33,0.57,943.98,110,0.14,9.6,2023-04-07 22:00:00
2327,Spring,14.0,74.4,5.23,589.65,86,0.18,10.38,2023-04-07 23:00:00
2328,Spring,18.64,53.75,5.88,136.13,96,0.27,12.97,2023-04-08 00:00:00
2329,Spring,14.08,78.38,12.36,580.25,73,0.21,9.34,2023-04-08 01:00:00
2330,Spring,11.0,43.22,17.04,606.68,124,0.19,10.06,2023-04-08 02:00:00
2331,Spring,12.86,68.89,5.97,783.96,122,0.12,8.74,2023-04-08 03:00:00
2332,Spring,13.77,72.95,4.79,251.95,130,0.25,9.63,2023-04-08 04:00:00
2333,Spring,14.62,54.42,4.68,933.19,110,0.25,11.05,2023-04-08 05:00:00
2334,Spring,17.96,68.62,11.67,406.03,130,0.13,14.33,2023-04-08 06:00:00
2335,Spring,19.41,30.12,18.66,240.87,74,0.15,9.7,2023-04-08 07:00:00
2336,Spring,17.3,47.16,18.0,978.86,14,0.25,4.4,2023-04-08 08:00:00
2337,Spring,18.28,48.37,6.35,598.43,19,0.1,12.22,2023-04-08 09:00:00
2338,Spring,11.64,79.73,5.07,445.75,11,0.1,7.53,2023-04-08 10:00:00
2339,Spring,10.13,37.36,15.6,794.11,12,0.09,12.93,2023-04-08 11:00:00
2340,Spring,19.58,37.96,0.23,589.65,30,0.09,13.42,2023-04-08 12:00:00
2341,Spring,16.99,56.52,5.96,354.84,25,0.13,11.91,2023-04-08 13:00:00
2342,Spring,14.56,72.01,1.31,562.49,7,0.07,13.52,2023-04-08 14:00:00
2343,Spring,12.33,46.47,9.67,97.41,9,0.12,12.22,2023-04-08 15:00:00
2344,Spring,18.08,40.0,17.49,380.79,6,0.12,13.36,2023-04-08 16:00:00
2345,Spring,11.07,31.0,14.89,879.56,9,0.09,3.81,2023-04-08 17:00:00
2346,Spring,10.35,52.91,10.57,738.27,26,0.14,10.52,2023-04-08 18:00:00
2347,Spring,10.67,50.06,5.11,140.6,29,0.12,5.77,2023-04-08 19:00:00
2348,Spring,13.64,39.56,5.97,186.41,14,0.06,8.61,2023-04-08 20:00:00
2349,Spring,17.55,71.79,7.48,171.91,98,0.27,8.37,2023-04-08 21:00:00
2350,Spring,17.56,58.35,6.86,995.76,131,0.18,6.11,2023-04-08 22:00:00
2351,Spring,19.81,54.22,14.58,858.03,108,0.22,7.55,2023-04-08 23:00:00
2352,Spring,15.08,64.17,7.09,767.45,52,0.29,8.41,2023-04-09 00:00:00
2353,Spring,15.62,31.37,17.03,672.39,160,0.23,15.42,2023-04-09 01:00:00
2354,Spring,18.94,64.95,15.64,691.74,106,0.18,9.15,2023-04-09 02:00:00
2355,Spring,10.97,48.79,7.97,565.41,194,0.11,9.68,2023-04-09 03:00:00
2356,Spring,17.26,42.17,6.1,768.35,88,0.14,13.89,2023-04-09 04:00:00
2357,Spring,12.47,69.28,11.76,145.73,113,0.13,7.57,2023-04-09 05:00:00
2358,Spring,13.09,45.04,13.04,751.68,51,0.17,12.93,2023-04-09 06:00:00
2359,Spring,13.74,55.2,15.65,111.99,179,0.24,16.01,2023-04-09 07:00:00
2360,Spring,15.88,36.44,10.94,906.42,28,0.15,11.75,2023-04-09 08:00:00
2361,Spring,19.18,46.98,9.83,560.45,29,0.18,13.24,2023-04-09 09:00:00
2362,Spring,18.52,58.56,17.31,823.49,13,0.12,4.32,2023-04-09 10:00:00
2363,Spring,16.97,35.76,18.86,196.51,9,0.15,9.45,2023-04-09 11:00:00
2364,Spring,16.59,46.25,11.78,291.58,25,0.09,5.28,2023-04-09 12:00:00
2365,Spring,11.54,51.27,11.81,380.8,19,0.1,5.45,2023-04-09 13:00:00
2366,Spring,14.34,51.3,11.82,320.64,7,0.12,6.5,2023-04-09 14:00:00
2367,Spring,17.03,48.07,12.6,272.54,12,0.08,8.47,2023-04-09 15:00:00
2368,Spring,10.28,78.6,3.58,638.16,13,0.08,4.72,2023-04-09 16:00:00
2369,Spring,17.29,71.28,1.81,65.08,7,0.14,7.94,2023-04-09 17:00:00
2370,Spring,16.8,37.91,7.41,282.04,27,0.14,13.44,2023-04-09 18:00:00
2371,Spring,11.62,65.0,17.71,243.18,23,0.12,8.76,2023-04-09 19:00:00
2372,Spring,12.86,69.85,19.58,899.32,12,0.11,7.93,2023-04-09 20:00:00
2373,Spring,14.79,53.33,13.83,211.47,82,0.16,11.2,2023-04-09 21:00:00
2374,Spring,15.26,41.71,17.07,602.19,96,0.29,14.47,2023-04-09 22:00:00
2375,Spring,12.47,33.52,14.92,269.16,152,0.26,9.44,2023-04-09 23:00:00
2376,Spring,17.68,44.36,6.71,675.66,101,0.22,14.06,2023-04-10 00:00:00
2377,Spring,15.92,53.59,6.71,622.99,104,0.3,15.93,2023-04-10 01:00:00
2378,Spring,14.08,77.3,17.59,241.66,155,0.16,16.23,2023-04-10 02:00:00
2379,Spring,11.26,64.94,3.47,162.67,120,0.2,16.9,2023-04-10 03:00:00
2380,Spring,18.26,69.78,18.42,401.71,185,0.2,15.18,2023-04-10 04:00:00
2381,Spring,16.93,76.05,8.69,119.39,173,0.19,8.95,2023-04-10 05:00:00
2382,Spring,17.32,72.23,4.47,129.68,100,0.21,9.44,2023-04-10 06:00:00
2383,Spring,19.75,74.54,10.51,575.09,68,0.23,6.55,2023-04-10 07:00:00
2384,Spring,18.32,59.7,5.18,133.31,15,0.17,10.71,2023-04-10 08:00:00
2385,Spring,13.1,38.42,11.48,616.81,18,0.27,13.12,2023-04-10 09:00:00
2386,Spring,17.38,31.71,9.56,479.32,25,0.12,5.09,2023-04-10 10:00:00
2387,Spring,17.26,30.62,10.58,15.76,26,0.14,6.38,2023-04-10 11:00:00
2388,Spring,13.9,39.43,2.51,62.83,27,0.06,6.36,2023-04-10 12:00:00
2389,Spring,12.53,69.25,11.05,418.54,16,0.1,11.28,2023-04-10 13:00:00
2390,Spring,13.22,77.4,13.38,345.06,5,0.14,5.46,2023-04-10 14:00:00
2391,Spring,11.33,58.16,10.22,557.29,19,0.09,4.82,2023-04-10 15:00:00
2392,Spring,17.35,73.3,8.44,651.18,31,0.14,12.7,2023-04-10 16:00:00
2393,Spring,16.66,73.15,15.06,732.51,41,0.06,11.54,2023-04-10 17:00:00
2394,Spring,15.56,73.61,4.29,578.26,40,0.14,6.47,2023-04-10 18:00:00
2395,Spring,13.07,39.34,9.9,933.9,17,0.1,6.94,2023-04-10 19:00:00
2396,Spring,12.52,33.92,4.33,132.86,36,0.13,7.85,2023-04-10 20:00:00
2397,Spring,15.49,40.91,9.68,844.36,20,0.12,12.3,2023-04-10 21:00:00
2398,Spring,12.72,35.1,7.05,658.14,16,0.18,9.78,2023-04-10 22:00:00
2399,Spring,16.85,42.73,13.08,333.39,24,0.19,14.78,2023-04-10 23:00:00
2400,Spring,11.43,30.16,9.21,221.39,22,0.14,9.62,2023-04-11 00:00:00
2401,Spring,16.4,36.61,13.3,703.11,9,0.27,9.03,2023-04-11 01:00:00
2402,Spring,14.16,66.93,6.26,30.86,39,0.23,9.09,2023-04-11 02:00:00
2403,Spring,19.57,49.74,9.34,604.72,11,0.26,14.02,2023-04-11 03:00:00
2404,Spring,11.06,43.29,4.1,31.65,32,0.22,5.71,2023-04-11 04:00:00
2405,Spring,17.42,71.63,1.89,904.86,49,0.14,8.72,2023-04-11 05:00:00
2406,Spring,18.88,42.78,10.97,899.1,27,0.11,7.25,2023-04-11 06:00:00
2407,Spring,13.03,38.02,1.55,100.07,21,0.13,7.69,2023-04-11 07:00:00
2408,Spring,13.32,50.11,2.53,589.56,35,0.19,11.62,2023-04-11 08:00:00
2409,Spring,17.21,73.11,11.77,927.97,25,0.27,7.3,2023-04-11 09:00:00
2410,Spring,11.4,33.24,11.57,563.65,43,0.1,9.78,2023-04-11 10:00:00
2411,Spring,14.74,40.2,7.76,595.39,35,0.1,11.77,2023-04-11 11:00:00
2412,Spring,19.71,56.84,11.13,106.83,50,0.11,8.94,2023-04-11 12:00:00
2413,Spring,19.29,38.35,15.77,884.12,46,0.08,9.58,2023-04-11 13:00:00
2414,Spring,17.37,55.47,7.69,594.74,40,0.12,12.01,2023-04-11 14:00:00
2415,Spring,19.3,30.31,5.78,273.07,36,0.05,8.7,2023-04-11 15:00:00
2416,Spring,15.18,37.35,6.41,871.75,23,0.09,12.98,2023-04-11 16:00:00
2417,Spring,11.65,57.09,7.64,561.52,28,0.05,9.32,2023-04-11 17:00:00
2418,Spring,12.26,51.37,10.23,772.79,47,0.13,13.04,2023-04-11 18:00:00
2419,Spring,11.15,74.85,1.07,114.62,42,0.09,11.05,2023-04-11 19:00:00
2420,Spring,16.33,37.71,17.87,550.07,32,0.12,10.41,2023-04-11 20:00:00
2421,Spring,12.73,39.84,15.23,780.6,33,0.11,6.18,2023-04-11 21:00:00
2422,Spring,19.04,37.72,12.53,958.19,45,0.27,8.34,2023-04-11 22:00:00
2423,Spring,18.97,66.56,5.13,160.48,22,0.15,12.87,2023-04-11 23:00:00
2424,Spring,17.7,63.57,11.3,649.76,24,0.14,4.75,2023-04-12 00:00:00
2425,Spring,11.32,39.3,5.89,404.27,42,0.2,10.18,2023-04-12 01:00:00
2426,Spring,13.93,75.76,10.37,63.97,14,0.26,6.77,2023-04-12 02:00:00
2427,Spring,17.61,72.77,18.96,32.39,9,0.1,7.67,2023-04-12 03:00:00
2428,Spring,17.12,71.33,16.44,981.23,47,0.13,8.36,2023-04-12 04:00:00
2429,Spring,16.39,65.6,11.1,873.96,19,0.25,5.25,2023-04-12 05:00:00
2430,Spring,18.35,77.11,10.03,507.81,40,0.24,13.08,2023-04-12 06:00:00
2431,Spring,17.99,31.69,19.14,641.24,48,0.26,13.05,2023-04-12 07:00:00
2432,Spring,15.12,37.63,18.33,40.16,39,0.16,14.72,2023-04-12 08:00:00
2433,Spring,18.19,57.22,8.28,342.48,5,0.3,10.17,2023-04-12 09:00:00
2434,Spring,17.41,66.05,12.98,567.06,7,0.06,13.31,2023-04-12 10:00:00
2435,Spring,18.89,66.07,10.54,316.43,12,0.11,11.59,2023-04-12 11:00:00
2436,Spring,17.48,65.94,11.04,915.18,38,0.09,6.56,2023-04-12 12:00:00
2437,Spring,15.73,64.46,2.88,213.59,28,0.06,13.13,2023-04-12 13:00:00
2438,Spring,14.47,77.2,3.86,985.09,14,0.13,5.4,2023-04-12 14:00:00
2439,Spring,16.66,77.22,14.25,529.43,27,0.08,9.92,2023-04-12 15:00:00
2440,Spring,13.75,72.49,4.19,506.72,11,0.09,4.44,2023-04-12 16:00:00
2441,Spring,10.74,61.09,1.27,756.11,17,0.06,5.21,2023-04-12 17:00:00
2442,Spring,17.99,40.53,7.57,397.72,29,0.08,5.53,2023-04-12 18:00:00
2443,Spring,17.57,51.3,19.73,949.92,11,0.12,8.49,2023-04-12 19:00:00
2444,Spring,10.34,60.08,8.14,94.83,6,0.13,7.33,2023-04-12 20:00:00
2445,Spring,19.85,55.05,4.7,434.58,164,0.21,13.61,2023-04-12 21:00:00
2446,Spring,12.52,66.56,5.13,805.42,175,0.29,14.26,2023-04-12 22:00:00
2447,Spring,12.52,71.0,10.34,335.12,114,0.11,15.47,2023-04-12 23:00:00
2448,Spring,10.46,52.74,8.43,460.99,137,0.17,9.08,2023-04-13 00:00:00
2449,Spring,14.04,42.47,9.6,197.04,78,0.13,14.45,2023-04-13 01:00:00
2450,Spring,11.95,43.63,7.01,555.96,72,0.14,14.94,2023-04-13 02:00:00
2451,Spring,17.27,45.76,12.58,930.52,197,0.3,17.03,2023-04-13 03:00:00
2452,Spring,18.85,45.58,2.57,843.27,195,0.19,11.88,2023-04-13 04:00:00
2453,Spring,13.69,33.86,0.25,63.69,183,0.12,17.7,2023-04-13 05:00:00
2454,Spring,19.65,58.09,16.49,633.61,136,0.1,10.68,2023-04-13 06:00:00
2455,Spring,11.51,45.25,2.58,98.6,69,0.14,10.94,2023-04-13 07:00:00
2456,Spring,15.18,51.19,13.89,993.21,26,0.11,9.87,2023-04-13 08:00:00
2457,Spring,19.45,71.01,18.67,61.75,27,0.21,13.43,2023-04-13 09:00:00
2458,Spring,10.29,58.74,9.92,707.35,25,0.1,7.5,2023-04-13 10:00:00
2459,Spring,11.84,74.34,0.48,493.27,27,0.09,7.58,2023-04-13 11:00:00
2460,Spring,19.57,32.42,10.34,2.91,10,0.06,14.36,2023-04-13 12:00:00
2461,Spring,11.96,43.83,14.43,359.33,21,0.13,12.11,2023-04-13 13:00:00
2462,Spring,15.36,57.19,5.1,263.81,19,0.11,10.53,2023-04-13 14:00:00
2463,Spring,17.61,68.57,14.25,656.68,5,0.14,5.8,2023-04-13 15:00:00
2464,Spring,12.56,77.35,3.61,472.77,30,0.12,13.6,2023-04-13 16:00:00
2465,Spring,15.06,50.97,6.18,358.59,28,0.05,7.91,2023-04-13 17:00:00
2466,Spring,15.42,48.23,9.21,385.67,29,0.15,10.59,2023-04-13 18:00:00
2467,Spring,17.9,42.32,16.03,139.23,12,0.11,7.89,2023-04-13 19:00:00
2468,Spring,18.47,54.08,3.8,527.38,15,0.1,11.06,2023-04-13 20:00:00
2469,Spring,14.27,61.07,17.07,987.68,115,0.22,6.63,2023-04-13 21:00:00
2470,Spring,11.8,35.7,3.53,809.57,126,0.13,9.82,2023-04-13 22:00:00
2471,Spring,10.06,37.33,6.26,407.42,129,0.18,8.06,2023-04-13 23:00:00
2472,Spring,19.96,41.94,6.95,714.33,52,0.11,9.14,2023-04-14 00:00:00
2473,Spring,11.9,58.43,13.68,314.82,101,0.27,12.69,2023-04-14 01:00:00
2474,Spring,11.48,41.1,7.02,977.53,175,0.26,10.46,2023-04-14 02:00:00
2475,Spring,17.47,65.31,5.52,173.89,183,0.22,9.89,2023-04-14 03:00:00
2476,Spring,14.95,50.07,0.07,622.08,179,0.11,13.84,2023-04-14 04:00:00
2477,Spring,19.71,65.69,18.94,141.05,179,0.28,10.05,2023-04-14 05:00:00
2478,Spring,16.81,47.79,6.36,76.89,109,0.28,16.76,2023-04-14 06:00:00
2479,Spring,18.55,46.66,7.29,54.67,156,0.16,10.02,2023-04-14 07:00:00
2480,Spring,17.63,37.63,8.69,513.79,7,0.11,4.56,2023-04-14 08:00:00
2481,Spring,16.86,45.19,2.3,150.52,19,0.19,12.79,2023-04-14 09:00:00
2482,Spring,14.07,75.85,12.96,616.1,22,0.11,4.6,2023-04-14 10:00:00
2483,Spring,13.36,67.84,8.92,720.27,17,0.13,10.42,2023-04-14 11:00:00
2484,Spring,15.24,31.0,15.83,429.13,7,0.05,9.64,2023-04-14 12:00:00
2485,Spring,19.77,36.63,11.58,256.41,17,0.13,6.32,2023-04-14 13:00:00
2486,Spring,15.01,67.29,5.01,909.92,15,0.08,7.3,2023-04-14 14:00:00
2487,Spring,18.88,33.53,8.33,358.38,20,0.07,6.54,2023-04-14 15:00:00
2488,Spring,10.78,35.21,10.97,383.79,26,0.12,9.6,2023-04-14 16:00:00
2489,Spring,13.35,68.73,14.01,346.04,9,0.07,9.89,2023-04-14 17:00:00
2490,Spring,10.15,45.98,5.62,436.26,10,0.05,6.6,2023-04-14 18:00:00
2491,Spring,14.9,75.19,16.86,409.66,6,0.12,6.63,2023-04-14 19:00:00
2492,Spring,16.56,54.96,10.4,854.48,28,0.1,12.8,2023-04-14 20:00:00
2493,Spring,19.45,39.28,1.04,309.77,147,0.15,7.59,2023-04-14 21:00:00
2494,Spring,14.69,31.02,5.05,910.42,134,0.11,9.28,2023-04-14 22:00:00
2495,Spring,11.64,37.23,0.9,716.34,74,0.29,11.76,2023-04-14 23:00:00
2496,Spring,11.23,46.4,5.87,407.75,184,0.28,15.09,2023-04-15 00:00:00
2497,Spring,13.75,48.86,18.52,350.2,53,0.25,8.34,2023-04-15 01:00:00
2498,Spring,19.85,43.8,9.39,121.14,180,0.12,14.44,2023-04-15 02:00:00
2499,Spring,10.26,73.03,16.54,875.08,68,0.14,5.33,2023-04-15 03:00:00
2500,Spring,13.95,42.46,3.9,342.12,148,0.2,15.85,2023-04-15 04:00:00
2501,Spring,11.88,43.33,3.41,732.85,148,0.24,15.03,2023-04-15 05:00:00
2502,Spring,11.93,34.59,7.51,211.08,120,0.26,13.28,2023-04-15 06:00:00
2503,Spring,17.08,74.61,8.06,111.93,186,0.14,17.77,2023-04-15 07:00:00
2504,Spring,10.05,61.0,10.41,727.92,19,0.25,6.56,2023-04-15 08:00:00
2505,Spring,12.78,77.42,9.4,683.95,23,0.1,6.09,2023-04-15 09:00:00
2506,Spring,18.26,69.91,16.52,26.63,22,0.06,15.0,2023-04-15 10:00:00
2507,Spring,14.59,71.7,15.95,930.78,15,0.11,13.52,2023-04-15 11:00:00
2508,Spring,17.85,41.29,2.15,84.09,6,0.08,10.05,2023-04-15 12:00:00
2509,Spring,12.76,68.41,10.15,400.37,8,0.14,10.54,2023-04-15 13:00:00
2510,Spring,14.36,41.58,1.34,790.16,21,0.14,6.59,2023-04-15 14:00:00
2511,Spring,12.55,45.68,0.97,486.16,28,0.11,8.67,2023-04-15 15:00:00
2512,Spring,16.84,51.21,18.73,283.35,28,0.08,13.32,2023-04-15 16:00:00
2513,Spring,10.81,36.07,3.07,816.97,20,0.07,5.32,2023-04-15 17:00:00
2514,Spring,10.93,57.69,2.47,647.97,30,0.07,12.56,2023-04-15 18:00:00
2515,Spring,11.47,34.63,2.12,118.93,30,0.08,12.88,2023-04-15 19:00:00
2516,Spring,15.73,47.34,12.42,576.12,12,0.11,4.55,2023-04-15 20:00:00
2517,Spring,19.82,78.72,12.98,814.75,127,0.21,11.49,2023-04-15 21:00:00
2518,Spring,18.85,70.38,10.88,315.01,177,0.17,15.37,2023-04-15 22:00:00
2519,Spring,10.59,69.74,15.8,346.1,157,0.11,16.0,2023-04-15 23:00:00
2520,Spring,16.82,69.8,8.61,438.85,124,0.21,9.85,2023-04-16 00:00:00
2521,Spring,18.93,65.94,10.73,319.65,106,0.2,15.38,2023-04-16 01:00:00
2522,Spring,15.5,37.23,6.71,68.62,180,0.17,11.64,2023-04-16 02:00:00
2523,Spring,19.41,76.79,0.88,433.65,159,0.3,11.58,2023-04-16 03:00:00
2524,Spring,19.25,64.36,2.06,345.16,180,0.17,12.64,2023-04-16 04:00:00
2525,Spring,13.56,68.39,17.57,550.55,197,0.25,13.31,2023-04-16 05:00:00
2526,Spring,13.21,38.54,13.24,921.89,190,0.22,7.29,2023-04-16 06:00:00
2527,Spring,16.54,52.46,2.29,912.58,193,0.26,15.24,2023-04-16 07:00:00
2528,Spring,11.49,64.75,2.71,2.72,25,0.13,8.46,2023-04-16 08:00:00
2529,Spring,11.73,71.25,5.94,14.79,14,0.24,8.56,2023-04-16 09:00:00
2530,Spring,18.41,56.13,15.81,839.12,6,0.12,4.57,2023-04-16 10:00:00
2531,Spring,14.99,30.69,4.36,791.91,9,0.14,13.46,2023-04-16 11:00:00
2532,Spring,13.64,69.16,19.72,8.99,19,0.11,14.58,2023-04-16 12:00:00
2533,Spring,16.14,54.46,11.03,479.79,7,0.1,7.77,2023-04-16 13:00:00
2534,Spring,12.82,38.83,0.67,923.62,18,0.06,5.56,2023-04-16 14:00:00
2535,Spring,12.02,35.45,17.02,497.77,24,0.08,11.86,2023-04-16 15:00:00
2536,Spring,16.88,39.09,19.12,911.61,17,0.14,7.42,2023-04-16 16:00:00
2537,Spring,11.05,61.1,12.34,26.92,8,0.06,7.21,2023-04-16 17:00:00
2538,Spring,17.63,58.63,16.28,154.1,13,0.05,12.26,2023-04-16 18:00:00
2539,Spring,12.28,39.2,8.85,820.4,22,0.12,6.15,2023-04-16 19:00:00
2540,Spring,13.63,78.37,14.78,587.81,7,0.09,7.9,2023-04-16 20:00:00
2541,Spring,19.67,40.1,19.01,327.35,84,0.18,10.28,2023-04-16 21:00:00
2542,Spring,18.8,76.83,9.81,680.8,117,0.17,12.51,2023-04-16 22:00:00
2543,Spring,13.5,69.47,5.71,454.26,117,0.29,7.76,2023-04-16 23:00:00
2544,Spring,14.2,65.47,14.59,433.41,137,0.23,10.86,2023-04-17 00:00:00
2545,Spring,15.85,41.58,15.63,86.11,195,0.21,14.36,2023-04-17 01:00:00
2546,Spring,17.42,35.96,10.12,282.06,90,0.21,10.0,2023-04-17 02:00:00
2547,Spring,19.33,66.22,4.24,444.8,92,0.21,9.83,2023-04-17 03:00:00
2548,Spring,12.57,41.59,13.96,975.97,151,0.15,7.17,2023-04-17 04:00:00
2549,Spring,18.99,75.7,7.83,228.77,60,0.22,11.57,2023-04-17 05:00:00
2550,Spring,13.48,58.67,4.33,412.09,169,0.27,11.0,2023-04-17 06:00:00
2551,Spring,16.35,43.78,8.28,435.65,172,0.25,13.77,2023-04-17 07:00:00
2552,Spring,10.04,72.74,19.56,165.83,20,0.16,12.94,2023-04-17 08:00:00
2553,Spring,17.34,75.41,8.07,50.29,23,0.21,15.34,2023-04-17 09:00:00
2554,Spring,16.66,69.46,9.8,538.1,21,0.08,10.31,2023-04-17 10:00:00
2555,Spring,13.48,68.85,16.05,223.81,24,0.12,9.49,2023-04-17 11:00:00
2556,Spring,14.45,47.94,11.43,5.66,16,0.06,6.63,2023-04-17 12:00:00
2557,Spring,18.63,77.83,3.51,241.2,36,0.09,5.77,2023-04-17 13:00:00
2558,Spring,12.14,49.21,19.34,918.21,12,0.06,10.12,2023-04-17 14:00:00
2559,Spring,11.62,48.61,4.21,441.17,35,0.11,11.26,2023-04-17 15:00:00
2560,Spring,11.08,54.99,7.08,144.53,32,0.13,11.53,2023-04-17 16:00:00
2561,Spring,16.89,51.68,8.03,707.17,46,0.13,10.45,2023-04-17 17:00:00
2562,Spring,10.02,40.5,0.4,693.45,48,0.12,7.64,2023-04-17 18:00:00
2563,Spring,17.24,66.04,17.88,94.71,47,0.09,7.16,2023-04-17 19:00:00
2564,Spring,19.36,52.74,19.13,396.46,21,0.11,9.18,2023-04-17 20:00:00
2565,Spring,15.5,65.12,8.1,587.87,17,0.23,10.76,2023-04-17 21:00:00
2566,Spring,10.05,76.61,16.9,951.1,30,0.15,13.45,2023-04-17 22:00:00
2567,Spring,12.72,79.04,13.35,590.44,50,0.26,13.58,2023-04-17 23:00:00
2568,Spring,19.72,55.09,7.28,593.78,23,0.11,11.76,2023-04-18 00:00:00
2569,Spring,15.12,40.42,15.26,901.94,43,0.14,5.68,2023-04-18 01:00:00
2570,Spring,17.13,61.49,10.44,727.97,10,0.18,5.84,2023-04-18 02:00:00
2571,Spring,17.98,78.53,19.38,430.0,19,0.19,12.43,2023-04-18 03:00:00
2572,Spring,12.62,42.29,3.23,664.03,38,0.1,13.53,2023-04-18 04:00:00
2573,Spring,15.84,78.52,19.58,707.93,19,0.3,11.73,2023-04-18 05:00:00
2574,Spring,10.01,70.54,3.96,695.75,5,0.28,8.48,2023-04-18 06:00:00
2575,Spring,14.26,42.9,4.22,844.62,6,0.26,5.24,2023-04-18 07:00:00
2576,Spring,11.21,42.38,16.53,367.42,17,0.14,9.01,2023-04-18 08:00:00
2577,Spring,19.53,61.68,10.13,829.13,21,0.1,7.56,2023-04-18 09:00:00
2578,Spring,17.25,50.3,12.56,942.06,14,0.11,13.3,2023-04-18 10:00:00
2579,Spring,10.31,78.44,17.19,403.37,47,0.09,9.68,2023-04-18 11:00:00
2580,Spring,16.38,55.36,2.02,767.46,10,0.07,11.43,2023-04-18 12:00:00
2581,Spring,10.79,38.66,4.66,312.35,34,0.08,14.44,2023-04-18 13:00:00
2582,Spring,18.88,34.39,7.88,390.56,46,0.07,11.06,2023-04-18 14:00:00
2583,Spring,12.52,79.37,8.59,494.58,34,0.12,13.12,2023-04-18 15:00:00
2584,Spring,12.77,75.22,3.37,134.98,27,0.11,13.25,2023-04-18 16:00:00
2585,Spring,13.63,38.54,14.39,798.73,19,0.09,10.74,2023-04-18 17:00:00
2586,Spring,18.3,77.71,4.18,907.82,12,0.09,8.95,2023-04-18 18:00:00
2587,Spring,16.49,56.95,1.05,236.26,19,0.12,11.04,2023-04-18 19:00:00
2588,Spring,10.07,59.85,7.1,324.12,5,0.12,10.84,2023-04-18 20:00:00
2589,Spring,18.19,63.72,0.28,383.3,43,0.19,11.76,2023-04-18 21:00:00
2590,Spring,17.3,57.23,10.97,792.6,47,0.12,6.31,2023-04-18 22:00:00
2591,Spring,10.15,36.71,12.59,955.86,12,0.12,9.83,2023-04-18 23:00:00
2592,Spring,19.12,57.91,11.34,142.11,44,0.13,15.45,2023-04-19 00:00:00
2593,Spring,15.41,62.29,11.37,108.34,10,0.1,6.62,2023-04-19 01:00:00
2594,Spring,10.43,63.72,1.45,88.38,20,0.25,6.73,2023-04-19 02:00:00
2595,Spring,14.36,60.73,4.39,244.66,27,0.2,11.2,2023-04-19 03:00:00
2596,Spring,18.54,48.27,6.84,416.6,17,0.16,10.0,2023-04-19 04:00:00
2597,Spring,16.37,62.67,14.56,341.59,28,0.16,11.43,2023-04-19 05:00:00
2598,Spring,13.34,76.91,4.56,713.04,36,0.23,11.93,2023-04-19 06:00:00
2599,Spring,17.66,37.19,2.95,780.78,37,0.17,9.83,2023-04-19 07:00:00
2600,Spring,14.74,39.47,2.17,57.69,5,0.18,11.81,2023-04-19 08:00:00
2601,Spring,11.01,48.52,8.76,319.79,19,0.14,13.83,2023-04-19 09:00:00
2602,Spring,16.63,76.89,2.1,859.38,10,0.11,5.42,2023-04-19 10:00:00
2603,Spring,11.58,37.68,3.08,128.24,39,0.14,12.51,2023-04-19 11:00:00
2604,Spring,17.22,76.49,19.03,772.87,14,0.07,5.79,2023-04-19 12:00:00
2605,Spring,15.19,31.62,19.57,178.28,15,0.09,10.62,2023-04-19 13:00:00
2606,Spring,17.05,59.59,5.47,476.08,27,0.09,7.46,2023-04-19 14:00:00
2607,Spring,14.63,67.84,17.07,747.05,9,0.1,13.32,2023-04-19 15:00:00
2608,Spring,19.68,47.58,7.54,647.07,15,0.11,10.58,2023-04-19 16:00:00
2609,Spring,18.24,68.55,14.72,279.03,29,0.1,13.42,2023-04-19 17:00:00
2610,Spring,12.9,75.53,0.83,843.31,13,0.08,13.34,2023-04-19 18:00:00
2611,Spring,18.42,49.64,12.16,756.39,29,0.06,11.88,2023-04-19 19:00:00
2612,Spring,16.87,56.91,0.27,363.95,19,0.1,5.83,2023-04-19 20:00:00
2613,Spring,10.46,62.72,15.29,359.38,157,0.3,15.5,2023-04-19 21:00:00
2614,Spring,10.67,51.72,0.06,839.54,141,0.22,12.35,2023-04-19 22:00:00
2615,Spring,16.05,55.8,8.76,755.98,85,0.2,10.93,2023-04-19 23:00:00
2616,Spring,15.84,61.23,5.83,961.54,126,0.29,9.0,2023-04-20 00:00:00
2617,Spring,11.66,69.33,4.2,119.96,136,0.17,16.36,2023-04-20 01:00:00
2618,Spring,13.53,49.94,17.27,552.64,144,0.23,9.06,2023-04-20 02:00:00
2619,Spring,15.12,78.16,8.88,288.49,138,0.18,11.27,2023-04-20 03:00:00
2620,Spring,20.0,30.05,13.96,722.09,194,0.25,16.41,2023-04-20 04:00:00
2621,Spring,15.09,51.4,7.38,873.43,88,0.14,12.99,2023-04-20 05:00:00
2622,Spring,14.86,61.67,14.06,508.13,62,0.12,7.91,2023-04-20 06:00:00
2623,Spring,16.42,39.67,4.56,646.33,85,0.24,6.4,2023-04-20 07:00:00
2624,Spring,18.7,53.15,8.46,106.15,25,0.23,13.23,2023-04-20 08:00:00
2625,Spring,14.19,70.2,16.93,823.0,7,0.26,5.06,2023-04-20 09:00:00
2626,Spring,12.11,54.12,19.72,25.08,8,0.11,5.94,2023-04-20 10:00:00
2627,Spring,17.5,66.05,13.0,860.59,5,0.07,5.05,2023-04-20 11:00:00
2628,Spring,12.27,75.03,6.2,405.97,30,0.15,11.39,2023-04-20 12:00:00
2629,Spring,10.95,45.95,11.19,229.51,7,0.13,11.04,2023-04-20 13:00:00
2630,Spring,16.04,70.93,1.66,892.35,11,0.15,11.61,2023-04-20 14:00:00
2631,Spring,17.53,36.73,2.5,435.96,6,0.13,12.08,2023-04-20 15:00:00
2632,Spring,19.46,35.93,4.37,323.76,6,0.06,11.91,2023-04-20 16:00:00
2633,Spring,10.55,63.68,6.78,747.27,9,0.12,12.19,2023-04-20 17:00:00
2634,Spring,13.13,49.73,0.35,38.23,19,0.11,6.88,2023-04-20 18:00:00
2635,Spring,15.82,42.28,4.07,340.78,14,0.12,8.2,2023-04-20 19:00:00
2636,Spring,17.62,61.71,10.0,851.65,25,0.1,9.12,2023-04-20 20:00:00
2637,Spring,13.57,72.29,13.45,15.64,188,0.24,10.54,2023-04-20 21:00:00
2638,Spring,14.15,43.99,8.08,561.62,77,0.2,13.08,2023-04-20 22:00:00
2639,Spring,11.71,76.96,18.59,785.26,52,0.26,7.98,2023-04-20 23:00:00
2640,Spring,10.78,74.42,12.9,649.41,62,0.16,6.86,2023-04-21 00:00:00
2641,Spring,19.31,68.64,7.43,151.96,106,0.11,12.25,2023-04-21 01:00:00
2642,Spring,12.26,46.65,0.81,15.3,196,0.28,12.22,2023-04-21 02:00:00
2643,Spring,19.45,47.27,17.96,582.16,58,0.18,8.07,2023-04-21 03:00:00
2644,Spring,17.36,71.29,14.44,8.37,181,0.17,11.43,2023-04-21 04:00:00
2645,Spring,16.03,32.63,19.13,983.09,199,0.2,8.73,2023-04-21 05:00:00
2646,Spring,13.55,77.32,2.26,448.46,102,0.2,12.49,2023-04-21 06:00:00
2647,Spring,19.93,58.08,18.61,100.72,161,0.14,10.52,2023-04-21 07:00:00
2648,Spring,19.86,62.98,5.61,913.71,30,0.24,10.81,2023-04-21 08:00:00
2649,Spring,11.25,66.53,11.06,645.74,26,0.16,11.71,2023-04-21 09:00:00
2650,Spring,12.5,66.83,13.11,812.17,17,0.07,9.32,2023-04-21 10:00:00
2651,Spring,15.3,68.15,1.05,932.42,11,0.11,5.35,2023-04-21 11:00:00
2652,Spring,15.18,75.63,12.99,810.84,10,0.07,11.46,2023-04-21 12:00:00
2653,Spring,12.5,75.59,17.94,841.83,7,0.05,5.68,2023-04-21 13:00:00
2654,Spring,14.71,55.08,15.12,808.86,10,0.14,13.13,2023-04-21 14:00:00
2655,Spring,15.01,49.63,6.96,306.37,16,0.08,13.06,2023-04-21 15:00:00
2656,Spring,10.87,42.92,4.61,68.3,26,0.12,5.5,2023-04-21 16:00:00
2657,Spring,11.38,60.46,6.26,299.31,29,0.15,8.17,2023-04-21 17:00:00
2658,Spring,10.13,51.87,13.48,133.58,13,0.05,13.13,2023-04-21 18:00:00
2659,Spring,14.88,43.21,18.77,774.99,9,0.06,11.84,2023-04-21 19:00:00
2660,Spring,18.46,69.67,8.73,115.84,24,0.15,9.48,2023-04-21 20:00:00
2661,Spring,16.98,45.29,11.18,460.81,109,0.26,14.85,2023-04-21 21:00:00
2662,Spring,11.75,36.53,18.05,543.58,137,0.21,9.59,2023-04-21 22:00:00
2663,Spring,17.23,35.47,1.77,497.94,75,0.14,6.27,2023-04-21 23:00:00
2664,Spring,20.0,32.6,3.02,267.37,97,0.14,10.48,2023-04-22 00:00:00
2665,Spring,12.35,43.73,13.33,594.85,138,0.13,11.18,2023-04-22 01:00:00
2666,Spring,18.41,38.22,12.52,394.75,91,0.15,13.4,2023-04-22 02:00:00
2667,Spring,18.14,49.64,6.97,263.86,141,0.22,13.5,2023-04-22 03:00:00
2668,Spring,12.07,55.88,10.01,586.65,122,0.17,11.74,2023-04-22 04:00:00
2669,Spring,13.31,78.0,6.04,19.71,112,0.25,15.58,2023-04-22 05:00:00
2670,Spring,13.58,36.84,12.32,322.34,63,0.12,10.07,2023-04-22 06:00:00
2671,Spring,18.33,73.08,8.45,835.24,165,0.14,14.93,2023-04-22 07:00:00
2672,Spring,17.58,32.09,7.06,673.59,21,0.18,9.54,2023-04-22 08:00:00
2673,Spring,15.43,77.16,7.73,313.32,26,0.21,12.96,2023-04-22 09:00:00
2674,Spring,13.02,33.34,17.7,134.79,8,0.11,10.21,2023-04-22 10:00:00
2675,Spring,14.47,53.35,19.9,906.42,6,0.08,11.1,2023-04-22 11:00:00
2676,Spring,13.03,48.18,1.43,411.07,18,0.06,11.7,2023-04-22 12:00:00
2677,Spring,10.74,34.89,10.49,874.28,30,0.14,12.41,2023-04-22 13:00:00
2678,Spring,15.58,51.97,8.34,78.81,10,0.09,8.71,2023-04-22 14:00:00
2679,Spring,18.95,76.66,1.47,80.63,22,0.15,7.85,2023-04-22 15:00:00
2680,Spring,11.46,55.87,8.27,946.4,29,0.09,4.39,2023-04-22 16:00:00
2681,Spring,13.4,33.07,3.05,195.69,12,0.07,11.87,2023-04-22 17:00:00
2682,Spring,18.74,70.07,1.55,565.88,28,0.11,5.93,2023-04-22 18:00:00
2683,Spring,13.28,41.88,15.88,794.38,19,0.14,5.91,2023-04-22 19:00:00
2684,Spring,13.25,74.76,9.47,638.91,27,0.08,10.63,2023-04-22 20:00:00
2685,Spring,11.85,57.65,7.23,284.3,139,0.12,10.66,2023-04-22 21:00:00
2686,Spring,19.29,72.46,10.8,927.42,120,0.26,14.06,2023-04-22 22:00:00
2687,Spring,15.65,55.55,18.9,345.4,159,0.22,11.53,2023-04-22 23:00:00
2688,Spring,16.64,50.44,3.42,623.8,173,0.12,12.13,2023-04-23 00:00:00
2689,Spring,15.1,72.12,18.55,597.81,104,0.1,9.52,2023-04-23 01:00:00
2690,Spring,19.35,66.93,16.59,98.58,91,0.23,15.89,2023-04-23 02:00:00
2691,Spring,14.95,66.69,15.27,171.43,62,0.18,7.62,2023-04-23 03:00:00
2692,Spring,14.25,67.01,13.0,61.3,85,0.29,7.61,2023-04-23 04:00:00
2693,Spring,15.59,34.56,4.03,53.21,120,0.15,8.88,2023-04-23 05:00:00
2694,Spring,18.8,61.19,17.48,913.42,144,0.15,12.65,2023-04-23 06:00:00
2695,Spring,18.92,58.21,1.03,925.5,145,0.15,8.24,2023-04-23 07:00:00
2696,Spring,17.07,48.54,4.2,190.25,16,0.12,6.26,2023-04-23 08:00:00
2697,Spring,11.6,39.72,10.47,277.45,12,0.26,12.55,2023-04-23 09:00:00
2698,Spring,13.23,59.65,14.68,418.13,18,0.11,7.74,2023-04-23 10:00:00
2699,Spring,13.21,44.48,15.96,212.35,7,0.11,8.74,2023-04-23 11:00:00
2700,Spring,16.83,30.63,9.18,493.15,14,0.11,8.03,2023-04-23 12:00:00
2701,Summer,25.01,30.46,9.9,94.01,21,0.07,7.63,2023-04-23 13:00:00
2702,Summer,28.98,58.39,10.75,921.56,9,0.1,9.65,2023-04-23 14:00:00
2703,Summer,26.09,36.67,19.12,667.63,9,0.09,16.41,2023-04-23 15:00:00
2704,Summer,29.4,41.21,0.59,765.89,7,0.1,16.26,2023-04-23 16:00:00
2705,Summer,28.52,35.65,12.41,824.93,30,0.06,10.91,2023-04-23 17:00:00
2706,Summer,20.11,69.38,2.31,688.09,8,0.13,5.71,2023-04-23 18:00:00
2707,Summer,25.76,70.25,1.09,762.11,25,0.08,17.24,2023-04-23 19:00:00
2708,Summer,23.47,58.28,12.24,404.88,29,0.12,14.04,2023-04-23 20:00:00
2709,Summer,24.64,37.54,12.57,160.62,81,0.19,18.2,2023-04-23 21:00:00
2710,Summer,27.12,52.75,7.31,195.83,166,0.2,21.19,2023-04-23 22:00:00
2711,Summer,31.47,30.4,11.7,240.88,179,0.3,13.39,2023-04-23 23:00:00
2712,Summer,33.17,30.4,16.99,471.98,187,0.26,14.17,2023-04-24 00:00:00
2713,Summer,21.47,59.22,12.1,924.56,68,0.18,16.89,2023-04-24 01:00:00
2714,Summer,31.39,48.18,9.34,930.22,153,0.21,21.34,2023-04-24 02:00:00
2715,Summer,20.06,37.5,6.09,939.09,130,0.22,16.09,2023-04-24 03:00:00
2716,Summer,21.83,62.21,10.34,420.57,100,0.3,10.81,2023-04-24 04:00:00
2717,Summer,26.69,61.07,19.01,553.19,82,0.29,15.9,2023-04-24 05:00:00
2718,Summer,34.07,34.28,14.57,534.23,53,0.24,16.92,2023-04-24 06:00:00
2719,Summer,24.8,60.06,19.94,998.47,156,0.17,10.13,2023-04-24 07:00:00
2720,Summer,32.35,55.23,15.9,748.62,6,0.3,10.67,2023-04-24 08:00:00
2721,Summer,26.55,43.32,18.46,745.21,11,0.19,6.97,2023-04-24 09:00:00
2722,Summer,22.95,71.75,8.39,859.72,27,0.07,15.22,2023-04-24 10:00:00
2723,Summer,32.85,58.28,4.83,578.68,13,0.07,15.43,2023-04-24 11:00:00
2724,Summer,33.61,73.85,9.79,856.54,5,0.14,19.46,2023-04-24 12:00:00
2725,Summer,32.98,50.13,12.16,379.51,7,0.09,18.4,2023-04-24 13:00:00
2726,Summer,22.63,30.89,4.03,194.78,30,0.07,17.29,2023-04-24 14:00:00
2727,Summer,26.15,33.62,16.24,702.48,50,0.08,14.79,2023-04-24 15:00:00
2728,Summer,30.37,46.27,19.16,939.25,15,0.07,6.87,2023-04-24 16:00:00
2729,Summer,24.72,52.57,2.25,787.52,37,0.09,14.67,2023-04-24 17:00:00
2730,Summer,32.95,77.41,13.26,300.34,14,0.14,15.35,2023-04-24 18:00:00
2731,Summer,22.44,34.87,19.22,98.44,10,0.1,13.9,2023-04-24 19:00:00
2732,Summer,28.08,70.38,5.54,932.74,18,0.06,15.57,2023-04-24 20:00:00
2733,Summer,32.19,75.68,16.3,871.07,7,0.19,17.06,2023-04-24 21:00:00
2734,Summer,25.7,66.92,14.09,803.69,23,0.1,11.76,2023-04-24 22:00:00
2735,Summer,30.3,31.12,3.1,88.0,35,0.28,15.15,2023-04-24 23:00:00
2736,Summer,23.95,67.24,6.6,680.57,17,0.27,8.84,2023-04-25 00:00:00
2737,Summer,32.76,64.47,19.92,472.45,38,0.16,21.03,2023-04-25 01:00:00
2738,Summer,34.25,41.75,8.6,73.06,29,0.28,18.8,2023-04-25 02:00:00
2739,Summer,27.31,74.27,8.26,357.87,49,0.2,19.03,2023-04-25 03:00:00
2740,Summer,32.37,63.19,5.08,823.09,37,0.21,12.42,2023-04-25 04:00:00
2741,Summer,21.18,48.17,7.17,995.19,34,0.11,11.0,2023-04-25 05:00:00
2742,Summer,30.68,33.85,3.02,911.32,14,0.18,9.11,2023-04-25 06:00:00
2743,Summer,28.34,31.93,6.94,937.13,27,0.13,7.39,2023-04-25 07:00:00
2744,Summer,32.76,74.9,0.26,795.66,36,0.2,11.84,2023-04-25 08:00:00
2745,Summer,28.87,78.85,11.81,593.78,46,0.16,13.89,2023-04-25 09:00:00
2746,Summer,20.23,45.11,12.53,824.82,17,0.14,5.64,2023-04-25 10:00:00
2747,Summer,33.24,38.47,17.59,23.46,34,0.14,18.92,2023-04-25 11:00:00
2748,Summer,29.42,39.15,12.43,746.65,49,0.13,18.91,2023-04-25 12:00:00
2749,Summer,30.58,32.01,4.38,155.74,27,0.14,13.73,2023-04-25 13:00:00
2750,Summer,27.03,70.19,17.96,456.04,23,0.14,16.86,2023-04-25 14:00:00
2751,Summer,29.18,78.27,17.65,483.45,22,0.05,12.75,2023-04-25 15:00:00
2752,Summer,27.43,60.27,10.65,89.54,18,0.07,16.18,2023-04-25 16:00:00
2753,Summer,20.58,72.92,10.1,495.32,20,0.13,11.62,2023-04-25 17:00:00
2754,Summer,27.96,53.98,15.02,486.87,21,0.12,12.43,2023-04-25 18:00:00
2755,Summer,21.61,58.65,17.48,253.36,8,0.06,7.03,2023-04-25 19:00:00
2756,Summer,22.15,39.85,11.15,10.88,34,0.08,19.53,2023-04-25 20:00:00
2757,Summer,31.16,43.18,17.47,995.82,9,0.15,15.59,2023-04-25 21:00:00
2758,Summer,22.64,59.47,9.84,497.58,16,0.24,17.58,2023-04-25 22:00:00
2759,Summer,21.38,70.19,14.33,169.22,26,0.28,14.12,2023-04-25 23:00:00
2760,Summer,34.6,61.04,14.83,131.69,21,0.29,13.92,2023-04-26 00:00:00
2761,Summer,30.37,46.79,16.92,530.46,10,0.27,10.43,2023-04-26 01:00:00
2762,Summer,20.41,33.22,13.61,603.24,41,0.14,12.44,2023-04-26 02:00:00
2763,Summer,28.72,54.91,13.47,568.55,12,0.22,16.75,2023-04-26 03:00:00
2764,Summer,32.39,67.42,4.01,419.25,19,0.21,13.19,2023-04-26 04:00:00
2765,Summer,20.64,65.2,10.52,981.51,28,0.13,16.87,2023-04-26 05:00:00
2766,Summer,33.36,35.23,3.54,878.12,24,0.2,9.61,2023-04-26 06:00:00
2767,Summer,20.07,34.52,1.55,624.02,42,0.18,16.06,2023-04-26 07:00:00
2768,Summer,33.31,67.81,6.06,128.19,12,0.29,15.17,2023-04-26 08:00:00
2769,Summer,26.62,65.97,13.91,854.16,6,0.18,7.13,2023-04-26 09:00:00
2770,Summer,25.4,41.41,0.17,536.72,8,0.05,12.65,2023-04-26 10:00:00
2771,Summer,30.59,38.16,19.78,113.28,13,0.06,19.92,2023-04-26 11:00:00
2772,Summer,30.1,46.42,14.66,638.46,45,0.12,19.17,2023-04-26 12:00:00
2773,Summer,31.53,66.75,3.4,318.11,21,0.08,11.47,2023-04-26 13:00:00
2774,Summer,21.47,57.84,13.62,443.18,7,0.14,13.01,2023-04-26 14:00:00
2775,Summer,23.03,64.37,12.54,831.86,30,0.09,17.82,2023-04-26 15:00:00
2776,Summer,30.06,51.65,14.76,511.28,29,0.1,17.52,2023-04-26 16:00:00
2777,Summer,22.3,41.43,19.8,298.97,7,0.05,16.32,2023-04-26 17:00:00
2778,Summer,28.91,64.93,7.42,874.04,27,0.14,11.89,2023-04-26 18:00:00
2779,Summer,25.33,38.53,11.77,448.51,14,0.12,10.21,2023-04-26 19:00:00
2780,Summer,21.04,67.09,14.57,679.48,8,0.15,8.8,2023-04-26 20:00:00
2781,Summer,26.93,61.54,17.08,342.22,163,0.25,12.77,2023-04-26 21:00:00
2782,Summer,20.69,78.91,12.62,560.23,103,0.12,11.13,2023-04-26 22:00:00
2783,Summer,22.58,79.88,15.79,715.8,191,0.21,16.94,2023-04-26 23:00:00
2784,Summer,28.81,56.74,12.2,7.44,78,0.19,13.21,2023-04-27 00:00:00
2785,Summer,22.89,64.68,16.02,418.53,109,0.12,11.25,2023-04-27 01:00:00
2786,Summer,27.69,44.61,14.41,923.42,129,0.15,17.15,2023-04-27 02:00:00
2787,Summer,32.06,33.91,1.67,26.48,78,0.25,23.24,2023-04-27 03:00:00
2788,Summer,20.91,64.47,13.37,266.9,65,0.15,17.57,2023-04-27 04:00:00
2789,Summer,26.07,67.68,1.69,339.0,174,0.21,21.59,2023-04-27 05:00:00
2790,Summer,32.28,52.74,5.49,839.34,81,0.18,18.96,2023-04-27 06:00:00
2791,Summer,31.74,48.61,12.51,815.75,115,0.15,11.19,2023-04-27 07:00:00
2792,Summer,24.92,38.34,12.66,354.5,30,0.11,16.26,2023-04-27 08:00:00
2793,Summer,26.93,79.42,15.99,384.86,8,0.21,14.67,2023-04-27 09:00:00
2794,Summer,30.76,52.94,10.02,113.39,14,0.11,11.7,2023-04-27 10:00:00
2795,Summer,22.15,61.72,7.98,628.08,17,0.12,9.24,2023-04-27 11:00:00
2796,Summer,29.5,62.62,11.46,413.03,22,0.08,11.67,2023-04-27 12:00:00
2797,Summer,28.79,72.09,12.38,126.02,14,0.12,8.62,2023-04-27 13:00:00
2798,Summer,23.72,79.34,8.14,582.26,13,0.08,12.99,2023-04-27 14:00:00
2799,Summer,27.74,62.7,14.47,796.94,20,0.14,16.9,2023-04-27 15:00:00
2800,Summer,32.33,60.8,7.55,638.93,9,0.12,10.67,2023-04-27 16:00:00
2801,Summer,26.18,36.56,6.56,353.32,24,0.07,18.95,2023-04-27 17:00:00
2802,Summer,23.59,69.28,0.44,350.63,25,0.06,13.29,2023-04-27 18:00:00
2803,Summer,34.04,34.35,18.42,117.34,6,0.12,20.85,2023-04-27 19:00:00
2804,Summer,29.16,56.53,19.46,751.94,5,0.1,8.57,2023-04-27 20:00:00
2805,Summer,33.95,35.43,17.81,19.97,80,0.19,14.53,2023-04-27 21:00:00
2806,Summer,23.93,40.3,12.81,841.79,79,0.12,14.28,2023-04-27 22:00:00
2807,Summer,33.12,58.65,7.67,475.87,70,0.19,12.98,2023-04-27 23:00:00
2808,Summer,22.35,57.97,9.75,714.96,90,0.12,12.8,2023-04-28 00:00:00
2809,Summer,27.06,57.92,4.06,358.1,107,0.3,17.43,2023-04-28 01:00:00
2810,Summer,29.25,39.11,10.6,804.84,157,0.29,18.28,2023-04-28 02:00:00
2811,Summer,24.28,30.69,4.61,844.91,167,0.15,10.55,2023-04-28 03:00:00
2812,Summer,23.82,32.09,5.82,979.7,50,0.2,16.01,2023-04-28 04:00:00
2813,Summer,31.43,43.41,14.99,827.89,54,0.14,20.97,2023-04-28 05:00:00
2814,Summer,24.42,79.0,14.66,924.4,68,0.29,8.27,2023-04-28 06:00:00
2815,Summer,33.92,75.23,14.64,787.69,63,0.21,13.47,2023-04-28 07:00:00
2816,Summer,27.97,57.36,7.67,272.87,25,0.2,16.05,2023-04-28 08:00:00
2817,Summer,32.67,63.86,1.45,541.86,12,0.16,8.9,2023-04-28 09:00:00
2818,Summer,21.74,57.8,8.48,956.92,13,0.06,13.98,2023-04-28 10:00:00
2819,Summer,22.36,73.41,13.29,434.43,22,0.08,8.54,2023-04-28 11:00:00
2820,Summer,32.01,69.93,15.48,231.54,7,0.09,9.97,2023-04-28 12:00:00
2821,Summer,32.61,32.43,12.8,917.34,8,0.08,16.3,2023-04-28 13:00:00
2822,Summer,33.87,65.53,7.77,464.11,14,0.11,11.7,2023-04-28 14:00:00
2823,Summer,33.45,68.9,19.65,388.21,15,0.1,20.3,2023-04-28 15:00:00
2824,Summer,28.98,40.54,4.42,696.49,5,0.1,11.51,2023-04-28 16:00:00
2825,Summer,30.36,45.21,2.34,93.9,22,0.1,16.38,2023-04-28 17:00:00
2826,Summer,21.9,59.64,10.22,240.88,21,0.08,7.3,2023-04-28 18:00:00
2827,Summer,34.17,32.95,5.44,365.6,25,0.07,13.11,2023-04-28 19:00:00
2828,Summer,20.46,38.28,12.06,342.97,27,0.05,18.03,2023-04-28 20:00:00
2829,Summer,30.04,64.05,17.63,936.06,65,0.18,10.51,2023-04-28 21:00:00
2830,Summer,34.04,31.78,5.38,85.1,187,0.29,24.09,2023-04-28 22:00:00
2831,Summer,29.38,75.61,17.94,978.68,129,0.12,20.6,2023-04-28 23:00:00
2832,Summer,27.18,40.72,6.19,621.83,92,0.15,17.04,2023-04-29 00:00:00
2833,Summer,32.11,32.16,14.64,998.48,115,0.13,9.68,2023-04-29 01:00:00
2834,Summer,33.64,49.97,7.19,25.38,171,0.23,21.44,2023-04-29 02:00:00
2835,Summer,22.97,41.64,17.86,374.52,168,0.11,13.97,2023-04-29 03:00:00
2836,Summer,22.91,74.2,16.09,441.94,135,0.27,18.68,2023-04-29 04:00:00
2837,Summer,25.53,78.59,17.53,463.89,87,0.23,16.56,2023-04-29 05:00:00
2838,Summer,22.83,76.84,6.26,88.61,151,0.12,22.37,2023-04-29 06:00:00
2839,Summer,28.18,49.61,6.48,957.87,87,0.24,14.95,2023-04-29 07:00:00
2840,Summer,34.5,72.33,17.98,498.56,17,0.11,16.49,2023-04-29 08:00:00
2841,Summer,34.0,71.48,2.37,988.38,20,0.2,9.88,2023-04-29 09:00:00
2842,Summer,22.12,75.53,4.08,28.35,19,0.12,8.25,2023-04-29 10:00:00
2843,Summer,22.71,70.08,8.25,278.8,11,0.15,12.94,2023-04-29 11:00:00
2844,Summer,27.1,70.51,16.63,989.52,30,0.11,16.7,2023-04-29 12:00:00
2845,Summer,31.5,62.58,7.45,264.07,21,0.14,9.84,2023-04-29 13:00:00
2846,Summer,34.03,47.95,15.74,683.65,23,0.1,17.78,2023-04-29 14:00:00
2847,Summer,29.65,61.89,10.66,721.97,15,0.13,7.01,2023-04-29 15:00:00
2848,Summer,27.52,45.51,17.05,697.95,10,0.14,11.39,2023-04-29 16:00:00
2849,Summer,25.95,65.81,15.32,891.94,22,0.1,16.19,2023-04-29 17:00:00
2850,Summer,20.16,40.6,6.97,237.26,15,0.09,13.25,2023-04-29 18:00:00
2851,Summer,29.05,57.5,18.36,239.22,23,0.14,16.61,2023-04-29 19:00:00
2852,Summer,31.93,75.47,13.73,256.05,18,0.12,20.27,2023-04-29 20:00:00
2853,Summer,31.33,52.98,7.59,453.08,87,0.2,11.41,2023-04-29 21:00:00
2854,Summer,34.33,58.25,6.44,55.77,155,0.29,25.08,2023-04-29 22:00:00
2855,Summer,30.24,42.4,16.2,704.33,157,0.12,21.15,2023-04-29 23:00:00
2856,Summer,22.1,66.99,14.63,240.29,64,0.18,12.31,2023-04-30 00:00:00
2857,Summer,21.99,40.53,9.98,459.87,200,0.21,20.64,2023-04-30 01:00:00
2858,Summer,27.59,63.0,4.12,168.61,103,0.22,15.83,2023-04-30 02:00:00
2859,Summer,32.75,71.02,14.7,726.37,120,0.12,14.05,2023-04-30 03:00:00
2860,Summer,27.21,43.54,2.4,842.66,122,0.29,17.92,2023-04-30 04:00:00
2861,Summer,23.57,45.97,12.87,150.95,172,0.26,15.81,2023-04-30 05:00:00
2862,Summer,30.87,78.54,7.8,94.57,99,0.14,11.21,2023-04-30 06:00:00
2863,Summer,32.5,43.67,7.92,1.59,188,0.18,25.83,2023-04-30 07:00:00
2864,Summer,32.76,32.01,5.4,157.44,7,0.17,13.46,2023-04-30 08:00:00
2865,Summer,23.52,77.61,9.64,691.29,14,0.15,16.66,2023-04-30 09:00:00
2866,Summer,28.37,34.08,17.13,842.61,7,0.07,12.37,2023-04-30 10:00:00
2867,Summer,20.85,60.11,9.14,651.7,29,0.1,5.79,2023-04-30 11:00:00
2868,Summer,21.29,70.11,15.46,436.68,29,0.1,16.27,2023-04-30 12:00:00
2869,Summer,26.11,36.55,9.48,570.17,17,0.06,8.56,2023-04-30 13:00:00
2870,Summer,29.09,71.55,5.12,745.77,26,0.07,14.89,2023-04-30 14:00:00
2871,Summer,34.87,70.83,12.22,259.86,9,0.13,13.66,2023-04-30 15:00:00
2872,Summer,29.97,63.75,11.58,945.78,28,0.08,19.27,2023-04-30 16:00:00
2873,Summer,33.36,70.44,3.38,441.58,22,0.14,21.8,2023-04-30 17:00:00
2874,Summer,20.7,73.26,18.57,228.49,23,0.1,16.32,2023-04-30 18:00:00
2875,Summer,27.39,42.06,10.12,112.18,25,0.14,14.36,2023-04-30 19:00:00
2876,Summer,29.37,38.42,0.99,22.08,30,0.09,21.09,2023-04-30 20:00:00
2877,Summer,33.55,53.09,1.48,747.08,63,0.12,10.21,2023-04-30 21:00:00
2878,Summer,30.97,49.62,13.93,379.94,166,0.2,23.81,2023-04-30 22:00:00
2879,Summer,24.41,66.27,3.5,886.69,83,0.15,12.4,2023-04-30 23:00:00
2880,Summer,29.13,71.3,6.53,48.2,197,0.18,18.24,2023-05-01 00:00:00
2881,Summer,31.25,59.55,5.45,141.54,169,0.14,20.37,2023-05-01 01:00:00
2882,Summer,21.44,73.43,3.34,238.42,158,0.13,15.42,2023-05-01 02:00:00
2883,Summer,27.28,49.37,5.47,334.46,181,0.29,16.97,2023-05-01 03:00:00
2884,Summer,29.57,35.04,14.69,305.78,144,0.17,21.79,2023-05-01 04:00:00
2885,Summer,30.97,67.9,13.43,884.86,177,0.17,14.91,2023-05-01 05:00:00
2886,Summer,31.79,70.35,8.8,719.38,91,0.19,16.09,2023-05-01 06:00:00
2887,Summer,21.36,38.59,14.75,891.52,114,0.11,7.64,2023-05-01 07:00:00
2888,Summer,20.24,67.7,12.31,434.93,22,0.17,14.94,2023-05-01 08:00:00
2889,Summer,34.84,60.5,8.03,13.23,26,0.19,11.43,2023-05-01 09:00:00
2890,Summer,21.16,58.25,17.58,18.76,16,0.09,11.01,2023-05-01 10:00:00
2891,Summer,26.27,37.89,11.82,853.29,25,0.11,10.98,2023-05-01 11:00:00
2892,Summer,27.58,42.7,14.64,692.56,8,0.09,10.24,2023-05-01 12:00:00
2893,Summer,23.24,33.86,5.93,655.22,24,0.1,17.72,2023-05-01 13:00:00
2894,Summer,34.8,55.54,19.35,849.56,18,0.11,11.64,2023-05-01 14:00:00
2895,Summer,23.8,34.86,6.53,760.89,42,0.14,16.33,2023-05-01 15:00:00
2896,Summer,27.1,46.76,8.1,928.41,18,0.15,15.33,2023-05-01 16:00:00
2897,Summer,28.73,67.37,19.5,530.08,8,0.06,12.44,2023-05-01 17:00:00
2898,Summer,25.57,77.78,17.89,363.11,41,0.11,17.58,2023-05-01 18:00:00
2899,Summer,20.93,54.94,4.37,855.09,34,0.09,12.19,2023-05-01 19:00:00
2900,Summer,25.29,66.38,0.8,439.97,17,0.06,18.75,2023-05-01 20:00:00
2901,Summer,20.82,34.09,16.73,181.7,9,0.17,15.07,2023-05-01 21:00:00
2902,Summer,31.93,66.28,1.0,82.04,35,0.12,15.53,2023-05-01 22:00:00
2903,Summer,22.64,72.81,18.76,885.64,8,0.21,11.53,2023-05-01 23:00:00
2904,Summer,33.21,58.52,12.95,402.84,43,0.24,20.22,2023-05-02 00:00:00
2905,Summer,26.78,72.18,1.42,722.94,44,0.27,6.78,2023-05-02 01:00:00
2906,Summer,29.13,56.29,6.13,467.11,32,0.28,8.25,2023-05-02 02:00:00
2907,Summer,32.18,56.57,14.5,927.26,25,0.2,12.81,2023-05-02 03:00:00
2908,Summer,33.46,67.52,6.39,508.55,20,0.11,12.48,2023-05-02 04:00:00
2909,Summer,21.3,40.64,11.63,255.13,45,0.12,18.46,2023-05-02 05:00:00
2910,Summer,24.58,70.58,16.18,937.66,29,0.18,17.37,2023-05-02 06:00:00
2911,Summer,23.2,55.02,6.0,217.77,26,0.2,9.64,2023-05-02 07:00:00
2912,Summer,33.65,56.84,11.91,554.6,41,0.28,12.25,2023-05-02 08:00:00
2913,Summer,31.36,48.3,18.44,193.69,48,0.19,15.24,2023-05-02 09:00:00
2914,Summer,28.35,57.13,17.85,535.65,6,0.1,10.09,2023-05-02 10:00:00
2915,Summer,23.48,39.89,7.86,990.37,10,0.06,10.83,2023-05-02 11:00:00
2916,Summer,30.09,55.29,5.85,677.49,28,0.11,12.54,2023-05-02 12:00:00
2917,Summer,30.53,35.17,15.23,585.73,47,0.12,11.93,2023-05-02 13:00:00
2918,Summer,29.65,63.35,16.33,91.54,8,0.09,12.02,2023-05-02 14:00:00
2919,Summer,24.73,53.75,9.2,835.0,41,0.15,15.46,2023-05-02 15:00:00
2920,Summer,32.21,76.09,4.39,813.07,29,0.06,11.78,2023-05-02 16:00:00
2921,Summer,22.3,65.62,18.04,546.69,8,0.05,11.53,2023-05-02 17:00:00
2922,Summer,28.4,64.43,4.62,563.52,46,0.13,19.42,2023-05-02 18:00:00
2923,Summer,32.81,47.76,10.01,599.68,29,0.11,16.68,2023-05-02 19:00:00
2924,Summer,22.83,61.69,2.81,861.67,46,0.09,8.08,2023-05-02 20:00:00
2925,Summer,29.93,58.22,17.48,120.75,39,0.26,16.71,2023-05-02 21:00:00
2926,Summer,31.41,55.39,4.96,227.6,23,0.19,19.01,2023-05-02 22:00:00
2927,Summer,25.65,60.34,17.99,167.25,29,0.29,18.52,2023-05-02 23:00:00
2928,Summer,23.28,34.74,7.13,931.31,20,0.13,4.72,2023-05-03 00:00:00
2929,Summer,28.25,55.72,2.02,299.18,43,0.29,16.84,2023-05-03 01:00:00
2930,Summer,32.81,45.95,1.28,684.17,20,0.2,12.18,2023-05-03 02:00:00
2931,Summer,26.16,50.08,3.61,825.7,31,0.17,14.94,2023-05-03 03:00:00
2932,Summer,29.05,36.72,5.14,299.66,13,0.3,20.16,2023-05-03 04:00:00
2933,Summer,33.53,66.72,4.6,852.58,15,0.28,18.67,2023-05-03 05:00:00
2934,Summer,26.13,69.24,2.91,312.51,43,0.14,19.91,2023-05-03 06:00:00
2935,Summer,30.35,36.69,14.43,970.1,36,0.14,16.84,2023-05-03 07:00:00
2936,Summer,33.9,51.84,3.38,295.3,12,0.25,12.12,2023-05-03 08:00:00
2937,Summer,33.64,43.53,8.65,552.76,12,0.16,20.38,2023-05-03 09:00:00
2938,Summer,32.8,64.77,12.24,8.54,18,0.12,14.76,2023-05-03 10:00:00
2939,Summer,24.68,63.09,8.77,310.19,46,0.1,19.57,2023-05-03 11:00:00
2940,Summer,27.06,50.87,18.62,700.16,44,0.11,15.61,2023-05-03 12:00:00
2941,Summer,21.91,63.74,2.25,35.42,29,0.06,18.12,2023-05-03 13:00:00
2942,Summer,31.68,52.6,0.71,635.74,10,0.07,11.42,2023-05-03 14:00:00
2943,Summer,32.08,71.13,2.21,563.91,28,0.13,13.12,2023-05-03 15:00:00
2944,Summer,21.04,38.88,4.38,306.81,12,0.09,6.27,2023-05-03 16:00:00
2945,Summer,34.05,68.71,18.01,739.77,6,0.06,8.72,2023-05-03 17:00:00
2946,Summer,28.75,59.88,5.2,355.26,15,0.11,9.85,2023-05-03 18:00:00
2947,Summer,21.1,42.49,7.95,352.55,30,0.08,16.19,2023-05-03 19:00:00
2948,Summer,22.82,69.71,13.19,730.76,30,0.06,16.93,2023-05-03 20:00:00
2949,Summer,24.75,34.49,18.08,101.93,128,0.26,17.6,2023-05-03 21:00:00
2950,Summer,26.6,46.45,1.33,668.15,56,0.11,7.16,2023-05-03 22:00:00
2951,Summer,32.65,46.51,3.4,865.12,53,0.15,21.28,2023-05-03 23:00:00
2952,Summer,20.13,30.74,6.89,288.7,134,0.29,20.36,2023-05-04 00:00:00
2953,Summer,26.63,37.61,2.33,415.93,164,0.19,18.95,2023-05-04 01:00:00
2954,Summer,32.69,77.96,14.61,639.0,191,0.14,18.89,2023-05-04 02:00:00
2955,Summer,34.94,51.73,6.33,731.98,120,0.23,11.71,2023-05-04 03:00:00
2956,Summer,20.72,67.9,19.34,919.41,155,0.16,14.6,2023-05-04 04:00:00
2957,Summer,21.04,36.06,10.12,748.59,62,0.13,13.59,2023-05-04 05:00:00
2958,Summer,20.45,73.1,10.48,979.93,57,0.28,8.35,2023-05-04 06:00:00
2959,Summer,22.31,72.54,2.83,334.43,95,0.24,12.84,2023-05-04 07:00:00
2960,Summer,20.44,65.74,11.4,199.5,27,0.17,10.09,2023-05-04 08:00:00
2961,Summer,25.65,30.38,4.4,93.56,9,0.13,6.96,2023-05-04 09:00:00
2962,Summer,32.94,71.92,17.97,424.36,29,0.09,18.79,2023-05-04 10:00:00
2963,Summer,27.99,62.05,1.09,169.53,10,0.05,16.7,2023-05-04 11:00:00
2964,Summer,22.65,39.13,0.43,553.16,12,0.07,6.55,2023-05-04 12:00:00
2965,Summer,28.18,75.59,16.64,198.32,7,0.14,16.67,2023-05-04 13:00:00
2966,Summer,23.11,76.46,3.26,560.53,7,0.1,6.83,2023-05-04 14:00:00
2967,Summer,28.35,60.58,14.14,657.73,17,0.12,17.21,2023-05-04 15:00:00
2968,Summer,26.11,42.4,17.69,284.2,5,0.06,12.4,2023-05-04 16:00:00
2969,Summer,34.7,75.25,0.45,688.34,20,0.13,13.43,2023-05-04 17:00:00
2970,Summer,27.7,73.48,0.63,671.05,18,0.11,17.68,2023-05-04 18:00:00
2971,Summer,26.44,58.07,0.09,612.78,20,0.14,14.8,2023-05-04 19:00:00
2972,Summer,20.28,54.23,14.15,933.75,29,0.14,7.94,2023-05-04 20:00:00
2973,Summer,31.33,37.52,8.92,521.8,162,0.12,15.42,2023-05-04 21:00:00
2974,Summer,28.59,33.89,13.03,880.79,83,0.19,12.28,2023-05-04 22:00:00
2975,Summer,21.13,79.71,10.33,398.5,143,0.21,21.41,2023-05-04 23:00:00
2976,Summer,29.79,35.82,6.34,600.46,85,0.16,20.2,2023-05-05 00:00:00
2977,Summer,27.79,77.32,17.67,649.27,114,0.14,10.96,2023-05-05 01:00:00
2978,Summer,33.4,40.37,6.79,786.21,181,0.19,21.55,2023-05-05 02:00:00
2979,Summer,20.81,75.93,1.08,978.19,200,0.11,19.61,2023-05-05 03:00:00
2980,Summer,23.07,76.22,12.3,161.37,126,0.15,15.29,2023-05-05 04:00:00
2981,Summer,27.6,59.55,5.39,572.07,152,0.14,18.21,2023-05-05 05:00:00
2982,Summer,28.44,46.53,4.64,418.53,74,0.27,13.36,2023-05-05 06:00:00
2983,Summer,34.68,59.47,19.11,882.33,143,0.14,14.61,2023-05-05 07:00:00
2984,Summer,31.06,65.18,1.91,430.25,21,0.27,19.59,2023-05-05 08:00:00
2985,Summer,26.35,69.59,1.17,908.74,15,0.11,7.97,2023-05-05 09:00:00
2986,Summer,27.46,54.04,12.34,952.18,9,0.12,11.72,2023-05-05 10:00:00
2987,Summer,32.32,33.26,14.52,561.45,23,0.13,11.82,2023-05-05 11:00:00
2988,Summer,26.93,72.13,4.37,633.74,11,0.09,16.69,2023-05-05 12:00:00
2989,Summer,30.63,31.78,14.62,131.41,8,0.06,21.33,2023-05-05 13:00:00
2990,Summer,20.23,72.9,2.32,137.05,21,0.05,19.57,2023-05-05 14:00:00
2991,Summer,28.5,42.1,9.8,223.21,6,0.1,14.85,2023-05-05 15:00:00
2992,Summer,27.79,35.81,3.85,565.04,8,0.06,16.24,2023-05-05 16:00:00
2993,Summer,33.84,33.19,5.23,469.94,12,0.09,15.87,2023-05-05 17:00:00
2994,Summer,33.72,76.57,3.71,389.5,9,0.06,15.86,2023-05-05 18:00:00
2995,Summer,33.65,38.55,18.19,987.86,14,0.09,10.86,2023-05-05 19:00:00
2996,Summer,25.69,58.04,7.32,448.2,18,0.05,11.45,2023-05-05 20:00:00
2997,Summer,31.15,77.38,19.34,943.57,62,0.27,18.26,2023-05-05 21:00:00
2998,Summer,23.4,75.95,9.63,237.08,95,0.22,19.21,2023-05-05 22:00:00
2999,Summer,34.17,74.24,0.7,220.77,127,0.17,22.05,2023-05-05 23:00:00
3000,Summer,23.22,62.91,9.5,297.68,141,0.29,17.9,2023-05-06 00:00:00
3001,Summer,29.69,42.56,18.8,860.12,167,0.11,19.2,2023-05-06 01:00:00
3002,Summer,31.99,44.43,11.7,61.46,69,0.11,20.12,2023-05-06 02:00:00
3003,Summer,24.2,53.69,2.97,334.19,59,0.28,19.32,2023-05-06 03:00:00
3004,Summer,25.18,75.85,1.33,431.49,73,0.28,18.7,2023-05-06 04:00:00
3005,Summer,31.86,36.69,5.09,915.43,172,0.23,23.3,2023-05-06 05:00:00
3006,Summer,25.11,51.47,16.99,418.51,152,0.25,21.3,2023-05-06 06:00:00
3007,Summer,31.32,62.94,10.22,393.52,151,0.26,12.47,2023-05-06 07:00:00
3008,Summer,22.56,55.53,8.33,513.76,30,0.12,17.97,2023-05-06 08:00:00
3009,Summer,31.74,54.26,1.43,492.87,23,0.15,12.59,2023-05-06 09:00:00
3010,Summer,27.74,58.99,1.21,800.4,11,0.14,8.55,2023-05-06 10:00:00
3011,Summer,28.82,40.64,2.65,180.76,10,0.07,19.33,2023-05-06 11:00:00
3012,Summer,32.03,36.8,6.29,465.16,7,0.1,14.23,2023-05-06 12:00:00
3013,Summer,30.17,37.78,12.99,986.05,23,0.09,18.71,2023-05-06 13:00:00
3014,Summer,22.6,34.81,0.45,328.88,5,0.05,13.09,2023-05-06 14:00:00
3015,Summer,20.91,48.63,18.19,29.73,18,0.09,13.22,2023-05-06 15:00:00
3016,Summer,32.92,78.25,10.12,217.43,21,0.11,10.6,2023-05-06 16:00:00
3017,Summer,20.57,39.45,10.56,380.15,29,0.09,6.36,2023-05-06 17:00:00
3018,Summer,23.39,34.92,17.52,593.73,15,0.13,12.49,2023-05-06 18:00:00
3019,Summer,31.03,38.86,0.08,629.66,10,0.13,10.66,2023-05-06 19:00:00
3020,Summer,27.67,78.55,10.72,205.05,25,0.12,14.2,2023-05-06 20:00:00
3021,Summer,31.14,30.38,5.92,495.71,115,0.21,15.7,2023-05-06 21:00:00
3022,Summer,34.04,40.24,2.46,56.14,116,0.26,22.62,2023-05-06 22:00:00
3023,Summer,30.14,63.28,11.15,611.18,149,0.12,21.73,2023-05-06 23:00:00
3024,Summer,28.79,42.71,0.75,856.89,187,0.21,19.05,2023-05-07 00:00:00
3025,Summer,29.58,75.43,12.65,389.81,123,0.27,16.14,2023-05-07 01:00:00
3026,Summer,30.94,71.7,10.77,635.89,141,0.21,19.4,2023-05-07 02:00:00
3027,Summer,22.58,40.01,2.46,51.7,131,0.13,14.58,2023-05-07 03:00:00
3028,Summer,26.92,44.21,17.58,265.8,99,0.13,17.3,2023-05-07 04:00:00
3029,Summer,22.19,69.01,18.7,941.49,82,0.19,13.1,2023-05-07 05:00:00
3030,Summer,33.3,39.51,16.3,386.12,80,0.24,13.86,2023-05-07 06:00:00
3031,Summer,30.7,54.08,14.75,674.51,82,0.26,15.03,2023-05-07 07:00:00
3032,Summer,21.24,67.2,16.32,473.37,12,0.25,14.25,2023-05-07 08:00:00
3033,Summer,32.05,55.45,8.37,84.19,18,0.13,17.24,2023-05-07 09:00:00
3034,Summer,30.15,71.35,16.07,852.4,22,0.1,14.83,2023-05-07 10:00:00
3035,Summer,21.07,41.23,19.81,369.19,27,0.06,8.15,2023-05-07 11:00:00
3036,Summer,26.51,32.19,9.25,793.69,22,0.12,10.46,2023-05-07 12:00:00
3037,Summer,31.56,44.91,16.26,641.5,13,0.08,12.04,2023-05-07 13:00:00
3038,Summer,24.51,37.8,5.0,961.27,14,0.09,7.68,2023-05-07 14:00:00
3039,Summer,26.94,67.81,12.31,426.96,21,0.06,7.37,2023-05-07 15:00:00
3040,Summer,20.99,73.37,0.02,620.98,14,0.12,16.98,2023-05-07 16:00:00
3041,Summer,24.3,69.39,8.13,970.41,26,0.13,15.96,2023-05-07 17:00:00
3042,Summer,31.89,36.8,15.7,740.92,5,0.1,16.51,2023-05-07 18:00:00
3043,Summer,27.69,41.8,14.98,168.69,25,0.06,16.63,2023-05-07 19:00:00
3044,Summer,28.18,49.82,4.32,704.5,22,0.1,9.16,2023-05-07 20:00:00
3045,Summer,26.02,39.95,2.05,754.27,81,0.19,18.24,2023-05-07 21:00:00
3046,Summer,26.27,66.68,0.47,934.29,69,0.15,7.54,2023-05-07 22:00:00
3047,Summer,22.3,32.96,12.56,49.16,80,0.16,9.42,2023-05-07 23:00:00
3048,Summer,29.5,51.53,18.78,347.51,113,0.25,19.09,2023-05-08 00:00:00
3049,Summer,24.1,79.23,12.34,879.86,125,0.15,19.4,2023-05-08 01:00:00
3050,Summer,27.56,54.93,4.36,66.69,61,0.25,19.32,2023-05-08 02:00:00
3051,Summer,23.7,37.77,19.61,683.41,82,0.27,18.45,2023-05-08 03:00:00
3052,Summer,21.28,75.44,4.34,232.07,70,0.23,19.39,2023-05-08 04:00:00
3053,Summer,20.47,43.38,1.25,659.92,121,0.28,14.65,2023-05-08 05:00:00
3054,Summer,25.21,59.63,8.49,311.82,199,0.14,17.46,2023-05-08 06:00:00
3055,Summer,21.76,36.99,12.98,127.0,140,0.22,18.92,2023-05-08 07:00:00
3056,Summer,25.6,36.17,10.32,536.27,23,0.24,11.66,2023-05-08 08:00:00
3057,Summer,24.33,41.92,19.02,721.55,10,0.12,15.94,2023-05-08 09:00:00
3058,Summer,34.67,73.05,4.66,306.34,6,0.12,10.97,2023-05-08 10:00:00
3059,Summer,33.32,54.72,7.49,435.14,7,0.12,14.46,2023-05-08 11:00:00
3060,Summer,32.22,56.85,10.09,476.99,26,0.08,20.97,2023-05-08 12:00:00
3061,Summer,25.62,30.95,10.25,1.35,25,0.14,15.19,2023-05-08 13:00:00
3062,Summer,20.24,66.74,18.76,518.72,23,0.09,11.38,2023-05-08 14:00:00
3063,Summer,22.19,54.08,9.87,78.1,42,0.14,11.32,2023-05-08 15:00:00
3064,Summer,28.18,41.48,5.11,238.53,13,0.08,15.08,2023-05-08 16:00:00
3065,Summer,21.21,76.67,17.18,153.55,25,0.1,19.32,2023-05-08 17:00:00
3066,Summer,34.19,47.38,5.27,175.48,36,0.14,20.09,2023-05-08 18:00:00
3067,Summer,27.2,61.27,12.13,596.23,34,0.11,19.36,2023-05-08 19:00:00
3068,Summer,22.47,62.47,6.29,594.24,12,0.15,9.81,2023-05-08 20:00:00
3069,Summer,22.69,35.66,11.89,150.24,50,0.18,18.4,2023-05-08 21:00:00
3070,Summer,26.67,40.74,0.14,289.02,19,0.18,8.0,2023-05-08 22:00:00
3071,Summer,34.71,58.63,12.47,289.93,9,0.14,10.78,2023-05-08 23:00:00
3072,Summer,21.05,56.96,2.9,351.98,29,0.27,8.32,2023-05-09 00:00:00
3073,Summer,30.05,30.74,8.92,727.5,27,0.16,17.49,2023-05-09 01:00:00
3074,Summer,31.16,45.22,8.32,140.7,29,0.21,10.77,2023-05-09 02:00:00
3075,Summer,34.17,40.75,9.21,176.38,28,0.28,14.39,2023-05-09 03:00:00
3076,Summer,33.84,71.64,10.76,263.27,14,0.21,14.66,2023-05-09 04:00:00
3077,Summer,28.33,35.43,17.91,568.38,7,0.24,13.55,2023-05-09 05:00:00
3078,Summer,29.49,77.78,10.75,951.87,14,0.27,19.0,2023-05-09 06:00:00
3079,Summer,21.95,52.63,13.21,490.9,6,0.22,12.66,2023-05-09 07:00:00
3080,Summer,26.21,50.41,16.75,599.54,40,0.18,17.23,2023-05-09 08:00:00
3081,Summer,30.0,42.75,3.22,286.54,24,0.24,11.78,2023-05-09 09:00:00
3082,Summer,23.92,70.73,9.85,996.2,8,0.11,9.95,2023-05-09 10:00:00
3083,Summer,25.81,33.09,3.3,545.2,17,0.07,12.43,2023-05-09 11:00:00
3084,Summer,28.65,53.22,3.57,621.61,18,0.14,13.57,2023-05-09 12:00:00
3085,Summer,22.67,65.29,13.79,571.67,38,0.06,9.26,2023-05-09 13:00:00
3086,Summer,22.86,71.59,15.69,347.36,31,0.13,11.38,2023-05-09 14:00:00
3087,Summer,26.39,41.01,14.01,308.87,30,0.07,12.93,2023-05-09 15:00:00
3088,Summer,22.23,78.82,19.93,680.6,19,0.08,11.09,2023-05-09 16:00:00
3089,Summer,22.38,39.4,10.25,838.82,32,0.05,12.68,2023-05-09 17:00:00
3090,Summer,33.85,39.84,12.07,112.85,7,0.07,16.47,2023-05-09 18:00:00
3091,Summer,21.14,46.46,17.96,865.34,31,0.14,5.52,2023-05-09 19:00:00
3092,Summer,33.63,51.39,6.56,651.42,39,0.13,19.92,2023-05-09 20:00:00
3093,Summer,29.4,32.87,14.58,13.86,27,0.16,21.62,2023-05-09 21:00:00
3094,Summer,29.31,60.17,11.55,587.72,40,0.24,19.39,2023-05-09 22:00:00
3095,Summer,25.04,30.23,13.1,223.65,23,0.21,15.86,2023-05-09 23:00:00
3096,Summer,22.75,48.99,17.35,564.45,37,0.21,7.73,2023-05-10 00:00:00
3097,Summer,32.79,47.45,7.57,861.67,28,0.1,20.24,2023-05-10 01:00:00
3098,Summer,31.34,48.08,4.19,227.24,29,0.24,14.49,2023-05-10 02:00:00
3099,Summer,30.25,67.45,8.75,818.84,31,0.25,14.56,2023-05-10 03:00:00
3100,Summer,22.74,72.48,7.34,352.37,12,0.13,9.44,2023-05-10 04:00:00
3101,Summer,24.35,62.42,7.65,733.01,11,0.1,11.78,2023-05-10 05:00:00
3102,Summer,25.67,35.05,5.58,528.24,30,0.18,10.95,2023-05-10 06:00:00
3103,Summer,25.69,79.85,11.17,250.69,17,0.13,19.15,2023-05-10 07:00:00
3104,Summer,33.4,73.23,19.24,813.79,24,0.21,13.33,2023-05-10 08:00:00
3105,Summer,30.87,36.59,1.63,642.64,36,0.13,12.89,2023-05-10 09:00:00
3106,Summer,29.67,53.8,16.44,699.39,12,0.15,16.83,2023-05-10 10:00:00
3107,Summer,32.37,51.02,7.89,606.35,7,0.1,14.37,2023-05-10 11:00:00
3108,Summer,24.17,35.17,8.96,157.59,47,0.1,15.57,2023-05-10 12:00:00
3109,Summer,30.99,48.46,4.6,349.86,18,0.1,21.16,2023-05-10 13:00:00
3110,Summer,23.76,44.04,0.35,701.64,30,0.14,15.7,2023-05-10 14:00:00
3111,Summer,22.91,50.01,2.5,183.68,9,0.06,13.92,2023-05-10 15:00:00
3112,Summer,23.21,38.53,13.9,994.15,29,0.05,13.1,2023-05-10 16:00:00
3113,Summer,31.42,62.9,14.47,554.87,28,0.11,13.78,2023-05-10 17:00:00
3114,Summer,22.63,77.73,6.64,492.43,18,0.05,5.9,2023-05-10 18:00:00
3115,Summer,20.84,78.9,17.79,853.6,20,0.05,17.55,2023-05-10 19:00:00
3116,Summer,26.7,39.38,18.05,201.56,7,0.12,18.56,2023-05-10 20:00:00
3117,Summer,34.01,63.15,18.22,67.21,64,0.18,12.29,2023-05-10 21:00:00
3118,Summer,22.0,77.75,16.09,118.13,145,0.27,17.4,2023-05-10 22:00:00
3119,Summer,29.81,56.88,11.96,419.96,105,0.16,20.41,2023-05-10 23:00:00
3120,Summer,22.89,40.89,17.63,587.93,77,0.18,18.34,2023-05-11 00:00:00
3121,Summer,21.5,69.38,13.68,887.18,91,0.15,9.38,2023-05-11 01:00:00
3122,Summer,29.34,65.02,18.4,322.34,182,0.3,14.77,2023-05-11 02:00:00
3123,Summer,20.14,55.88,6.29,191.77,125,0.27,12.8,2023-05-11 03:00:00
3124,Summer,27.92,44.5,5.1,339.91,136,0.28,20.21,2023-05-11 04:00:00
3125,Summer,24.21,35.8,6.02,757.11,97,0.12,15.65,2023-05-11 05:00:00
3126,Summer,33.58,45.28,18.54,915.15,117,0.13,19.75,2023-05-11 06:00:00
3127,Summer,28.45,40.64,13.41,664.98,179,0.14,22.57,2023-05-11 07:00:00
3128,Summer,28.89,70.78,4.53,744.68,23,0.3,8.78,2023-05-11 08:00:00
3129,Summer,25.53,62.66,13.48,145.08,19,0.14,12.4,2023-05-11 09:00:00
3130,Summer,33.99,59.08,4.61,634.54,8,0.14,10.8,2023-05-11 10:00:00
3131,Summer,23.21,61.57,7.24,726.76,22,0.15,7.71,2023-05-11 11:00:00
3132,Summer,25.01,31.55,18.82,815.51,10,0.08,7.61,2023-05-11 12:00:00
3133,Summer,31.65,30.89,12.52,348.74,16,0.06,20.79,2023-05-11 13:00:00
3134,Summer,21.88,63.29,12.82,663.59,28,0.1,14.51,2023-05-11 14:00:00
3135,Summer,24.73,74.67,17.47,265.78,28,0.09,10.01,2023-05-11 15:00:00
3136,Summer,32.98,55.03,1.49,147.52,24,0.13,10.54,2023-05-11 16:00:00
3137,Summer,32.04,58.42,16.13,136.72,16,0.11,14.19,2023-05-11 17:00:00
3138,Summer,27.97,54.65,0.01,618.9,17,0.1,7.23,2023-05-11 18:00:00
3139,Summer,21.55,65.24,19.08,249.81,26,0.14,10.48,2023-05-11 19:00:00
3140,Summer,23.06,40.61,4.42,821.91,16,0.13,11.26,2023-05-11 20:00:00
3141,Summer,34.58,64.39,9.9,367.83,174,0.14,21.55,2023-05-11 21:00:00
3142,Summer,25.34,38.66,9.18,115.38,95,0.18,16.92,2023-05-11 22:00:00
3143,Summer,25.17,63.04,19.28,543.71,139,0.12,17.26,2023-05-11 23:00:00
3144,Summer,26.08,61.95,8.08,253.11,92,0.28,12.79,2023-05-12 00:00:00
3145,Summer,24.03,74.97,0.18,339.4,142,0.12,11.24,2023-05-12 01:00:00
3146,Summer,22.06,39.15,11.65,508.74,145,0.17,17.54,2023-05-12 02:00:00
3147,Summer,23.19,39.35,17.15,543.87,126,0.22,10.87,2023-05-12 03:00:00
3148,Summer,27.91,52.64,11.42,938.22,135,0.19,13.58,2023-05-12 04:00:00
3149,Summer,27.15,49.14,8.72,915.49,140,0.26,14.18,2023-05-12 05:00:00
3150,Summer,34.07,70.5,6.36,867.13,84,0.29,20.02,2023-05-12 06:00:00
3151,Summer,23.66,71.98,17.35,177.99,197,0.11,12.22,2023-05-12 07:00:00
3152,Summer,26.17,64.66,11.77,997.27,15,0.1,12.16,2023-05-12 08:00:00
3153,Summer,25.43,79.43,17.13,994.84,20,0.1,13.77,2023-05-12 09:00:00
3154,Summer,21.96,33.52,13.14,63.06,25,0.07,17.57,2023-05-12 10:00:00
3155,Summer,24.04,67.89,17.68,623.65,30,0.06,9.34,2023-05-12 11:00:00
3156,Summer,24.7,35.22,4.52,123.57,26,0.08,10.35,2023-05-12 12:00:00
3157,Summer,23.85,40.78,6.79,791.79,13,0.1,17.21,2023-05-12 13:00:00
3158,Summer,32.35,74.13,7.62,194.4,29,0.11,16.39,2023-05-12 14:00:00
3159,Summer,20.44,74.26,5.69,196.93,29,0.15,16.15,2023-05-12 15:00:00
3160,Summer,28.68,54.63,17.32,894.91,30,0.13,17.88,2023-05-12 16:00:00
3161,Summer,24.15,70.55,0.54,542.37,21,0.08,7.59,2023-05-12 17:00:00
3162,Summer,33.35,43.52,17.11,697.87,6,0.06,12.12,2023-05-12 18:00:00
3163,Summer,21.93,31.18,6.82,81.1,26,0.09,17.41,2023-05-12 19:00:00
3164,Summer,26.49,43.37,6.35,33.12,6,0.05,14.24,2023-05-12 20:00:00
3165,Summer,27.7,58.49,1.94,677.93,93,0.1,10.25,2023-05-12 21:00:00
3166,Summer,22.17,75.67,14.77,262.26,200,0.13,17.04,2023-05-12 22:00:00
3167,Summer,31.97,49.01,14.26,443.74,110,0.2,12.9,2023-05-12 23:00:00
3168,Summer,25.18,42.41,18.11,890.06,98,0.17,7.05,2023-05-13 00:00:00
3169,Summer,34.58,57.86,10.4,408.15,52,0.27,13.01,2023-05-13 01:00:00
3170,Summer,32.73,65.68,15.43,353.71,122,0.22,11.96,2023-05-13 02:00:00
3171,Summer,23.73,77.93,16.22,157.56,111,0.14,20.21,2023-05-13 03:00:00
3172,Summer,26.99,63.42,11.49,853.59,123,0.28,18.49,2023-05-13 04:00:00
3173,Summer,20.83,40.78,18.27,929.56,63,0.16,16.77,2023-05-13 05:00:00
3174,Summer,20.44,62.95,7.25,98.31,92,0.21,11.91,2023-05-13 06:00:00
3175,Summer,24.24,55.15,11.22,757.28,159,0.1,17.39,2023-05-13 07:00:00
3176,Summer,24.99,31.19,16.38,820.49,21,0.11,15.76,2023-05-13 08:00:00
3177,Summer,31.49,72.55,17.82,795.75,29,0.12,19.95,2023-05-13 09:00:00
3178,Summer,23.37,56.89,18.91,831.66,23,0.07,6.89,2023-05-13 10:00:00
3179,Summer,25.78,67.56,9.64,137.75,7,0.12,11.28,2023-05-13 11:00:00
3180,Summer,26.21,42.46,2.9,270.42,8,0.11,12.39,2023-05-13 12:00:00
3181,Summer,26.46,36.73,14.03,697.98,15,0.11,9.26,2023-05-13 13:00:00
3182,Summer,28.17,63.09,8.31,592.46,21,0.09,11.94,2023-05-13 14:00:00
3183,Summer,21.23,74.98,4.15,710.23,28,0.06,7.63,2023-05-13 15:00:00
3184,Summer,25.61,62.27,19.75,272.85,5,0.14,7.86,2023-05-13 16:00:00
3185,Summer,24.79,76.42,4.72,216.3,9,0.08,7.91,2023-05-13 17:00:00
3186,Summer,33.98,40.49,13.15,97.41,6,0.11,20.52,2023-05-13 18:00:00
3187,Summer,28.76,65.5,10.36,834.77,20,0.1,17.69,2023-05-13 19:00:00
3188,Summer,22.88,65.59,8.42,796.3,7,0.08,11.49,2023-05-13 20:00:00
3189,Summer,34.69,42.44,17.82,897.44,143,0.18,14.94,2023-05-13 21:00:00
3190,Summer,30.56,46.23,19.88,936.39,80,0.2,18.11,2023-05-13 22:00:00
3191,Summer,31.09,36.23,9.48,846.65,65,0.13,12.02,2023-05-13 23:00:00
3192,Summer,25.5,53.33,16.9,189.62,193,0.12,15.68,2023-05-14 00:00:00
3193,Summer,21.05,51.22,17.59,734.49,154,0.22,11.03,2023-05-14 01:00:00
3194,Summer,31.24,69.2,4.14,719.89,160,0.23,16.44,2023-05-14 02:00:00
3195,Summer,24.28,41.21,2.74,355.7,124,0.3,11.81,2023-05-14 03:00:00
3196,Summer,32.98,69.07,10.41,939.29,120,0.22,16.37,2023-05-14 04:00:00
3197,Summer,26.02,52.49,16.53,485.92,145,0.12,21.05,2023-05-14 05:00:00
3198,Summer,27.08,49.88,6.14,917.34,157,0.27,16.23,2023-05-14 06:00:00
3199,Summer,26.22,72.22,6.6,358.66,184,0.23,19.27,2023-05-14 07:00:00
3200,Summer,20.89,78.52,15.33,42.69,8,0.12,13.66,2023-05-14 08:00:00
3201,Summer,23.13,59.34,15.46,706.81,26,0.29,17.82,2023-05-14 09:00:00
3202,Summer,30.57,33.97,12.39,7.91,14,0.09,11.69,2023-05-14 10:00:00
3203,Summer,25.5,52.12,16.41,120.03,18,0.1,13.53,2023-05-14 11:00:00
3204,Summer,27.93,43.34,4.65,408.36,23,0.11,15.22,2023-05-14 12:00:00
3205,Summer,24.24,53.38,9.68,50.27,6,0.07,11.08,2023-05-14 13:00:00
3206,Summer,25.06,51.5,8.94,987.41,5,0.1,16.56,2023-05-14 14:00:00
3207,Summer,23.43,68.92,16.49,324.43,24,0.15,11.33,2023-05-14 15:00:00
3208,Summer,20.96,42.16,8.93,859.46,10,0.1,4.87,2023-05-14 16:00:00
3209,Summer,21.75,73.93,16.03,745.39,20,0.11,6.43,2023-05-14 17:00:00
3210,Summer,24.88,31.34,0.89,970.71,11,0.07,7.5,2023-05-14 18:00:00
3211,Summer,29.14,30.77,2.61,173.93,17,0.14,9.48,2023-05-14 19:00:00
3212,Summer,22.4,73.97,1.57,131.7,21,0.11,7.09,2023-05-14 20:00:00
3213,Summer,20.95,78.25,1.69,584.68,173,0.28,15.88,2023-05-14 21:00:00
3214,Summer,25.29,46.06,9.74,332.03,181,0.2,15.03,2023-05-14 22:00:00
3215,Summer,28.35,49.99,4.05,119.12,184,0.26,25.26,2023-05-14 23:00:00
3216,Summer,29.09,51.68,9.97,878.62,123,0.11,12.19,2023-05-15 00:00:00
3217,Summer,32.68,31.88,15.3,217.05,123,0.22,17.46,2023-05-15 01:00:00
3218,Summer,21.35,38.34,11.48,869.91,173,0.22,21.72,2023-05-15 02:00:00
3219,Summer,23.04,66.83,13.11,696.36,118,0.27,18.91,2023-05-15 03:00:00
3220,Summer,21.69,67.63,2.63,157.33,102,0.16,18.4,2023-05-15 04:00:00
3221,Summer,31.92,74.55,4.96,813.18,58,0.1,19.35,2023-05-15 05:00:00
3222,Summer,23.98,54.37,1.36,742.38,142,0.21,14.36,2023-05-15 06:00:00
3223,Summer,25.02,41.17,9.2,290.29,103,0.27,12.88,2023-05-15 07:00:00
3224,Summer,27.99,40.51,0.22,709.85,6,0.28,7.69,2023-05-15 08:00:00
3225,Summer,30.49,51.75,8.85,630.25,19,0.26,17.28,2023-05-15 09:00:00
3226,Summer,24.14,71.65,14.87,692.13,28,0.06,17.03,2023-05-15 10:00:00
3227,Summer,28.42,34.94,7.87,13.76,11,0.09,10.76,2023-05-15 11:00:00
3228,Summer,29.51,73.76,2.77,457.26,9,0.08,17.64,2023-05-15 12:00:00
3229,Summer,27.91,61.47,18.88,559.4,38,0.13,8.24,2023-05-15 13:00:00
3230,Summer,33.4,62.56,15.88,405.32,39,0.12,16.52,2023-05-15 14:00:00
3231,Summer,28.68,73.26,7.91,666.62,42,0.11,17.36,2023-05-15 15:00:00
3232,Summer,32.78,59.03,4.92,587.94,28,0.05,15.79,2023-05-15 16:00:00
3233,Summer,24.23,77.06,10.99,27.39,37,0.08,11.89,2023-05-15 17:00:00
3234,Summer,23.88,77.81,5.86,635.27,30,0.07,11.11,2023-05-15 18:00:00
3235,Summer,24.21,78.75,12.34,131.68,46,0.06,7.44,2023-05-15 19:00:00
3236,Summer,27.0,35.39,14.86,860.23,40,0.07,18.48,2023-05-15 20:00:00
3237,Summer,30.59,38.24,12.12,486.26,5,0.18,20.19,2023-05-15 21:00:00
3238,Summer,26.24,70.4,19.14,470.08,35,0.27,8.06,2023-05-15 22:00:00
3239,Summer,22.81,78.63,5.64,54.77,48,0.25,13.19,2023-05-15 23:00:00
3240,Summer,20.18,78.66,10.91,823.07,7,0.14,6.72,2023-05-16 00:00:00
3241,Summer,21.5,52.41,10.99,26.89,17,0.27,13.15,2023-05-16 01:00:00
3242,Summer,31.31,70.67,16.15,395.3,48,0.16,10.35,2023-05-16 02:00:00
3243,Summer,20.42,66.2,14.33,148.38,42,0.28,16.12,2023-05-16 03:00:00
3244,Summer,29.88,33.15,9.06,819.18,36,0.25,14.82,2023-05-16 04:00:00
3245,Summer,20.39,49.02,3.04,63.52,39,0.28,16.88,2023-05-16 05:00:00
3246,Summer,31.82,72.18,15.5,719.95,41,0.18,13.73,2023-05-16 06:00:00
3247,Summer,22.17,37.33,18.42,890.42,46,0.16,5.95,2023-05-16 07:00:00
3248,Summer,23.81,53.08,5.49,419.54,47,0.2,8.6,2023-05-16 08:00:00
3249,Summer,34.1,70.45,3.1,130.74,40,0.28,16.6,2023-05-16 09:00:00
3250,Summer,23.03,40.63,0.36,638.4,10,0.05,8.06,2023-05-16 10:00:00
3251,Summer,21.84,55.24,10.33,51.27,17,0.14,17.16,2023-05-16 11:00:00
3252,Summer,28.74,44.07,19.88,876.87,40,0.13,14.88,2023-05-16 12:00:00
3253,Summer,29.56,68.79,10.36,428.42,20,0.11,19.27,2023-05-16 13:00:00
3254,Summer,31.84,78.78,17.78,335.56,26,0.05,20.77,2023-05-16 14:00:00
3255,Summer,32.73,36.93,15.78,332.59,39,0.12,15.16,2023-05-16 15:00:00
3256,Summer,30.1,51.45,13.22,539.59,33,0.11,17.32,2023-05-16 16:00:00
3257,Summer,29.79,40.73,1.18,151.65,45,0.07,9.32,2023-05-16 17:00:00
3258,Summer,22.69,45.93,8.07,400.0,15,0.05,9.46,2023-05-16 18:00:00
3259,Summer,29.52,65.63,8.05,327.42,20,0.12,10.11,2023-05-16 19:00:00
3260,Summer,24.74,73.85,15.73,65.95,6,0.09,9.43,2023-05-16 20:00:00
3261,Summer,30.48,54.92,8.77,452.15,12,0.17,14.27,2023-05-16 21:00:00
3262,Summer,24.48,37.83,4.0,696.71,23,0.2,13.18,2023-05-16 22:00:00
3263,Summer,20.62,75.01,4.51,900.85,43,0.28,11.86,2023-05-16 23:00:00
3264,Summer,27.67,40.46,13.03,15.72,6,0.24,17.48,2023-05-17 00:00:00
3265,Summer,33.01,46.15,10.91,963.43,28,0.14,10.56,2023-05-17 01:00:00
3266,Summer,30.19,75.41,5.55,64.49,48,0.29,11.52,2023-05-17 02:00:00
3267,Summer,32.39,79.61,9.34,573.38,23,0.26,10.71,2023-05-17 03:00:00
3268,Summer,25.17,41.08,3.95,73.13,26,0.27,17.82,2023-05-17 04:00:00
3269,Summer,20.71,56.4,12.67,187.37,25,0.15,7.26,2023-05-17 05:00:00
3270,Summer,30.05,73.4,3.76,251.85,45,0.14,20.9,2023-05-17 06:00:00
3271,Summer,23.52,38.15,11.46,653.04,8,0.25,9.0,2023-05-17 07:00:00
3272,Summer,32.71,39.83,13.99,77.84,41,0.11,22.23,2023-05-17 08:00:00
3273,Summer,26.78,58.15,12.22,438.78,15,0.14,12.22,2023-05-17 09:00:00
3274,Summer,26.2,34.28,18.86,446.21,47,0.15,7.26,2023-05-17 10:00:00
3275,Summer,33.38,45.32,18.56,919.18,50,0.13,12.46,2023-05-17 11:00:00
3276,Summer,24.53,49.21,0.14,907.25,7,0.15,9.2,2023-05-17 12:00:00
3277,Summer,23.57,40.83,7.87,767.09,27,0.12,6.81,2023-05-17 13:00:00
3278,Summer,25.45,73.63,15.75,40.49,6,0.13,14.21,2023-05-17 14:00:00
3279,Summer,27.15,43.19,4.06,607.28,10,0.06,14.41,2023-05-17 15:00:00
3280,Summer,21.18,71.64,17.49,60.36,21,0.15,12.75,2023-05-17 16:00:00
3281,Summer,21.0,72.05,1.77,122.55,25,0.14,14.66,2023-05-17 17:00:00
3282,Summer,25.88,39.97,1.29,94.79,26,0.14,17.96,2023-05-17 18:00:00
3283,Summer,28.76,47.65,2.63,267.74,17,0.13,15.98,2023-05-17 19:00:00
3284,Summer,31.24,46.21,7.1,432.07,29,0.08,15.12,2023-05-17 20:00:00
3285,Summer,31.25,32.42,6.63,530.29,86,0.18,15.97,2023-05-17 21:00:00
3286,Summer,26.67,50.35,8.38,471.0,114,0.23,17.39,2023-05-17 22:00:00
3287,Summer,34.05,44.71,12.97,381.71,106,0.16,21.44,2023-05-17 23:00:00
3288,Summer,34.92,69.97,7.66,933.82,104,0.2,18.22,2023-05-18 00:00:00
3289,Summer,23.32,63.12,9.6,803.69,197,0.24,12.67,2023-05-18 01:00:00
3290,Summer,33.05,69.77,3.78,298.07,160,0.28,14.15,2023-05-18 02:00:00
3291,Summer,28.09,43.45,16.11,861.14,133,0.12,20.71,2023-05-18 03:00:00
3292,Summer,25.75,56.06,2.43,263.6,182,0.21,23.37,2023-05-18 04:00:00
3293,Summer,28.38,30.92,9.5,949.84,67,0.14,19.37,2023-05-18 05:00:00
3294,Summer,27.83,74.1,7.2,393.06,103,0.12,21.23,2023-05-18 06:00:00
3295,Summer,33.0,77.19,11.99,553.17,146,0.1,22.76,2023-05-18 07:00:00
3296,Summer,26.07,78.11,3.84,245.91,27,0.19,14.34,2023-05-18 08:00:00
3297,Summer,21.86,64.46,14.33,522.65,16,0.13,13.49,2023-05-18 09:00:00
3298,Summer,23.79,59.98,16.03,578.96,17,0.14,9.28,2023-05-18 10:00:00
3299,Summer,32.63,32.78,19.78,443.85,9,0.07,20.07,2023-05-18 11:00:00
3300,Summer,32.89,43.24,10.5,677.1,18,0.09,20.63,2023-05-18 12:00:00
3301,Summer,29.66,62.1,2.1,77.02,25,0.14,20.08,2023-05-18 13:00:00
3302,Summer,26.28,62.91,6.25,719.76,30,0.07,16.23,2023-05-18 14:00:00
3303,Summer,31.45,64.88,8.37,786.96,15,0.11,7.94,2023-05-18 15:00:00
3304,Summer,22.75,36.51,13.56,463.2,11,0.11,18.28,2023-05-18 16:00:00
3305,Summer,34.31,47.01,1.39,946.99,14,0.07,11.03,2023-05-18 17:00:00
3306,Summer,31.03,60.9,10.08,663.84,17,0.14,17.09,2023-05-18 18:00:00
3307,Summer,34.54,48.52,2.94,20.85,23,0.1,22.98,2023-05-18 19:00:00
3308,Summer,33.62,63.33,11.11,136.12,21,0.1,17.09,2023-05-18 20:00:00
3309,Summer,33.15,50.39,13.05,768.4,181,0.11,12.93,2023-05-18 21:00:00
3310,Summer,32.44,43.04,0.96,919.52,169,0.17,21.63,2023-05-18 22:00:00
3311,Summer,23.61,78.5,16.77,399.46,69,0.29,11.1,2023-05-18 23:00:00
3312,Summer,25.99,52.1,4.7,952.03,85,0.27,13.34,2023-05-19 00:00:00
3313,Summer,20.65,47.17,1.0,66.94,182,0.13,16.87,2023-05-19 01:00:00
3314,Summer,26.22,68.87,16.39,678.06,144,0.16,16.29,2023-05-19 02:00:00
3315,Summer,23.55,59.78,19.01,790.3,162,0.18,8.67,2023-05-19 03:00:00
3316,Summer,26.89,52.06,0.23,961.23,82,0.2,9.47,2023-05-19 04:00:00
3317,Summer,31.04,54.69,1.99,819.65,55,0.13,17.37,2023-05-19 05:00:00
3318,Summer,31.04,54.01,9.54,778.26,77,0.11,14.99,2023-05-19 06:00:00
3319,Summer,21.27,70.27,18.21,7.18,116,0.23,11.13,2023-05-19 07:00:00
3320,Summer,27.6,79.76,17.94,963.36,23,0.28,6.38,2023-05-19 08:00:00
3321,Summer,30.37,64.72,13.2,903.48,9,0.12,13.21,2023-05-19 09:00:00
3322,Summer,23.81,38.17,1.03,461.0,19,0.11,14.85,2023-05-19 10:00:00
3323,Summer,27.05,74.82,12.87,339.8,22,0.07,12.87,2023-05-19 11:00:00
3324,Summer,21.42,45.7,5.92,751.95,27,0.11,5.91,2023-05-19 12:00:00
3325,Summer,21.49,75.93,10.28,121.7,21,0.15,14.42,2023-05-19 13:00:00
3326,Summer,30.83,61.15,14.79,467.12,5,0.12,15.75,2023-05-19 14:00:00
3327,Summer,28.53,43.74,0.05,856.87,6,0.1,8.23,2023-05-19 15:00:00
3328,Summer,26.6,40.5,19.36,543.19,19,0.12,7.66,2023-05-19 16:00:00
3329,Summer,30.78,64.55,9.82,889.15,12,0.08,8.74,2023-05-19 17:00:00
3330,Summer,26.64,38.33,1.03,126.88,7,0.08,12.54,2023-05-19 18:00:00
3331,Summer,33.61,69.49,14.4,788.37,13,0.11,15.23,2023-05-19 19:00:00
3332,Summer,31.24,54.9,2.69,550.58,14,0.09,20.79,2023-05-19 20:00:00
3333,Summer,25.44,66.66,11.11,321.34,63,0.25,19.17,2023-05-19 21:00:00
3334,Summer,21.61,44.78,14.06,522.24,141,0.18,15.98,2023-05-19 22:00:00
3335,Summer,21.89,55.59,18.21,250.47,135,0.16,10.55,2023-05-19 23:00:00
3336,Summer,28.64,45.7,2.06,769.68,94,0.26,17.29,2023-05-20 00:00:00
3337,Summer,34.22,70.88,3.13,807.05,96,0.28,12.31,2023-05-20 01:00:00
3338,Summer,31.42,55.57,18.75,157.93,192,0.25,18.39,2023-05-20 02:00:00
3339,Summer,29.59,46.67,9.61,876.0,159,0.24,12.96,2023-05-20 03:00:00
3340,Summer,32.47,48.98,3.22,387.97,123,0.3,15.43,2023-05-20 04:00:00
3341,Summer,32.21,62.4,15.72,866.51,153,0.21,17.21,2023-05-20 05:00:00
3342,Summer,32.11,79.42,4.37,547.98,83,0.15,21.99,2023-05-20 06:00:00
3343,Summer,20.9,37.93,16.0,37.29,113,0.22,15.65,2023-05-20 07:00:00
3344,Summer,26.56,35.9,14.25,128.55,18,0.19,7.76,2023-05-20 08:00:00
3345,Summer,27.71,33.81,0.3,419.11,22,0.22,11.21,2023-05-20 09:00:00
3346,Summer,23.94,72.83,15.9,263.49,27,0.05,7.44,2023-05-20 10:00:00
3347,Summer,31.03,75.82,12.04,872.55,22,0.09,15.67,2023-05-20 11:00:00
3348,Summer,28.26,35.0,4.36,53.35,26,0.12,21.05,2023-05-20 12:00:00
3349,Summer,20.05,54.75,0.23,778.39,9,0.11,16.35,2023-05-20 13:00:00
3350,Summer,24.94,62.34,10.21,807.8,24,0.12,7.12,2023-05-20 14:00:00
3351,Summer,34.9,75.97,3.71,580.17,19,0.1,10.82,2023-05-20 15:00:00
3352,Summer,22.86,31.35,2.07,304.91,19,0.06,6.65,2023-05-20 16:00:00
3353,Summer,27.13,32.46,7.35,571.25,23,0.13,7.7,2023-05-20 17:00:00
3354,Summer,20.81,66.24,0.57,968.66,15,0.13,9.75,2023-05-20 18:00:00
3355,Summer,25.45,57.1,17.38,793.41,23,0.05,13.22,2023-05-20 19:00:00
3356,Summer,27.36,73.0,1.65,459.25,21,0.13,15.35,2023-05-20 20:00:00
3357,Summer,22.79,50.96,15.78,295.01,74,0.11,12.18,2023-05-20 21:00:00
3358,Summer,25.47,35.55,13.45,684.63,56,0.14,8.88,2023-05-20 22:00:00
3359,Summer,21.77,57.21,13.98,884.67,111,0.22,8.52,2023-05-20 23:00:00
3360,Summer,33.03,67.8,18.75,299.94,50,0.14,15.85,2023-05-21 00:00:00
3361,Summer,33.09,78.15,1.15,622.66,55,0.11,20.51,2023-05-21 01:00:00
3362,Summer,27.23,42.16,14.31,283.75,147,0.3,14.27,2023-05-21 02:00:00
3363,Summer,29.38,59.85,8.66,639.22,123,0.14,19.09,2023-05-21 03:00:00
3364,Summer,20.03,47.85,8.87,968.98,75,0.17,7.26,2023-05-21 04:00:00
3365,Summer,30.89,67.79,2.59,93.19,165,0.11,14.35,2023-05-21 05:00:00
3366,Summer,31.34,79.11,13.68,672.61,94,0.21,11.9,2023-05-21 06:00:00
3367,Summer,33.88,58.97,3.04,439.67,141,0.22,23.42,2023-05-21 07:00:00
3368,Summer,20.1,39.33,5.58,364.15,21,0.22,12.56,2023-05-21 08:00:00
3369,Summer,20.54,69.61,15.03,890.22,7,0.21,7.62,2023-05-21 09:00:00
3370,Summer,27.58,47.91,11.44,210.29,27,0.09,8.69,2023-05-21 10:00:00
3371,Summer,32.07,79.43,10.12,328.96,13,0.11,21.18,2023-05-21 11:00:00
3372,Summer,29.22,42.84,14.96,274.95,15,0.13,8.69,2023-05-21 12:00:00
3373,Summer,32.88,45.3,2.28,922.17,7,0.15,20.3,2023-05-21 13:00:00
3374,Summer,25.83,46.31,2.0,443.47,20,0.14,9.11,2023-05-21 14:00:00
3375,Summer,28.66,79.85,17.75,291.4,21,0.06,17.25,2023-05-21 15:00:00
3376,Summer,24.73,55.6,16.31,809.02,21,0.08,17.73,2023-05-21 16:00:00
3377,Summer,34.29,33.42,10.14,278.15,23,0.14,19.28,2023-05-21 17:00:00
3378,Summer,27.95,51.36,5.04,534.73,18,0.08,18.6,2023-05-21 18:00:00
3379,Summer,26.66,37.85,13.08,999.58,30,0.11,5.49,2023-05-21 19:00:00
3380,Summer,29.91,47.41,5.02,307.5,22,0.13,11.87,2023-05-21 20:00:00
3381,Summer,22.79,64.76,19.09,732.3,109,0.1,18.68,2023-05-21 21:00:00
3382,Summer,34.0,30.59,15.74,522.69,96,0.18,20.22,2023-05-21 22:00:00
3383,Summer,33.44,45.74,4.46,501.77,55,0.13,15.17,2023-05-21 23:00:00
3384,Summer,26.87,43.78,10.88,713.4,163,0.23,10.43,2023-05-22 00:00:00
3385,Summer,24.48,65.57,2.63,330.67,78,0.14,16.98,2023-05-22 01:00:00
3386,Summer,22.12,76.61,16.42,674.17,159,0.11,11.62,2023-05-22 02:00:00
3387,Summer,29.47,32.51,18.28,19.46,157,0.26,22.34,2023-05-22 03:00:00
3388,Summer,23.84,64.33,12.06,657.75,65,0.22,7.4,2023-05-22 04:00:00
3389,Summer,31.76,78.76,16.17,608.83,72,0.29,11.49,2023-05-22 05:00:00
3390,Summer,30.11,39.29,3.21,367.76,174,0.26,24.91,2023-05-22 06:00:00
3391,Summer,32.32,66.49,18.43,460.45,167,0.27,13.58,2023-05-22 07:00:00
3392,Summer,24.06,50.8,9.33,751.32,24,0.26,11.13,2023-05-22 08:00:00
3393,Summer,21.52,36.06,8.43,119.66,10,0.12,9.35,2023-05-22 09:00:00
3394,Summer,23.7,40.07,15.97,205.91,14,0.09,10.89,2023-05-22 10:00:00
3395,Summer,22.74,69.51,1.8,36.78,15,0.07,13.32,2023-05-22 11:00:00
3396,Summer,20.18,32.54,6.85,588.22,16,0.13,13.96,2023-05-22 12:00:00
3397,Summer,31.64,44.81,5.85,302.64,10,0.11,17.55,2023-05-22 13:00:00
3398,Summer,23.54,60.53,16.94,686.72,14,0.11,13.66,2023-05-22 14:00:00
3399,Summer,20.79,64.13,17.56,687.57,44,0.1,7.89,2023-05-22 15:00:00
3400,Summer,26.28,38.9,18.41,541.52,7,0.14,9.17,2023-05-22 16:00:00
3401,Summer,20.6,72.1,14.14,975.76,10,0.07,7.61,2023-05-22 17:00:00
3402,Summer,22.41,39.14,18.49,683.55,45,0.1,7.67,2023-05-22 18:00:00
3403,Summer,33.29,34.99,4.8,674.9,6,0.09,16.54,2023-05-22 19:00:00
3404,Summer,26.3,48.64,13.91,458.11,42,0.15,17.43,2023-05-22 20:00:00
3405,Summer,27.47,55.12,12.41,403.37,38,0.25,17.28,2023-05-22 21:00:00
3406,Summer,33.37,78.01,10.95,677.84,21,0.13,18.57,2023-05-22 22:00:00
3407,Summer,25.9,48.06,14.28,848.7,40,0.18,6.37,2023-05-22 23:00:00
3408,Summer,25.46,73.86,5.05,590.22,12,0.17,14.7,2023-05-23 00:00:00
3409,Summer,32.56,35.88,14.67,303.51,35,0.2,20.5,2023-05-23 01:00:00
3410,Summer,33.64,58.16,4.96,165.66,25,0.27,20.76,2023-05-23 02:00:00
3411,Summer,24.8,49.37,17.03,844.74,21,0.26,15.02,2023-05-23 03:00:00
3412,Summer,29.48,74.45,3.28,56.29,22,0.22,16.63,2023-05-23 04:00:00
3413,Summer,26.05,60.32,11.29,920.36,41,0.29,14.35,2023-05-23 05:00:00
3414,Summer,21.79,37.29,15.04,333.41,44,0.22,10.04,2023-05-23 06:00:00
3415,Summer,22.6,71.39,11.07,437.7,49,0.27,16.22,2023-05-23 07:00:00
3416,Summer,22.25,63.91,11.42,560.8,11,0.24,6.22,2023-05-23 08:00:00
3417,Summer,31.05,42.48,16.23,952.12,8,0.28,6.75,2023-05-23 09:00:00
3418,Summer,31.72,63.93,9.1,492.65,49,0.13,19.26,2023-05-23 10:00:00
3419,Summer,29.06,43.6,14.42,946.26,43,0.1,12.23,2023-05-23 11:00:00
3420,Summer,31.61,77.53,5.79,80.46,45,0.1,11.92,2023-05-23 12:00:00
3421,Summer,31.11,51.97,19.29,16.47,40,0.13,17.93,2023-05-23 13:00:00
3422,Summer,28.37,39.03,3.54,936.57,11,0.12,13.94,2023-05-23 14:00:00
3423,Summer,32.49,54.35,7.57,688.72,46,0.14,9.69,2023-05-23 15:00:00
3424,Summer,29.1,47.2,7.72,923.8,48,0.12,11.06,2023-05-23 16:00:00
3425,Summer,20.31,79.0,0.59,644.98,6,0.1,13.66,2023-05-23 17:00:00
3426,Summer,31.64,41.23,4.67,877.9,32,0.07,8.7,2023-05-23 18:00:00
3427,Summer,28.45,79.97,19.64,232.18,32,0.08,19.0,2023-05-23 19:00:00
3428,Summer,26.42,31.77,9.79,761.27,11,0.05,10.51,2023-05-23 20:00:00
3429,Summer,20.89,48.21,15.02,623.58,36,0.24,10.96,2023-05-23 21:00:00
3430,Summer,31.34,66.01,14.37,424.41,9,0.11,8.59,2023-05-23 22:00:00
3431,Summer,23.77,60.05,16.3,863.52,31,0.19,10.42,2023-05-23 23:00:00
3432,Summer,26.23,40.91,17.34,236.6,49,0.15,10.52,2023-05-24 00:00:00
3433,Summer,27.54,44.58,16.05,948.33,5,0.2,11.93,2023-05-24 01:00:00
3434,Summer,31.96,44.87,3.24,467.5,24,0.26,11.4,2023-05-24 02:00:00
3435,Summer,22.98,58.61,9.03,767.96,27,0.13,5.57,2023-05-24 03:00:00
3436,Summer,29.13,42.41,19.64,451.91,42,0.23,14.9,2023-05-24 04:00:00
3437,Summer,28.19,40.74,17.15,827.86,23,0.15,16.01,2023-05-24 05:00:00
3438,Summer,27.43,72.91,14.07,258.84,28,0.12,8.61,2023-05-24 06:00:00
3439,Summer,20.1,74.58,7.14,452.81,34,0.19,7.13,2023-05-24 07:00:00
3440,Summer,32.81,32.95,13.89,638.4,8,0.28,10.3,2023-05-24 08:00:00
3441,Summer,30.92,61.76,13.26,721.52,17,0.11,11.5,2023-05-24 09:00:00
3442,Summer,33.95,41.79,1.54,181.79,27,0.12,19.94,2023-05-24 10:00:00
3443,Summer,24.64,33.61,9.25,696.77,11,0.1,9.76,2023-05-24 11:00:00
3444,Summer,33.38,31.15,10.92,197.13,11,0.07,13.67,2023-05-24 12:00:00
3445,Summer,26.49,51.01,0.51,725.05,10,0.1,10.11,2023-05-24 13:00:00
3446,Summer,25.18,40.53,3.61,42.04,10,0.09,12.75,2023-05-24 14:00:00
3447,Summer,34.53,48.12,10.05,37.88,18,0.12,11.35,2023-05-24 15:00:00
3448,Summer,24.54,33.5,18.33,715.23,14,0.06,17.53,2023-05-24 16:00:00
3449,Summer,34.38,40.0,0.99,902.42,30,0.06,9.32,2023-05-24 17:00:00
3450,Summer,30.55,52.99,1.33,545.92,13,0.06,17.35,2023-05-24 18:00:00
3451,Summer,23.77,54.49,8.63,476.16,15,0.14,11.07,2023-05-24 19:00:00
3452,Summer,29.82,45.49,0.52,860.91,29,0.05,17.13,2023-05-24 20:00:00
3453,Summer,20.25,61.84,7.93,472.41,137,0.26,20.8,2023-05-24 21:00:00
3454,Summer,21.05,77.66,7.29,840.21,190,0.1,18.21,2023-05-24 22:00:00
3455,Summer,23.18,66.84,12.2,449.5,155,0.3,18.04,2023-05-24 23:00:00
3456,Summer,24.14,49.2,12.76,763.43,175,0.25,15.67,2023-05-25 00:00:00
3457,Summer,34.33,42.05,2.31,29.75,163,0.21,16.43,2023-05-25 01:00:00
3458,Summer,23.53,49.5,13.7,882.05,192,0.14,15.86,2023-05-25 02:00:00
3459,Summer,34.49,35.97,7.92,594.96,157,0.18,25.0,2023-05-25 03:00:00
3460,Summer,23.14,78.71,3.29,708.57,156,0.19,14.57,2023-05-25 04:00:00
3461,Summer,34.18,54.61,14.71,346.98,104,0.3,22.79,2023-05-25 05:00:00
3462,Summer,31.05,37.76,12.96,922.43,84,0.1,13.39,2023-05-25 06:00:00
3463,Summer,20.37,78.49,4.81,796.69,99,0.2,16.82,2023-05-25 07:00:00
3464,Summer,28.18,51.86,5.1,328.92,14,0.17,8.73,2023-05-25 08:00:00
3465,Summer,34.03,31.54,9.28,525.32,19,0.23,17.87,2023-05-25 09:00:00
3466,Summer,28.94,32.18,11.69,288.73,23,0.06,9.73,2023-05-25 10:00:00
3467,Summer,28.23,50.2,5.84,684.96,16,0.1,18.34,2023-05-25 11:00:00
3468,Summer,28.64,45.6,11.66,436.58,17,0.15,16.17,2023-05-25 12:00:00
3469,Summer,25.9,66.22,19.15,827.83,6,0.14,16.07,2023-05-25 13:00:00
3470,Summer,23.1,51.75,12.4,484.36,22,0.13,9.36,2023-05-25 14:00:00
3471,Summer,28.08,44.55,4.38,19.23,8,0.12,12.03,2023-05-25 15:00:00
3472,Summer,34.3,65.62,3.31,136.3,6,0.15,21.85,2023-05-25 16:00:00
3473,Summer,28.34,60.99,15.69,981.88,28,0.05,18.75,2023-05-25 17:00:00
3474,Summer,34.2,38.33,19.96,862.01,5,0.15,17.17,2023-05-25 18:00:00
3475,Summer,33.67,50.4,10.17,833.74,21,0.12,19.01,2023-05-25 19:00:00
3476,Summer,22.49,55.05,4.94,536.41,16,0.14,17.37,2023-05-25 20:00:00
3477,Summer,32.17,30.32,10.57,954.15,125,0.22,14.6,2023-05-25 21:00:00
3478,Summer,31.74,78.67,19.47,977.1,179,0.12,21.8,2023-05-25 22:00:00
3479,Summer,20.25,58.3,4.77,50.87,98,0.2,21.86,2023-05-25 23:00:00
3480,Summer,27.25,46.64,3.9,17.37,188,0.21,12.4,2023-05-26 00:00:00
3481,Summer,22.52,67.62,11.34,563.5,55,0.23,16.75,2023-05-26 01:00:00
3482,Summer,22.51,32.81,12.57,450.33,107,0.22,13.99,2023-05-26 02:00:00
3483,Summer,28.92,72.28,8.81,800.45,63,0.27,19.35,2023-05-26 03:00:00
3484,Summer,32.57,74.23,13.25,68.0,63,0.14,16.75,2023-05-26 04:00:00
3485,Summer,23.38,33.08,7.49,239.92,80,0.27,8.51,2023-05-26 05:00:00
3486,Summer,22.69,40.0,0.65,701.29,138,0.19,9.95,2023-05-26 06:00:00
3487,Summer,23.53,69.82,1.74,155.0,196,0.14,18.24,2023-05-26 07:00:00
3488,Summer,32.29,67.99,16.23,963.7,28,0.24,19.09,2023-05-26 08:00:00
3489,Summer,22.09,64.7,2.38,970.26,19,0.26,16.66,2023-05-26 09:00:00
3490,Summer,29.41,60.93,3.71,702.39,28,0.09,11.88,2023-05-26 10:00:00
3491,Summer,23.93,51.53,19.9,745.69,7,0.1,15.25,2023-05-26 11:00:00
3492,Summer,27.77,47.65,3.13,555.05,22,0.06,17.68,2023-05-26 12:00:00
3493,Summer,27.93,39.71,7.77,170.05,12,0.08,10.28,2023-05-26 13:00:00
3494,Summer,23.92,73.96,5.55,67.07,24,0.14,9.0,2023-05-26 14:00:00
3495,Summer,26.82,49.43,14.39,943.2,14,0.08,10.64,2023-05-26 15:00:00
3496,Summer,29.26,46.97,2.05,283.76,8,0.13,20.28,2023-05-26 16:00:00
3497,Summer,23.13,77.23,7.69,478.66,30,0.15,12.54,2023-05-26 17:00:00
3498,Summer,28.25,67.59,0.12,18.03,20,0.05,10.56,2023-05-26 18:00:00
3499,Summer,33.5,54.6,9.12,309.8,30,0.15,13.66,2023-05-26 19:00:00
3500,Summer,25.66,47.55,18.32,801.68,20,0.05,17.65,2023-05-26 20:00:00
3501,Summer,24.83,55.87,7.87,726.56,87,0.17,13.22,2023-05-26 21:00:00
3502,Summer,30.76,34.54,14.13,456.08,121,0.11,12.63,2023-05-26 22:00:00
3503,Summer,26.84,62.85,16.98,668.8,101,0.23,9.36,2023-05-26 23:00:00
3504,Summer,22.91,36.0,15.43,193.56,75,0.26,14.27,2023-05-27 00:00:00
3505,Summer,26.35,71.62,6.34,815.09,87,0.24,11.53,2023-05-27 01:00:00
3506,Summer,25.64,42.29,6.81,421.29,84,0.13,17.63,2023-05-27 02:00:00
3507,Summer,26.49,37.47,15.39,769.05,164,0.2,16.98,2023-05-27 03:00:00
3508,Summer,27.26,51.02,18.34,161.82,175,0.15,14.65,2023-05-27 04:00:00
3509,Summer,34.67,75.46,10.71,595.01,55,0.21,15.53,2023-05-27 05:00:00
3510,Summer,30.51,40.14,16.64,523.44,188,0.27,14.25,2023-05-27 06:00:00
3511,Summer,34.48,42.08,13.33,179.58,54,0.2,19.25,2023-05-27 07:00:00
3512,Summer,30.79,33.35,19.0,328.28,10,0.19,17.3,2023-05-27 08:00:00
3513,Summer,24.71,55.09,19.16,723.79,19,0.15,6.71,2023-05-27 09:00:00
3514,Summer,25.8,61.83,3.74,435.04,10,0.14,12.25,2023-05-27 10:00:00
3515,Summer,22.76,63.06,16.87,420.78,27,0.11,15.94,2023-05-27 11:00:00
3516,Summer,31.31,36.23,11.31,550.09,12,0.09,19.33,2023-05-27 12:00:00
3517,Summer,22.87,69.37,18.41,20.96,24,0.06,8.17,2023-05-27 13:00:00
3518,Summer,23.11,57.88,12.11,94.15,30,0.07,19.42,2023-05-27 14:00:00
3519,Summer,24.64,37.18,12.1,871.25,13,0.08,12.05,2023-05-27 15:00:00
3520,Summer,27.56,63.4,3.23,139.8,15,0.06,13.25,2023-05-27 16:00:00
3521,Summer,28.05,77.32,1.5,305.15,7,0.06,11.39,2023-05-27 17:00:00
3522,Summer,34.43,66.28,19.03,270.18,28,0.11,16.26,2023-05-27 18:00:00
3523,Summer,31.31,62.2,19.51,806.84,18,0.13,18.43,2023-05-27 19:00:00
3524,Summer,29.6,49.14,10.35,694.14,16,0.14,10.67,2023-05-27 20:00:00
3525,Summer,27.96,39.07,5.18,288.28,57,0.24,12.85,2023-05-27 21:00:00
3526,Summer,26.53,74.52,3.85,969.62,67,0.21,17.25,2023-05-27 22:00:00
3527,Summer,28.44,52.81,18.51,982.16,153,0.22,14.68,2023-05-27 23:00:00
3528,Summer,20.68,47.5,6.05,547.66,71,0.11,15.1,2023-05-28 00:00:00
3529,Summer,33.98,62.7,15.92,24.04,160,0.15,25.5,2023-05-28 01:00:00
3530,Summer,21.68,45.84,15.9,152.34,135,0.12,16.9,2023-05-28 02:00:00
3531,Summer,21.5,32.54,18.03,899.0,191,0.24,20.54,2023-05-28 03:00:00
3532,Summer,20.79,64.14,18.5,77.85,182,0.12,21.68,2023-05-28 04:00:00
3533,Summer,25.69,74.94,14.34,411.37,117,0.18,20.61,2023-05-28 05:00:00
3534,Summer,28.4,47.26,1.06,779.98,74,0.23,15.28,2023-05-28 06:00:00
3535,Summer,21.2,36.45,19.51,667.33,138,0.14,16.1,2023-05-28 07:00:00
3536,Summer,33.29,34.74,18.96,352.94,18,0.23,21.37,2023-05-28 08:00:00
3537,Summer,28.52,35.32,6.03,88.12,7,0.14,15.29,2023-05-28 09:00:00
3538,Summer,20.8,51.08,7.46,544.16,17,0.09,16.18,2023-05-28 10:00:00
3539,Summer,23.62,44.55,16.56,845.49,16,0.1,5.33,2023-05-28 11:00:00
3540,Summer,23.93,65.68,9.58,683.34,6,0.06,17.65,2023-05-28 12:00:00
3541,Summer,26.07,52.56,9.08,642.68,18,0.1,16.63,2023-05-28 13:00:00
3542,Summer,29.65,50.01,12.43,584.84,24,0.15,14.72,2023-05-28 14:00:00
3543,Summer,25.22,64.44,4.95,745.25,28,0.06,18.16,2023-05-28 15:00:00
3544,Summer,29.2,50.02,12.46,126.97,12,0.07,18.54,2023-05-28 16:00:00
3545,Summer,31.41,69.35,12.15,147.6,19,0.14,14.63,2023-05-28 17:00:00
3546,Summer,29.77,36.16,12.19,104.81,5,0.08,17.44,2023-05-28 18:00:00
3547,Summer,22.16,36.22,11.57,680.36,17,0.07,17.28,2023-05-28 19:00:00
3548,Summer,33.27,49.3,16.23,408.92,12,0.07,16.49,2023-05-28 20:00:00
3549,Summer,27.1,44.31,18.73,932.5,53,0.28,14.22,2023-05-28 21:00:00
3550,Summer,28.86,46.14,14.09,536.5,143,0.28,22.33,2023-05-28 22:00:00
3551,Summer,29.73,53.43,12.27,635.12,154,0.28,12.51,2023-05-28 23:00:00
3552,Summer,30.09,61.24,12.44,996.84,172,0.24,20.49,2023-05-29 00:00:00
3553,Summer,30.69,77.47,1.63,501.64,57,0.15,21.05,2023-05-29 01:00:00
3554,Summer,31.57,61.49,5.4,599.07,62,0.24,20.7,2023-05-29 02:00:00
3555,Summer,29.61,77.09,6.16,548.15,145,0.12,12.85,2023-05-29 03:00:00
3556,Summer,32.53,43.81,2.06,451.84,124,0.13,20.92,2023-05-29 04:00:00
3557,Summer,22.28,77.63,9.33,820.5,148,0.26,16.78,2023-05-29 05:00:00
3558,Summer,32.58,46.98,9.56,475.65,50,0.29,14.1,2023-05-29 06:00:00
3559,Summer,33.72,32.86,15.26,613.35,99,0.29,22.85,2023-05-29 07:00:00
3560,Summer,29.49,61.15,14.78,366.95,20,0.16,13.26,2023-05-29 08:00:00
3561,Summer,31.88,41.79,17.21,114.31,8,0.25,12.79,2023-05-29 09:00:00
3562,Summer,29.07,59.34,3.7,414.16,9,0.13,17.96,2023-05-29 10:00:00
3563,Summer,25.24,73.54,6.2,448.81,24,0.14,17.57,2023-05-29 11:00:00
3564,Summer,34.46,68.65,11.46,258.06,29,0.14,17.49,2023-05-29 12:00:00
3565,Summer,26.53,33.92,12.43,695.88,33,0.14,18.79,2023-05-29 13:00:00
3566,Summer,31.38,73.47,13.59,914.57,50,0.08,8.35,2023-05-29 14:00:00
3567,Summer,28.15,75.02,4.86,110.25,11,0.13,11.67,2023-05-29 15:00:00
3568,Summer,31.03,61.76,13.34,585.18,15,0.13,12.41,2023-05-29 16:00:00
3569,Summer,21.86,31.2,7.37,738.0,23,0.12,10.67,2023-05-29 17:00:00
3570,Summer,21.16,71.32,11.45,431.29,49,0.07,10.3,2023-05-29 18:00:00
3571,Summer,26.35,75.81,0.71,721.07,22,0.09,15.36,2023-05-29 19:00:00
3572,Summer,29.15,65.0,12.63,657.95,26,0.14,18.04,2023-05-29 20:00:00
3573,Summer,29.92,54.0,5.41,594.94,11,0.25,14.16,2023-05-29 21:00:00
3574,Summer,30.17,64.66,16.27,549.73,18,0.14,9.36,2023-05-29 22:00:00
3575,Summer,30.6,77.74,11.56,235.96,13,0.13,9.66,2023-05-29 23:00:00
3576,Summer,22.34,44.89,3.2,635.42,26,0.14,16.3,2023-05-30 00:00:00
3577,Summer,29.3,50.7,16.01,608.16,33,0.16,9.47,2023-05-30 01:00:00
3578,Summer,32.49,73.87,12.28,86.45,36,0.11,22.39,2023-05-30 02:00:00
3579,Summer,26.52,75.31,12.95,686.71,27,0.17,16.49,2023-05-30 03:00:00
3580,Summer,32.86,68.41,11.17,31.22,9,0.11,15.41,2023-05-30 04:00:00
3581,Summer,29.35,72.86,8.65,780.61,31,0.25,10.5,2023-05-30 05:00:00
3582,Summer,28.42,35.74,15.79,389.32,13,0.17,16.94,2023-05-30 06:00:00
3583,Summer,32.08,34.92,12.71,657.58,48,0.2,18.3,2023-05-30 07:00:00
3584,Summer,21.54,74.11,4.67,324.99,5,0.22,9.63,2023-05-30 08:00:00
3585,Summer,25.64,37.05,9.35,177.19,45,0.22,15.27,2023-05-30 09:00:00
3586,Summer,32.87,56.6,7.2,308.18,41,0.12,20.64,2023-05-30 10:00:00
3587,Summer,24.49,33.08,2.29,418.91,29,0.11,16.27,2023-05-30 11:00:00
3588,Summer,28.53,44.72,14.41,624.03,27,0.08,7.53,2023-05-30 12:00:00
3589,Summer,20.94,41.93,11.84,703.36,32,0.15,9.84,2023-05-30 13:00:00
3590,Summer,28.04,74.67,16.78,745.42,26,0.1,14.56,2023-05-30 14:00:00
3591,Summer,28.63,76.07,13.63,724.24,30,0.12,11.75,2023-05-30 15:00:00
3592,Summer,20.2,56.39,17.48,181.71,34,0.15,19.87,2023-05-30 16:00:00
3593,Summer,31.07,58.29,9.84,273.92,40,0.09,18.92,2023-05-30 17:00:00
3594,Summer,23.11,58.81,9.06,275.95,8,0.11,6.21,2023-05-30 18:00:00
3595,Summer,23.82,76.83,16.78,587.82,49,0.14,8.6,2023-05-30 19:00:00
3596,Summer,20.47,68.12,6.41,745.77,49,0.08,15.16,2023-05-30 20:00:00
3597,Summer,23.77,67.41,19.89,792.68,10,0.13,8.31,2023-05-30 21:00:00
3598,Summer,25.38,73.22,14.89,529.99,29,0.22,6.74,2023-05-30 22:00:00
3599,Summer,33.72,49.93,5.05,672.21,36,0.2,15.4,2023-05-30 23:00:00
3600,Summer,26.54,54.08,19.61,462.52,32,0.2,7.0,2023-05-31 00:00:00
3601,Summer,27.81,38.09,2.56,487.45,7,0.13,8.58,2023-05-31 01:00:00
3602,Summer,31.39,40.09,5.99,13.0,11,0.27,16.49,2023-05-31 02:00:00
3603,Summer,27.25,33.49,10.02,28.93,45,0.2,15.3,2023-05-31 03:00:00
3604,Summer,26.96,50.45,6.83,599.5,34,0.23,8.88,2023-05-31 04:00:00
3605,Summer,32.11,30.93,6.61,495.29,12,0.17,14.5,2023-05-31 05:00:00
3606,Summer,32.36,66.16,2.53,766.59,31,0.25,19.14,2023-05-31 06:00:00
3607,Summer,29.95,43.18,15.83,314.84,48,0.26,20.25,2023-05-31 07:00:00
3608,Summer,22.91,47.29,13.77,695.71,45,0.14,7.52,2023-05-31 08:00:00
3609,Summer,31.05,47.95,12.12,653.83,44,0.15,12.38,2023-05-31 09:00:00
3610,Summer,23.33,49.54,9.27,29.56,16,0.08,7.16,2023-05-31 10:00:00
3611,Summer,28.5,53.93,12.23,378.7,17,0.06,15.42,2023-05-31 11:00:00
3612,Summer,33.59,63.1,6.24,785.71,42,0.08,20.82,2023-05-31 12:00:00
3613,Summer,21.14,69.65,6.54,394.72,20,0.13,10.72,2023-05-31 13:00:00
3614,Summer,20.27,59.72,15.73,628.42,21,0.14,16.39,2023-05-31 14:00:00
3615,Summer,21.25,35.36,9.91,553.17,23,0.13,18.41,2023-05-31 15:00:00
3616,Summer,32.67,42.12,8.8,35.8,16,0.07,17.78,2023-05-31 16:00:00
3617,Summer,22.03,61.59,17.76,948.29,19,0.07,6.78,2023-05-31 17:00:00
3618,Summer,32.83,30.56,11.93,856.46,18,0.07,13.59,2023-05-31 18:00:00
3619,Summer,23.11,71.23,15.28,152.59,9,0.12,12.49,2023-05-31 19:00:00
3620,Summer,33.18,57.95,13.76,876.85,20,0.11,14.13,2023-05-31 20:00:00
3621,Summer,21.22,78.46,9.08,55.19,119,0.18,17.85,2023-05-31 21:00:00
3622,Summer,26.86,30.28,13.61,932.53,123,0.15,8.66,2023-05-31 22:00:00
3623,Summer,20.3,76.99,3.03,340.84,93,0.22,14.34,2023-05-31 23:00:00
3624,Summer,28.26,30.15,6.35,929.02,180,0.13,11.28,2023-06-01 00:00:00
3625,Summer,24.38,50.18,13.01,217.81,175,0.2,15.83,2023-06-01 01:00:00
3626,Summer,29.79,36.64,18.17,27.13,190,0.2,20.09,2023-06-01 02:00:00
3627,Summer,21.3,50.35,0.74,627.96,158,0.29,9.49,2023-06-01 03:00:00
3628,Summer,30.28,66.2,4.44,540.87,159,0.19,12.67,2023-06-01 04:00:00
3629,Summer,34.84,34.37,16.37,574.18,183,0.18,18.63,2023-06-01 05:00:00
3630,Summer,25.43,66.87,12.97,949.35,116,0.1,17.19,2023-06-01 06:00:00
3631,Summer,25.0,35.11,9.4,622.37,99,0.28,16.32,2023-06-01 07:00:00
3632,Summer,30.62,51.31,7.18,310.45,14,0.12,12.7,2023-06-01 08:00:00
3633,Summer,29.28,31.08,1.31,105.04,5,0.18,20.58,2023-06-01 09:00:00
3634,Summer,20.42,48.42,5.82,368.71,18,0.09,7.55,2023-06-01 10:00:00
3635,Summer,22.51,35.33,11.52,517.45,28,0.05,13.7,2023-06-01 11:00:00
3636,Summer,22.14,76.79,14.54,201.78,19,0.06,15.59,2023-06-01 12:00:00
3637,Summer,30.96,54.4,4.84,851.45,12,0.1,19.02,2023-06-01 13:00:00
3638,Summer,34.61,51.52,8.17,599.27,19,0.13,15.02,2023-06-01 14:00:00
3639,Summer,20.07,45.36,19.77,624.87,13,0.08,17.57,2023-06-01 15:00:00
3640,Summer,34.32,38.42,2.69,676.48,22,0.05,13.18,2023-06-01 16:00:00
3641,Summer,27.51,69.76,8.02,728.76,18,0.11,13.55,2023-06-01 17:00:00
3642,Summer,26.65,71.45,7.47,345.16,13,0.09,9.04,2023-06-01 18:00:00
3643,Summer,28.51,32.96,15.16,127.52,26,0.05,9.8,2023-06-01 19:00:00
3644,Summer,27.58,34.37,10.4,85.69,16,0.15,13.98,2023-06-01 20:00:00
3645,Summer,28.69,49.3,7.98,168.47,71,0.19,19.49,2023-06-01 21:00:00
3646,Summer,33.27,68.93,14.14,780.68,174,0.13,24.29,2023-06-01 22:00:00
3647,Summer,24.66,46.76,15.31,856.43,77,0.26,16.44,2023-06-01 23:00:00
3648,Summer,31.64,72.11,5.03,945.31,174,0.15,13.77,2023-06-02 00:00:00
3649,Summer,31.64,70.43,4.68,109.22,63,0.26,14.04,2023-06-02 01:00:00
3650,Summer,21.61,75.12,12.71,211.04,153,0.17,10.71,2023-06-02 02:00:00
3651,Summer,29.78,51.04,7.53,695.91,144,0.12,21.49,2023-06-02 03:00:00
3652,Summer,29.09,36.91,5.47,102.7,55,0.18,19.12,2023-06-02 04:00:00
3653,Summer,27.23,30.17,9.03,174.49,190,0.18,14.62,2023-06-02 05:00:00
3654,Summer,34.91,53.94,6.15,23.2,166,0.21,23.4,2023-06-02 06:00:00
3655,Summer,30.48,30.94,5.53,772.68,130,0.25,10.44,2023-06-02 07:00:00
3656,Summer,34.74,42.6,13.48,318.92,26,0.11,10.41,2023-06-02 08:00:00
3657,Summer,33.59,33.61,10.94,273.01,11,0.14,18.77,2023-06-02 09:00:00
3658,Summer,34.36,33.71,4.9,976.08,7,0.13,13.37,2023-06-02 10:00:00
3659,Summer,23.5,79.17,2.19,275.1,17,0.1,16.87,2023-06-02 11:00:00
3660,Summer,29.38,35.45,13.16,315.76,17,0.1,13.42,2023-06-02 12:00:00
3661,Summer,28.89,41.82,1.46,361.19,14,0.07,13.61,2023-06-02 13:00:00
3662,Summer,30.92,43.33,6.82,428.77,18,0.11,21.11,2023-06-02 14:00:00
3663,Summer,23.1,40.93,18.8,983.6,13,0.1,10.12,2023-06-02 15:00:00
3664,Summer,25.13,30.95,19.21,405.32,25,0.11,18.67,2023-06-02 16:00:00
3665,Summer,23.79,48.27,8.98,706.45,30,0.08,8.44,2023-06-02 17:00:00
3666,Summer,31.68,79.79,13.77,438.68,15,0.1,21.27,2023-06-02 18:00:00
3667,Summer,29.92,43.16,8.0,92.63,28,0.13,14.19,2023-06-02 19:00:00
3668,Summer,24.59,71.76,14.05,41.42,26,0.08,16.73,2023-06-02 20:00:00
3669,Summer,31.15,76.41,6.59,234.45,72,0.21,21.46,2023-06-02 21:00:00
3670,Summer,25.45,60.7,11.03,839.19,105,0.22,12.35,2023-06-02 22:00:00
3671,Summer,31.09,56.42,9.75,942.21,177,0.15,13.49,2023-06-02 23:00:00
3672,Summer,31.79,35.42,15.24,935.01,158,0.11,19.91,2023-06-03 00:00:00
3673,Summer,33.45,75.03,5.02,987.46,56,0.2,20.66,2023-06-03 01:00:00
3674,Summer,27.66,67.49,19.06,474.18,103,0.19,14.78,2023-06-03 02:00:00
3675,Summer,31.99,39.6,1.33,520.72,76,0.18,9.93,2023-06-03 03:00:00
3676,Summer,26.08,44.99,18.41,868.59,73,0.24,13.06,2023-06-03 04:00:00
3677,Summer,28.9,58.96,2.31,577.81,188,0.2,15.33,2023-06-03 05:00:00
3678,Summer,31.23,38.31,4.79,114.12,138,0.13,24.36,2023-06-03 06:00:00
3679,Summer,29.32,64.23,7.68,924.91,72,0.17,8.95,2023-06-03 07:00:00
3680,Summer,31.88,72.23,4.61,472.03,19,0.24,11.23,2023-06-03 08:00:00
3681,Summer,21.84,66.99,1.8,345.44,22,0.24,6.24,2023-06-03 09:00:00
3682,Summer,27.27,49.84,6.9,139.77,25,0.12,9.66,2023-06-03 10:00:00
3683,Summer,34.22,63.44,11.66,52.55,18,0.06,22.73,2023-06-03 11:00:00
3684,Summer,29.91,34.67,2.79,242.04,8,0.06,8.21,2023-06-03 12:00:00
3685,Summer,24.9,65.17,10.82,967.79,15,0.08,15.99,2023-06-03 13:00:00
3686,Summer,23.95,35.37,9.62,189.77,15,0.12,11.06,2023-06-03 14:00:00
3687,Summer,25.28,51.19,16.04,641.93,11,0.09,9.93,2023-06-03 15:00:00
3688,Summer,23.68,73.74,5.23,874.8,12,0.06,16.15,2023-06-03 16:00:00
3689,Summer,23.31,37.06,1.42,825.54,21,0.15,16.98,2023-06-03 17:00:00
3690,Summer,33.38,47.15,6.33,592.09,12,0.15,8.84,2023-06-03 18:00:00
3691,Summer,33.08,55.37,18.35,872.48,6,0.11,11.88,2023-06-03 19:00:00
3692,Summer,20.36,61.4,0.48,725.08,8,0.15,9.18,2023-06-03 20:00:00
3693,Summer,30.24,38.22,9.07,488.27,134,0.23,19.4,2023-06-03 21:00:00
3694,Summer,31.84,62.13,14.36,739.34,139,0.28,23.84,2023-06-03 22:00:00
3695,Summer,32.39,56.7,11.2,446.19,185,0.21,24.73,2023-06-03 23:00:00
3696,Summer,30.88,32.91,6.81,376.06,86,0.29,14.96,2023-06-04 00:00:00
3697,Summer,30.96,69.86,19.59,279.39,182,0.28,20.36,2023-06-04 01:00:00
3698,Summer,20.55,39.16,12.91,421.93,73,0.14,12.53,2023-06-04 02:00:00
3699,Summer,23.36,30.26,6.97,112.34,189,0.19,15.39,2023-06-04 03:00:00
3700,Summer,20.94,42.15,16.62,18.32,72,0.24,17.89,2023-06-04 04:00:00
3701,Summer,31.7,44.49,9.78,214.14,82,0.24,11.92,2023-06-04 05:00:00
3702,Summer,21.54,45.35,3.22,420.9,53,0.19,9.89,2023-06-04 06:00:00
3703,Summer,21.01,41.6,15.15,493.67,173,0.23,15.49,2023-06-04 07:00:00
3704,Summer,27.61,54.95,2.98,549.23,8,0.29,6.46,2023-06-04 08:00:00
3705,Summer,20.69,37.87,5.47,222.24,25,0.17,11.02,2023-06-04 09:00:00
3706,Summer,25.24,49.53,17.95,292.87,17,0.09,6.99,2023-06-04 10:00:00
3707,Summer,30.46,44.09,5.17,90.13,26,0.12,18.35,2023-06-04 11:00:00
3708,Summer,30.92,65.6,1.1,758.05,20,0.12,12.47,2023-06-04 12:00:00
3709,Summer,34.86,63.01,2.61,721.33,21,0.11,16.69,2023-06-04 13:00:00
3710,Summer,34.8,67.93,3.0,865.58,29,0.11,15.95,2023-06-04 14:00:00
3711,Summer,21.02,45.48,1.74,132.83,10,0.07,8.22,2023-06-04 15:00:00
3712,Summer,25.61,46.03,15.05,98.47,9,0.12,9.73,2023-06-04 16:00:00
3713,Summer,20.73,44.51,19.34,2.57,26,0.11,16.73,2023-06-04 17:00:00
3714,Summer,29.69,44.38,8.44,249.2,12,0.13,20.5,2023-06-04 18:00:00
3715,Summer,20.4,58.96,12.74,860.51,5,0.06,6.62,2023-06-04 19:00:00
3716,Summer,25.49,37.66,12.29,837.05,17,0.09,12.18,2023-06-04 20:00:00
3717,Summer,29.7,45.44,3.24,972.38,168,0.16,18.52,2023-06-04 21:00:00
3718,Summer,24.34,53.84,19.46,511.32,65,0.1,16.14,2023-06-04 22:00:00
3719,Summer,30.79,74.91,15.61,732.14,144,0.15,22.66,2023-06-04 23:00:00
3720,Summer,29.92,40.68,2.61,774.79,94,0.13,16.76,2023-06-05 00:00:00
3721,Summer,27.03,64.84,4.63,928.72,113,0.2,14.36,2023-06-05 01:00:00
3722,Summer,31.68,65.57,3.25,964.55,152,0.2,20.66,2023-06-05 02:00:00
3723,Summer,33.12,30.33,0.23,947.02,155,0.18,17.16,2023-06-05 03:00:00
3724,Summer,27.06,76.24,3.43,494.39,71,0.18,15.16,2023-06-05 04:00:00
3725,Summer,26.14,30.64,6.95,189.38,101,0.22,10.77,2023-06-05 05:00:00
3726,Summer,26.17,58.77,9.23,195.95,130,0.11,20.28,2023-06-05 06:00:00
3727,Summer,25.04,57.83,1.78,353.36,126,0.26,14.72,2023-06-05 07:00:00
3728,Summer,25.92,33.28,1.61,149.58,12,0.27,9.19,2023-06-05 08:00:00
3729,Summer,30.99,36.87,2.2,769.56,15,0.15,18.09,2023-06-05 09:00:00
3730,Summer,28.24,30.66,16.73,578.81,30,0.07,14.38,2023-06-05 10:00:00
3731,Summer,31.82,40.48,17.23,306.95,20,0.13,15.97,2023-06-05 11:00:00
3732,Summer,21.89,65.74,18.41,556.16,26,0.09,11.98,2023-06-05 12:00:00
3733,Summer,30.55,62.73,9.84,861.96,26,0.06,8.82,2023-06-05 13:00:00
3734,Summer,26.27,68.62,0.45,860.31,22,0.12,14.12,2023-06-05 14:00:00
3735,Summer,27.84,51.04,13.62,265.14,8,0.14,10.19,2023-06-05 15:00:00
3736,Summer,33.75,31.12,14.9,147.85,14,0.14,11.32,2023-06-05 16:00:00
3737,Summer,34.56,37.04,0.28,497.38,34,0.12,9.88,2023-06-05 17:00:00
3738,Summer,26.88,73.97,6.98,118.18,43,0.1,18.48,2023-06-05 18:00:00
3739,Summer,26.71,61.41,6.49,690.88,23,0.13,6.24,2023-06-05 19:00:00
3740,Summer,22.54,38.8,17.24,237.65,35,0.15,9.44,2023-06-05 20:00:00
3741,Summer,21.76,39.63,3.43,340.78,25,0.2,17.04,2023-06-05 21:00:00
3742,Summer,33.15,75.04,4.23,774.6,38,0.16,15.55,2023-06-05 22:00:00
3743,Summer,34.77,33.88,10.0,979.7,25,0.13,18.36,2023-06-05 23:00:00
3744,Summer,23.45,39.25,8.39,871.04,50,0.22,9.73,2023-06-06 00:00:00
3745,Summer,32.3,76.43,3.41,277.27,31,0.13,13.52,2023-06-06 01:00:00
3746,Summer,34.85,71.19,17.32,834.65,12,0.22,16.71,2023-06-06 02:00:00
3747,Summer,28.88,42.03,6.11,14.84,20,0.3,16.98,2023-06-06 03:00:00
3748,Summer,22.0,75.55,12.12,825.56,49,0.21,9.09,2023-06-06 04:00:00
3749,Summer,31.88,63.99,12.56,875.71,6,0.19,11.82,2023-06-06 05:00:00
3750,Summer,31.12,38.87,0.8,307.35,8,0.28,9.02,2023-06-06 06:00:00
3751,Summer,24.66,45.81,16.66,139.35,47,0.2,15.53,2023-06-06 07:00:00
3752,Summer,26.47,74.67,13.09,738.41,41,0.27,12.08,2023-06-06 08:00:00
3753,Summer,30.49,35.72,10.56,460.66,44,0.19,15.61,2023-06-06 09:00:00
3754,Summer,21.92,38.79,3.91,818.3,43,0.14,7.5,2023-06-06 10:00:00
3755,Summer,33.92,49.01,3.3,252.63,31,0.15,11.56,2023-06-06 11:00:00
3756,Summer,27.32,71.71,18.47,305.46,23,0.07,18.12,2023-06-06 12:00:00
3757,Summer,25.89,35.68,7.02,818.61,38,0.09,13.65,2023-06-06 13:00:00
3758,Summer,31.67,76.89,4.61,544.22,7,0.12,15.48,2023-06-06 14:00:00
3759,Summer,31.61,62.4,1.38,76.91,26,0.09,17.01,2023-06-06 15:00:00
3760,Summer,28.66,72.7,6.18,777.49,45,0.14,9.64,2023-06-06 16:00:00
3761,Summer,28.86,73.89,1.97,570.79,41,0.07,16.97,2023-06-06 17:00:00
3762,Summer,26.75,70.04,4.61,161.91,20,0.13,20.12,2023-06-06 18:00:00
3763,Summer,26.81,59.59,1.35,32.62,40,0.11,10.79,2023-06-06 19:00:00
3764,Summer,24.67,60.99,19.25,940.0,42,0.09,7.86,2023-06-06 20:00:00
3765,Summer,33.5,53.07,3.91,50.02,35,0.23,23.43,2023-06-06 21:00:00
3766,Summer,21.61,55.31,14.89,815.95,46,0.27,6.17,2023-06-06 22:00:00
3767,Summer,24.8,76.44,8.9,623.99,32,0.2,11.49,2023-06-06 23:00:00
3768,Summer,26.79,47.6,7.09,882.44,13,0.16,17.14,2023-06-07 00:00:00
3769,Summer,26.65,40.65,15.86,509.99,20,0.17,16.99,2023-06-07 01:00:00
3770,Summer,32.27,63.84,9.21,292.32,39,0.25,18.78,2023-06-07 02:00:00
3771,Summer,27.79,39.0,9.0,631.44,5,0.13,17.73,2023-06-07 03:00:00
3772,Summer,22.42,44.81,6.99,566.53,9,0.18,9.1,2023-06-07 04:00:00
3773,Summer,27.4,68.11,0.29,833.91,22,0.16,16.79,2023-06-07 05:00:00
3774,Summer,20.1,47.74,15.58,169.88,41,0.24,7.61,2023-06-07 06:00:00
3775,Summer,25.1,64.35,7.03,179.04,36,0.29,16.15,2023-06-07 07:00:00
3776,Summer,32.47,30.15,6.2,821.44,23,0.29,14.46,2023-06-07 08:00:00
3777,Summer,34.98,51.49,16.41,875.11,12,0.28,19.85,2023-06-07 09:00:00
3778,Summer,22.29,48.65,1.82,317.33,10,0.08,9.98,2023-06-07 10:00:00
3779,Summer,23.88,78.98,11.53,759.74,22,0.09,6.33,2023-06-07 11:00:00
3780,Summer,27.67,42.83,8.29,480.89,43,0.1,12.06,2023-06-07 12:00:00
3781,Summer,27.11,55.31,11.42,164.97,23,0.12,13.29,2023-06-07 13:00:00
3782,Summer,33.7,63.49,17.58,699.8,28,0.07,9.44,2023-06-07 14:00:00
3783,Summer,34.35,64.4,9.76,413.68,9,0.09,19.19,2023-06-07 15:00:00
3784,Summer,34.57,75.35,5.98,591.35,24,0.13,12.43,2023-06-07 16:00:00
3785,Summer,29.67,46.19,18.64,57.28,17,0.07,17.42,2023-06-07 17:00:00
3786,Summer,32.48,42.43,9.6,23.65,26,0.08,19.76,2023-06-07 18:00:00
3787,Summer,32.94,67.88,14.89,535.85,9,0.09,10.24,2023-06-07 19:00:00
3788,Summer,27.4,72.21,13.81,170.66,26,0.13,14.52,2023-06-07 20:00:00
3789,Summer,21.69,46.01,2.79,310.16,129,0.15,16.32,2023-06-07 21:00:00
3790,Summer,33.39,33.83,4.27,670.78,184,0.11,14.2,2023-06-07 22:00:00
3791,Summer,26.25,69.19,6.72,481.04,84,0.11,17.73,2023-06-07 23:00:00
3792,Summer,28.45,55.65,16.29,122.33,193,0.14,24.5,2023-06-08 00:00:00
3793,Summer,29.44,58.78,0.47,751.53,154,0.27,12.0,2023-06-08 01:00:00
3794,Summer,24.44,39.0,15.8,147.29,170,0.15,20.87,2023-06-08 02:00:00
3795,Summer,28.59,73.35,18.31,361.39,190,0.15,22.08,2023-06-08 03:00:00
3796,Summer,22.34,39.79,11.91,177.17,198,0.29,23.21,2023-06-08 04:00:00
3797,Summer,23.35,78.48,13.97,459.99,68,0.13,18.25,2023-06-08 05:00:00
3798,Summer,28.05,43.98,7.11,755.72,91,0.16,9.84,2023-06-08 06:00:00
3799,Summer,25.42,67.0,5.13,55.51,54,0.29,16.4,2023-06-08 07:00:00
3800,Summer,22.1,36.45,2.46,611.99,9,0.11,15.16,2023-06-08 08:00:00
3801,Summer,34.41,39.34,6.07,616.6,10,0.27,9.82,2023-06-08 09:00:00
3802,Summer,21.2,74.93,13.5,259.68,18,0.15,16.6,2023-06-08 10:00:00
3803,Summer,26.42,49.49,11.94,260.91,17,0.08,12.5,2023-06-08 11:00:00
3804,Summer,21.08,79.32,1.57,479.18,21,0.12,17.01,2023-06-08 12:00:00
3805,Summer,32.37,71.11,4.92,920.79,30,0.15,8.02,2023-06-08 13:00:00
3806,Summer,33.61,33.63,12.48,14.59,13,0.12,15.63,2023-06-08 14:00:00
3807,Summer,25.8,50.17,1.34,861.44,29,0.12,13.7,2023-06-08 15:00:00
3808,Summer,27.0,39.53,3.88,967.17,28,0.11,16.03,2023-06-08 16:00:00
3809,Summer,24.35,58.22,10.0,352.5,13,0.08,17.01,2023-06-08 17:00:00
3810,Summer,20.68,32.65,15.85,615.37,29,0.14,10.74,2023-06-08 18:00:00
3811,Summer,32.29,67.77,6.69,535.71,10,0.08,19.86,2023-06-08 19:00:00
3812,Summer,28.75,78.19,19.41,713.13,25,0.07,16.03,2023-06-08 20:00:00
3813,Summer,26.69,44.62,1.02,33.06,168,0.28,17.93,2023-06-08 21:00:00
3814,Summer,34.99,75.73,16.62,26.04,159,0.23,16.76,2023-06-08 22:00:00
3815,Summer,25.72,61.13,18.74,702.92,105,0.22,12.82,2023-06-08 23:00:00
3816,Summer,24.0,46.82,12.67,796.9,69,0.14,8.6,2023-06-09 00:00:00
3817,Summer,20.92,55.9,7.12,187.97,135,0.21,11.7,2023-06-09 01:00:00
3818,Summer,21.81,30.67,17.18,717.68,57,0.16,10.33,2023-06-09 02:00:00
3819,Summer,24.55,53.95,19.57,592.27,121,0.18,15.29,2023-06-09 03:00:00
3820,Summer,34.01,41.71,4.8,958.73,149,0.12,16.42,2023-06-09 04:00:00
3821,Summer,22.8,55.05,3.11,736.38,161,0.16,19.94,2023-06-09 05:00:00
3822,Summer,32.46,78.51,0.86,556.16,117,0.16,21.53,2023-06-09 06:00:00
3823,Summer,26.75,75.52,9.58,44.17,122,0.14,21.53,2023-06-09 07:00:00
3824,Summer,22.79,40.8,5.84,458.98,24,0.28,6.39,2023-06-09 08:00:00
3825,Summer,26.66,38.88,10.71,964.58,20,0.17,10.84,2023-06-09 09:00:00
3826,Summer,32.98,33.99,13.53,717.27,21,0.12,9.26,2023-06-09 10:00:00
3827,Summer,34.01,61.61,6.61,934.62,5,0.11,12.08,2023-06-09 11:00:00
3828,Summer,20.29,67.58,15.63,199.17,16,0.08,16.66,2023-06-09 12:00:00
3829,Summer,34.32,56.45,2.54,161.59,24,0.13,21.11,2023-06-09 13:00:00
3830,Summer,25.04,69.67,6.31,895.41,7,0.08,9.89,2023-06-09 14:00:00
3831,Summer,22.27,54.99,10.2,143.31,26,0.05,9.1,2023-06-09 15:00:00
3832,Summer,22.3,65.71,0.98,821.95,28,0.09,15.45,2023-06-09 16:00:00
3833,Summer,22.16,30.29,4.1,626.78,17,0.08,18.14,2023-06-09 17:00:00
3834,Summer,33.51,50.14,5.8,868.32,15,0.13,8.63,2023-06-09 18:00:00
3835,Summer,21.53,41.13,19.31,723.73,12,0.11,9.23,2023-06-09 19:00:00
3836,Summer,22.5,77.63,0.83,331.63,6,0.11,11.12,2023-06-09 20:00:00
3837,Summer,30.63,71.89,1.25,509.02,181,0.22,14.75,2023-06-09 21:00:00
3838,Summer,29.88,70.14,9.42,393.69,90,0.24,12.46,2023-06-09 22:00:00
3839,Summer,26.12,40.11,16.0,137.52,56,0.19,13.02,2023-06-09 23:00:00
3840,Summer,33.95,79.33,13.69,173.67,147,0.21,26.2,2023-06-10 00:00:00
3841,Summer,31.93,72.05,2.84,456.48,92,0.21,12.68,2023-06-10 01:00:00
3842,Summer,33.2,47.63,11.85,421.66,134,0.16,20.23,2023-06-10 02:00:00
3843,Summer,21.94,38.77,19.08,777.04,147,0.19,15.15,2023-06-10 03:00:00
3844,Summer,29.68,32.88,7.14,963.45,176,0.14,13.63,2023-06-10 04:00:00
3845,Summer,22.67,33.57,8.72,760.46,177,0.2,20.63,2023-06-10 05:00:00
3846,Summer,25.66,35.94,4.04,698.15,124,0.1,13.52,2023-06-10 06:00:00
3847,Summer,32.83,51.23,3.45,992.33,102,0.28,17.44,2023-06-10 07:00:00
3848,Summer,25.56,71.18,14.48,677.33,12,0.21,8.88,2023-06-10 08:00:00
3849,Summer,22.37,77.96,10.59,787.78,30,0.3,15.32,2023-06-10 09:00:00
3850,Summer,32.05,47.26,2.99,294.71,14,0.09,17.8,2023-06-10 10:00:00
3851,Summer,28.78,54.75,1.21,847.3,18,0.06,15.49,2023-06-10 11:00:00
3852,Summer,24.74,51.49,16.17,767.06,28,0.11,16.97,2023-06-10 12:00:00
3853,Summer,24.17,77.53,10.66,463.93,27,0.08,8.81,2023-06-10 13:00:00
3854,Summer,25.34,49.45,8.23,124.25,21,0.14,19.77,2023-06-10 14:00:00
3855,Summer,30.99,56.16,9.36,190.41,11,0.09,15.05,2023-06-10 15:00:00
3856,Summer,34.28,31.84,5.8,481.56,22,0.12,18.79,2023-06-10 16:00:00
3857,Summer,23.57,57.68,0.95,494.49,19,0.13,11.72,2023-06-10 17:00:00
3858,Summer,25.95,31.25,9.98,704.91,10,0.15,11.89,2023-06-10 18:00:00
3859,Summer,22.68,55.2,11.94,832.01,28,0.05,17.29,2023-06-10 19:00:00
3860,Summer,31.99,66.09,8.35,657.96,5,0.12,19.3,2023-06-10 20:00:00
3861,Summer,33.24,71.64,1.82,989.66,167,0.26,18.55,2023-06-10 21:00:00
3862,Summer,23.4,68.56,17.14,709.07,151,0.14,18.14,2023-06-10 22:00:00
3863,Summer,23.27,53.21,5.36,178.81,82,0.19,19.31,2023-06-10 23:00:00
3864,Summer,21.89,38.59,0.2,287.81,76,0.13,20.39,2023-06-11 00:00:00
3865,Summer,25.89,51.24,5.19,445.29,153,0.17,14.41,2023-06-11 01:00:00
3866,Summer,20.18,66.96,2.18,438.7,92,0.29,7.99,2023-06-11 02:00:00
3867,Summer,29.4,65.45,13.95,75.85,180,0.18,14.66,2023-06-11 03:00:00
3868,Summer,29.34,45.42,19.73,193.85,182,0.29,21.26,2023-06-11 04:00:00
3869,Summer,20.4,53.2,12.59,437.28,107,0.17,12.86,2023-06-11 05:00:00
3870,Summer,29.04,76.67,15.63,855.6,67,0.15,18.2,2023-06-11 06:00:00
3871,Summer,23.8,33.16,5.35,562.62,77,0.13,14.21,2023-06-11 07:00:00
3872,Summer,31.88,48.63,4.13,364.43,21,0.12,19.67,2023-06-11 08:00:00
3873,Summer,23.93,38.41,14.57,159.83,8,0.13,17.58,2023-06-11 09:00:00
3874,Summer,29.78,66.03,16.07,655.44,29,0.13,14.48,2023-06-11 10:00:00
3875,Summer,28.22,60.11,8.02,343.76,15,0.07,11.33,2023-06-11 11:00:00
3876,Summer,32.96,72.21,1.96,933.18,12,0.09,7.86,2023-06-11 12:00:00
3877,Summer,20.05,56.36,6.97,948.88,8,0.13,6.45,2023-06-11 13:00:00
3878,Summer,21.15,39.77,2.59,229.96,6,0.15,18.67,2023-06-11 14:00:00
3879,Summer,32.69,70.31,7.7,406.77,23,0.08,11.81,2023-06-11 15:00:00
3880,Summer,33.78,47.72,16.11,145.39,6,0.11,12.93,2023-06-11 16:00:00
3881,Summer,23.68,46.5,0.82,85.93,22,0.14,11.36,2023-06-11 17:00:00
3882,Summer,25.7,71.92,11.12,527.06,23,0.09,8.09,2023-06-11 18:00:00
3883,Summer,34.26,64.73,5.01,340.45,20,0.11,20.89,2023-06-11 19:00:00
3884,Summer,21.07,35.47,9.46,313.48,24,0.06,6.84,2023-06-11 20:00:00
3885,Summer,24.53,30.69,10.98,995.63,103,0.28,11.27,2023-06-11 21:00:00
3886,Summer,28.35,47.19,3.8,600.31,187,0.19,18.61,2023-06-11 22:00:00
3887,Summer,25.02,60.01,11.02,72.98,60,0.18,7.88,2023-06-11 23:00:00
3888,Summer,30.94,60.93,14.93,702.83,54,0.17,9.09,2023-06-12 00:00:00
3889,Summer,21.57,66.72,18.13,542.26,173,0.13,11.35,2023-06-12 01:00:00
3890,Summer,29.29,44.9,13.57,960.57,71,0.24,8.17,2023-06-12 02:00:00
3891,Summer,27.67,31.61,5.95,196.05,111,0.14,17.48,2023-06-12 03:00:00
3892,Summer,27.83,78.83,1.7,952.84,118,0.27,12.76,2023-06-12 04:00:00
3893,Summer,26.6,44.15,4.23,619.64,53,0.21,13.18,2023-06-12 05:00:00
3894,Summer,34.48,57.32,15.78,615.92,106,0.26,21.73,2023-06-12 06:00:00
3895,Summer,32.31,64.51,16.31,162.54,139,0.11,16.25,2023-06-12 07:00:00
3896,Summer,28.37,71.67,6.83,540.98,6,0.2,11.51,2023-06-12 08:00:00
3897,Summer,31.51,54.13,4.11,302.61,22,0.21,13.95,2023-06-12 09:00:00
3898,Summer,24.52,48.67,7.31,516.89,21,0.11,10.68,2023-06-12 10:00:00
3899,Summer,33.43,65.91,13.61,703.45,8,0.07,14.81,2023-06-12 11:00:00
3900,Summer,32.24,58.28,4.4,434.06,15,0.12,18.9,2023-06-12 12:00:00
3901,Summer,25.36,47.21,0.39,253.87,37,0.07,15.9,2023-06-12 13:00:00
3902,Summer,31.72,38.5,3.47,289.48,40,0.1,10.9,2023-06-12 14:00:00
3903,Summer,32.57,54.27,6.25,858.27,11,0.13,19.94,2023-06-12 15:00:00
3904,Summer,29.22,66.14,8.61,154.95,40,0.05,10.92,2023-06-12 16:00:00
3905,Summer,22.34,48.91,4.26,433.18,15,0.13,14.75,2023-06-12 17:00:00
3906,Summer,31.71,44.63,15.22,356.88,16,0.09,9.99,2023-06-12 18:00:00
3907,Summer,32.05,36.26,5.0,562.78,35,0.08,17.29,2023-06-12 19:00:00
3908,Summer,27.91,38.04,8.98,869.24,31,0.06,7.14,2023-06-12 20:00:00
3909,Summer,21.5,61.89,5.19,264.93,19,0.12,7.46,2023-06-12 21:00:00
3910,Summer,33.14,78.5,7.7,930.84,50,0.26,17.23,2023-06-12 22:00:00
3911,Summer,33.62,76.25,9.46,838.92,19,0.17,14.06,2023-06-12 23:00:00
3912,Summer,33.26,49.08,10.68,47.09,22,0.15,21.61,2023-06-13 00:00:00
3913,Summer,25.37,48.39,11.45,649.51,44,0.14,8.95,2023-06-13 01:00:00
3914,Summer,20.97,31.46,19.95,144.19,45,0.14,8.23,2023-06-13 02:00:00
3915,Summer,29.36,33.7,9.76,774.57,13,0.22,14.37,2023-06-13 03:00:00
3916,Summer,32.85,76.44,19.0,943.97,41,0.12,14.25,2023-06-13 04:00:00
3917,Summer,33.83,78.57,4.98,864.35,28,0.15,19.79,2023-06-13 05:00:00
3918,Summer,31.88,61.38,14.65,779.04,30,0.12,9.06,2023-06-13 06:00:00
3919,Summer,31.73,67.2,6.87,509.95,13,0.24,10.63,2023-06-13 07:00:00
3920,Summer,25.44,43.55,6.9,676.41,46,0.17,10.02,2023-06-13 08:00:00
3921,Summer,20.1,39.78,19.82,18.34,42,0.1,9.39,2023-06-13 09:00:00
3922,Summer,26.14,51.1,18.57,175.4,26,0.15,15.37,2023-06-13 10:00:00
3923,Summer,29.55,34.71,16.5,620.11,14,0.12,10.57,2023-06-13 11:00:00
3924,Summer,34.13,63.41,14.06,531.67,50,0.15,21.26,2023-06-13 12:00:00
3925,Summer,34.2,76.18,17.63,492.72,16,0.09,10.8,2023-06-13 13:00:00
3926,Summer,30.12,44.82,3.49,426.79,31,0.08,17.16,2023-06-13 14:00:00
3927,Summer,29.26,75.06,19.77,457.57,26,0.05,18.64,2023-06-13 15:00:00
3928,Summer,20.53,36.35,9.93,258.07,10,0.08,16.64,2023-06-13 16:00:00
3929,Summer,30.63,77.55,15.22,881.41,45,0.09,13.12,2023-06-13 17:00:00
3930,Summer,29.85,70.93,4.49,171.53,31,0.1,20.83,2023-06-13 18:00:00
3931,Summer,33.49,46.69,3.58,38.85,19,0.06,14.12,2023-06-13 19:00:00
3932,Summer,25.06,45.0,12.12,725.05,17,0.1,7.37,2023-06-13 20:00:00
3933,Summer,27.51,67.39,2.58,912.08,30,0.28,10.74,2023-06-13 21:00:00
3934,Summer,22.99,68.65,1.38,626.23,29,0.2,12.23,2023-06-13 22:00:00
3935,Summer,31.74,62.77,12.96,169.67,43,0.23,21.46,2023-06-13 23:00:00
3936,Summer,21.12,38.3,1.23,725.03,30,0.12,12.8,2023-06-14 00:00:00
3937,Summer,27.87,71.86,11.47,892.89,36,0.28,16.69,2023-06-14 01:00:00
3938,Summer,29.15,40.27,0.36,133.12,45,0.14,16.34,2023-06-14 02:00:00
3939,Summer,25.8,49.67,1.83,947.34,7,0.17,4.86,2023-06-14 03:00:00
3940,Summer,33.35,63.77,3.98,615.01,14,0.11,9.89,2023-06-14 04:00:00
3941,Summer,33.85,57.57,6.55,958.76,47,0.25,9.76,2023-06-14 05:00:00
3942,Summer,34.03,73.68,4.63,60.25,41,0.11,18.75,2023-06-14 06:00:00
3943,Summer,33.47,38.02,19.35,169.61,39,0.12,16.01,2023-06-14 07:00:00
3944,Summer,33.47,66.73,14.97,88.01,6,0.27,10.59,2023-06-14 08:00:00
3945,Summer,20.65,49.72,13.61,616.02,28,0.28,15.71,2023-06-14 09:00:00
3946,Summer,26.34,34.24,9.65,795.33,20,0.07,8.52,2023-06-14 10:00:00
3947,Summer,20.83,61.41,8.5,31.24,47,0.09,15.22,2023-06-14 11:00:00
3948,Summer,27.57,53.24,7.34,779.27,21,0.12,8.3,2023-06-14 12:00:00
3949,Summer,25.63,67.87,12.76,746.94,11,0.05,18.08,2023-06-14 13:00:00
3950,Summer,20.0,68.45,7.1,54.83,5,0.13,15.16,2023-06-14 14:00:00
3951,Summer,20.86,30.62,14.78,435.86,16,0.12,6.0,2023-06-14 15:00:00
3952,Summer,20.94,47.16,3.85,110.23,14,0.13,7.18,2023-06-14 16:00:00
3953,Summer,23.7,36.05,14.74,751.66,22,0.13,5.35,2023-06-14 17:00:00
3954,Summer,32.17,73.46,2.44,126.91,17,0.11,10.54,2023-06-14 18:00:00
3955,Summer,20.97,67.98,12.7,770.8,26,0.13,16.11,2023-06-14 19:00:00
3956,Summer,34.6,37.58,1.45,355.82,16,0.11,9.77,2023-06-14 20:00:00
3957,Summer,27.85,49.25,8.88,648.46,60,0.13,10.61,2023-06-14 21:00:00
3958,Summer,28.29,74.19,14.65,489.65,62,0.15,9.07,2023-06-14 22:00:00
3959,Summer,28.36,51.07,6.62,868.21,84,0.24,18.44,2023-06-14 23:00:00
3960,Summer,28.87,61.02,18.76,28.26,95,0.26,14.11,2023-06-15 00:00:00
3961,Summer,31.58,76.81,7.0,450.48,156,0.12,20.18,2023-06-15 01:00:00
3962,Summer,23.07,53.55,19.64,153.36,131,0.21,13.63,2023-06-15 02:00:00
3963,Summer,25.15,35.32,0.22,14.41,181,0.22,17.6,2023-06-15 03:00:00
3964,Summer,33.64,66.41,4.08,854.6,198,0.11,15.57,2023-06-15 04:00:00
3965,Summer,31.73,70.49,7.87,589.22,179,0.1,13.38,2023-06-15 05:00:00
3966,Summer,22.74,52.23,4.79,903.61,88,0.16,10.63,2023-06-15 06:00:00
3967,Summer,34.62,56.66,6.73,348.67,102,0.15,15.55,2023-06-15 07:00:00
3968,Summer,28.14,42.49,14.48,835.22,19,0.15,9.53,2023-06-15 08:00:00
3969,Summer,22.39,76.63,14.68,818.99,5,0.1,4.79,2023-06-15 09:00:00
3970,Summer,26.11,42.96,7.15,11.33,15,0.06,13.65,2023-06-15 10:00:00
3971,Summer,20.88,59.39,19.81,973.09,10,0.05,14.05,2023-06-15 11:00:00
3972,Summer,25.53,79.92,5.34,573.62,11,0.12,13.18,2023-06-15 12:00:00
3973,Summer,23.09,42.36,12.89,769.59,7,0.11,8.07,2023-06-15 13:00:00
3974,Summer,29.6,33.47,13.71,643.11,25,0.08,17.3,2023-06-15 14:00:00
3975,Summer,21.58,37.48,8.77,386.76,17,0.11,18.49,2023-06-15 15:00:00
3976,Summer,31.15,53.62,9.46,896.71,16,0.08,17.0,2023-06-15 16:00:00
3977,Summer,22.69,79.2,15.35,716.23,21,0.15,9.03,2023-06-15 17:00:00
3978,Summer,28.14,41.32,3.13,566.5,19,0.1,9.08,2023-06-15 18:00:00
3979,Summer,31.05,35.45,6.42,822.45,28,0.08,12.45,2023-06-15 19:00:00
3980,Summer,34.45,72.07,13.74,227.45,8,0.14,19.77,2023-06-15 20:00:00
3981,Summer,33.78,38.38,4.53,756.18,199,0.19,17.07,2023-06-15 21:00:00
3982,Summer,25.36,45.73,19.19,0.52,102,0.1,20.85,2023-06-15 22:00:00
3983,Summer,31.31,65.52,7.2,572.9,94,0.22,17.81,2023-06-15 23:00:00
3984,Summer,26.71,66.53,5.46,260.11,67,0.26,10.01,2023-06-16 00:00:00
3985,Summer,22.82,39.66,1.05,201.28,91,0.16,8.36,2023-06-16 01:00:00
3986,Summer,27.75,76.22,19.58,444.88,199,0.18,14.46,2023-06-16 02:00:00
3987,Summer,21.72,74.86,12.81,249.69,89,0.18,18.82,2023-06-16 03:00:00
3988,Summer,27.55,57.82,4.89,628.61,92,0.29,13.14,2023-06-16 04:00:00
3989,Summer,30.92,67.88,11.79,388.85,73,0.19,9.7,2023-06-16 05:00:00
3990,Summer,34.35,30.02,8.85,501.5,120,0.13,14.06,2023-06-16 06:00:00
3991,Summer,23.4,66.57,2.71,422.28,138,0.11,15.36,2023-06-16 07:00:00
3992,Summer,27.69,48.03,5.37,773.33,28,0.16,12.28,2023-06-16 08:00:00
3993,Summer,21.1,43.85,18.58,28.0,28,0.14,12.87,2023-06-16 09:00:00
3994,Summer,27.49,44.55,18.13,10.37,26,0.11,19.49,2023-06-16 10:00:00
3995,Summer,20.73,72.46,14.93,403.97,12,0.09,18.04,2023-06-16 11:00:00
3996,Summer,30.66,64.96,0.49,421.55,7,0.05,8.5,2023-06-16 12:00:00
3997,Summer,26.53,59.97,18.71,389.76,24,0.12,16.96,2023-06-16 13:00:00
3998,Summer,32.14,59.88,1.22,247.94,30,0.13,21.09,2023-06-16 14:00:00
3999,Summer,23.56,61.44,4.13,464.59,8,0.09,15.8,2023-06-16 15:00:00
4000,Summer,24.91,34.99,2.45,509.59,27,0.14,13.67,2023-06-16 16:00:00
4001,Summer,24.98,66.19,17.85,137.82,20,0.09,18.1,2023-06-16 17:00:00
4002,Summer,28.12,42.71,14.01,714.04,23,0.1,9.04,2023-06-16 18:00:00
4003,Summer,24.58,63.93,2.92,796.41,23,0.13,5.16,2023-06-16 19:00:00
4004,Summer,27.39,35.72,5.08,841.65,24,0.06,15.8,2023-06-16 20:00:00
4005,Summer,21.17,50.01,4.63,427.91,60,0.22,17.68,2023-06-16 21:00:00
4006,Summer,26.75,66.66,1.97,189.43,78,0.28,8.97,2023-06-16 22:00:00
4007,Summer,24.8,69.7,8.0,491.56,149,0.22,10.43,2023-06-16 23:00:00
4008,Summer,24.73,40.97,7.54,323.7,129,0.23,17.54,2023-06-17 00:00:00
4009,Summer,33.0,68.53,14.44,375.07,72,0.24,20.84,2023-06-17 01:00:00
4010,Summer,28.84,49.5,2.21,366.86,104,0.24,11.24,2023-06-17 02:00:00
4011,Summer,22.47,65.71,12.01,9.77,200,0.1,12.28,2023-06-17 03:00:00
4012,Summer,23.11,61.11,6.4,666.0,128,0.14,15.48,2023-06-17 04:00:00
4013,Summer,34.61,75.22,18.72,349.38,77,0.15,22.05,2023-06-17 05:00:00
4014,Summer,24.34,39.31,16.38,458.1,98,0.21,17.42,2023-06-17 06:00:00
4015,Summer,27.81,31.0,10.75,440.77,83,0.29,16.19,2023-06-17 07:00:00
4016,Summer,31.18,60.52,12.12,439.93,24,0.26,20.31,2023-06-17 08:00:00
4017,Summer,26.35,32.32,3.7,467.52,17,0.17,14.28,2023-06-17 09:00:00
4018,Summer,34.26,50.95,7.51,944.5,18,0.06,14.53,2023-06-17 10:00:00
4019,Summer,33.52,34.95,12.45,907.49,17,0.1,14.27,2023-06-17 11:00:00
4020,Summer,28.11,66.98,9.78,677.68,12,0.06,11.1,2023-06-17 12:00:00
4021,Summer,20.96,64.01,13.46,332.14,6,0.15,16.03,2023-06-17 13:00:00
4022,Summer,31.52,70.48,8.33,189.97,27,0.11,15.99,2023-06-17 14:00:00
4023,Summer,22.15,41.65,13.59,148.17,9,0.08,7.6,2023-06-17 15:00:00
4024,Summer,26.07,43.34,10.43,798.38,11,0.08,14.49,2023-06-17 16:00:00
4025,Summer,31.47,77.99,16.07,369.92,12,0.13,14.44,2023-06-17 17:00:00
4026,Summer,30.92,36.82,4.63,605.96,8,0.09,9.16,2023-06-17 18:00:00
4027,Summer,24.22,74.28,7.8,837.72,22,0.15,6.72,2023-06-17 19:00:00
4028,Summer,24.65,77.09,4.72,517.81,19,0.08,10.12,2023-06-17 20:00:00
4029,Summer,22.27,37.26,8.82,607.46,139,0.27,19.34,2023-06-17 21:00:00
4030,Summer,34.78,65.66,2.24,858.28,197,0.13,15.08,2023-06-17 22:00:00
4031,Summer,26.1,61.09,8.38,43.64,103,0.27,18.23,2023-06-17 23:00:00
4032,Summer,29.61,57.64,11.21,68.98,96,0.16,23.52,2023-06-18 00:00:00
4033,Summer,22.95,53.04,14.52,434.75,56,0.28,14.97,2023-06-18 01:00:00
4034,Summer,31.66,79.17,14.43,572.7,116,0.21,22.72,2023-06-18 02:00:00
4035,Summer,32.57,54.11,14.39,203.75,132,0.11,15.83,2023-06-18 03:00:00
4036,Summer,20.21,47.12,5.7,555.74,145,0.24,12.18,2023-06-18 04:00:00
4037,Summer,33.11,62.1,17.5,517.02,110,0.17,13.62,2023-06-18 05:00:00
4038,Summer,22.94,42.15,0.93,988.32,142,0.22,18.45,2023-06-18 06:00:00
4039,Summer,30.47,62.14,0.43,979.03,112,0.13,10.09,2023-06-18 07:00:00
4040,Summer,23.44,55.12,10.05,236.11,15,0.19,13.59,2023-06-18 08:00:00
4041,Summer,26.61,63.4,5.81,342.24,28,0.27,14.99,2023-06-18 09:00:00
4042,Summer,31.09,58.81,4.22,168.9,16,0.05,20.32,2023-06-18 10:00:00
4043,Summer,31.98,44.29,19.93,914.21,8,0.07,18.74,2023-06-18 11:00:00
4044,Summer,29.7,46.61,14.59,492.51,17,0.1,10.74,2023-06-18 12:00:00
4045,Summer,32.98,66.3,12.24,749.39,21,0.06,12.46,2023-06-18 13:00:00
4046,Summer,24.05,63.06,19.92,734.69,8,0.15,5.5,2023-06-18 14:00:00
4047,Summer,27.87,36.25,10.66,742.1,30,0.14,11.53,2023-06-18 15:00:00
4048,Summer,25.68,59.15,4.72,924.81,10,0.1,17.21,2023-06-18 16:00:00
4049,Summer,32.13,55.44,0.62,214.01,10,0.06,12.57,2023-06-18 17:00:00
4050,Summer,23.6,39.35,19.82,291.02,6,0.13,11.67,2023-06-18 18:00:00
4051,Summer,32.03,43.77,4.44,538.65,19,0.15,19.05,2023-06-18 19:00:00
4052,Summer,29.46,76.77,4.25,886.62,26,0.05,11.53,2023-06-18 20:00:00
4053,Summer,29.07,51.13,15.23,846.36,51,0.23,12.66,2023-06-18 21:00:00
4054,Summer,23.94,53.47,3.04,461.78,104,0.14,13.31,2023-06-18 22:00:00
4055,Summer,33.3,31.76,1.04,866.1,94,0.13,15.13,2023-06-18 23:00:00
4056,Summer,29.07,76.45,12.54,531.57,98,0.3,15.84,2023-06-19 00:00:00
4057,Summer,30.65,51.88,18.41,120.64,51,0.29,11.43,2023-06-19 01:00:00
4058,Summer,22.25,79.26,4.92,90.01,188,0.16,16.55,2023-06-19 02:00:00
4059,Summer,25.46,30.54,7.07,896.3,143,0.3,17.52,2023-06-19 03:00:00
4060,Summer,34.77,69.74,19.09,264.37,141,0.17,22.72,2023-06-19 04:00:00
4061,Summer,28.71,74.55,5.04,860.4,126,0.16,14.55,2023-06-19 05:00:00
4062,Summer,31.19,44.66,5.2,407.02,142,0.16,22.59,2023-06-19 06:00:00
4063,Summer,21.39,44.08,9.8,995.6,156,0.1,20.05,2023-06-19 07:00:00
4064,Summer,32.02,60.02,3.16,598.83,15,0.29,12.99,2023-06-19 08:00:00
4065,Summer,34.61,34.23,17.03,939.38,20,0.29,14.29,2023-06-19 09:00:00
4066,Summer,23.53,45.6,5.76,453.99,25,0.05,6.03,2023-06-19 10:00:00
4067,Summer,29.88,74.96,6.9,598.88,12,0.13,15.02,2023-06-19 11:00:00
4068,Summer,27.69,66.55,9.56,168.73,15,0.08,13.9,2023-06-19 12:00:00
4069,Summer,22.33,31.62,6.11,247.41,15,0.13,17.25,2023-06-19 13:00:00
4070,Summer,31.92,64.08,10.53,927.86,37,0.13,19.31,2023-06-19 14:00:00
4071,Summer,26.32,32.53,6.4,718.01,13,0.08,9.27,2023-06-19 15:00:00
4072,Summer,25.88,39.68,9.39,328.52,36,0.1,15.9,2023-06-19 16:00:00
4073,Summer,29.52,57.0,17.62,175.82,42,0.08,12.7,2023-06-19 17:00:00
4074,Summer,33.43,75.12,18.39,583.38,9,0.13,10.46,2023-06-19 18:00:00
4075,Summer,25.01,59.27,12.27,256.64,7,0.11,15.62,2023-06-19 19:00:00
4076,Summer,28.86,38.5,9.12,934.32,50,0.09,18.7,2023-06-19 20:00:00
4077,Summer,29.68,51.84,19.25,275.13,35,0.26,13.09,2023-06-19 21:00:00
4078,Summer,30.68,46.25,1.55,971.93,8,0.19,17.07,2023-06-19 22:00:00
4079,Summer,27.57,47.65,19.39,682.28,23,0.25,14.92,2023-06-19 23:00:00
4080,Summer,27.89,37.5,11.58,579.7,8,0.27,10.1,2023-06-20 00:00:00
4081,Summer,29.97,77.36,18.64,756.91,44,0.23,11.51,2023-06-20 01:00:00
4082,Summer,24.23,46.68,17.51,628.84,15,0.14,13.39,2023-06-20 02:00:00
4083,Summer,20.44,69.74,2.25,306.54,42,0.25,17.31,2023-06-20 03:00:00
4084,Summer,26.62,75.68,4.81,916.72,49,0.2,18.93,2023-06-20 04:00:00
4085,Summer,22.03,63.64,0.58,389.79,26,0.15,18.51,2023-06-20 05:00:00
4086,Summer,33.03,61.72,15.99,885.88,17,0.14,8.85,2023-06-20 06:00:00
4087,Summer,29.49,79.68,6.05,750.86,47,0.16,10.38,2023-06-20 07:00:00
4088,Summer,30.15,30.26,9.37,885.44,12,0.1,14.48,2023-06-20 08:00:00
4089,Summer,30.3,58.63,17.98,125.09,23,0.14,15.81,2023-06-20 09:00:00
4090,Summer,31.59,72.81,14.86,240.8,7,0.13,10.01,2023-06-20 10:00:00
4091,Summer,24.34,42.4,12.32,666.95,28,0.11,13.66,2023-06-20 11:00:00
4092,Summer,22.5,61.34,4.32,235.5,17,0.11,13.13,2023-06-20 12:00:00
4093,Summer,26.6,31.25,2.36,287.19,22,0.05,10.3,2023-06-20 13:00:00
4094,Summer,31.1,69.1,8.69,841.12,48,0.06,10.36,2023-06-20 14:00:00
4095,Summer,33.32,53.65,13.69,782.88,7,0.14,15.5,2023-06-20 15:00:00
4096,Summer,32.24,66.31,4.43,475.99,49,0.07,13.12,2023-06-20 16:00:00
4097,Summer,32.4,58.28,7.94,298.5,25,0.07,16.15,2023-06-20 17:00:00
4098,Summer,27.55,75.76,17.22,422.03,46,0.06,10.22,2023-06-20 18:00:00
4099,Summer,26.62,49.77,13.24,406.93,11,0.11,9.0,2023-06-20 19:00:00
4100,Summer,21.59,64.19,15.5,431.97,40,0.13,12.93,2023-06-20 20:00:00
4101,Summer,24.89,39.99,15.55,508.88,16,0.18,9.38,2023-06-20 21:00:00
4102,Summer,33.77,40.35,1.76,608.97,30,0.26,9.5,2023-06-20 22:00:00
4103,Summer,22.41,66.61,9.57,328.01,8,0.12,17.04,2023-06-20 23:00:00
4104,Summer,21.94,53.43,0.74,930.09,26,0.27,11.02,2023-06-21 00:00:00
4105,Summer,27.39,59.24,2.23,759.75,8,0.23,7.28,2023-06-21 01:00:00
4106,Summer,30.14,57.12,12.73,508.42,36,0.14,20.7,2023-06-21 02:00:00
4107,Summer,22.08,61.08,13.13,892.38,40,0.26,15.43,2023-06-21 03:00:00
4108,Summer,32.01,50.7,6.14,326.98,42,0.25,17.09,2023-06-21 04:00:00
4109,Summer,20.52,31.42,4.37,361.08,9,0.16,16.0,2023-06-21 05:00:00
4110,Summer,22.83,35.9,4.75,357.02,16,0.29,11.14,2023-06-21 06:00:00
4111,Summer,23.02,38.34,3.59,7.02,24,0.24,19.03,2023-06-21 07:00:00
4112,Summer,23.41,44.95,10.28,330.58,9,0.22,13.91,2023-06-21 08:00:00
4113,Summer,21.25,69.79,14.33,225.15,38,0.12,10.8,2023-06-21 09:00:00
4114,Summer,20.25,77.48,10.0,455.27,23,0.1,18.84,2023-06-21 10:00:00
4115,Summer,28.14,59.99,11.95,424.98,41,0.09,18.57,2023-06-21 11:00:00
4116,Summer,31.37,37.57,17.79,554.82,37,0.13,15.71,2023-06-21 12:00:00
4117,Summer,32.88,34.97,11.49,471.41,7,0.11,11.28,2023-06-21 13:00:00
4118,Summer,26.06,47.47,0.76,509.98,22,0.13,17.83,2023-06-21 14:00:00
4119,Summer,22.28,70.5,16.64,788.62,26,0.08,15.74,2023-06-21 15:00:00
4120,Summer,26.78,46.86,14.24,972.8,15,0.06,13.05,2023-06-21 16:00:00
4121,Summer,26.3,68.6,10.63,321.5,30,0.14,10.57,2023-06-21 17:00:00
4122,Summer,22.81,74.92,19.95,106.25,23,0.1,19.16,2023-06-21 18:00:00
4123,Summer,25.05,52.23,12.22,40.54,16,0.11,11.83,2023-06-21 19:00:00
4124,Summer,33.26,77.12,13.78,711.5,8,0.07,9.83,2023-06-21 20:00:00
4125,Summer,34.32,36.62,9.01,460.99,176,0.29,23.49,2023-06-21 21:00:00
4126,Summer,29.43,65.67,9.54,233.98,111,0.27,19.79,2023-06-21 22:00:00
4127,Summer,31.13,79.6,7.93,617.69,60,0.1,16.4,2023-06-21 23:00:00
4128,Summer,22.61,38.99,4.65,734.73,153,0.21,20.05,2023-06-22 00:00:00
4129,Summer,23.56,43.07,8.66,490.72,96,0.17,15.88,2023-06-22 01:00:00
4130,Summer,31.73,61.33,15.32,763.37,79,0.15,14.83,2023-06-22 02:00:00
4131,Summer,33.4,49.59,5.98,817.08,69,0.16,17.33,2023-06-22 03:00:00
4132,Summer,27.18,30.01,17.94,625.09,106,0.1,16.76,2023-06-22 04:00:00
4133,Summer,20.67,32.37,4.74,201.16,163,0.15,16.2,2023-06-22 05:00:00
4134,Summer,22.5,31.45,14.7,986.38,155,0.18,12.11,2023-06-22 06:00:00
4135,Summer,23.56,75.23,14.92,719.4,72,0.22,17.79,2023-06-22 07:00:00
4136,Summer,20.21,40.76,1.97,274.76,5,0.26,7.16,2023-06-22 08:00:00
4137,Summer,33.39,60.26,12.51,320.34,28,0.14,10.31,2023-06-22 09:00:00
4138,Summer,24.65,31.18,1.83,894.18,18,0.09,8.79,2023-06-22 10:00:00
4139,Summer,22.37,48.43,19.14,222.46,21,0.07,16.13,2023-06-22 11:00:00
4140,Summer,31.19,53.95,15.12,407.16,5,0.06,8.5,2023-06-22 12:00:00
4141,Summer,22.15,41.36,7.51,856.6,28,0.05,6.1,2023-06-22 13:00:00
4142,Summer,29.78,50.04,19.62,520.69,14,0.1,16.26,2023-06-22 14:00:00
4143,Summer,20.19,51.47,1.15,567.56,17,0.07,13.84,2023-06-22 15:00:00
4144,Summer,26.81,38.74,15.77,386.98,17,0.1,8.44,2023-06-22 16:00:00
4145,Summer,24.02,33.55,5.0,493.86,13,0.09,18.27,2023-06-22 17:00:00
4146,Summer,21.22,35.44,6.0,634.44,5,0.06,9.11,2023-06-22 18:00:00
4147,Summer,22.98,63.65,3.79,291.62,5,0.08,14.96,2023-06-22 19:00:00
4148,Summer,21.74,48.63,17.09,866.22,7,0.14,9.93,2023-06-22 20:00:00
4149,Summer,22.05,54.97,17.83,529.04,153,0.28,14.34,2023-06-22 21:00:00
4150,Summer,27.14,59.11,17.89,904.46,54,0.21,14.03,2023-06-22 22:00:00
4151,Summer,22.32,59.94,19.84,447.38,99,0.24,20.77,2023-06-22 23:00:00
4152,Summer,26.5,49.72,17.3,418.51,159,0.29,17.98,2023-06-23 00:00:00
4153,Summer,29.8,46.29,15.64,165.07,62,0.29,19.21,2023-06-23 01:00:00
4154,Summer,25.93,61.37,6.71,754.93,64,0.28,14.19,2023-06-23 02:00:00
4155,Summer,33.51,34.23,13.31,328.06,123,0.15,19.91,2023-06-23 03:00:00
4156,Summer,30.17,64.41,14.89,111.83,160,0.2,23.11,2023-06-23 04:00:00
4157,Summer,20.95,59.63,16.89,984.95,63,0.18,17.57,2023-06-23 05:00:00
4158,Summer,27.12,31.46,5.57,149.68,92,0.22,10.23,2023-06-23 06:00:00
4159,Summer,23.31,57.47,17.98,58.84,158,0.28,12.64,2023-06-23 07:00:00
4160,Summer,28.81,41.97,6.09,966.61,6,0.12,6.33,2023-06-23 08:00:00
4161,Summer,34.02,53.14,3.83,603.69,15,0.18,13.18,2023-06-23 09:00:00
4162,Summer,23.59,65.83,14.27,691.48,24,0.11,11.08,2023-06-23 10:00:00
4163,Summer,33.51,39.44,7.28,767.72,6,0.12,10.2,2023-06-23 11:00:00
4164,Summer,21.3,32.37,19.87,285.47,24,0.1,15.64,2023-06-23 12:00:00
4165,Summer,31.68,41.82,11.69,1.06,30,0.06,16.98,2023-06-23 13:00:00
4166,Summer,29.33,70.64,16.84,644.24,28,0.08,15.86,2023-06-23 14:00:00
4167,Summer,25.02,74.68,5.36,548.8,10,0.11,7.64,2023-06-23 15:00:00
4168,Summer,27.88,65.36,7.97,827.79,28,0.08,11.34,2023-06-23 16:00:00
4169,Summer,28.39,48.23,11.81,362.38,19,0.12,11.61,2023-06-23 17:00:00
4170,Summer,34.86,30.14,19.67,344.79,25,0.14,10.15,2023-06-23 18:00:00
4171,Summer,24.02,54.68,18.24,973.72,20,0.06,15.5,2023-06-23 19:00:00
4172,Summer,32.67,35.0,10.08,546.6,19,0.1,14.32,2023-06-23 20:00:00
4173,Summer,22.85,39.52,14.52,633.1,57,0.15,17.17,2023-06-23 21:00:00
4174,Summer,23.17,41.49,14.8,946.57,176,0.23,14.45,2023-06-23 22:00:00
4175,Summer,21.35,78.05,7.59,128.16,58,0.22,16.97,2023-06-23 23:00:00
4176,Summer,24.94,53.52,16.27,872.87,91,0.21,14.59,2023-06-24 00:00:00
4177,Summer,23.95,67.64,10.53,970.65,153,0.18,12.89,2023-06-24 01:00:00
4178,Summer,20.5,33.68,12.8,613.01,154,0.22,10.53,2023-06-24 02:00:00
4179,Summer,25.23,39.09,13.35,360.48,125,0.13,15.7,2023-06-24 03:00:00
4180,Summer,25.79,65.03,7.71,388.97,63,0.27,8.11,2023-06-24 04:00:00
4181,Summer,34.24,70.76,3.89,695.16,167,0.14,13.79,2023-06-24 05:00:00
4182,Summer,26.41,75.25,17.91,127.28,139,0.18,17.58,2023-06-24 06:00:00
4183,Summer,27.01,34.72,7.68,372.92,108,0.1,13.56,2023-06-24 07:00:00
4184,Summer,24.07,72.76,12.06,696.89,12,0.2,12.78,2023-06-24 08:00:00
4185,Summer,24.47,45.75,6.8,746.05,14,0.26,15.75,2023-06-24 09:00:00
4186,Summer,31.17,62.37,17.41,10.89,23,0.08,17.09,2023-06-24 10:00:00
4187,Summer,21.88,68.11,9.8,10.16,10,0.07,17.5,2023-06-24 11:00:00
4188,Summer,27.06,65.84,15.22,314.9,19,0.06,9.25,2023-06-24 12:00:00
4189,Summer,32.22,51.74,15.84,524.99,21,0.11,8.61,2023-06-24 13:00:00
4190,Summer,25.33,57.74,16.02,288.38,6,0.11,11.58,2023-06-24 14:00:00
4191,Summer,22.63,40.57,15.87,557.68,28,0.12,7.27,2023-06-24 15:00:00
4192,Summer,24.87,53.13,14.54,501.94,14,0.12,16.18,2023-06-24 16:00:00
4193,Summer,27.17,60.3,11.66,512.65,15,0.08,10.84,2023-06-24 17:00:00
4194,Summer,31.26,35.82,4.78,276.19,13,0.07,8.6,2023-06-24 18:00:00
4195,Summer,28.61,44.7,16.05,189.28,14,0.05,12.04,2023-06-24 19:00:00
4196,Summer,20.01,35.66,17.25,5.62,6,0.06,18.29,2023-06-24 20:00:00
4197,Summer,21.92,38.45,1.42,509.89,146,0.21,14.29,2023-06-24 21:00:00
4198,Summer,34.26,79.25,5.58,866.58,145,0.22,18.7,2023-06-24 22:00:00
4199,Summer,33.83,36.77,0.68,679.99,131,0.26,13.34,2023-06-24 23:00:00
4200,Summer,31.41,48.53,0.06,591.34,96,0.17,12.99,2023-06-25 00:00:00
4201,Summer,26.06,38.75,10.68,785.42,111,0.24,9.42,2023-06-25 01:00:00
4202,Summer,24.99,44.0,0.58,933.78,102,0.18,11.76,2023-06-25 02:00:00
4203,Summer,34.11,58.29,5.04,647.0,178,0.22,20.47,2023-06-25 03:00:00
4204,Summer,22.91,67.68,10.69,517.99,157,0.12,14.44,2023-06-25 04:00:00
4205,Summer,34.5,64.15,13.08,181.13,154,0.18,22.36,2023-06-25 05:00:00
4206,Summer,21.6,45.7,18.88,824.17,155,0.25,10.79,2023-06-25 06:00:00
4207,Summer,24.07,35.17,9.25,83.23,71,0.12,10.33,2023-06-25 07:00:00
4208,Summer,23.13,52.99,2.3,316.38,28,0.1,15.95,2023-06-25 08:00:00
4209,Summer,32.22,72.7,8.32,448.5,12,0.22,14.27,2023-06-25 09:00:00
4210,Summer,25.56,46.14,1.73,925.73,6,0.06,8.78,2023-06-25 10:00:00
4211,Summer,20.93,47.43,0.2,273.86,22,0.15,8.68,2023-06-25 11:00:00
4212,Summer,26.82,36.25,17.11,679.89,23,0.1,18.24,2023-06-25 12:00:00
4213,Summer,21.61,73.87,2.28,621.46,22,0.08,14.67,2023-06-25 13:00:00
4214,Summer,23.49,64.29,9.05,741.93,23,0.12,11.97,2023-06-25 14:00:00
4215,Summer,32.94,72.3,9.48,333.54,8,0.05,17.91,2023-06-25 15:00:00
4216,Summer,27.73,79.04,16.53,656.99,27,0.11,6.73,2023-06-25 16:00:00
4217,Summer,34.44,57.61,13.3,391.96,8,0.13,21.12,2023-06-25 17:00:00
4218,Summer,32.16,39.89,15.84,702.83,29,0.09,13.69,2023-06-25 18:00:00
4219,Summer,21.53,44.47,9.21,198.48,17,0.07,16.31,2023-06-25 19:00:00
4220,Summer,20.0,57.25,9.38,451.42,18,0.12,18.29,2023-06-25 20:00:00
4221,Summer,31.77,35.07,14.28,55.36,63,0.21,18.81,2023-06-25 21:00:00
4222,Summer,31.31,74.35,12.62,481.98,97,0.26,18.38,2023-06-25 22:00:00
4223,Summer,33.42,57.03,19.66,726.31,149,0.22,21.27,2023-06-25 23:00:00
4224,Summer,26.51,53.09,10.09,5.0,68,0.14,10.43,2023-06-26 00:00:00
4225,Summer,30.19,31.42,17.02,788.63,165,0.2,16.01,2023-06-26 01:00:00
4226,Summer,21.21,64.69,5.38,524.17,142,0.13,16.93,2023-06-26 02:00:00
4227,Summer,22.47,46.0,3.74,442.59,76,0.23,13.11,2023-06-26 03:00:00
4228,Summer,29.68,68.5,17.86,499.96,78,0.28,9.38,2023-06-26 04:00:00
4229,Summer,22.19,76.96,19.3,528.0,61,0.26,15.4,2023-06-26 05:00:00
4230,Summer,27.13,70.84,14.78,188.64,183,0.3,20.45,2023-06-26 06:00:00
4231,Summer,33.1,35.35,9.59,807.04,53,0.21,10.42,2023-06-26 07:00:00
4232,Summer,22.31,76.51,11.33,200.09,30,0.24,9.82,2023-06-26 08:00:00
4233,Summer,21.46,55.0,13.88,66.84,8,0.23,10.99,2023-06-26 09:00:00
4234,Summer,28.88,60.38,10.7,773.18,22,0.11,9.23,2023-06-26 10:00:00
4235,Summer,34.6,41.62,6.15,68.71,29,0.07,22.36,2023-06-26 11:00:00
4236,Summer,27.68,65.53,5.97,424.66,25,0.07,17.13,2023-06-26 12:00:00
4237,Summer,34.39,79.76,1.62,28.41,37,0.07,18.02,2023-06-26 13:00:00
4238,Summer,27.72,62.31,14.12,584.27,31,0.1,18.89,2023-06-26 14:00:00
4239,Summer,33.48,47.11,4.89,189.85,33,0.09,19.02,2023-06-26 15:00:00
4240,Summer,30.13,58.94,17.25,325.97,25,0.07,20.73,2023-06-26 16:00:00
4241,Summer,20.73,49.01,18.1,268.28,47,0.08,9.13,2023-06-26 17:00:00
4242,Summer,34.29,66.72,3.14,74.87,30,0.15,16.95,2023-06-26 18:00:00
4243,Summer,34.59,60.33,15.06,559.55,28,0.09,11.97,2023-06-26 19:00:00
4244,Summer,23.78,66.45,0.4,693.26,24,0.12,12.6,2023-06-26 20:00:00
4245,Summer,32.59,68.76,17.74,90.9,39,0.18,13.13,2023-06-26 21:00:00
4246,Summer,29.09,69.75,12.93,409.42,41,0.27,17.09,2023-06-26 22:00:00
4247,Summer,33.45,39.9,0.96,580.98,42,0.24,19.87,2023-06-26 23:00:00
4248,Summer,28.0,76.36,15.68,257.32,38,0.26,14.97,2023-06-27 00:00:00
4249,Summer,25.81,52.72,2.05,799.43,34,0.2,11.45,2023-06-27 01:00:00
4250,Summer,29.11,39.26,16.15,318.27,35,0.26,20.63,2023-06-27 02:00:00
4251,Summer,27.22,75.18,4.74,126.27,45,0.21,13.98,2023-06-27 03:00:00
4252,Summer,25.84,49.77,17.49,52.68,11,0.25,19.77,2023-06-27 04:00:00
4253,Summer,32.61,68.78,10.55,503.01,27,0.15,16.82,2023-06-27 05:00:00
4254,Summer,32.85,68.48,13.55,325.07,32,0.26,15.56,2023-06-27 06:00:00
4255,Summer,20.11,47.66,0.58,711.35,30,0.13,13.91,2023-06-27 07:00:00
4256,Summer,23.4,74.96,14.39,919.44,26,0.26,15.25,2023-06-27 08:00:00
4257,Summer,20.43,61.42,10.93,365.35,44,0.27,15.9,2023-06-27 09:00:00
4258,Summer,29.99,41.42,7.31,678.93,44,0.15,14.12,2023-06-27 10:00:00
4259,Summer,32.89,68.81,12.92,374.42,37,0.06,17.74,2023-06-27 11:00:00
4260,Summer,23.13,74.35,12.86,316.83,35,0.13,10.91,2023-06-27 12:00:00
4261,Summer,29.94,58.54,18.07,668.0,45,0.06,16.76,2023-06-27 13:00:00
4262,Summer,30.23,58.51,0.76,298.12,34,0.13,16.95,2023-06-27 14:00:00
4263,Summer,29.29,70.55,3.56,481.36,49,0.08,17.06,2023-06-27 15:00:00
4264,Summer,27.28,50.22,18.98,919.95,23,0.1,8.07,2023-06-27 16:00:00
4265,Summer,21.51,49.03,7.74,709.03,38,0.11,11.43,2023-06-27 17:00:00
4266,Summer,23.49,67.74,6.91,162.05,12,0.08,6.44,2023-06-27 18:00:00
4267,Summer,26.93,66.6,6.69,187.7,22,0.13,14.67,2023-06-27 19:00:00
4268,Summer,20.54,44.52,14.05,964.42,29,0.05,7.66,2023-06-27 20:00:00
4269,Summer,26.75,75.54,16.7,9.53,23,0.14,19.77,2023-06-27 21:00:00
4270,Summer,29.78,52.66,2.75,843.86,14,0.18,8.08,2023-06-27 22:00:00
4271,Summer,22.1,70.61,4.87,233.13,46,0.27,7.16,2023-06-27 23:00:00
4272,Summer,22.38,32.41,15.62,355.35,28,0.19,10.86,2023-06-28 00:00:00
4273,Summer,27.84,72.99,2.44,541.44,26,0.22,13.48,2023-06-28 01:00:00
4274,Summer,25.66,45.62,11.59,831.63,33,0.1,6.32,2023-06-28 02:00:00
4275,Summer,33.49,57.57,0.01,276.48,5,0.26,13.35,2023-06-28 03:00:00
4276,Summer,31.92,38.68,0.74,472.43,10,0.24,9.83,2023-06-28 04:00:00
4277,Summer,26.32,78.8,8.45,42.14,18,0.27,11.11,2023-06-28 05:00:00
4278,Summer,33.73,32.17,12.97,113.84,50,0.18,18.14,2023-06-28 06:00:00
4279,Summer,30.4,30.51,7.96,557.8,34,0.28,17.35,2023-06-28 07:00:00
4280,Summer,28.15,51.27,18.83,905.95,27,0.26,10.72,2023-06-28 08:00:00
4281,Summer,22.87,53.81,1.34,288.96,28,0.28,9.06,2023-06-28 09:00:00
4282,Summer,24.38,62.0,16.71,407.51,18,0.13,8.24,2023-06-28 10:00:00
4283,Summer,28.53,31.92,18.49,643.27,36,0.05,8.4,2023-06-28 11:00:00
4284,Summer,25.78,51.33,16.0,977.98,38,0.11,8.0,2023-06-28 12:00:00
4285,Summer,27.08,68.79,3.1,110.08,7,0.06,12.47,2023-06-28 13:00:00
4286,Summer,31.85,34.05,14.98,313.83,17,0.12,13.32,2023-06-28 14:00:00
4287,Summer,27.03,32.96,2.38,796.14,26,0.15,9.32,2023-06-28 15:00:00
4288,Summer,34.27,67.1,14.91,347.45,24,0.09,10.54,2023-06-28 16:00:00
4289,Summer,26.97,76.62,19.2,641.26,29,0.09,12.46,2023-06-28 17:00:00
4290,Summer,33.58,76.21,15.91,441.21,14,0.11,13.45,2023-06-28 18:00:00
4291,Summer,31.41,40.07,17.95,833.15,18,0.07,18.36,2023-06-28 19:00:00
4292,Summer,24.64,76.34,13.06,538.47,22,0.1,12.68,2023-06-28 20:00:00
4293,Summer,21.44,76.46,10.1,31.71,74,0.13,20.75,2023-06-28 21:00:00
4294,Summer,20.43,57.43,9.28,400.5,119,0.14,11.76,2023-06-28 22:00:00
4295,Summer,26.68,74.97,1.06,971.41,194,0.27,16.24,2023-06-28 23:00:00
4296,Summer,24.91,62.43,2.03,287.09,173,0.18,17.15,2023-06-29 00:00:00
4297,Summer,23.23,77.61,15.98,385.05,92,0.2,12.52,2023-06-29 01:00:00
4298,Summer,22.47,50.52,15.76,845.39,106,0.25,11.32,2023-06-29 02:00:00
4299,Summer,27.73,49.31,15.51,399.1,161,0.29,14.51,2023-06-29 03:00:00
4300,Summer,32.8,60.11,17.55,183.49,125,0.23,21.57,2023-06-29 04:00:00
4301,Summer,26.69,41.72,0.21,36.74,82,0.26,12.61,2023-06-29 05:00:00
4302,Summer,20.01,65.17,4.81,191.0,72,0.26,16.89,2023-06-29 06:00:00
4303,Summer,33.47,56.74,16.0,887.66,172,0.19,18.31,2023-06-29 07:00:00
4304,Summer,23.66,77.61,16.07,903.37,13,0.25,15.51,2023-06-29 08:00:00
4305,Summer,23.28,63.29,19.05,734.08,29,0.11,17.82,2023-06-29 09:00:00
4306,Summer,30.76,71.65,17.16,522.88,19,0.1,17.35,2023-06-29 10:00:00
4307,Summer,23.94,34.9,14.1,191.87,24,0.07,9.15,2023-06-29 11:00:00
4308,Summer,30.23,34.75,9.37,673.77,15,0.08,15.02,2023-06-29 12:00:00
4309,Summer,25.69,39.56,5.49,541.71,16,0.09,15.17,2023-06-29 13:00:00
4310,Summer,30.55,75.0,10.1,292.92,26,0.14,19.15,2023-06-29 14:00:00
4311,Summer,27.51,39.0,8.38,301.29,11,0.09,12.48,2023-06-29 15:00:00
4312,Summer,23.42,37.4,14.12,535.72,6,0.05,12.25,2023-06-29 16:00:00
4313,Summer,33.48,51.95,9.38,914.52,12,0.06,18.78,2023-06-29 17:00:00
4314,Summer,25.05,72.58,17.25,575.65,17,0.1,16.13,2023-06-29 18:00:00
4315,Summer,33.41,59.78,16.99,678.24,22,0.11,10.97,2023-06-29 19:00:00
4316,Summer,20.03,48.56,19.14,684.07,11,0.09,7.38,2023-06-29 20:00:00
4317,Summer,31.25,36.69,1.59,288.88,115,0.2,21.06,2023-06-29 21:00:00
4318,Summer,25.18,37.18,17.74,152.53,162,0.29,10.61,2023-06-29 22:00:00
4319,Summer,21.17,66.23,4.01,564.84,194,0.26,14.72,2023-06-29 23:00:00
4320,Summer,20.74,46.91,16.1,386.01,106,0.2,13.03,2023-06-30 00:00:00
4321,Summer,32.03,53.29,15.89,194.36,174,0.18,14.32,2023-06-30 01:00:00
4322,Summer,28.5,40.93,10.28,891.74,177,0.12,18.07,2023-06-30 02:00:00
4323,Summer,26.76,65.31,5.49,48.66,118,0.25,11.27,2023-06-30 03:00:00
4324,Summer,22.01,74.84,11.69,920.33,160,0.2,11.03,2023-06-30 04:00:00
4325,Summer,29.74,44.93,0.78,552.18,188,0.27,23.63,2023-06-30 05:00:00
4326,Summer,32.3,62.17,19.56,740.91,63,0.21,11.92,2023-06-30 06:00:00
4327,Summer,34.39,54.48,19.38,617.6,51,0.16,12.33,2023-06-30 07:00:00
4328,Summer,32.95,65.45,9.33,182.89,11,0.24,22.08,2023-06-30 08:00:00
4329,Summer,31.79,70.28,7.34,190.5,9,0.24,17.81,2023-06-30 09:00:00
4330,Summer,34.59,74.52,15.09,599.8,20,0.06,10.8,2023-06-30 10:00:00
4331,Summer,29.42,63.34,0.65,674.62,13,0.14,9.67,2023-06-30 11:00:00
4332,Summer,32.75,57.73,5.31,413.78,9,0.1,10.24,2023-06-30 12:00:00
4333,Summer,28.8,42.84,4.04,56.06,16,0.05,8.7,2023-06-30 13:00:00
4334,Summer,24.29,38.01,11.64,936.68,27,0.07,14.16,2023-06-30 14:00:00
4335,Summer,26.24,49.19,11.87,509.11,28,0.09,17.13,2023-06-30 15:00:00
4336,Summer,22.39,43.44,5.49,848.8,18,0.14,7.41,2023-06-30 16:00:00
4337,Summer,30.56,63.47,14.85,774.93,8,0.14,18.12,2023-06-30 17:00:00
4338,Summer,32.45,76.66,13.92,602.67,10,0.15,11.4,2023-06-30 18:00:00
4339,Summer,27.63,50.13,3.88,391.73,9,0.1,18.19,2023-06-30 19:00:00
4340,Summer,33.13,31.42,12.3,476.77,23,0.13,20.19,2023-06-30 20:00:00
4341,Summer,20.02,33.05,12.66,812.48,124,0.27,18.39,2023-06-30 21:00:00
4342,Summer,31.48,70.25,4.4,341.06,176,0.27,18.19,2023-06-30 22:00:00
4343,Summer,26.32,66.03,1.9,288.05,140,0.1,17.13,2023-06-30 23:00:00
4344,Summer,26.89,54.39,9.76,175.31,177,0.13,24.02,2023-07-01 00:00:00
4345,Summer,32.05,78.0,3.45,987.64,196,0.14,23.48,2023-07-01 01:00:00
4346,Summer,28.87,38.55,8.64,712.16,149,0.19,20.06,2023-07-01 02:00:00
4347,Summer,27.57,32.37,11.89,723.24,164,0.18,19.63,2023-07-01 03:00:00
4348,Summer,20.87,74.08,0.68,389.09,142,0.29,15.55,2023-07-01 04:00:00
4349,Summer,31.82,55.17,4.0,311.35,180,0.28,21.32,2023-07-01 05:00:00
4350,Summer,32.68,66.47,1.74,965.83,62,0.17,16.65,2023-07-01 06:00:00
4351,Summer,24.86,70.16,5.28,451.69,102,0.28,17.94,2023-07-01 07:00:00
4352,Summer,32.0,67.69,7.81,974.02,14,0.29,15.35,2023-07-01 08:00:00
4353,Summer,29.21,71.09,16.74,248.31,20,0.13,13.11,2023-07-01 09:00:00
4354,Summer,33.92,55.97,8.22,929.48,20,0.05,18.78,2023-07-01 10:00:00
4355,Summer,28.93,60.19,15.96,943.67,17,0.1,13.84,2023-07-01 11:00:00
4356,Summer,27.02,69.98,3.2,118.55,9,0.1,14.43,2023-07-01 12:00:00
4357,Summer,31.58,74.57,17.85,610.42,12,0.07,17.96,2023-07-01 13:00:00
4358,Summer,26.71,39.26,3.5,319.81,26,0.15,12.46,2023-07-01 14:00:00
4359,Summer,30.01,74.27,7.6,535.05,14,0.11,7.96,2023-07-01 15:00:00
4360,Summer,28.07,53.0,8.27,360.76,9,0.07,10.24,2023-07-01 16:00:00
4361,Summer,23.29,61.16,14.62,16.63,27,0.09,13.35,2023-07-01 17:00:00
4362,Summer,31.79,44.21,12.22,766.56,29,0.06,20.14,2023-07-01 18:00:00
4363,Summer,23.61,73.33,7.44,278.46,11,0.1,10.99,2023-07-01 19:00:00
4364,Summer,32.7,74.59,11.82,140.69,26,0.06,14.9,2023-07-01 20:00:00
4365,Summer,34.86,65.51,4.68,486.97,152,0.16,13.95,2023-07-01 21:00:00
4366,Summer,28.18,31.66,0.95,861.66,106,0.11,14.21,2023-07-01 22:00:00
4367,Summer,20.47,72.97,3.25,696.87,134,0.11,14.41,2023-07-01 23:00:00
4368,Summer,29.67,50.91,15.21,404.79,154,0.18,15.24,2023-07-02 00:00:00
4369,Summer,27.38,73.07,6.41,761.25,111,0.11,12.75,2023-07-02 01:00:00
4370,Summer,29.1,72.93,12.31,874.68,123,0.13,16.85,2023-07-02 02:00:00
4371,Summer,32.75,63.29,15.04,582.38,61,0.3,15.17,2023-07-02 03:00:00
4372,Summer,20.34,64.38,19.41,612.42,124,0.22,15.12,2023-07-02 04:00:00
4373,Summer,34.77,30.36,18.08,856.41,119,0.22,18.85,2023-07-02 05:00:00
4374,Summer,23.41,48.31,10.38,428.06,164,0.27,13.7,2023-07-02 06:00:00
4375,Summer,24.21,70.37,17.78,710.26,175,0.13,16.77,2023-07-02 07:00:00
4376,Summer,27.96,36.37,18.05,703.64,10,0.28,6.34,2023-07-02 08:00:00
4377,Summer,20.65,60.36,4.54,49.16,6,0.16,8.4,2023-07-02 09:00:00
4378,Summer,31.49,46.13,15.79,312.33,30,0.13,10.49,2023-07-02 10:00:00
4379,Summer,25.86,65.0,16.54,266.04,5,0.09,17.84,2023-07-02 11:00:00
4380,Summer,34.21,31.87,18.3,857.85,16,0.11,12.51,2023-07-02 12:00:00
4381,Summer,27.28,36.84,18.89,617.87,19,0.12,15.55,2023-07-02 13:00:00
4382,Summer,27.79,48.41,12.79,782.59,25,0.1,15.16,2023-07-02 14:00:00
4383,Summer,21.24,70.9,19.14,584.09,29,0.08,17.72,2023-07-02 15:00:00
4384,Summer,34.98,53.57,5.0,646.88,11,0.14,17.11,2023-07-02 16:00:00
4385,Summer,33.09,34.43,5.98,866.49,26,0.11,19.18,2023-07-02 17:00:00
4386,Summer,29.76,50.3,16.68,835.77,15,0.12,13.11,2023-07-02 18:00:00
4387,Summer,23.0,42.58,4.87,109.37,17,0.1,14.5,2023-07-02 19:00:00
4388,Summer,21.21,78.19,2.4,928.39,11,0.09,8.39,2023-07-02 20:00:00
4389,Summer,34.31,72.42,7.96,77.1,161,0.2,16.68,2023-07-02 21:00:00
4390,Summer,28.7,58.99,3.42,848.8,144,0.17,21.13,2023-07-02 22:00:00
4391,Summer,27.89,75.36,9.11,894.54,119,0.15,17.44,2023-07-02 23:00:00
4392,Summer,27.78,70.82,12.19,401.49,100,0.2,10.31,2023-07-03 00:00:00
4393,Summer,20.31,39.48,18.55,86.23,129,0.19,10.03,2023-07-03 01:00:00
4394,Summer,28.06,48.97,10.74,443.83,163,0.29,12.57,2023-07-03 02:00:00
4395,Summer,29.77,68.89,3.67,294.66,78,0.19,13.24,2023-07-03 03:00:00
4396,Summer,27.33,40.22,6.5,893.92,177,0.25,12.94,2023-07-03 04:00:00
4397,Summer,33.65,77.39,18.94,836.97,169,0.2,15.77,2023-07-03 05:00:00
4398,Summer,26.12,78.02,10.9,292.63,92,0.2,9.89,2023-07-03 06:00:00
4399,Summer,30.61,61.97,17.35,496.56,66,0.28,16.25,2023-07-03 07:00:00
4400,Summer,33.61,53.9,3.86,851.98,7,0.29,12.7,2023-07-03 08:00:00
4401,Summer,23.54,49.85,15.78,616.21,23,0.24,7.02,2023-07-03 09:00:00
4402,Summer,30.95,51.0,18.72,642.65,22,0.1,15.45,2023-07-03 10:00:00
4403,Summer,23.64,66.38,7.88,281.33,27,0.1,12.38,2023-07-03 11:00:00
4404,Summer,26.71,77.91,0.64,307.12,19,0.11,15.06,2023-07-03 12:00:00
4405,Summer,30.24,57.81,17.27,350.3,41,0.09,15.97,2023-07-03 13:00:00
4406,Summer,24.47,35.78,14.73,322.21,11,0.15,17.94,2023-07-03 14:00:00
4407,Summer,20.01,44.44,13.48,20.11,42,0.12,12.99,2023-07-03 15:00:00
4408,Summer,30.56,72.63,7.01,323.11,22,0.1,18.91,2023-07-03 16:00:00
4409,Summer,31.5,56.62,9.71,155.37,22,0.08,13.54,2023-07-03 17:00:00
4410,Summer,20.58,36.51,8.81,480.33,12,0.1,14.79,2023-07-03 18:00:00
4411,Summer,23.25,48.08,17.13,662.48,5,0.06,6.96,2023-07-03 19:00:00
4412,Summer,27.58,52.58,13.77,733.2,28,0.11,15.51,2023-07-03 20:00:00
4413,Summer,28.69,41.0,0.86,886.64,10,0.22,15.2,2023-07-03 21:00:00
4414,Summer,23.12,35.25,16.04,321.5,23,0.21,19.23,2023-07-03 22:00:00
4415,Summer,32.63,51.31,12.37,36.41,48,0.28,10.95,2023-07-03 23:00:00
4416,Summer,28.43,38.42,11.01,316.72,10,0.29,9.42,2023-07-04 00:00:00
4417,Summer,34.07,37.45,5.07,829.51,35,0.12,16.76,2023-07-04 01:00:00
4418,Summer,24.25,32.68,11.99,381.82,37,0.14,15.2,2023-07-04 02:00:00
4419,Summer,34.97,74.34,9.37,485.57,6,0.14,10.68,2023-07-04 03:00:00
4420,Summer,29.36,66.06,15.15,583.27,27,0.21,14.9,2023-07-04 04:00:00
4421,Summer,34.61,74.97,2.74,423.72,5,0.28,12.58,2023-07-04 05:00:00
4422,Summer,26.98,48.95,7.64,431.6,5,0.2,7.63,2023-07-04 06:00:00
4423,Summer,28.91,57.62,10.48,474.79,12,0.29,13.54,2023-07-04 07:00:00
4424,Summer,32.21,66.41,11.91,509.3,32,0.19,14.59,2023-07-04 08:00:00
4425,Summer,25.46,76.09,19.29,187.24,41,0.28,10.39,2023-07-04 09:00:00
4426,Summer,26.48,42.88,3.51,377.91,32,0.13,10.4,2023-07-04 10:00:00
4427,Summer,24.31,55.55,16.52,34.77,41,0.14,19.42,2023-07-04 11:00:00
4428,Summer,25.83,31.28,8.02,373.89,39,0.09,9.94,2023-07-04 12:00:00
4429,Summer,30.83,79.9,7.91,124.49,22,0.13,16.16,2023-07-04 13:00:00
4430,Summer,31.22,45.28,0.4,631.46,34,0.15,19.01,2023-07-04 14:00:00
4431,Summer,20.87,31.49,10.31,697.09,13,0.09,12.82,2023-07-04 15:00:00
4432,Summer,22.97,79.89,8.13,482.42,25,0.1,15.51,2023-07-04 16:00:00
4433,Summer,23.48,73.62,3.29,357.54,9,0.1,13.94,2023-07-04 17:00:00
4434,Summer,29.98,62.1,19.18,639.99,9,0.07,9.09,2023-07-04 18:00:00
4435,Summer,33.96,39.92,6.55,665.62,16,0.12,10.66,2023-07-04 19:00:00
4436,Summer,23.66,49.83,11.03,259.92,42,0.06,15.3,2023-07-04 20:00:00
4437,Summer,22.31,62.46,14.56,578.24,45,0.2,14.9,2023-07-04 21:00:00
4438,Summer,33.45,52.36,18.5,751.86,35,0.21,10.29,2023-07-04 22:00:00
4439,Summer,33.63,75.12,3.86,412.21,21,0.17,19.78,2023-07-04 23:00:00
4440,Summer,30.72,67.4,8.55,723.52,44,0.29,13.53,2023-07-05 00:00:00
4441,Summer,23.57,63.17,10.5,722.54,20,0.13,5.66,2023-07-05 01:00:00
4442,Summer,27.59,49.94,2.75,980.54,12,0.29,12.76,2023-07-05 02:00:00
4443,Summer,32.62,74.03,7.66,878.68,20,0.25,17.18,2023-07-05 03:00:00
4444,Summer,34.46,37.73,19.39,699.56,18,0.15,11.56,2023-07-05 04:00:00
4445,Summer,29.15,49.83,1.99,477.7,20,0.22,15.63,2023-07-05 05:00:00
4446,Summer,26.95,40.46,15.24,776.05,7,0.17,15.3,2023-07-05 06:00:00
4447,Summer,32.89,49.5,1.18,645.94,10,0.19,10.97,2023-07-05 07:00:00
4448,Summer,26.09,47.77,10.16,161.23,45,0.21,8.48,2023-07-05 08:00:00
4449,Summer,30.74,48.71,7.8,297.66,25,0.18,20.79,2023-07-05 09:00:00
4450,Summer,30.97,44.84,7.73,421.6,46,0.15,16.97,2023-07-05 10:00:00
4451,Summer,33.21,35.59,0.24,146.71,50,0.1,11.15,2023-07-05 11:00:00
4452,Summer,25.11,30.87,7.21,252.01,9,0.15,10.7,2023-07-05 12:00:00
4453,Summer,22.73,43.96,7.47,156.76,17,0.1,15.68,2023-07-05 13:00:00
4454,Summer,27.51,42.96,17.01,395.28,21,0.11,7.7,2023-07-05 14:00:00
4455,Summer,21.47,39.93,10.74,618.65,28,0.1,8.34,2023-07-05 15:00:00
4456,Summer,25.8,39.48,12.4,880.28,7,0.05,6.76,2023-07-05 16:00:00
4457,Summer,22.04,43.57,10.69,829.47,24,0.06,15.47,2023-07-05 17:00:00
4458,Summer,34.8,75.99,11.07,232.13,27,0.12,17.13,2023-07-05 18:00:00
4459,Summer,20.9,50.07,18.09,688.67,29,0.09,11.27,2023-07-05 19:00:00
4460,Summer,25.02,59.28,1.3,220.88,14,0.09,12.9,2023-07-05 20:00:00
4461,Summer,27.72,35.83,9.01,244.29,107,0.16,18.78,2023-07-05 21:00:00
4462,Summer,34.16,63.89,9.89,904.58,56,0.11,13.74,2023-07-05 22:00:00
4463,Summer,33.46,77.59,9.43,987.53,56,0.24,13.15,2023-07-05 23:00:00
4464,Summer,26.06,55.05,2.57,446.89,53,0.16,18.61,2023-07-06 00:00:00
4465,Summer,34.13,73.65,18.25,783.48,90,0.18,21.15,2023-07-06 01:00:00
4466,Summer,26.93,57.34,8.09,790.51,196,0.2,13.65,2023-07-06 02:00:00
4467,Summer,21.16,65.29,8.24,704.71,83,0.2,13.8,2023-07-06 03:00:00
4468,Summer,29.99,51.42,11.11,52.01,66,0.2,17.63,2023-07-06 04:00:00
4469,Summer,20.52,42.1,17.38,855.2,109,0.22,14.41,2023-07-06 05:00:00
4470,Summer,23.32,34.07,2.16,470.17,160,0.17,19.06,2023-07-06 06:00:00
4471,Summer,28.64,53.13,9.31,103.49,70,0.18,11.66,2023-07-06 07:00:00
4472,Summer,32.86,34.31,11.94,993.55,29,0.26,17.63,2023-07-06 08:00:00
4473,Summer,20.88,76.2,13.97,243.5,19,0.23,13.29,2023-07-06 09:00:00
4474,Summer,25.67,66.75,4.17,518.01,25,0.13,13.55,2023-07-06 10:00:00
4475,Summer,29.72,50.7,15.48,287.56,24,0.11,14.29,2023-07-06 11:00:00
4476,Summer,33.34,62.83,3.07,597.34,7,0.1,14.19,2023-07-06 12:00:00
4477,Summer,28.89,44.12,15.46,591.42,18,0.09,9.74,2023-07-06 13:00:00
4478,Summer,31.34,77.39,12.77,36.42,26,0.08,20.29,2023-07-06 14:00:00
4479,Summer,24.0,70.2,9.95,105.42,30,0.06,16.67,2023-07-06 15:00:00
4480,Summer,21.06,44.91,17.17,713.85,7,0.06,12.3,2023-07-06 16:00:00
4481,Summer,20.88,51.78,3.27,306.2,21,0.11,9.17,2023-07-06 17:00:00
4482,Summer,22.58,61.47,4.94,483.98,20,0.11,12.68,2023-07-06 18:00:00
4483,Summer,24.79,79.01,5.66,687.61,13,0.09,5.93,2023-07-06 19:00:00
4484,Summer,32.61,57.94,0.78,491.63,23,0.08,18.23,2023-07-06 20:00:00
4485,Summer,24.72,31.42,16.68,738.67,124,0.26,19.36,2023-07-06 21:00:00
4486,Summer,31.94,76.59,14.31,333.55,185,0.14,15.7,2023-07-06 22:00:00
4487,Summer,32.5,43.24,3.33,794.65,121,0.25,21.72,2023-07-06 23:00:00
4488,Summer,33.18,30.07,10.11,620.18,114,0.28,12.34,2023-07-07 00:00:00
4489,Summer,26.19,72.34,5.5,44.21,196,0.29,16.92,2023-07-07 01:00:00
4490,Summer,25.48,59.97,2.42,973.1,133,0.22,8.56,2023-07-07 02:00:00
4491,Summer,23.41,47.33,13.94,107.97,156,0.24,20.89,2023-07-07 03:00:00
4492,Summer,23.25,39.36,14.6,796.15,197,0.24,21.09,2023-07-07 04:00:00
4493,Summer,32.82,68.87,14.42,942.53,84,0.3,11.25,2023-07-07 05:00:00
4494,Summer,34.75,76.57,2.7,142.27,193,0.2,24.58,2023-07-07 06:00:00
4495,Summer,23.55,31.68,3.3,983.51,165,0.21,12.0,2023-07-07 07:00:00
4496,Summer,34.44,74.87,18.42,474.21,21,0.14,15.21,2023-07-07 08:00:00
4497,Summer,34.04,69.81,16.87,850.78,21,0.23,12.43,2023-07-07 09:00:00
4498,Summer,25.8,47.14,15.64,95.01,6,0.07,11.39,2023-07-07 10:00:00
4499,Summer,24.49,71.51,3.48,1.12,10,0.1,7.88,2023-07-07 11:00:00
4500,Summer,33.68,66.14,15.32,926.39,7,0.06,13.05,2023-07-07 12:00:00
4501,Summer,27.34,58.32,11.51,13.28,5,0.09,13.73,2023-07-07 13:00:00
4502,Summer,26.75,33.94,9.25,471.22,13,0.08,14.19,2023-07-07 14:00:00
4503,Summer,22.77,76.48,19.44,685.2,11,0.14,7.25,2023-07-07 15:00:00
4504,Summer,28.72,32.35,18.51,267.48,17,0.14,8.74,2023-07-07 16:00:00
4505,Summer,29.98,36.64,7.24,162.02,6,0.08,16.4,2023-07-07 17:00:00
4506,Summer,24.75,59.17,2.61,401.61,29,0.11,6.22,2023-07-07 18:00:00
4507,Summer,23.47,54.73,5.33,171.45,18,0.08,9.9,2023-07-07 19:00:00
4508,Summer,31.26,62.24,9.9,152.54,30,0.09,12.19,2023-07-07 20:00:00
4509,Summer,29.14,30.43,2.8,182.1,58,0.3,14.4,2023-07-07 21:00:00
4510,Summer,23.51,58.21,9.15,77.51,158,0.3,23.11,2023-07-07 22:00:00
4511,Summer,31.32,40.5,9.1,658.68,163,0.17,22.83,2023-07-07 23:00:00
4512,Summer,33.52,44.64,16.91,614.95,143,0.29,23.01,2023-07-08 00:00:00
4513,Summer,23.49,47.9,15.64,432.8,80,0.15,12.27,2023-07-08 01:00:00
4514,Summer,29.23,47.64,18.62,591.96,143,0.16,21.62,2023-07-08 02:00:00
4515,Summer,20.62,72.5,15.59,885.11,80,0.27,12.32,2023-07-08 03:00:00
4516,Summer,21.98,64.68,7.86,14.15,189,0.15,13.57,2023-07-08 04:00:00
4517,Summer,25.55,79.58,8.67,507.11,112,0.27,19.38,2023-07-08 05:00:00
4518,Summer,20.7,52.97,19.68,943.56,126,0.18,15.72,2023-07-08 06:00:00
4519,Summer,26.82,61.97,19.41,362.58,98,0.21,21.75,2023-07-08 07:00:00
4520,Summer,34.24,58.87,4.8,148.05,18,0.17,20.49,2023-07-08 08:00:00
4521,Summer,28.81,51.97,16.27,23.18,10,0.26,9.94,2023-07-08 09:00:00
4522,Summer,33.37,76.22,3.06,824.9,24,0.12,10.15,2023-07-08 10:00:00
4523,Summer,29.67,71.66,19.82,817.13,29,0.15,9.97,2023-07-08 11:00:00
4524,Summer,33.49,40.87,12.37,393.11,19,0.07,10.01,2023-07-08 12:00:00
4525,Summer,32.51,44.46,1.88,297.19,12,0.15,16.68,2023-07-08 13:00:00
4526,Summer,28.01,61.54,2.15,280.08,20,0.05,9.15,2023-07-08 14:00:00
4527,Summer,29.36,76.61,18.52,485.91,6,0.14,16.89,2023-07-08 15:00:00
4528,Summer,34.96,51.32,17.27,839.26,23,0.12,18.76,2023-07-08 16:00:00
4529,Summer,26.84,58.25,15.77,854.06,25,0.06,16.08,2023-07-08 17:00:00
4530,Summer,29.64,57.62,12.75,914.75,29,0.12,6.94,2023-07-08 18:00:00
4531,Summer,24.41,38.11,1.09,641.54,13,0.05,13.99,2023-07-08 19:00:00
4532,Summer,24.45,64.13,9.5,25.13,25,0.09,11.83,2023-07-08 20:00:00
4533,Summer,33.8,53.01,10.4,447.87,193,0.12,16.1,2023-07-08 21:00:00
4534,Summer,30.28,32.88,17.65,381.92,103,0.19,17.55,2023-07-08 22:00:00
4535,Summer,24.99,77.16,13.68,216.73,153,0.11,11.38,2023-07-08 23:00:00
4536,Summer,23.82,67.28,4.77,271.23,123,0.15,10.39,2023-07-09 00:00:00
4537,Summer,24.45,78.64,16.88,950.75,113,0.22,14.98,2023-07-09 01:00:00
4538,Summer,24.05,76.0,5.6,634.08,126,0.24,13.3,2023-07-09 02:00:00
4539,Summer,32.82,79.36,7.42,730.62,197,0.13,19.6,2023-07-09 03:00:00
4540,Summer,34.74,77.92,2.27,846.83,118,0.2,16.41,2023-07-09 04:00:00
4541,Summer,33.85,33.58,17.13,54.55,53,0.29,19.7,2023-07-09 05:00:00
4542,Summer,26.44,59.96,13.73,840.04,167,0.16,20.98,2023-07-09 06:00:00
4543,Summer,30.08,30.81,1.62,72.69,141,0.14,18.7,2023-07-09 07:00:00
4544,Summer,31.54,30.15,15.51,824.22,22,0.16,11.33,2023-07-09 08:00:00
4545,Summer,21.93,54.39,12.0,579.95,30,0.21,6.83,2023-07-09 09:00:00
4546,Summer,29.79,76.73,14.44,282.85,21,0.14,10.36,2023-07-09 10:00:00
4547,Summer,24.76,47.51,13.16,797.64,13,0.08,12.47,2023-07-09 11:00:00
4548,Summer,26.83,56.7,19.77,851.34,21,0.1,17.74,2023-07-09 12:00:00
4549,Summer,25.89,63.59,10.36,448.58,17,0.12,8.15,2023-07-09 13:00:00
4550,Summer,22.38,32.18,12.02,326.77,24,0.14,13.58,2023-07-09 14:00:00
4551,Summer,22.01,57.88,1.95,327.83,20,0.11,7.98,2023-07-09 15:00:00
4552,Summer,32.21,38.57,16.66,821.73,9,0.12,19.85,2023-07-09 16:00:00
4553,Summer,28.81,53.04,0.53,60.7,25,0.14,14.47,2023-07-09 17:00:00
4554,Summer,25.61,77.6,16.62,429.78,21,0.14,16.72,2023-07-09 18:00:00
4555,Summer,23.01,51.17,7.03,484.8,28,0.11,6.18,2023-07-09 19:00:00
4556,Summer,21.41,63.96,11.0,132.19,28,0.12,12.65,2023-07-09 20:00:00
4557,Summer,23.78,41.61,11.57,69.31,112,0.3,18.49,2023-07-09 21:00:00
4558,Summer,21.62,40.67,10.03,245.71,151,0.24,20.9,2023-07-09 22:00:00
4559,Summer,21.1,66.81,0.81,964.19,145,0.23,17.5,2023-07-09 23:00:00
4560,Summer,33.32,68.53,9.7,237.25,130,0.24,17.12,2023-07-10 00:00:00
4561,Summer,30.12,35.42,12.67,514.92,76,0.12,15.33,2023-07-10 01:00:00
4562,Summer,26.91,44.2,7.42,819.95,161,0.17,19.7,2023-07-10 02:00:00
4563,Summer,24.86,55.31,5.76,755.67,86,0.15,17.27,2023-07-10 03:00:00
4564,Summer,23.6,43.91,17.76,719.32,86,0.26,10.09,2023-07-10 04:00:00
4565,Summer,30.36,67.29,13.63,921.74,121,0.19,9.46,2023-07-10 05:00:00
4566,Summer,21.47,70.85,9.38,989.11,115,0.17,9.26,2023-07-10 06:00:00
4567,Summer,21.2,47.47,12.76,899.88,168,0.11,12.34,2023-07-10 07:00:00
4568,Summer,20.86,45.08,8.7,183.85,12,0.25,14.47,2023-07-10 08:00:00
4569,Summer,32.25,41.46,6.53,674.58,23,0.28,10.03,2023-07-10 09:00:00
4570,Summer,26.62,53.47,10.1,915.46,6,0.14,10.78,2023-07-10 10:00:00
4571,Summer,24.17,75.81,17.69,876.77,30,0.14,10.68,2023-07-10 11:00:00
4572,Summer,33.9,79.35,18.99,689.65,26,0.12,19.57,2023-07-10 12:00:00
4573,Summer,26.4,39.91,0.56,753.44,20,0.13,7.59,2023-07-10 13:00:00
4574,Summer,20.63,62.04,7.78,11.72,13,0.07,8.06,2023-07-10 14:00:00
4575,Summer,30.08,78.99,8.24,380.59,8,0.08,17.82,2023-07-10 15:00:00
4576,Summer,26.99,49.22,7.82,640.03,13,0.1,14.14,2023-07-10 16:00:00
4577,Summer,25.29,76.87,1.37,194.58,16,0.13,17.41,2023-07-10 17:00:00
4578,Summer,31.67,59.36,13.64,728.03,11,0.09,9.3,2023-07-10 18:00:00
4579,Summer,23.01,49.07,11.58,254.65,28,0.08,17.07,2023-07-10 19:00:00
4580,Summer,34.86,57.77,14.41,153.94,18,0.1,22.57,2023-07-10 20:00:00
4581,Summer,21.45,45.93,4.66,196.85,32,0.14,13.37,2023-07-10 21:00:00
4582,Summer,30.23,43.75,4.78,871.4,18,0.18,15.33,2023-07-10 22:00:00
4583,Summer,22.73,68.3,9.4,625.8,43,0.1,11.61,2023-07-10 23:00:00
4584,Summer,28.21,76.41,18.84,42.44,46,0.1,16.33,2023-07-11 00:00:00
4585,Summer,29.18,69.09,2.16,370.28,28,0.27,9.69,2023-07-11 01:00:00
4586,Summer,25.25,30.87,9.16,410.51,21,0.13,11.05,2023-07-11 02:00:00
4587,Summer,21.32,46.93,9.13,662.0,26,0.24,8.98,2023-07-11 03:00:00
4588,Summer,31.23,63.25,4.72,390.14,45,0.22,19.7,2023-07-11 04:00:00
4589,Summer,25.97,56.38,10.65,176.49,31,0.23,16.54,2023-07-11 05:00:00
4590,Summer,25.35,61.24,1.87,441.27,16,0.16,8.67,2023-07-11 06:00:00
4591,Summer,27.89,79.87,11.65,106.45,17,0.24,14.65,2023-07-11 07:00:00
4592,Summer,27.0,42.45,17.68,772.62,21,0.22,14.66,2023-07-11 08:00:00
4593,Summer,22.94,36.13,15.47,687.51,15,0.2,11.34,2023-07-11 09:00:00
4594,Summer,25.68,79.72,18.62,368.78,5,0.15,12.05,2023-07-11 10:00:00
4595,Summer,24.21,43.77,15.57,408.41,38,0.07,7.29,2023-07-11 11:00:00
4596,Summer,34.43,73.89,16.96,941.55,14,0.14,12.82,2023-07-11 12:00:00
4597,Summer,34.66,39.43,2.3,375.45,33,0.1,12.25,2023-07-11 13:00:00
4598,Summer,20.77,76.46,14.86,437.38,16,0.13,12.83,2023-07-11 14:00:00
4599,Summer,33.2,41.57,0.14,267.79,49,0.13,18.05,2023-07-11 15:00:00
4600,Summer,31.87,41.62,19.88,260.43,38,0.09,17.91,2023-07-11 16:00:00
4601,Summer,31.33,63.05,1.06,703.09,29,0.1,19.53,2023-07-11 17:00:00
4602,Summer,30.22,63.02,10.85,583.38,6,0.1,10.07,2023-07-11 18:00:00
4603,Summer,26.56,58.9,8.17,819.69,5,0.07,10.45,2023-07-11 19:00:00
4604,Summer,34.0,43.82,13.32,368.47,17,0.13,21.51,2023-07-11 20:00:00
4605,Summer,30.78,74.89,4.76,710.04,21,0.1,13.65,2023-07-11 21:00:00
4606,Summer,24.12,69.12,15.41,141.1,13,0.29,9.26,2023-07-11 22:00:00
4607,Summer,26.32,47.16,11.09,443.17,35,0.19,18.31,2023-07-11 23:00:00
4608,Summer,24.18,45.36,15.07,640.39,28,0.14,8.38,2023-07-12 00:00:00
4609,Summer,32.53,44.45,16.52,79.16,37,0.24,11.01,2023-07-12 01:00:00
4610,Summer,20.36,43.21,16.53,497.85,10,0.14,17.89,2023-07-12 02:00:00
4611,Summer,29.47,33.89,4.1,512.03,50,0.15,11.89,2023-07-12 03:00:00
4612,Summer,21.15,53.99,16.73,405.61,27,0.28,10.79,2023-07-12 04:00:00
4613,Summer,21.56,62.89,13.74,17.1,44,0.13,18.6,2023-07-12 05:00:00
4614,Summer,33.57,36.37,1.69,451.77,15,0.3,9.86,2023-07-12 06:00:00
4615,Summer,32.22,48.75,12.16,927.53,6,0.24,12.2,2023-07-12 07:00:00
4616,Summer,34.98,32.92,10.93,372.47,26,0.15,14.77,2023-07-12 08:00:00
4617,Summer,32.76,43.67,19.03,326.26,13,0.13,21.69,2023-07-12 09:00:00
4618,Summer,22.66,63.16,15.35,85.43,6,0.1,19.23,2023-07-12 10:00:00
4619,Summer,21.03,42.52,19.16,714.75,12,0.08,14.81,2023-07-12 11:00:00
4620,Summer,20.91,31.44,18.67,542.71,42,0.05,9.94,2023-07-12 12:00:00
4621,Summer,23.56,69.8,7.41,791.78,13,0.12,13.32,2023-07-12 13:00:00
4622,Summer,34.2,76.54,18.98,873.75,18,0.1,16.63,2023-07-12 14:00:00
4623,Summer,24.93,67.53,13.43,823.14,30,0.09,16.7,2023-07-12 15:00:00
4624,Summer,28.41,59.17,9.36,672.06,11,0.06,11.48,2023-07-12 16:00:00
4625,Summer,30.09,65.48,9.42,210.94,27,0.15,15.58,2023-07-12 17:00:00
4626,Summer,33.45,46.6,13.67,208.91,17,0.11,18.64,2023-07-12 18:00:00
4627,Summer,31.96,63.11,16.84,886.66,6,0.14,9.49,2023-07-12 19:00:00
4628,Summer,34.19,74.44,17.0,128.21,7,0.08,22.13,2023-07-12 20:00:00
4629,Summer,26.76,31.03,13.08,920.59,54,0.1,6.8,2023-07-12 21:00:00
4630,Summer,21.02,30.17,12.73,0.01,112,0.22,9.98,2023-07-12 22:00:00
4631,Summer,26.79,57.72,12.87,533.85,54,0.13,7.36,2023-07-12 23:00:00
4632,Summer,27.97,65.84,4.24,629.77,144,0.2,21.01,2023-07-13 00:00:00
4633,Summer,29.31,40.94,19.82,809.04,73,0.21,8.99,2023-07-13 01:00:00
4634,Summer,21.96,42.86,18.37,676.98,63,0.2,18.41,2023-07-13 02:00:00
4635,Summer,34.27,60.46,1.76,342.27,159,0.2,17.45,2023-07-13 03:00:00
4636,Summer,30.42,61.23,9.93,273.53,124,0.23,14.16,2023-07-13 04:00:00
4637,Summer,22.0,43.11,12.38,862.03,184,0.16,14.61,2023-07-13 05:00:00
4638,Summer,27.57,47.6,3.71,851.41,155,0.23,21.69,2023-07-13 06:00:00
4639,Summer,20.14,49.79,1.09,892.05,97,0.12,18.92,2023-07-13 07:00:00
4640,Summer,26.53,39.05,17.85,224.05,12,0.11,18.73,2023-07-13 08:00:00
4641,Summer,21.73,50.57,7.79,362.54,28,0.28,16.94,2023-07-13 09:00:00
4642,Summer,33.41,68.35,11.28,42.11,24,0.1,12.37,2023-07-13 10:00:00
4643,Summer,24.39,60.37,18.59,960.88,9,0.11,8.95,2023-07-13 11:00:00
4644,Summer,30.09,52.44,10.23,121.42,7,0.11,11.61,2023-07-13 12:00:00
4645,Summer,25.49,71.85,11.43,889.04,7,0.11,13.51,2023-07-13 13:00:00
4646,Summer,29.84,30.16,19.26,331.1,7,0.08,10.52,2023-07-13 14:00:00
4647,Summer,26.51,59.41,15.19,184.81,25,0.12,11.44,2023-07-13 15:00:00
4648,Summer,25.75,74.43,10.4,518.38,12,0.13,17.19,2023-07-13 16:00:00
4649,Summer,26.39,50.83,10.04,926.65,16,0.12,13.21,2023-07-13 17:00:00
4650,Summer,22.0,64.83,11.15,681.57,12,0.05,10.48,2023-07-13 18:00:00
4651,Summer,24.28,58.16,13.16,791.92,19,0.08,9.43,2023-07-13 19:00:00
4652,Summer,31.43,78.93,14.49,63.57,26,0.06,17.19,2023-07-13 20:00:00
4653,Summer,25.05,30.54,10.23,830.65,91,0.14,7.06,2023-07-13 21:00:00
4654,Summer,23.48,35.65,18.97,163.87,172,0.16,11.01,2023-07-13 22:00:00
4655,Summer,27.11,64.8,0.58,272.04,135,0.21,16.46,2023-07-13 23:00:00
4656,Summer,33.73,50.0,2.47,230.87,193,0.27,17.27,2023-07-14 00:00:00
4657,Summer,25.39,57.23,10.67,894.25,110,0.13,14.83,2023-07-14 01:00:00
4658,Summer,34.36,40.95,16.37,823.37,102,0.16,23.21,2023-07-14 02:00:00
4659,Summer,23.58,52.38,0.3,464.35,181,0.18,21.74,2023-07-14 03:00:00
4660,Summer,20.92,34.77,17.6,593.37,126,0.25,19.82,2023-07-14 04:00:00
4661,Summer,25.65,31.92,15.14,685.51,134,0.27,9.51,2023-07-14 05:00:00
4662,Summer,26.88,31.94,5.21,717.51,157,0.13,15.34,2023-07-14 06:00:00
4663,Summer,22.01,32.04,18.03,303.97,79,0.16,11.16,2023-07-14 07:00:00
4664,Summer,32.73,46.04,19.28,519.5,8,0.26,21.04,2023-07-14 08:00:00
4665,Summer,26.46,52.67,17.2,421.82,5,0.1,9.72,2023-07-14 09:00:00
4666,Summer,27.83,44.94,11.22,412.64,18,0.09,19.96,2023-07-14 10:00:00
4667,Summer,28.58,73.45,15.79,622.65,17,0.13,18.92,2023-07-14 11:00:00
4668,Summer,22.98,58.63,19.72,138.39,30,0.11,7.7,2023-07-14 12:00:00
4669,Summer,21.49,72.27,9.61,717.22,28,0.1,15.03,2023-07-14 13:00:00
4670,Summer,34.52,74.59,3.74,713.15,23,0.14,13.85,2023-07-14 14:00:00
4671,Summer,23.98,48.53,5.15,743.17,21,0.08,13.95,2023-07-14 15:00:00
4672,Summer,32.24,57.24,7.05,588.48,25,0.13,13.54,2023-07-14 16:00:00
4673,Summer,30.46,39.84,10.4,49.88,12,0.12,9.64,2023-07-14 17:00:00
4674,Summer,21.12,51.75,17.66,480.78,5,0.09,8.76,2023-07-14 18:00:00
4675,Summer,21.71,48.54,0.85,684.81,12,0.13,9.62,2023-07-14 19:00:00
4676,Summer,34.85,49.33,17.91,477.64,5,0.08,10.16,2023-07-14 20:00:00
4677,Summer,22.83,40.45,19.92,586.51,92,0.12,16.11,2023-07-14 21:00:00
4678,Summer,33.07,67.73,7.43,880.53,58,0.29,18.89,2023-07-14 22:00:00
4679,Summer,33.18,52.2,9.86,9.48,148,0.18,18.7,2023-07-14 23:00:00
4680,Summer,23.69,57.63,3.02,961.38,130,0.14,18.38,2023-07-15 00:00:00
4681,Summer,26.21,42.46,1.18,928.13,192,0.17,15.97,2023-07-15 01:00:00
4682,Summer,25.5,70.92,19.07,209.72,84,0.13,20.08,2023-07-15 02:00:00
4683,Summer,29.37,39.98,15.67,68.84,116,0.23,17.52,2023-07-15 03:00:00
4684,Summer,25.81,60.38,18.48,62.17,118,0.18,22.42,2023-07-15 04:00:00
4685,Summer,28.76,76.66,9.19,28.8,81,0.11,20.95,2023-07-15 05:00:00
4686,Summer,31.97,49.18,15.3,433.78,125,0.12,13.61,2023-07-15 06:00:00
4687,Summer,20.07,72.29,19.55,778.03,103,0.17,16.78,2023-07-15 07:00:00
4688,Summer,34.84,50.78,9.42,640.15,30,0.13,13.15,2023-07-15 08:00:00
4689,Summer,26.99,50.37,14.67,114.28,24,0.17,13.51,2023-07-15 09:00:00
4690,Summer,25.85,44.52,17.4,739.91,28,0.12,6.57,2023-07-15 10:00:00
4691,Summer,22.49,59.82,2.29,858.54,16,0.11,16.12,2023-07-15 11:00:00
4692,Summer,21.37,65.49,11.44,399.6,8,0.11,14.36,2023-07-15 12:00:00
4693,Summer,25.58,59.28,13.85,523.28,28,0.13,9.38,2023-07-15 13:00:00
4694,Summer,21.88,77.2,3.36,834.09,7,0.12,12.08,2023-07-15 14:00:00
4695,Summer,33.41,73.9,10.34,434.89,7,0.13,9.76,2023-07-15 15:00:00
4696,Summer,28.6,39.26,15.19,255.37,23,0.09,8.17,2023-07-15 16:00:00
4697,Summer,34.59,77.56,9.33,849.96,23,0.12,13.6,2023-07-15 17:00:00
4698,Summer,29.68,50.4,13.8,339.15,12,0.09,17.36,2023-07-15 18:00:00
4699,Summer,25.64,35.29,7.11,925.52,6,0.11,15.23,2023-07-15 19:00:00
4700,Summer,30.01,75.0,8.37,403.1,7,0.06,17.57,2023-07-15 20:00:00
4701,Summer,25.86,68.96,1.93,221.94,121,0.16,21.24,2023-07-15 21:00:00
4702,Summer,26.59,55.29,10.44,290.24,170,0.15,19.37,2023-07-15 22:00:00
4703,Summer,32.04,45.15,10.53,939.7,79,0.23,14.32,2023-07-15 23:00:00
4704,Summer,20.99,47.5,4.33,381.0,115,0.27,11.95,2023-07-16 00:00:00
4705,Summer,24.51,66.62,5.91,73.97,154,0.26,20.59,2023-07-16 01:00:00
4706,Summer,23.9,45.38,7.51,244.13,191,0.18,19.37,2023-07-16 02:00:00
4707,Summer,32.46,66.64,12.42,68.29,187,0.14,15.98,2023-07-16 03:00:00
4708,Summer,33.17,63.29,3.45,459.45,153,0.17,17.96,2023-07-16 04:00:00
4709,Summer,24.84,72.57,17.85,846.57,152,0.19,14.05,2023-07-16 05:00:00
4710,Summer,33.74,67.73,8.69,367.05,172,0.29,24.86,2023-07-16 06:00:00
4711,Summer,32.28,57.66,11.1,304.68,57,0.22,11.95,2023-07-16 07:00:00
4712,Summer,21.79,42.75,7.3,270.35,12,0.25,11.23,2023-07-16 08:00:00
4713,Summer,23.55,36.38,10.52,964.14,15,0.11,8.87,2023-07-16 09:00:00
4714,Summer,28.27,39.72,1.97,79.6,27,0.05,10.41,2023-07-16 10:00:00
4715,Summer,24.08,40.46,13.61,779.58,25,0.15,11.28,2023-07-16 11:00:00
4716,Summer,31.35,57.06,10.57,988.27,18,0.12,16.08,2023-07-16 12:00:00
4717,Summer,34.21,51.96,11.43,935.92,20,0.07,11.84,2023-07-16 13:00:00
4718,Summer,21.49,59.71,15.27,966.97,27,0.1,9.01,2023-07-16 14:00:00
4719,Summer,26.46,42.59,9.3,868.0,11,0.07,6.97,2023-07-16 15:00:00
4720,Summer,25.23,56.74,17.96,22.69,7,0.07,14.91,2023-07-16 16:00:00
4721,Summer,21.71,42.87,7.0,831.71,6,0.13,17.43,2023-07-16 17:00:00
4722,Summer,28.7,37.95,2.82,436.98,8,0.08,17.7,2023-07-16 18:00:00
4723,Summer,31.17,37.36,19.36,491.33,9,0.12,14.05,2023-07-16 19:00:00
4724,Summer,21.95,56.66,12.63,416.11,9,0.08,17.46,2023-07-16 20:00:00
4725,Summer,30.39,78.97,9.44,34.28,157,0.25,13.71,2023-07-16 21:00:00
4726,Summer,21.9,37.77,13.97,203.56,185,0.28,22.38,2023-07-16 22:00:00
4727,Summer,34.7,67.0,2.72,957.08,190,0.23,22.64,2023-07-16 23:00:00
4728,Summer,20.51,46.7,11.96,212.49,81,0.14,17.63,2023-07-17 00:00:00
4729,Summer,32.39,65.82,10.3,734.4,122,0.14,12.56,2023-07-17 01:00:00
4730,Summer,32.53,55.64,7.18,308.33,147,0.11,14.11,2023-07-17 02:00:00
4731,Summer,29.19,54.6,14.61,566.64,190,0.2,19.12,2023-07-17 03:00:00
4732,Summer,31.25,49.19,10.5,202.71,179,0.14,13.69,2023-07-17 04:00:00
4733,Summer,22.29,33.59,19.24,262.89,156,0.27,20.53,2023-07-17 05:00:00
4734,Summer,32.4,43.68,15.13,502.4,182,0.2,16.01,2023-07-17 06:00:00
4735,Summer,21.05,31.63,19.69,454.2,64,0.21,8.65,2023-07-17 07:00:00
4736,Summer,24.15,44.17,11.72,783.94,19,0.22,12.6,2023-07-17 08:00:00
4737,Summer,30.55,79.23,10.76,739.03,28,0.28,16.9,2023-07-17 09:00:00
4738,Summer,25.71,75.7,16.18,907.93,8,0.11,12.83,2023-07-17 10:00:00
4739,Summer,32.74,51.75,0.27,382.62,5,0.1,10.8,2023-07-17 11:00:00
4740,Summer,23.63,40.76,4.33,360.46,15,0.15,17.64,2023-07-17 12:00:00
4741,Summer,22.95,63.78,10.2,32.62,9,0.07,15.11,2023-07-17 13:00:00
4742,Summer,21.98,39.02,6.01,983.94,43,0.12,9.36,2023-07-17 14:00:00
4743,Summer,22.78,62.3,14.02,691.0,49,0.06,6.09,2023-07-17 15:00:00
4744,Summer,34.92,65.97,12.72,229.54,46,0.1,23.7,2023-07-17 16:00:00
4745,Summer,20.35,33.15,16.73,991.29,40,0.11,15.62,2023-07-17 17:00:00
4746,Summer,24.74,76.83,16.94,460.88,6,0.09,5.46,2023-07-17 18:00:00
4747,Summer,22.34,71.22,7.96,261.47,10,0.15,17.19,2023-07-17 19:00:00
4748,Summer,21.67,46.2,14.16,804.72,45,0.14,17.4,2023-07-17 20:00:00
4749,Summer,23.17,42.69,5.05,975.44,16,0.1,13.83,2023-07-17 21:00:00
4750,Summer,26.63,47.33,8.58,713.15,10,0.12,11.67,2023-07-17 22:00:00
4751,Summer,34.57,55.92,6.75,479.21,17,0.2,17.62,2023-07-17 23:00:00
4752,Summer,23.86,54.44,10.88,204.88,13,0.1,8.91,2023-07-18 00:00:00
4753,Summer,24.62,79.98,15.82,958.52,28,0.19,7.51,2023-07-18 01:00:00
4754,Summer,21.06,79.08,5.33,908.58,35,0.22,7.1,2023-07-18 02:00:00
4755,Summer,29.28,50.7,9.13,177.29,20,0.18,9.1,2023-07-18 03:00:00
4756,Summer,21.6,63.29,15.63,628.74,34,0.22,16.68,2023-07-18 04:00:00
4757,Summer,30.91,35.32,12.31,230.24,7,0.2,9.34,2023-07-18 05:00:00
4758,Summer,23.74,49.45,15.87,281.94,20,0.25,10.26,2023-07-18 06:00:00
4759,Summer,21.16,38.34,14.05,488.13,40,0.11,11.94,2023-07-18 07:00:00
4760,Summer,30.37,48.42,0.91,0.17,50,0.29,18.13,2023-07-18 08:00:00
4761,Summer,31.98,37.95,1.4,973.87,29,0.3,8.81,2023-07-18 09:00:00
4762,Summer,22.44,53.16,10.48,848.9,25,0.09,9.08,2023-07-18 10:00:00
4763,Summer,20.67,62.9,10.49,849.67,25,0.08,17.04,2023-07-18 11:00:00
4764,Summer,21.31,48.91,6.17,356.28,13,0.06,9.37,2023-07-18 12:00:00
4765,Summer,33.97,79.19,18.94,923.2,49,0.09,20.12,2023-07-18 13:00:00
4766,Summer,24.71,61.74,19.49,663.82,14,0.11,13.94,2023-07-18 14:00:00
4767,Summer,29.33,55.32,14.57,525.2,24,0.07,12.68,2023-07-18 15:00:00
4768,Summer,21.47,63.54,0.67,60.5,22,0.07,10.99,2023-07-18 16:00:00
4769,Summer,20.95,43.48,17.12,863.6,30,0.08,6.78,2023-07-18 17:00:00
4770,Summer,28.88,52.3,6.29,296.76,39,0.06,8.55,2023-07-18 18:00:00
4771,Summer,27.35,78.33,9.76,525.64,13,0.07,11.62,2023-07-18 19:00:00
4772,Summer,24.25,51.55,1.43,112.96,39,0.08,16.0,2023-07-18 20:00:00
4773,Summer,21.62,34.28,19.63,108.6,35,0.26,10.79,2023-07-18 21:00:00
4774,Summer,33.17,61.39,9.03,627.65,30,0.14,17.2,2023-07-18 22:00:00
4775,Summer,25.17,52.91,17.76,914.73,26,0.29,12.74,2023-07-18 23:00:00
4776,Summer,33.59,67.73,13.94,276.46,17,0.21,13.74,2023-07-19 00:00:00
4777,Summer,23.37,35.05,15.96,691.94,22,0.19,12.07,2023-07-19 01:00:00
4778,Summer,34.54,76.17,14.15,919.53,14,0.3,19.63,2023-07-19 02:00:00
4779,Summer,24.92,40.28,15.5,624.41,29,0.13,5.95,2023-07-19 03:00:00
4780,Summer,26.41,39.82,1.87,693.37,10,0.15,12.21,2023-07-19 04:00:00
4781,Summer,32.64,59.48,11.56,775.23,19,0.11,14.74,2023-07-19 05:00:00
4782,Summer,21.69,69.57,17.7,932.93,38,0.14,15.69,2023-07-19 06:00:00
4783,Summer,32.36,57.26,10.92,234.64,26,0.18,17.84,2023-07-19 07:00:00
4784,Summer,32.14,54.15,8.87,992.17,47,0.15,15.58,2023-07-19 08:00:00
4785,Summer,20.27,79.34,12.34,68.68,39,0.3,10.65,2023-07-19 09:00:00
4786,Summer,23.79,78.75,13.48,9.85,7,0.12,14.53,2023-07-19 10:00:00
4787,Summer,28.51,35.87,1.36,256.92,9,0.12,18.79,2023-07-19 11:00:00
4788,Summer,25.94,71.36,13.64,704.96,20,0.13,12.53,2023-07-19 12:00:00
4789,Summer,22.66,73.25,4.7,549.49,11,0.08,5.44,2023-07-19 13:00:00
4790,Summer,32.6,33.3,3.97,181.81,10,0.07,20.84,2023-07-19 14:00:00
4791,Summer,30.36,51.89,19.09,139.87,8,0.15,14.76,2023-07-19 15:00:00
4792,Summer,24.1,35.93,19.3,514.02,20,0.08,7.12,2023-07-19 16:00:00
4793,Summer,29.72,71.23,9.95,718.25,11,0.1,11.41,2023-07-19 17:00:00
4794,Summer,33.2,39.19,7.57,376.51,26,0.13,10.76,2023-07-19 18:00:00
4795,Summer,32.67,72.95,2.83,704.91,27,0.08,13.74,2023-07-19 19:00:00
4796,Summer,27.61,35.23,15.97,554.83,19,0.14,9.44,2023-07-19 20:00:00
4797,Summer,26.61,71.41,3.95,512.12,174,0.26,11.93,2023-07-19 21:00:00
4798,Summer,23.38,53.31,14.87,588.51,100,0.12,17.27,2023-07-19 22:00:00
4799,Summer,28.97,68.38,12.18,293.5,162,0.27,21.79,2023-07-19 23:00:00
4800,Summer,20.02,55.35,19.08,308.15,128,0.11,11.05,2023-07-20 00:00:00
4801,Summer,20.38,68.6,10.98,22.04,71,0.14,17.66,2023-07-20 01:00:00
4802,Summer,24.9,71.44,8.5,474.43,171,0.26,19.47,2023-07-20 02:00:00
4803,Summer,25.04,54.89,18.04,69.37,121,0.12,10.21,2023-07-20 03:00:00
4804,Summer,23.94,74.31,12.39,363.58,78,0.28,17.28,2023-07-20 04:00:00
4805,Summer,26.21,67.91,5.56,934.88,176,0.16,17.45,2023-07-20 05:00:00
4806,Summer,30.4,70.97,7.06,910.32,123,0.11,15.63,2023-07-20 06:00:00
4807,Summer,31.16,74.22,12.17,178.12,81,0.16,19.82,2023-07-20 07:00:00
4808,Summer,21.94,33.06,8.03,206.29,24,0.2,13.29,2023-07-20 08:00:00
4809,Summer,34.79,54.51,2.02,90.01,28,0.23,13.81,2023-07-20 09:00:00
4810,Summer,20.26,60.29,1.01,693.71,18,0.13,15.69,2023-07-20 10:00:00
4811,Summer,26.02,69.8,9.31,334.69,12,0.1,6.67,2023-07-20 11:00:00
4812,Summer,27.94,63.15,9.65,276.92,22,0.12,13.75,2023-07-20 12:00:00
4813,Summer,22.5,69.86,2.85,169.54,7,0.1,19.01,2023-07-20 13:00:00
4814,Summer,21.29,58.12,6.62,32.05,8,0.05,13.32,2023-07-20 14:00:00
4815,Summer,24.49,50.91,3.27,701.26,12,0.14,6.72,2023-07-20 15:00:00
4816,Summer,26.81,46.77,10.54,332.02,24,0.07,16.2,2023-07-20 16:00:00
4817,Summer,28.76,48.38,11.58,923.54,27,0.08,15.91,2023-07-20 17:00:00
4818,Summer,26.95,35.04,1.45,939.17,5,0.06,13.36,2023-07-20 18:00:00
4819,Summer,34.07,75.4,19.8,648.59,29,0.12,20.16,2023-07-20 19:00:00
4820,Summer,27.52,60.94,10.21,82.03,21,0.1,8.96,2023-07-20 20:00:00
4821,Summer,28.23,66.04,9.13,753.77,158,0.17,11.56,2023-07-20 21:00:00
4822,Summer,21.63,59.28,6.34,47.01,119,0.3,15.51,2023-07-20 22:00:00
4823,Summer,34.04,32.03,4.04,47.41,148,0.11,22.12,2023-07-20 23:00:00
4824,Summer,27.89,61.95,2.72,26.73,173,0.11,21.02,2023-07-21 00:00:00
4825,Summer,29.86,56.99,0.58,698.98,152,0.18,21.46,2023-07-21 01:00:00
4826,Summer,28.36,30.98,3.68,528.55,171,0.29,16.77,2023-07-21 02:00:00
4827,Summer,31.09,54.36,17.59,433.86,175,0.17,13.65,2023-07-21 03:00:00
4828,Summer,27.52,45.24,8.92,254.4,186,0.26,20.78,2023-07-21 04:00:00
4829,Summer,21.86,30.41,18.03,51.66,161,0.21,19.58,2023-07-21 05:00:00
4830,Summer,20.63,53.67,8.52,448.25,59,0.21,14.5,2023-07-21 06:00:00
4831,Summer,21.44,73.09,9.71,146.6,156,0.26,10.47,2023-07-21 07:00:00
4832,Summer,27.27,45.33,13.36,154.82,8,0.16,18.99,2023-07-21 08:00:00
4833,Summer,32.37,75.64,17.95,867.19,11,0.19,17.01,2023-07-21 09:00:00
4834,Summer,32.69,46.51,10.78,282.09,11,0.07,9.16,2023-07-21 10:00:00
4835,Summer,25.7,71.24,7.74,306.9,14,0.11,7.07,2023-07-21 11:00:00
4836,Summer,20.17,57.06,11.61,948.21,26,0.07,8.63,2023-07-21 12:00:00
4837,Summer,25.11,68.64,4.98,289.13,18,0.09,12.9,2023-07-21 13:00:00
4838,Summer,23.15,66.5,2.99,892.43,7,0.15,11.64,2023-07-21 14:00:00
4839,Summer,22.73,48.91,2.49,62.9,27,0.11,17.3,2023-07-21 15:00:00
4840,Summer,32.7,34.69,13.25,124.75,29,0.09,15.43,2023-07-21 16:00:00
4841,Summer,34.9,45.93,17.19,843.42,12,0.12,13.93,2023-07-21 17:00:00
4842,Summer,22.44,61.87,15.59,665.25,26,0.12,14.83,2023-07-21 18:00:00
4843,Summer,27.39,49.58,15.62,161.06,13,0.13,13.87,2023-07-21 19:00:00
4844,Summer,22.48,34.54,11.38,899.81,14,0.08,5.45,2023-07-21 20:00:00
4845,Summer,25.53,58.88,11.65,535.4,149,0.24,13.24,2023-07-21 21:00:00
4846,Summer,28.9,50.01,16.09,917.28,73,0.25,12.38,2023-07-21 22:00:00
4847,Summer,31.43,79.1,11.45,478.1,69,0.15,20.57,2023-07-21 23:00:00
4848,Summer,20.06,43.71,11.05,123.11,117,0.23,13.46,2023-07-22 00:00:00
4849,Summer,29.13,71.56,18.84,900.98,97,0.15,21.12,2023-07-22 01:00:00
4850,Summer,26.89,37.31,14.84,44.62,178,0.14,14.61,2023-07-22 02:00:00
4851,Summer,21.6,33.16,2.46,155.06,66,0.29,9.82,2023-07-22 03:00:00
4852,Summer,29.75,58.05,2.23,88.68,59,0.28,15.61,2023-07-22 04:00:00
4853,Summer,32.03,35.7,11.81,43.82,199,0.21,24.38,2023-07-22 05:00:00
4854,Summer,28.31,37.3,9.51,450.65,121,0.13,22.29,2023-07-22 06:00:00
4855,Summer,30.5,71.41,10.92,315.48,131,0.2,17.23,2023-07-22 07:00:00
4856,Summer,21.01,68.71,9.46,451.87,9,0.18,10.04,2023-07-22 08:00:00
4857,Summer,20.41,49.64,16.13,872.86,30,0.26,14.98,2023-07-22 09:00:00
4858,Summer,21.64,33.83,12.66,138.36,14,0.13,11.28,2023-07-22 10:00:00
4859,Summer,23.2,79.89,12.91,460.8,30,0.13,11.76,2023-07-22 11:00:00
4860,Summer,26.58,48.81,14.46,12.2,6,0.07,14.58,2023-07-22 12:00:00
4861,Summer,22.67,49.33,7.04,84.61,6,0.07,6.86,2023-07-22 13:00:00
4862,Summer,32.47,73.13,11.67,742.37,27,0.12,10.3,2023-07-22 14:00:00
4863,Summer,33.48,71.39,11.99,698.91,8,0.14,17.36,2023-07-22 15:00:00
4864,Summer,20.68,48.62,11.06,752.09,26,0.06,5.55,2023-07-22 16:00:00
4865,Summer,22.89,56.92,10.69,180.5,19,0.08,10.43,2023-07-22 17:00:00
4866,Summer,21.46,37.62,18.38,223.77,26,0.14,13.49,2023-07-22 18:00:00
4867,Summer,30.33,32.08,13.52,251.24,17,0.14,17.02,2023-07-22 19:00:00
4868,Summer,31.83,76.35,11.3,779.91,13,0.12,12.98,2023-07-22 20:00:00
4869,Summer,26.25,43.67,19.89,148.67,131,0.18,18.04,2023-07-22 21:00:00
4870,Summer,25.87,75.92,16.12,163.13,58,0.27,9.32,2023-07-22 22:00:00
4871,Summer,24.35,36.87,18.96,716.53,171,0.23,18.02,2023-07-22 23:00:00
4872,Summer,25.7,78.11,4.15,404.4,82,0.16,15.24,2023-07-23 00:00:00
4873,Summer,26.57,62.06,0.76,509.7,191,0.18,20.01,2023-07-23 01:00:00
4874,Summer,29.2,31.4,15.68,559.85,172,0.15,22.21,2023-07-23 02:00:00
4875,Summer,34.53,60.75,5.71,349.66,105,0.16,19.16,2023-07-23 03:00:00
4876,Summer,21.5,40.86,1.53,532.76,197,0.2,10.59,2023-07-23 04:00:00
4877,Summer,23.78,53.09,19.57,646.69,91,0.16,9.08,2023-07-23 05:00:00
4878,Summer,22.11,75.44,2.03,662.71,188,0.21,18.6,2023-07-23 06:00:00
4879,Summer,22.87,32.21,6.45,75.94,50,0.13,13.8,2023-07-23 07:00:00
4880,Summer,21.74,71.39,12.84,311.27,8,0.29,12.69,2023-07-23 08:00:00
4881,Summer,23.55,75.14,4.54,942.01,5,0.15,11.23,2023-07-23 09:00:00
4882,Summer,26.21,79.66,10.74,708.25,12,0.06,6.8,2023-07-23 10:00:00
4883,Summer,34.03,79.31,7.74,24.75,21,0.05,21.01,2023-07-23 11:00:00
4884,Summer,27.92,71.07,16.74,728.02,24,0.11,15.85,2023-07-23 12:00:00
4885,Summer,21.6,37.52,8.35,254.62,8,0.06,13.7,2023-07-23 13:00:00
4886,Summer,31.06,68.44,14.23,839.87,25,0.11,14.09,2023-07-23 14:00:00
4887,Summer,25.51,60.73,0.07,510.08,20,0.09,7.11,2023-07-23 15:00:00
4888,Summer,32.79,53.43,7.43,427.48,20,0.11,9.86,2023-07-23 16:00:00
4889,Summer,26.92,32.23,10.03,625.5,14,0.13,6.76,2023-07-23 17:00:00
4890,Summer,20.98,63.99,0.37,383.19,29,0.14,6.35,2023-07-23 18:00:00
4891,Summer,30.32,56.25,15.77,369.92,5,0.13,19.94,2023-07-23 19:00:00
4892,Summer,26.95,32.34,1.18,390.73,20,0.05,16.79,2023-07-23 20:00:00
4893,Summer,29.33,30.07,15.27,335.88,82,0.13,21.51,2023-07-23 21:00:00
4894,Summer,23.13,48.78,6.39,17.51,198,0.12,21.82,2023-07-23 22:00:00
4895,Summer,20.41,30.53,9.66,110.75,116,0.29,17.58,2023-07-23 23:00:00
4896,Summer,26.62,52.58,4.35,866.06,160,0.17,13.95,2023-07-24 00:00:00
4897,Summer,28.55,64.51,17.77,806.02,110,0.18,15.53,2023-07-24 01:00:00
4898,Summer,33.4,49.02,8.69,704.81,118,0.23,22.58,2023-07-24 02:00:00
4899,Summer,23.01,54.14,9.28,415.0,193,0.28,12.15,2023-07-24 03:00:00
4900,Summer,27.79,31.55,2.22,846.55,103,0.13,11.56,2023-07-24 04:00:00
4901,Summer,25.32,75.47,14.32,616.93,101,0.15,10.18,2023-07-24 05:00:00
4902,Summer,28.7,49.63,15.79,266.31,186,0.11,23.24,2023-07-24 06:00:00
4903,Summer,31.6,44.46,17.7,891.47,68,0.26,14.46,2023-07-24 07:00:00
4904,Summer,29.47,50.58,5.0,115.43,25,0.19,16.18,2023-07-24 08:00:00
4905,Summer,23.27,67.71,11.1,702.07,11,0.11,16.6,2023-07-24 09:00:00
4906,Summer,28.12,42.79,12.99,311.46,27,0.12,13.13,2023-07-24 10:00:00
4907,Summer,33.09,74.88,4.77,736.07,12,0.15,10.67,2023-07-24 11:00:00
4908,Summer,22.53,39.25,13.95,769.39,16,0.12,13.91,2023-07-24 12:00:00
4909,Autumn,10.44,50.93,14.67,551.41,49,0.13,5.87,2023-07-24 13:00:00
4910,Autumn,11.84,50.4,15.62,524.62,34,0.1,11.48,2023-07-24 14:00:00
4911,Autumn,16.34,42.14,6.79,288.08,24,0.09,8.14,2023-07-24 15:00:00
4912,Autumn,18.0,71.78,10.37,791.03,29,0.11,8.74,2023-07-24 16:00:00
4913,Autumn,19.11,33.8,3.29,317.73,32,0.12,15.22,2023-07-24 17:00:00
4914,Autumn,12.73,79.28,2.94,960.79,28,0.08,10.73,2023-07-24 18:00:00
4915,Autumn,19.22,64.51,8.62,717.15,15,0.12,7.18,2023-07-24 19:00:00
4916,Autumn,12.96,71.37,9.61,893.4,48,0.15,13.63,2023-07-24 20:00:00
4917,Autumn,11.02,78.82,18.24,747.86,36,0.23,9.42,2023-07-24 21:00:00
4918,Autumn,10.6,75.13,15.0,432.42,23,0.1,9.34,2023-07-24 22:00:00
4919,Autumn,16.0,32.22,11.98,0.54,14,0.11,11.75,2023-07-24 23:00:00
4920,Autumn,15.77,62.56,1.14,798.46,17,0.28,13.68,2023-07-25 00:00:00
4921,Autumn,11.19,34.14,19.95,920.61,47,0.23,4.94,2023-07-25 01:00:00
4922,Autumn,16.2,73.47,14.86,601.44,34,0.14,8.92,2023-07-25 02:00:00
4923,Autumn,15.19,66.31,15.12,194.52,36,0.19,16.56,2023-07-25 03:00:00
4924,Autumn,15.27,53.31,17.29,756.35,17,0.28,14.32,2023-07-25 04:00:00
4925,Autumn,19.02,45.8,11.01,128.64,13,0.2,5.7,2023-07-25 05:00:00
4926,Autumn,13.23,69.72,14.76,731.31,18,0.24,12.31,2023-07-25 06:00:00
4927,Autumn,13.68,33.12,5.11,374.99,46,0.13,13.47,2023-07-25 07:00:00
4928,Autumn,12.08,70.94,18.36,278.51,18,0.14,5.41,2023-07-25 08:00:00
4929,Autumn,13.05,55.23,4.93,137.65,19,0.17,10.41,2023-07-25 09:00:00
4930,Autumn,10.04,36.66,7.87,425.29,50,0.1,8.15,2023-07-25 10:00:00
4931,Autumn,12.63,69.8,9.06,94.8,23,0.09,14.87,2023-07-25 11:00:00
4932,Autumn,12.77,56.17,8.7,551.03,31,0.07,5.55,2023-07-25 12:00:00
4933,Autumn,19.0,38.91,18.47,794.21,14,0.11,7.19,2023-07-25 13:00:00
4934,Autumn,12.89,47.07,3.32,571.0,20,0.06,12.67,2023-07-25 14:00:00
4935,Autumn,11.77,68.58,6.91,0.35,7,0.08,8.77,2023-07-25 15:00:00
4936,Autumn,13.7,41.35,12.1,366.36,48,0.09,10.53,2023-07-25 16:00:00
4937,Autumn,14.06,51.95,5.51,909.44,45,0.07,8.96,2023-07-25 17:00:00
4938,Autumn,12.65,31.74,5.74,529.76,11,0.12,9.62,2023-07-25 18:00:00
4939,Autumn,17.06,74.54,8.71,28.29,22,0.08,8.19,2023-07-25 19:00:00
4940,Autumn,15.03,38.68,11.59,267.28,42,0.15,12.97,2023-07-25 20:00:00
4941,Autumn,10.43,49.92,12.95,332.41,32,0.28,15.95,2023-07-25 21:00:00
4942,Autumn,16.82,53.95,5.56,588.0,37,0.24,9.81,2023-07-25 22:00:00
4943,Autumn,19.17,63.46,18.37,671.81,44,0.13,14.16,2023-07-25 23:00:00
4944,Autumn,19.64,61.79,6.69,205.45,34,0.22,16.12,2023-07-26 00:00:00
4945,Autumn,13.08,38.44,15.72,128.77,33,0.22,6.93,2023-07-26 01:00:00
4946,Autumn,11.03,69.97,2.44,310.28,20,0.17,9.09,2023-07-26 02:00:00
4947,Autumn,18.64,61.53,13.88,117.34,36,0.22,13.13,2023-07-26 03:00:00
4948,Autumn,18.9,70.23,7.59,43.07,44,0.16,13.48,2023-07-26 04:00:00
4949,Autumn,19.96,64.58,4.98,420.65,38,0.28,11.44,2023-07-26 05:00:00
4950,Autumn,15.97,35.98,18.1,755.63,16,0.21,13.04,2023-07-26 06:00:00
4951,Autumn,12.82,34.22,19.4,198.69,41,0.3,12.06,2023-07-26 07:00:00
4952,Autumn,18.61,71.21,14.46,53.26,24,0.25,15.87,2023-07-26 08:00:00
4953,Autumn,19.24,47.4,14.98,987.02,21,0.29,14.16,2023-07-26 09:00:00
4954,Autumn,13.87,70.62,10.63,796.42,8,0.13,13.29,2023-07-26 10:00:00
4955,Autumn,13.02,73.64,14.64,847.61,41,0.12,6.2,2023-07-26 11:00:00
4956,Autumn,11.4,73.98,15.73,215.35,33,0.13,16.07,2023-07-26 12:00:00
4957,Autumn,19.87,49.28,3.22,260.13,21,0.14,12.78,2023-07-26 13:00:00
4958,Autumn,14.33,47.03,14.02,173.69,27,0.14,10.18,2023-07-26 14:00:00
4959,Autumn,15.74,72.46,8.0,140.89,19,0.08,10.97,2023-07-26 15:00:00
4960,Autumn,19.01,71.03,4.67,700.55,23,0.13,10.68,2023-07-26 16:00:00
4961,Autumn,18.45,62.4,4.01,55.82,19,0.14,7.06,2023-07-26 17:00:00
4962,Autumn,16.94,46.63,11.72,625.04,19,0.06,9.61,2023-07-26 18:00:00
4963,Autumn,10.26,39.81,15.29,15.1,16,0.07,16.6,2023-07-26 19:00:00
4964,Autumn,16.18,56.7,2.14,167.57,15,0.07,15.35,2023-07-26 20:00:00
4965,Autumn,19.25,43.63,4.27,842.85,160,0.28,14.31,2023-07-26 21:00:00
4966,Autumn,18.33,77.34,18.2,49.8,188,0.11,17.18,2023-07-26 22:00:00
4967,Autumn,17.44,40.11,7.1,698.73,112,0.18,13.81,2023-07-26 23:00:00
4968,Autumn,12.99,45.36,4.63,761.89,63,0.19,8.91,2023-07-27 00:00:00
4969,Autumn,18.96,43.43,12.78,673.23,73,0.27,16.2,2023-07-27 01:00:00
4970,Autumn,16.07,52.42,0.7,652.12,65,0.27,11.41,2023-07-27 02:00:00
4971,Autumn,13.52,44.74,13.15,630.12,77,0.27,14.58,2023-07-27 03:00:00
4972,Autumn,12.11,30.93,7.09,769.45,164,0.23,17.17,2023-07-27 04:00:00
4973,Autumn,11.75,48.11,3.97,5.39,181,0.2,12.48,2023-07-27 05:00:00
4974,Autumn,10.83,72.19,9.89,877.79,163,0.15,12.85,2023-07-27 06:00:00
4975,Autumn,19.14,32.29,17.96,243.31,131,0.13,9.14,2023-07-27 07:00:00
4976,Autumn,11.07,48.23,8.42,293.59,28,0.11,7.89,2023-07-27 08:00:00
4977,Autumn,10.11,77.24,17.2,301.22,12,0.24,16.04,2023-07-27 09:00:00
4978,Autumn,18.66,75.01,1.59,278.22,12,0.06,12.92,2023-07-27 10:00:00
4979,Autumn,13.17,31.4,1.53,20.44,14,0.15,13.02,2023-07-27 11:00:00
4980,Autumn,17.74,75.22,17.07,235.9,27,0.06,16.5,2023-07-27 12:00:00
4981,Autumn,18.0,64.91,18.89,249.93,7,0.12,7.53,2023-07-27 13:00:00
4982,Autumn,16.52,51.06,9.78,905.27,17,0.15,8.15,2023-07-27 14:00:00
4983,Autumn,16.35,57.51,15.2,725.26,13,0.05,7.24,2023-07-27 15:00:00
4984,Autumn,14.41,52.9,4.45,590.59,14,0.1,11.45,2023-07-27 16:00:00
4985,Autumn,11.99,76.21,10.03,82.21,10,0.15,7.94,2023-07-27 17:00:00
4986,Autumn,19.18,48.78,14.82,211.47,21,0.13,15.44,2023-07-27 18:00:00
4987,Autumn,13.06,79.1,6.36,309.85,22,0.07,7.04,2023-07-27 19:00:00
4988,Autumn,11.89,34.54,2.16,957.42,22,0.1,8.28,2023-07-27 20:00:00
4989,Autumn,12.13,60.49,10.1,756.11,122,0.3,14.59,2023-07-27 21:00:00
4990,Autumn,11.17,32.38,10.68,880.23,57,0.17,12.19,2023-07-27 22:00:00
4991,Autumn,12.93,42.21,17.03,591.31,106,0.14,7.5,2023-07-27 23:00:00
4992,Autumn,18.21,47.09,18.88,335.25,175,0.11,9.31,2023-07-28 00:00:00
4993,Autumn,13.91,31.31,4.5,805.58,63,0.3,7.09,2023-07-28 01:00:00
4994,Autumn,19.33,50.82,2.29,467.78,138,0.19,7.72,2023-07-28 02:00:00
4995,Autumn,12.76,47.04,2.06,8.66,80,0.28,15.27,2023-07-28 03:00:00
4996,Autumn,18.0,74.16,14.26,758.12,103,0.17,15.73,2023-07-28 04:00:00
4997,Autumn,18.97,54.28,18.81,919.25,191,0.11,12.47,2023-07-28 05:00:00
4998,Autumn,14.63,41.7,19.94,298.41,105,0.27,13.29,2023-07-28 06:00:00
4999,Autumn,15.95,39.94,13.23,32.0,109,0.24,11.16,2023-07-28 07:00:00
5000,Autumn,17.74,38.18,10.94,189.36,11,0.28,9.76,2023-07-28 08:00:00
5001,Autumn,18.46,44.36,0.12,111.6,15,0.26,9.07,2023-07-28 09:00:00
5002,Autumn,18.56,71.62,13.38,54.68,18,0.06,9.45,2023-07-28 10:00:00
5003,Autumn,12.13,69.14,8.77,498.1,25,0.11,5.57,2023-07-28 11:00:00
5004,Autumn,18.61,70.35,1.21,46.7,8,0.09,9.42,2023-07-28 12:00:00
5005,Autumn,13.11,39.71,15.54,12.65,6,0.12,13.67,2023-07-28 13:00:00
5006,Autumn,12.27,42.87,10.84,27.5,25,0.12,15.43,2023-07-28 14:00:00
5007,Autumn,12.07,59.99,0.76,386.43,14,0.15,6.53,2023-07-28 15:00:00
5008,Autumn,19.18,43.81,2.81,738.51,10,0.08,7.86,2023-07-28 16:00:00
5009,Autumn,11.01,48.99,8.13,815.65,10,0.06,12.62,2023-07-28 17:00:00
5010,Autumn,18.98,38.18,5.61,438.61,8,0.13,14.75,2023-07-28 18:00:00
5011,Autumn,12.6,79.81,6.41,983.28,7,0.11,7.31,2023-07-28 19:00:00
5012,Autumn,14.2,71.84,2.43,414.66,20,0.06,16.06,2023-07-28 20:00:00
5013,Autumn,16.79,53.93,16.36,679.24,116,0.18,16.59,2023-07-28 21:00:00
5014,Autumn,19.23,41.1,10.06,215.47,172,0.11,13.48,2023-07-28 22:00:00
5015,Autumn,15.42,41.02,16.2,430.65,104,0.29,17.62,2023-07-28 23:00:00
5016,Autumn,16.8,44.77,4.42,17.16,135,0.25,11.42,2023-07-29 00:00:00
5017,Autumn,17.6,39.23,12.88,76.71,87,0.29,11.51,2023-07-29 01:00:00
5018,Autumn,19.98,73.79,14.97,635.15,192,0.13,13.7,2023-07-29 02:00:00
5019,Autumn,16.16,39.93,14.69,480.31,104,0.18,10.75,2023-07-29 03:00:00
5020,Autumn,11.36,65.91,11.37,240.05,132,0.17,16.83,2023-07-29 04:00:00
5021,Autumn,19.23,53.93,3.76,462.25,96,0.29,14.12,2023-07-29 05:00:00
5022,Autumn,16.5,47.65,15.79,688.67,191,0.2,15.19,2023-07-29 06:00:00
5023,Autumn,17.66,57.82,9.6,431.42,93,0.11,8.13,2023-07-29 07:00:00
5024,Autumn,12.47,69.84,5.98,489.95,26,0.13,12.05,2023-07-29 08:00:00
5025,Autumn,18.53,65.54,15.23,691.6,25,0.11,9.15,2023-07-29 09:00:00
5026,Autumn,10.08,71.36,2.79,194.71,15,0.07,5.53,2023-07-29 10:00:00
5027,Autumn,12.86,30.26,2.71,278.59,9,0.08,6.71,2023-07-29 11:00:00
5028,Autumn,10.21,64.03,6.29,409.15,19,0.06,13.71,2023-07-29 12:00:00
5029,Autumn,19.98,58.92,16.98,205.79,14,0.05,16.16,2023-07-29 13:00:00
5030,Autumn,14.58,65.61,12.82,256.8,27,0.12,12.91,2023-07-29 14:00:00
5031,Autumn,18.31,58.73,13.1,218.69,12,0.11,12.81,2023-07-29 15:00:00
5032,Autumn,12.68,50.24,3.05,77.94,16,0.15,13.45,2023-07-29 16:00:00
5033,Autumn,12.62,50.43,1.57,229.37,20,0.12,10.11,2023-07-29 17:00:00
5034,Autumn,15.81,39.8,2.93,433.12,27,0.12,10.3,2023-07-29 18:00:00
5035,Autumn,17.87,43.33,18.75,236.47,29,0.12,12.02,2023-07-29 19:00:00
5036,Autumn,14.65,53.06,9.43,645.91,20,0.05,5.73,2023-07-29 20:00:00
5037,Autumn,13.67,32.3,9.93,344.77,185,0.17,13.45,2023-07-29 21:00:00
5038,Autumn,10.78,64.74,1.54,392.94,123,0.2,9.91,2023-07-29 22:00:00
5039,Autumn,14.82,69.46,10.88,18.44,139,0.18,13.31,2023-07-29 23:00:00
5040,Autumn,11.07,33.14,11.59,585.64,177,0.29,15.63,2023-07-30 00:00:00
5041,Autumn,10.78,55.48,15.36,470.46,142,0.22,16.65,2023-07-30 01:00:00
5042,Autumn,14.8,34.25,4.86,475.38,68,0.26,6.27,2023-07-30 02:00:00
5043,Autumn,17.35,43.09,7.29,647.03,150,0.22,14.38,2023-07-30 03:00:00
5044,Autumn,17.72,51.09,9.4,769.58,190,0.12,13.88,2023-07-30 04:00:00
5045,Autumn,13.37,52.66,5.59,728.43,90,0.13,8.64,2023-07-30 05:00:00
5046,Autumn,13.77,79.97,8.3,39.49,139,0.12,15.29,2023-07-30 06:00:00
5047,Autumn,18.89,58.6,18.23,149.58,96,0.24,10.0,2023-07-30 07:00:00
5048,Autumn,16.26,67.05,4.74,372.3,12,0.15,15.96,2023-07-30 08:00:00
5049,Autumn,19.22,46.86,18.04,418.71,29,0.22,10.86,2023-07-30 09:00:00
5050,Autumn,19.18,39.23,2.85,704.99,24,0.13,10.05,2023-07-30 10:00:00
5051,Autumn,18.98,60.22,17.8,415.2,22,0.09,9.11,2023-07-30 11:00:00
5052,Autumn,16.29,70.58,1.11,277.31,20,0.09,10.48,2023-07-30 12:00:00
5053,Autumn,17.05,41.86,10.13,682.58,21,0.11,9.22,2023-07-30 13:00:00
5054,Autumn,19.27,31.1,0.02,355.76,12,0.07,15.57,2023-07-30 14:00:00
5055,Autumn,18.41,39.21,16.12,909.15,5,0.11,14.3,2023-07-30 15:00:00
5056,Autumn,11.35,71.81,10.6,123.12,5,0.07,10.87,2023-07-30 16:00:00
5057,Autumn,17.97,54.01,14.1,184.1,29,0.14,16.55,2023-07-30 17:00:00
5058,Autumn,16.5,75.34,3.83,852.92,24,0.07,14.88,2023-07-30 18:00:00
5059,Autumn,19.88,31.51,16.44,502.93,22,0.06,11.25,2023-07-30 19:00:00
5060,Autumn,14.12,54.93,18.05,258.26,27,0.09,7.96,2023-07-30 20:00:00
5061,Autumn,12.01,39.8,5.84,461.51,141,0.17,7.93,2023-07-30 21:00:00
5062,Autumn,16.45,72.88,4.35,286.75,54,0.22,10.85,2023-07-30 22:00:00
5063,Autumn,12.82,43.24,7.02,784.33,168,0.11,7.96,2023-07-30 23:00:00
5064,Autumn,16.41,54.65,14.99,247.22,162,0.11,15.71,2023-07-31 00:00:00
5065,Autumn,19.8,77.19,6.01,143.02,129,0.21,13.89,2023-07-31 01:00:00
5066,Autumn,11.19,43.27,18.36,670.82,71,0.2,9.22,2023-07-31 02:00:00
5067,Autumn,11.98,30.6,14.76,372.36,187,0.27,9.22,2023-07-31 03:00:00
5068,Autumn,18.85,79.35,8.88,721.61,52,0.14,13.67,2023-07-31 04:00:00
5069,Autumn,19.79,76.37,2.65,565.75,51,0.15,10.07,2023-07-31 05:00:00
5070,Autumn,19.08,49.62,14.39,684.22,147,0.2,7.9,2023-07-31 06:00:00
5071,Autumn,17.43,54.66,9.47,276.85,113,0.23,16.98,2023-07-31 07:00:00
5072,Autumn,16.52,49.48,4.84,338.47,12,0.1,11.19,2023-07-31 08:00:00
5073,Autumn,11.73,45.52,13.58,72.59,22,0.26,9.59,2023-07-31 09:00:00
5074,Autumn,11.78,52.04,19.9,863.83,8,0.13,4.35,2023-07-31 10:00:00
5075,Autumn,12.07,43.89,1.88,792.39,13,0.12,11.42,2023-07-31 11:00:00
5076,Autumn,19.18,41.38,6.51,578.83,20,0.11,9.99,2023-07-31 12:00:00
5077,Autumn,16.13,31.47,14.26,649.06,35,0.06,8.67,2023-07-31 13:00:00
5078,Autumn,19.21,63.78,15.94,242.23,14,0.1,13.79,2023-07-31 14:00:00
5079,Autumn,15.33,70.51,3.07,72.9,39,0.08,9.48,2023-07-31 15:00:00
5080,Autumn,19.19,58.61,7.26,366.3,11,0.15,15.42,2023-07-31 16:00:00
5081,Autumn,19.16,66.74,7.81,694.25,24,0.08,4.72,2023-07-31 17:00:00
5082,Autumn,10.36,78.29,7.76,535.21,26,0.08,15.75,2023-07-31 18:00:00
5083,Autumn,11.9,37.74,18.89,885.87,23,0.13,4.7,2023-07-31 19:00:00
5084,Autumn,10.25,69.57,4.51,971.79,12,0.12,9.0,2023-07-31 20:00:00
5085,Autumn,14.43,72.45,17.17,338.72,21,0.13,5.86,2023-07-31 21:00:00
5086,Autumn,12.68,45.08,3.23,557.37,19,0.19,10.57,2023-07-31 22:00:00
5087,Autumn,10.21,38.56,4.79,486.05,5,0.17,7.1,2023-07-31 23:00:00
5088,Autumn,12.12,37.69,4.55,854.69,41,0.2,12.98,2023-08-01 00:00:00
5089,Autumn,11.41,59.02,5.03,645.17,23,0.23,6.73,2023-08-01 01:00:00
5090,Autumn,15.41,62.21,7.49,750.6,17,0.15,15.26,2023-08-01 02:00:00
5091,Autumn,10.64,50.15,10.29,167.04,37,0.29,10.76,2023-08-01 03:00:00
5092,Autumn,15.3,66.82,14.95,446.99,16,0.17,14.27,2023-08-01 04:00:00
5093,Autumn,15.66,46.22,16.47,716.38,30,0.28,14.71,2023-08-01 05:00:00
5094,Autumn,19.3,41.27,12.3,652.88,34,0.12,5.57,2023-08-01 06:00:00
5095,Autumn,13.09,48.38,6.99,974.04,9,0.29,11.96,2023-08-01 07:00:00
5096,Autumn,17.89,79.71,6.67,201.71,41,0.21,9.69,2023-08-01 08:00:00
5097,Autumn,15.51,64.72,14.93,522.5,21,0.11,12.74,2023-08-01 09:00:00
5098,Autumn,18.64,61.31,5.2,622.17,9,0.06,15.03,2023-08-01 10:00:00
5099,Autumn,18.76,68.31,17.96,612.8,44,0.05,10.38,2023-08-01 11:00:00
5100,Autumn,17.31,76.51,5.77,151.05,26,0.06,12.16,2023-08-01 12:00:00
5101,Autumn,15.52,30.88,18.15,399.84,44,0.1,13.86,2023-08-01 13:00:00
5102,Autumn,16.98,77.93,2.79,296.09,22,0.13,13.22,2023-08-01 14:00:00
5103,Autumn,15.1,57.57,19.07,792.47,21,0.14,10.77,2023-08-01 15:00:00
5104,Autumn,13.16,46.14,5.81,541.85,48,0.09,14.51,2023-08-01 16:00:00
5105,Autumn,11.89,56.15,0.79,760.13,20,0.08,6.67,2023-08-01 17:00:00
5106,Autumn,17.06,56.22,4.97,894.43,44,0.14,10.93,2023-08-01 18:00:00
5107,Autumn,13.2,43.32,0.56,98.12,17,0.05,14.24,2023-08-01 19:00:00
5108,Autumn,17.27,42.99,2.09,215.96,21,0.1,12.12,2023-08-01 20:00:00
5109,Autumn,19.48,35.79,1.95,358.42,23,0.17,9.29,2023-08-01 21:00:00
5110,Autumn,12.0,70.51,4.73,856.18,44,0.13,10.72,2023-08-01 22:00:00
5111,Autumn,10.54,34.57,6.34,763.97,20,0.28,12.18,2023-08-01 23:00:00
5112,Autumn,11.83,78.16,11.88,971.64,34,0.22,11.12,2023-08-02 00:00:00
5113,Autumn,17.73,43.05,19.14,972.98,40,0.28,5.84,2023-08-02 01:00:00
5114,Autumn,11.51,50.42,16.83,798.98,12,0.11,8.35,2023-08-02 02:00:00
5115,Autumn,19.15,45.11,3.05,670.9,15,0.2,6.34,2023-08-02 03:00:00
5116,Autumn,10.4,69.03,14.94,755.36,44,0.25,13.31,2023-08-02 04:00:00
5117,Autumn,10.71,48.39,16.97,708.28,6,0.16,6.17,2023-08-02 05:00:00
5118,Autumn,10.38,42.54,19.79,41.87,32,0.27,6.62,2023-08-02 06:00:00
5119,Autumn,15.14,51.59,17.48,548.33,36,0.27,14.17,2023-08-02 07:00:00
5120,Autumn,17.88,53.65,13.31,471.94,33,0.27,6.58,2023-08-02 08:00:00
5121,Autumn,16.63,60.24,12.49,236.56,50,0.23,14.16,2023-08-02 09:00:00
5122,Autumn,18.41,57.6,0.11,121.73,7,0.13,15.33,2023-08-02 10:00:00
5123,Autumn,19.83,52.67,6.98,20.71,24,0.09,14.32,2023-08-02 11:00:00
5124,Autumn,17.4,65.9,14.73,612.65,30,0.1,7.03,2023-08-02 12:00:00
5125,Autumn,10.97,74.35,0.48,549.18,24,0.06,6.51,2023-08-02 13:00:00
5126,Autumn,19.1,44.43,3.73,512.27,21,0.1,7.33,2023-08-02 14:00:00
5127,Autumn,13.87,45.02,18.72,548.24,8,0.09,8.15,2023-08-02 15:00:00
5128,Autumn,11.46,44.19,18.65,89.28,27,0.07,16.25,2023-08-02 16:00:00
5129,Autumn,11.03,46.89,14.51,379.86,12,0.07,6.18,2023-08-02 17:00:00
5130,Autumn,12.67,39.01,7.46,242.64,26,0.05,6.22,2023-08-02 18:00:00
5131,Autumn,19.6,35.38,5.63,676.19,10,0.1,12.9,2023-08-02 19:00:00
5132,Autumn,14.56,31.04,3.42,985.73,22,0.12,8.73,2023-08-02 20:00:00
5133,Autumn,17.08,32.93,0.47,612.11,133,0.15,9.65,2023-08-02 21:00:00
5134,Autumn,16.6,32.47,7.31,74.51,155,0.24,18.42,2023-08-02 22:00:00
5135,Autumn,11.13,77.22,9.53,480.33,111,0.2,14.74,2023-08-02 23:00:00
5136,Autumn,16.91,62.65,18.05,490.13,121,0.25,9.33,2023-08-03 00:00:00
5137,Autumn,13.2,45.03,10.93,791.92,104,0.22,7.37,2023-08-03 01:00:00
5138,Autumn,14.78,33.44,0.51,662.8,55,0.23,11.7,2023-08-03 02:00:00
5139,Autumn,14.02,56.43,1.85,22.42,117,0.27,18.97,2023-08-03 03:00:00
5140,Autumn,16.86,62.05,19.18,175.1,133,0.27,15.95,2023-08-03 04:00:00
5141,Autumn,16.03,74.17,12.37,304.79,71,0.25,8.64,2023-08-03 05:00:00
5142,Autumn,13.3,38.14,7.53,12.08,124,0.24,14.08,2023-08-03 06:00:00
5143,Autumn,11.05,68.43,5.2,597.92,181,0.28,17.36,2023-08-03 07:00:00
5144,Autumn,19.86,35.72,19.95,133.21,5,0.2,10.73,2023-08-03 08:00:00
5145,Autumn,16.28,61.99,9.93,682.43,24,0.29,5.48,2023-08-03 09:00:00
5146,Autumn,10.77,47.5,15.57,375.61,6,0.1,11.97,2023-08-03 10:00:00
5147,Autumn,18.33,35.5,19.34,256.3,17,0.05,7.08,2023-08-03 11:00:00
5148,Autumn,14.95,67.78,0.68,738.95,23,0.1,4.57,2023-08-03 12:00:00
5149,Autumn,10.1,65.91,12.01,970.94,16,0.07,7.66,2023-08-03 13:00:00
5150,Autumn,12.72,36.78,7.94,832.66,29,0.05,10.77,2023-08-03 14:00:00
5151,Autumn,14.99,39.37,15.35,211.77,17,0.15,8.79,2023-08-03 15:00:00
5152,Autumn,13.53,66.64,15.59,796.08,5,0.1,6.21,2023-08-03 16:00:00
5153,Autumn,13.03,60.79,11.45,138.86,8,0.11,11.85,2023-08-03 17:00:00
5154,Autumn,16.82,63.69,3.72,639.04,27,0.12,14.09,2023-08-03 18:00:00
5155,Autumn,11.76,58.63,9.16,111.0,6,0.08,8.34,2023-08-03 19:00:00
5156,Autumn,10.84,41.73,5.0,366.92,22,0.06,6.36,2023-08-03 20:00:00
5157,Autumn,12.13,66.25,16.83,694.56,119,0.24,17.4,2023-08-03 21:00:00
5158,Autumn,16.74,77.93,7.78,945.67,114,0.21,14.08,2023-08-03 22:00:00
5159,Autumn,18.02,62.44,17.27,243.79,85,0.27,16.11,2023-08-03 23:00:00
5160,Autumn,14.07,53.14,3.51,36.78,119,0.12,13.39,2023-08-04 00:00:00
5161,Autumn,14.72,73.84,11.68,956.77,175,0.12,7.56,2023-08-04 01:00:00
5162,Autumn,18.02,78.59,6.65,429.42,146,0.16,17.17,2023-08-04 02:00:00
5163,Autumn,17.71,73.41,15.63,19.88,88,0.18,18.45,2023-08-04 03:00:00
5164,Autumn,12.3,36.32,16.15,813.17,55,0.13,10.78,2023-08-04 04:00:00
5165,Autumn,15.7,60.27,17.53,155.19,76,0.14,14.56,2023-08-04 05:00:00
5166,Autumn,19.17,40.29,16.89,756.16,53,0.21,6.69,2023-08-04 06:00:00
5167,Autumn,14.84,67.84,6.02,883.32,177,0.19,8.33,2023-08-04 07:00:00
5168,Autumn,14.71,76.83,13.56,222.14,23,0.22,14.32,2023-08-04 08:00:00
5169,Autumn,14.57,58.76,2.2,1.94,26,0.11,14.4,2023-08-04 09:00:00
5170,Autumn,14.22,60.05,5.3,798.66,21,0.1,8.12,2023-08-04 10:00:00
5171,Autumn,18.82,79.88,2.04,431.42,9,0.11,5.82,2023-08-04 11:00:00
5172,Autumn,17.99,57.01,1.21,120.76,23,0.09,15.67,2023-08-04 12:00:00
5173,Autumn,17.67,79.82,6.6,292.83,28,0.15,6.63,2023-08-04 13:00:00
5174,Autumn,17.48,36.55,10.24,163.71,13,0.1,7.32,2023-08-04 14:00:00
5175,Autumn,12.7,79.74,10.52,885.09,13,0.06,9.04,2023-08-04 15:00:00
5176,Autumn,16.84,40.81,16.22,279.37,20,0.07,9.7,2023-08-04 16:00:00
5177,Autumn,12.43,55.55,3.14,347.21,30,0.12,8.74,2023-08-04 17:00:00
5178,Autumn,15.56,55.34,6.89,805.25,15,0.13,8.88,2023-08-04 18:00:00
5179,Autumn,19.56,57.29,16.09,379.39,27,0.12,12.11,2023-08-04 19:00:00
5180,Autumn,15.68,48.4,7.1,405.74,12,0.13,11.63,2023-08-04 20:00:00
5181,Autumn,15.76,61.63,10.97,152.17,159,0.29,13.49,2023-08-04 21:00:00
5182,Autumn,12.67,38.3,13.0,429.51,53,0.16,10.79,2023-08-04 22:00:00
5183,Autumn,17.94,33.37,1.21,824.52,160,0.25,13.31,2023-08-04 23:00:00
5184,Autumn,11.27,31.65,1.72,516.62,131,0.22,17.06,2023-08-05 00:00:00
5185,Autumn,17.42,74.2,5.89,523.63,80,0.29,15.9,2023-08-05 01:00:00
5186,Autumn,19.55,72.42,4.29,276.0,175,0.12,9.24,2023-08-05 02:00:00
5187,Autumn,10.21,42.92,12.51,544.04,116,0.17,10.64,2023-08-05 03:00:00
5188,Autumn,18.38,59.41,14.62,232.36,198,0.18,20.08,2023-08-05 04:00:00
5189,Autumn,19.45,36.02,10.84,421.65,159,0.12,17.33,2023-08-05 05:00:00
5190,Autumn,15.26,54.61,9.71,728.4,75,0.3,10.4,2023-08-05 06:00:00
5191,Autumn,14.45,66.6,11.78,175.75,52,0.19,16.59,2023-08-05 07:00:00
5192,Autumn,11.06,38.73,3.98,11.05,28,0.14,9.87,2023-08-05 08:00:00
5193,Autumn,10.6,45.04,14.59,396.69,7,0.16,5.49,2023-08-05 09:00:00
5194,Autumn,16.15,45.36,5.52,844.66,10,0.14,14.37,2023-08-05 10:00:00
5195,Autumn,14.76,32.96,8.23,800.53,21,0.15,9.4,2023-08-05 11:00:00
5196,Autumn,12.08,70.85,7.99,30.61,20,0.08,9.25,2023-08-05 12:00:00
5197,Autumn,16.19,37.65,17.21,63.04,26,0.05,16.37,2023-08-05 13:00:00
5198,Autumn,13.69,35.8,10.81,789.58,5,0.06,6.07,2023-08-05 14:00:00
5199,Autumn,16.82,43.35,3.0,14.54,22,0.13,7.43,2023-08-05 15:00:00
5200,Autumn,14.56,37.78,0.44,319.46,20,0.1,15.69,2023-08-05 16:00:00
5201,Autumn,15.19,46.79,5.63,797.59,6,0.06,10.61,2023-08-05 17:00:00
5202,Autumn,14.51,46.37,17.65,371.3,6,0.09,12.0,2023-08-05 18:00:00
5203,Autumn,11.35,76.4,8.23,461.08,20,0.08,14.45,2023-08-05 19:00:00
5204,Autumn,15.13,51.56,5.59,482.03,7,0.05,13.73,2023-08-05 20:00:00
5205,Autumn,10.03,45.42,18.67,233.86,100,0.21,8.7,2023-08-05 21:00:00
5206,Autumn,10.26,37.6,10.22,127.02,116,0.12,13.47,2023-08-05 22:00:00
5207,Autumn,17.42,41.88,3.21,954.72,95,0.26,10.95,2023-08-05 23:00:00
5208,Autumn,17.39,37.9,8.75,633.73,134,0.11,8.67,2023-08-06 00:00:00
5209,Autumn,17.2,43.94,10.21,967.43,142,0.25,13.28,2023-08-06 01:00:00
5210,Autumn,16.45,63.41,6.28,279.44,76,0.13,8.19,2023-08-06 02:00:00
5211,Autumn,16.79,36.64,6.08,276.64,76,0.16,11.48,2023-08-06 03:00:00
5212,Autumn,13.39,65.04,7.14,687.36,172,0.29,14.62,2023-08-06 04:00:00
5213,Autumn,17.42,33.99,0.34,727.18,102,0.29,11.02,2023-08-06 05:00:00
5214,Autumn,14.81,30.68,8.62,23.45,136,0.16,18.33,2023-08-06 06:00:00
5215,Autumn,14.27,67.3,3.71,402.91,82,0.18,17.35,2023-08-06 07:00:00
5216,Autumn,17.79,33.86,4.7,910.99,19,0.18,9.23,2023-08-06 08:00:00
5217,Autumn,16.03,59.79,18.91,843.23,5,0.25,14.85,2023-08-06 09:00:00
5218,Autumn,10.8,65.81,6.89,582.78,23,0.12,12.75,2023-08-06 10:00:00
5219,Autumn,12.29,42.95,10.18,906.43,10,0.1,5.74,2023-08-06 11:00:00
5220,Autumn,11.17,79.39,13.03,751.12,28,0.08,7.2,2023-08-06 12:00:00
5221,Autumn,16.03,46.0,6.04,695.21,10,0.15,14.71,2023-08-06 13:00:00
5222,Autumn,18.39,63.22,1.69,682.05,7,0.15,8.79,2023-08-06 14:00:00
5223,Autumn,18.64,42.8,4.3,544.6,18,0.06,7.25,2023-08-06 15:00:00
5224,Autumn,10.63,49.22,1.74,392.17,25,0.13,9.47,2023-08-06 16:00:00
5225,Autumn,12.5,64.88,11.17,149.21,27,0.08,8.64,2023-08-06 17:00:00
5226,Autumn,11.03,56.67,13.07,977.05,17,0.07,6.76,2023-08-06 18:00:00
5227,Autumn,12.54,32.78,9.3,236.59,17,0.07,5.88,2023-08-06 19:00:00
5228,Autumn,15.78,79.43,4.15,634.8,26,0.09,10.36,2023-08-06 20:00:00
5229,Autumn,16.01,71.56,8.9,204.74,183,0.17,12.02,2023-08-06 21:00:00
5230,Autumn,10.36,45.43,1.63,555.92,115,0.28,10.85,2023-08-06 22:00:00
5231,Autumn,13.14,37.18,9.02,914.61,193,0.24,10.19,2023-08-06 23:00:00
5232,Autumn,15.82,32.46,7.99,961.98,159,0.26,9.67,2023-08-07 00:00:00
5233,Autumn,13.16,46.75,1.81,82.87,59,0.17,7.29,2023-08-07 01:00:00
5234,Autumn,14.09,70.27,5.3,499.36,136,0.18,17.1,2023-08-07 02:00:00
5235,Autumn,11.95,75.35,9.82,254.36,198,0.25,16.84,2023-08-07 03:00:00
5236,Autumn,18.65,34.87,10.35,196.89,52,0.24,8.59,2023-08-07 04:00:00
5237,Autumn,19.78,36.64,3.49,32.93,79,0.18,7.32,2023-08-07 05:00:00
5238,Autumn,17.84,63.2,19.32,171.97,121,0.2,13.28,2023-08-07 06:00:00
5239,Autumn,12.08,65.87,5.83,815.49,185,0.24,18.29,2023-08-07 07:00:00
5240,Autumn,15.41,34.74,14.91,321.31,5,0.26,9.77,2023-08-07 08:00:00
5241,Autumn,15.7,51.62,14.27,625.79,7,0.17,14.26,2023-08-07 09:00:00
5242,Autumn,14.36,35.11,15.49,368.44,12,0.06,5.11,2023-08-07 10:00:00
5243,Autumn,11.11,39.38,7.42,587.73,12,0.11,14.53,2023-08-07 11:00:00
5244,Autumn,12.79,43.56,2.91,480.03,29,0.07,6.68,2023-08-07 12:00:00
5245,Autumn,19.51,67.95,0.41,889.49,8,0.11,7.8,2023-08-07 13:00:00
5246,Autumn,13.66,47.94,1.38,777.04,48,0.09,13.14,2023-08-07 14:00:00
5247,Autumn,10.83,63.64,19.02,632.77,37,0.08,14.17,2023-08-07 15:00:00
5248,Autumn,15.3,51.43,15.24,934.49,27,0.06,9.08,2023-08-07 16:00:00
5249,Autumn,18.86,70.83,0.68,243.03,49,0.07,16.55,2023-08-07 17:00:00
5250,Autumn,18.71,44.96,17.76,70.92,5,0.05,7.65,2023-08-07 18:00:00
5251,Autumn,11.32,71.98,13.96,787.32,15,0.11,11.79,2023-08-07 19:00:00
5252,Autumn,18.81,46.21,3.25,486.18,8,0.14,6.9,2023-08-07 20:00:00
5253,Autumn,17.86,30.81,2.85,856.79,39,0.23,7.61,2023-08-07 21:00:00
5254,Autumn,18.09,52.33,9.55,222.65,39,0.2,7.75,2023-08-07 22:00:00
5255,Autumn,10.43,45.45,14.42,138.83,14,0.23,12.89,2023-08-07 23:00:00
5256,Autumn,16.62,57.14,0.15,759.68,24,0.24,8.03,2023-08-08 00:00:00
5257,Autumn,10.34,34.77,0.23,830.29,11,0.26,6.47,2023-08-08 01:00:00
5258,Autumn,17.4,44.59,3.17,357.53,43,0.3,16.19,2023-08-08 02:00:00
5259,Autumn,19.31,32.03,2.4,563.46,48,0.12,15.22,2023-08-08 03:00:00
5260,Autumn,16.46,63.26,4.49,740.83,12,0.28,13.01,2023-08-08 04:00:00
5261,Autumn,10.57,57.75,1.28,116.42,47,0.12,11.18,2023-08-08 05:00:00
5262,Autumn,19.73,76.81,10.43,125.59,15,0.23,8.43,2023-08-08 06:00:00
5263,Autumn,19.55,56.67,5.67,253.35,22,0.15,9.65,2023-08-08 07:00:00
5264,Autumn,10.94,34.94,4.99,129.23,38,0.28,9.13,2023-08-08 08:00:00
5265,Autumn,19.68,44.87,1.66,864.57,14,0.17,5.51,2023-08-08 09:00:00
5266,Autumn,19.6,51.63,2.46,491.72,16,0.09,6.18,2023-08-08 10:00:00
5267,Autumn,17.0,69.49,5.16,991.02,18,0.13,8.24,2023-08-08 11:00:00
5268,Autumn,15.03,66.06,16.48,116.74,14,0.06,8.34,2023-08-08 12:00:00
5269,Autumn,18.06,54.99,6.19,775.77,45,0.1,9.12,2023-08-08 13:00:00
5270,Autumn,19.12,73.88,13.47,989.63,16,0.11,9.51,2023-08-08 14:00:00
5271,Autumn,14.4,30.73,14.32,399.23,23,0.09,6.33,2023-08-08 15:00:00
5272,Autumn,15.04,68.25,7.78,430.8,49,0.06,7.29,2023-08-08 16:00:00
5273,Autumn,14.37,42.52,17.86,511.4,48,0.07,14.32,2023-08-08 17:00:00
5274,Autumn,13.21,57.37,16.05,873.31,30,0.09,4.36,2023-08-08 18:00:00
5275,Autumn,10.27,45.78,2.94,120.93,26,0.08,13.15,2023-08-08 19:00:00
5276,Autumn,17.06,56.01,9.61,231.58,26,0.05,15.71,2023-08-08 20:00:00
5277,Autumn,15.46,43.81,1.61,525.41,17,0.22,9.18,2023-08-08 21:00:00
5278,Autumn,17.44,46.2,8.89,714.44,48,0.15,13.68,2023-08-08 22:00:00
5279,Autumn,14.12,43.72,13.36,503.27,24,0.16,10.56,2023-08-08 23:00:00
5280,Autumn,11.88,39.92,0.75,794.81,27,0.19,10.66,2023-08-09 00:00:00
5281,Autumn,18.96,52.37,14.77,952.54,26,0.28,14.3,2023-08-09 01:00:00
5282,Autumn,13.4,58.26,7.86,84.07,39,0.16,11.2,2023-08-09 02:00:00
5283,Autumn,16.23,32.95,6.53,44.12,12,0.26,7.55,2023-08-09 03:00:00
5284,Autumn,13.34,45.76,13.13,485.51,24,0.14,8.11,2023-08-09 04:00:00
5285,Autumn,18.9,47.52,17.66,965.23,40,0.24,5.71,2023-08-09 05:00:00
5286,Autumn,13.07,77.43,18.48,518.68,33,0.17,5.83,2023-08-09 06:00:00
5287,Autumn,16.57,37.3,18.22,483.42,19,0.18,15.43,2023-08-09 07:00:00
5288,Autumn,19.75,58.05,8.05,474.73,26,0.27,12.53,2023-08-09 08:00:00
5289,Autumn,11.25,66.32,14.17,465.73,49,0.29,6.79,2023-08-09 09:00:00
5290,Autumn,13.21,57.1,14.55,804.25,7,0.09,11.28,2023-08-09 10:00:00
5291,Autumn,18.56,68.82,1.61,987.95,39,0.15,13.11,2023-08-09 11:00:00
5292,Autumn,17.59,68.26,6.3,800.86,8,0.06,13.14,2023-08-09 12:00:00
5293,Autumn,17.25,42.93,2.54,200.21,8,0.11,7.8,2023-08-09 13:00:00
5294,Autumn,14.03,51.32,7.86,290.74,28,0.13,15.33,2023-08-09 14:00:00
5295,Autumn,14.11,49.61,13.37,973.97,9,0.12,6.94,2023-08-09 15:00:00
5296,Autumn,13.63,58.29,0.43,693.07,18,0.11,5.89,2023-08-09 16:00:00
5297,Autumn,12.76,50.36,2.58,731.46,23,0.07,13.91,2023-08-09 17:00:00
5298,Autumn,10.21,42.28,15.86,197.19,21,0.12,7.34,2023-08-09 18:00:00
5299,Autumn,14.21,63.29,14.18,112.93,21,0.08,15.22,2023-08-09 19:00:00
5300,Autumn,11.73,32.0,17.56,673.89,12,0.08,9.02,2023-08-09 20:00:00
5301,Autumn,14.88,39.08,10.31,505.26,108,0.17,12.21,2023-08-09 21:00:00
5302,Autumn,18.45,32.05,8.77,676.25,78,0.27,15.86,2023-08-09 22:00:00
5303,Autumn,14.1,69.84,15.89,270.92,179,0.25,17.56,2023-08-09 23:00:00
5304,Autumn,15.29,66.77,0.52,62.2,113,0.21,8.73,2023-08-10 00:00:00
5305,Autumn,15.87,40.18,3.18,615.85,70,0.21,11.68,2023-08-10 01:00:00
5306,Autumn,16.47,42.95,6.95,473.36,182,0.21,15.89,2023-08-10 02:00:00
5307,Autumn,11.76,56.63,3.16,7.82,164,0.26,11.34,2023-08-10 03:00:00
5308,Autumn,10.97,74.15,7.05,959.18,73,0.21,14.61,2023-08-10 04:00:00
5309,Autumn,17.06,45.84,17.84,384.73,178,0.12,15.26,2023-08-10 05:00:00
5310,Autumn,14.31,63.4,16.04,841.48,113,0.15,8.11,2023-08-10 06:00:00
5311,Autumn,11.02,31.66,4.24,87.84,71,0.1,16.82,2023-08-10 07:00:00
5312,Autumn,15.22,68.12,3.72,286.05,11,0.26,10.39,2023-08-10 08:00:00
5313,Autumn,12.92,41.58,15.4,336.33,18,0.14,9.49,2023-08-10 09:00:00
5314,Autumn,19.52,59.28,19.96,880.54,23,0.06,6.85,2023-08-10 10:00:00
5315,Autumn,18.56,69.33,12.05,305.89,17,0.12,13.41,2023-08-10 11:00:00
5316,Autumn,11.26,38.7,16.6,593.91,5,0.08,11.27,2023-08-10 12:00:00
5317,Autumn,19.99,53.17,3.39,868.82,14,0.06,11.8,2023-08-10 13:00:00
5318,Autumn,10.49,38.8,15.79,204.93,10,0.07,5.78,2023-08-10 14:00:00
5319,Autumn,18.26,47.76,7.18,69.79,16,0.07,10.06,2023-08-10 15:00:00
5320,Autumn,14.54,39.62,5.39,994.91,14,0.09,9.01,2023-08-10 16:00:00
5321,Autumn,19.15,71.81,9.88,347.65,30,0.13,14.9,2023-08-10 17:00:00
5322,Autumn,16.32,62.12,8.97,313.7,15,0.14,8.74,2023-08-10 18:00:00
5323,Autumn,13.89,33.34,15.43,848.55,16,0.14,11.97,2023-08-10 19:00:00
5324,Autumn,15.58,63.59,8.99,393.0,5,0.11,8.68,2023-08-10 20:00:00
5325,Autumn,12.8,54.12,14.01,527.42,102,0.22,11.49,2023-08-10 21:00:00
5326,Autumn,18.57,79.28,19.22,242.04,167,0.24,18.93,2023-08-10 22:00:00
5327,Autumn,16.91,69.18,7.56,244.11,194,0.18,10.27,2023-08-10 23:00:00
5328,Autumn,17.17,46.23,11.9,976.94,200,0.25,18.71,2023-08-11 00:00:00
5329,Autumn,14.18,78.86,12.43,496.9,100,0.22,15.7,2023-08-11 01:00:00
5330,Autumn,11.96,72.88,17.09,930.42,198,0.27,16.61,2023-08-11 02:00:00
5331,Autumn,19.98,32.07,15.09,983.59,101,0.14,12.72,2023-08-11 03:00:00
5332,Autumn,16.71,52.16,10.66,424.96,76,0.16,13.6,2023-08-11 04:00:00
5333,Autumn,13.42,32.4,8.16,151.4,117,0.21,16.13,2023-08-11 05:00:00
5334,Autumn,14.37,35.29,15.74,328.27,133,0.23,16.77,2023-08-11 06:00:00
5335,Autumn,11.41,72.93,16.17,185.03,128,0.27,14.0,2023-08-11 07:00:00
5336,Autumn,10.41,49.92,5.07,149.16,30,0.25,10.72,2023-08-11 08:00:00
5337,Autumn,18.09,30.54,6.1,614.75,20,0.24,13.5,2023-08-11 09:00:00
5338,Autumn,14.8,39.34,12.18,792.49,8,0.13,10.3,2023-08-11 10:00:00
5339,Autumn,11.04,61.9,1.13,170.03,15,0.12,6.69,2023-08-11 11:00:00
5340,Autumn,16.89,60.13,9.88,999.69,26,0.13,8.63,2023-08-11 12:00:00
5341,Autumn,14.01,70.57,2.0,462.77,13,0.12,9.19,2023-08-11 13:00:00
5342,Autumn,13.88,44.87,14.04,978.39,20,0.1,4.16,2023-08-11 14:00:00
5343,Autumn,19.75,57.79,9.96,251.78,5,0.12,6.85,2023-08-11 15:00:00
5344,Autumn,18.11,68.89,17.93,918.97,15,0.09,10.59,2023-08-11 16:00:00
5345,Autumn,18.69,79.47,17.87,860.51,19,0.12,14.34,2023-08-11 17:00:00
5346,Autumn,11.5,60.93,8.26,960.71,16,0.1,9.4,2023-08-11 18:00:00
5347,Autumn,11.37,75.89,10.84,952.23,29,0.08,7.8,2023-08-11 19:00:00
5348,Autumn,13.01,47.54,13.08,920.6,25,0.12,13.99,2023-08-11 20:00:00
5349,Autumn,12.79,58.6,5.52,409.52,73,0.24,8.11,2023-08-11 21:00:00
5350,Autumn,17.53,61.52,10.41,104.11,68,0.22,14.89,2023-08-11 22:00:00
5351,Autumn,15.69,49.69,7.33,116.65,121,0.17,16.0,2023-08-11 23:00:00
5352,Autumn,14.66,37.29,13.96,461.43,147,0.19,15.44,2023-08-12 00:00:00
5353,Autumn,11.6,76.91,12.82,913.62,96,0.25,8.47,2023-08-12 01:00:00
5354,Autumn,15.55,61.4,15.86,33.18,178,0.11,17.49,2023-08-12 02:00:00
5355,Autumn,18.44,77.31,0.07,937.85,66,0.11,10.16,2023-08-12 03:00:00
5356,Autumn,14.7,40.96,18.46,466.03,179,0.15,12.34,2023-08-12 04:00:00
5357,Autumn,12.35,68.51,6.8,832.19,195,0.15,12.65,2023-08-12 05:00:00
5358,Autumn,18.74,70.93,16.67,590.59,196,0.12,13.26,2023-08-12 06:00:00
5359,Autumn,17.93,69.38,9.52,738.16,119,0.2,12.67,2023-08-12 07:00:00
5360,Autumn,10.99,58.83,10.51,815.58,27,0.18,13.25,2023-08-12 08:00:00
5361,Autumn,14.7,45.34,9.55,927.58,28,0.22,12.35,2023-08-12 09:00:00
5362,Autumn,11.98,74.78,0.49,770.1,13,0.11,13.38,2023-08-12 10:00:00
5363,Autumn,15.49,75.22,5.78,191.23,8,0.15,10.79,2023-08-12 11:00:00
5364,Autumn,12.84,69.26,10.66,66.18,28,0.11,6.1,2023-08-12 12:00:00
5365,Autumn,19.64,49.2,0.14,862.36,21,0.08,12.6,2023-08-12 13:00:00
5366,Autumn,16.39,71.82,10.32,585.86,8,0.13,7.83,2023-08-12 14:00:00
5367,Autumn,11.47,78.36,9.72,392.42,27,0.09,7.58,2023-08-12 15:00:00
5368,Autumn,16.5,55.32,4.19,800.1,23,0.14,10.21,2023-08-12 16:00:00
5369,Autumn,11.48,55.79,5.22,89.69,16,0.13,8.72,2023-08-12 17:00:00
5370,Autumn,16.18,64.71,17.34,352.03,10,0.13,7.96,2023-08-12 18:00:00
5371,Autumn,13.78,58.4,16.06,291.16,12,0.07,7.14,2023-08-12 19:00:00
5372,Autumn,16.85,51.17,6.05,611.35,19,0.07,8.06,2023-08-12 20:00:00
5373,Autumn,18.8,43.41,15.92,230.67,109,0.28,7.72,2023-08-12 21:00:00
5374,Autumn,14.55,58.71,4.3,172.99,127,0.29,17.48,2023-08-12 22:00:00
5375,Autumn,10.04,51.45,2.34,256.55,154,0.19,18.42,2023-08-12 23:00:00
5376,Autumn,12.83,40.05,17.93,505.47,174,0.19,18.8,2023-08-13 00:00:00
5377,Autumn,10.43,42.52,14.98,800.29,187,0.22,13.18,2023-08-13 01:00:00
5378,Autumn,13.09,30.14,19.35,408.71,159,0.26,10.5,2023-08-13 02:00:00
5379,Autumn,13.22,78.72,18.46,256.26,90,0.22,14.74,2023-08-13 03:00:00
5380,Autumn,10.15,34.17,8.36,502.99,117,0.24,9.17,2023-08-13 04:00:00
5381,Autumn,16.1,40.8,10.8,193.96,172,0.26,14.46,2023-08-13 05:00:00
5382,Autumn,17.66,43.09,2.83,524.59,135,0.27,10.4,2023-08-13 06:00:00
5383,Autumn,11.26,56.12,11.42,406.79,102,0.19,10.69,2023-08-13 07:00:00
5384,Autumn,12.4,69.4,16.74,743.34,29,0.15,15.28,2023-08-13 08:00:00
5385,Autumn,14.37,60.12,9.8,626.11,12,0.22,9.75,2023-08-13 09:00:00
5386,Autumn,18.42,48.78,11.69,600.22,25,0.06,11.27,2023-08-13 10:00:00
5387,Autumn,14.26,49.19,15.06,294.36,16,0.09,10.3,2023-08-13 11:00:00
5388,Autumn,13.52,72.79,19.56,870.21,9,0.07,9.96,2023-08-13 12:00:00
5389,Autumn,18.49,39.56,16.42,160.42,16,0.06,14.47,2023-08-13 13:00:00
5390,Autumn,10.84,38.0,2.34,455.71,19,0.07,9.29,2023-08-13 14:00:00
5391,Autumn,15.71,40.81,10.91,565.97,5,0.11,11.4,2023-08-13 15:00:00
5392,Autumn,15.5,51.54,16.36,52.44,13,0.08,13.65,2023-08-13 16:00:00
5393,Autumn,15.1,42.96,17.74,99.09,29,0.14,11.94,2023-08-13 17:00:00
5394,Autumn,12.59,33.1,11.75,674.23,14,0.07,12.51,2023-08-13 18:00:00
5395,Autumn,12.38,67.97,8.36,94.1,17,0.12,6.89,2023-08-13 19:00:00
5396,Autumn,14.17,64.56,12.01,701.62,10,0.15,10.89,2023-08-13 20:00:00
5397,Autumn,13.94,79.82,12.57,228.96,185,0.25,12.38,2023-08-13 21:00:00
5398,Autumn,12.35,56.48,19.05,751.06,124,0.18,15.91,2023-08-13 22:00:00
5399,Autumn,14.69,53.67,18.99,967.03,121,0.22,10.31,2023-08-13 23:00:00
5400,Autumn,19.38,60.74,4.54,661.15,127,0.1,9.74,2023-08-14 00:00:00
5401,Autumn,16.8,45.2,2.36,111.85,178,0.25,14.59,2023-08-14 01:00:00
5402,Autumn,12.68,49.53,5.42,871.38,199,0.11,8.43,2023-08-14 02:00:00
5403,Autumn,14.12,47.34,12.31,508.05,111,0.26,9.35,2023-08-14 03:00:00
5404,Autumn,10.79,55.3,7.07,924.4,116,0.2,14.29,2023-08-14 04:00:00
5405,Autumn,10.86,61.12,0.99,330.89,92,0.22,12.66,2023-08-14 05:00:00
5406,Autumn,10.17,68.31,19.74,908.13,145,0.26,17.47,2023-08-14 06:00:00
5407,Autumn,12.9,30.69,10.44,279.58,94,0.11,16.5,2023-08-14 07:00:00
5408,Autumn,18.42,45.64,10.48,464.32,11,0.15,10.39,2023-08-14 08:00:00
5409,Autumn,18.95,65.54,10.51,411.52,28,0.28,14.01,2023-08-14 09:00:00
5410,Autumn,11.94,51.01,2.25,941.76,26,0.06,11.15,2023-08-14 10:00:00
5411,Autumn,14.62,46.51,16.35,836.01,28,0.12,8.53,2023-08-14 11:00:00
5412,Autumn,12.86,33.22,4.55,64.13,22,0.06,7.56,2023-08-14 12:00:00
5413,Autumn,16.04,44.64,7.78,590.35,15,0.11,12.51,2023-08-14 13:00:00
5414,Autumn,15.56,53.68,1.23,647.83,40,0.15,7.6,2023-08-14 14:00:00
5415,Autumn,15.41,47.1,0.35,462.62,20,0.07,5.15,2023-08-14 15:00:00
5416,Autumn,10.67,75.81,13.98,430.28,41,0.06,9.66,2023-08-14 16:00:00
5417,Autumn,12.09,44.65,10.12,98.13,33,0.07,14.67,2023-08-14 17:00:00
5418,Autumn,16.38,59.89,11.44,101.2,41,0.15,12.8,2023-08-14 18:00:00
5419,Autumn,13.01,41.15,18.53,996.85,21,0.11,9.45,2023-08-14 19:00:00
5420,Autumn,15.25,54.69,8.3,886.73,39,0.12,12.23,2023-08-14 20:00:00
5421,Autumn,13.37,38.86,12.49,336.96,50,0.3,10.35,2023-08-14 21:00:00
5422,Autumn,14.81,67.85,18.97,664.03,39,0.11,15.34,2023-08-14 22:00:00
5423,Autumn,14.44,65.57,3.31,549.14,48,0.24,14.97,2023-08-14 23:00:00
5424,Autumn,12.07,54.24,9.73,926.26,11,0.26,11.92,2023-08-15 00:00:00
5425,Autumn,13.13,67.34,6.13,937.59,43,0.25,4.92,2023-08-15 01:00:00
5426,Autumn,12.29,37.29,12.13,542.03,35,0.18,9.39,2023-08-15 02:00:00
5427,Autumn,10.75,72.58,6.2,488.87,26,0.12,8.94,2023-08-15 03:00:00
5428,Autumn,12.15,68.87,12.68,996.66,14,0.2,12.46,2023-08-15 04:00:00
5429,Autumn,15.29,47.46,6.92,948.65,41,0.18,10.69,2023-08-15 05:00:00
5430,Autumn,15.25,37.97,2.25,909.12,41,0.17,9.14,2023-08-15 06:00:00
5431,Autumn,14.67,60.33,2.7,634.27,37,0.15,9.21,2023-08-15 07:00:00
5432,Autumn,11.18,50.36,13.99,92.78,45,0.27,10.63,2023-08-15 08:00:00
5433,Autumn,12.45,57.98,1.9,487.87,20,0.19,13.44,2023-08-15 09:00:00
5434,Autumn,13.9,75.87,11.12,268.9,24,0.06,15.12,2023-08-15 10:00:00
5435,Autumn,19.46,33.34,2.33,570.1,14,0.11,11.11,2023-08-15 11:00:00
5436,Autumn,15.09,77.8,10.8,477.77,15,0.09,13.06,2023-08-15 12:00:00
5437,Autumn,18.89,62.26,5.47,197.32,16,0.1,6.71,2023-08-15 13:00:00
5438,Autumn,10.81,35.02,4.31,428.72,32,0.1,6.47,2023-08-15 14:00:00
5439,Autumn,14.88,59.41,10.84,944.0,20,0.15,9.47,2023-08-15 15:00:00
5440,Autumn,14.25,64.92,19.28,668.26,30,0.07,8.47,2023-08-15 16:00:00
5441,Autumn,15.9,41.23,10.6,409.53,13,0.11,15.98,2023-08-15 17:00:00
5442,Autumn,10.86,59.95,1.05,92.1,43,0.1,11.81,2023-08-15 18:00:00
5443,Autumn,18.15,45.38,15.56,519.24,36,0.11,15.15,2023-08-15 19:00:00
5444,Autumn,14.81,68.4,17.73,770.73,30,0.06,5.06,2023-08-15 20:00:00
5445,Autumn,12.42,53.71,14.19,986.42,45,0.1,10.15,2023-08-15 21:00:00
5446,Autumn,14.66,61.87,6.17,562.28,45,0.24,5.89,2023-08-15 22:00:00
5447,Autumn,18.55,76.17,11.98,112.82,28,0.17,10.0,2023-08-15 23:00:00
5448,Autumn,12.91,46.55,2.59,612.04,27,0.22,5.67,2023-08-16 00:00:00
5449,Autumn,15.05,35.19,0.9,877.06,10,0.23,13.71,2023-08-16 01:00:00
5450,Autumn,14.52,66.4,17.31,22.08,50,0.13,7.72,2023-08-16 02:00:00
5451,Autumn,17.21,76.59,17.39,760.43,16,0.21,4.74,2023-08-16 03:00:00
5452,Autumn,12.23,59.89,16.37,334.88,34,0.27,12.78,2023-08-16 04:00:00
5453,Autumn,12.53,72.01,19.39,439.97,15,0.13,8.23,2023-08-16 05:00:00
5454,Autumn,17.64,57.43,18.35,52.95,47,0.23,14.24,2023-08-16 06:00:00
5455,Autumn,12.31,66.56,1.81,35.62,16,0.27,11.55,2023-08-16 07:00:00
5456,Autumn,18.82,60.91,1.09,530.02,26,0.21,6.54,2023-08-16 08:00:00
5457,Autumn,17.18,60.22,6.25,65.04,35,0.24,11.08,2023-08-16 09:00:00
5458,Autumn,18.62,40.54,1.53,889.41,19,0.14,9.38,2023-08-16 10:00:00
5459,Autumn,10.01,65.34,15.09,418.21,38,0.07,8.74,2023-08-16 11:00:00
5460,Autumn,15.91,79.23,5.92,438.83,39,0.08,11.7,2023-08-16 12:00:00
5461,Autumn,12.74,42.32,9.99,962.95,15,0.09,8.11,2023-08-16 13:00:00
5462,Autumn,14.18,45.29,14.71,88.93,8,0.09,16.1,2023-08-16 14:00:00
5463,Autumn,10.23,53.95,10.25,60.78,16,0.11,13.09,2023-08-16 15:00:00
5464,Autumn,14.88,48.2,7.21,270.85,6,0.11,9.16,2023-08-16 16:00:00
5465,Autumn,18.0,43.12,13.92,411.79,15,0.09,15.2,2023-08-16 17:00:00
5466,Autumn,16.59,78.31,15.86,185.31,28,0.14,14.11,2023-08-16 18:00:00
5467,Autumn,17.82,49.35,13.75,147.56,21,0.07,16.19,2023-08-16 19:00:00
5468,Autumn,13.92,72.89,16.37,354.62,21,0.1,12.54,2023-08-16 20:00:00
5469,Autumn,18.65,44.65,3.23,76.67,102,0.28,17.71,2023-08-16 21:00:00
5470,Autumn,18.9,71.97,16.55,485.85,140,0.14,15.09,2023-08-16 22:00:00
5471,Autumn,15.34,36.71,8.19,629.31,56,0.23,10.59,2023-08-16 23:00:00
5472,Autumn,13.64,40.84,9.87,30.71,120,0.16,16.34,2023-08-17 00:00:00
5473,Autumn,11.71,73.43,19.34,821.25,143,0.19,10.94,2023-08-17 01:00:00
5474,Autumn,15.07,53.12,6.52,660.65,53,0.29,10.71,2023-08-17 02:00:00
5475,Autumn,17.02,75.93,3.88,63.58,198,0.23,20.44,2023-08-17 03:00:00
5476,Autumn,11.25,42.07,19.02,306.69,93,0.19,14.14,2023-08-17 04:00:00
5477,Autumn,13.83,57.38,5.98,518.46,78,0.16,7.01,2023-08-17 05:00:00
5478,Autumn,17.12,41.03,13.38,61.48,168,0.21,14.99,2023-08-17 06:00:00
5479,Autumn,14.76,74.49,15.47,601.35,161,0.11,17.22,2023-08-17 07:00:00
5480,Autumn,18.07,35.96,18.45,330.5,19,0.27,10.99,2023-08-17 08:00:00
5481,Autumn,18.95,62.41,2.62,420.18,14,0.23,12.63,2023-08-17 09:00:00
5482,Autumn,17.97,54.73,2.07,68.22,5,0.05,6.19,2023-08-17 10:00:00
5483,Autumn,14.92,57.91,10.97,591.0,18,0.15,9.67,2023-08-17 11:00:00
5484,Autumn,17.36,69.16,13.97,492.3,23,0.14,13.34,2023-08-17 12:00:00
5485,Autumn,17.58,69.05,9.15,469.65,24,0.14,12.76,2023-08-17 13:00:00
5486,Autumn,15.34,74.41,13.15,75.85,20,0.14,7.71,2023-08-17 14:00:00
5487,Autumn,12.97,32.11,2.99,17.49,30,0.08,9.22,2023-08-17 15:00:00
5488,Autumn,13.7,65.65,19.53,842.75,12,0.14,8.52,2023-08-17 16:00:00
5489,Autumn,15.45,64.69,17.35,534.25,7,0.09,8.44,2023-08-17 17:00:00
5490,Autumn,14.4,36.67,1.93,55.3,23,0.09,11.21,2023-08-17 18:00:00
5491,Autumn,14.55,48.23,14.99,152.11,20,0.14,11.58,2023-08-17 19:00:00
5492,Autumn,17.15,77.19,19.28,147.37,11,0.12,14.92,2023-08-17 20:00:00
5493,Autumn,15.5,49.05,3.96,232.83,153,0.19,16.2,2023-08-17 21:00:00
5494,Autumn,12.67,43.44,3.53,92.99,74,0.11,12.04,2023-08-17 22:00:00
5495,Autumn,19.29,49.54,8.05,281.38,189,0.11,13.68,2023-08-17 23:00:00
5496,Autumn,18.84,45.68,4.43,106.35,129,0.3,11.82,2023-08-18 00:00:00
5497,Autumn,11.75,74.55,18.04,688.49,175,0.25,13.97,2023-08-18 01:00:00
5498,Autumn,14.04,44.31,16.14,152.01,177,0.3,15.92,2023-08-18 02:00:00
5499,Autumn,15.77,72.09,1.07,886.37,133,0.18,12.35,2023-08-18 03:00:00
5500,Autumn,17.07,33.89,6.57,150.73,90,0.15,17.09,2023-08-18 04:00:00
5501,Autumn,10.62,58.43,3.02,484.91,136,0.27,16.16,2023-08-18 05:00:00
5502,Autumn,18.55,38.64,12.4,892.97,148,0.18,15.94,2023-08-18 06:00:00
5503,Autumn,13.38,49.14,2.6,887.46,113,0.15,9.8,2023-08-18 07:00:00
5504,Autumn,14.46,35.29,12.61,650.88,28,0.18,15.77,2023-08-18 08:00:00
5505,Autumn,12.97,79.52,1.23,932.01,23,0.25,10.84,2023-08-18 09:00:00
5506,Autumn,19.66,47.11,16.1,794.27,24,0.14,14.86,2023-08-18 10:00:00
5507,Autumn,13.43,56.8,5.09,706.44,30,0.08,9.79,2023-08-18 11:00:00
5508,Autumn,11.16,76.55,15.36,392.64,9,0.05,7.5,2023-08-18 12:00:00
5509,Autumn,15.1,35.08,14.96,406.01,10,0.08,11.13,2023-08-18 13:00:00
5510,Autumn,12.62,45.98,8.65,830.5,22,0.07,4.79,2023-08-18 14:00:00
5511,Autumn,14.65,62.12,16.2,154.46,23,0.11,10.55,2023-08-18 15:00:00
5512,Autumn,12.71,69.07,13.42,216.76,13,0.11,14.26,2023-08-18 16:00:00
5513,Autumn,12.58,55.03,0.64,271.47,11,0.08,15.82,2023-08-18 17:00:00
5514,Autumn,16.95,35.48,11.55,795.72,29,0.05,14.46,2023-08-18 18:00:00
5515,Autumn,14.03,47.93,19.63,917.56,26,0.13,13.62,2023-08-18 19:00:00
5516,Autumn,19.81,78.98,6.73,511.23,14,0.06,8.89,2023-08-18 20:00:00
5517,Autumn,18.87,63.49,3.26,210.99,166,0.16,18.19,2023-08-18 21:00:00
5518,Autumn,18.53,78.8,13.84,512.65,197,0.25,10.44,2023-08-18 22:00:00
5519,Autumn,10.8,36.13,18.97,763.0,154,0.16,16.55,2023-08-18 23:00:00
5520,Autumn,14.39,68.34,7.0,136.72,142,0.12,8.78,2023-08-19 00:00:00
5521,Autumn,11.17,46.21,4.3,639.14,111,0.15,11.25,2023-08-19 01:00:00
5522,Autumn,12.58,57.79,6.12,427.61,154,0.19,8.71,2023-08-19 02:00:00
5523,Autumn,16.54,33.99,16.39,905.1,131,0.24,14.76,2023-08-19 03:00:00
5524,Autumn,14.52,61.42,12.25,364.06,171,0.12,14.31,2023-08-19 04:00:00
5525,Autumn,14.89,51.52,0.12,754.59,81,0.29,5.95,2023-08-19 05:00:00
5526,Autumn,15.49,56.73,7.79,663.72,150,0.11,10.52,2023-08-19 06:00:00
5527,Autumn,11.2,67.15,17.22,310.12,71,0.13,16.51,2023-08-19 07:00:00
5528,Autumn,11.81,69.0,11.64,311.82,6,0.12,11.56,2023-08-19 08:00:00
5529,Autumn,11.46,49.96,0.27,151.02,16,0.19,11.09,2023-08-19 09:00:00
5530,Autumn,18.56,65.0,11.98,972.25,22,0.11,12.41,2023-08-19 10:00:00
5531,Autumn,17.21,68.68,14.85,623.6,19,0.13,11.65,2023-08-19 11:00:00
5532,Autumn,10.73,55.96,0.63,103.34,21,0.13,13.88,2023-08-19 12:00:00
5533,Autumn,12.9,47.15,14.89,893.46,16,0.06,9.68,2023-08-19 13:00:00
5534,Autumn,13.08,71.09,11.26,289.69,10,0.1,6.41,2023-08-19 14:00:00
5535,Autumn,18.12,57.42,17.06,320.31,27,0.11,6.47,2023-08-19 15:00:00
5536,Autumn,11.56,40.91,14.9,738.88,9,0.09,6.39,2023-08-19 16:00:00
5537,Autumn,16.1,34.52,15.61,704.8,13,0.11,9.28,2023-08-19 17:00:00
5538,Autumn,11.17,62.98,7.71,304.75,18,0.15,11.08,2023-08-19 18:00:00
5539,Autumn,15.89,63.69,1.2,226.89,14,0.08,9.13,2023-08-19 19:00:00
5540,Autumn,10.07,32.57,10.18,36.53,14,0.07,13.48,2023-08-19 20:00:00
5541,Autumn,19.3,79.35,10.57,578.52,179,0.11,9.12,2023-08-19 21:00:00
5542,Autumn,17.5,73.98,18.9,630.13,97,0.11,14.94,2023-08-19 22:00:00
5543,Autumn,13.26,54.98,16.36,839.07,124,0.15,10.56,2023-08-19 23:00:00
5544,Autumn,12.4,35.4,10.62,454.97,134,0.28,12.76,2023-08-20 00:00:00
5545,Autumn,19.35,42.89,1.38,79.13,71,0.29,16.5,2023-08-20 01:00:00
5546,Autumn,13.35,31.49,16.44,316.11,172,0.14,15.92,2023-08-20 02:00:00
5547,Autumn,11.4,49.3,15.98,362.05,164,0.22,16.22,2023-08-20 03:00:00
5548,Autumn,12.99,61.2,14.76,946.48,74,0.27,5.71,2023-08-20 04:00:00
5549,Autumn,19.11,58.5,9.97,103.93,134,0.3,9.29,2023-08-20 05:00:00
5550,Autumn,16.1,56.71,19.35,367.86,61,0.12,9.44,2023-08-20 06:00:00
5551,Autumn,17.88,58.05,15.88,29.27,80,0.21,14.11,2023-08-20 07:00:00
5552,Autumn,18.75,54.3,9.4,801.05,18,0.14,12.54,2023-08-20 08:00:00
5553,Autumn,17.46,35.44,10.06,541.97,14,0.24,9.94,2023-08-20 09:00:00
5554,Autumn,11.64,74.53,10.23,513.25,27,0.14,12.24,2023-08-20 10:00:00
5555,Autumn,18.96,57.24,15.57,867.3,5,0.1,11.53,2023-08-20 11:00:00
5556,Autumn,14.51,33.51,11.74,641.27,26,0.08,11.05,2023-08-20 12:00:00
5557,Autumn,10.96,40.36,14.62,622.08,19,0.14,10.5,2023-08-20 13:00:00
5558,Autumn,16.03,77.35,14.73,564.25,10,0.14,8.35,2023-08-20 14:00:00
5559,Autumn,16.54,51.3,1.97,302.82,17,0.06,8.0,2023-08-20 15:00:00
5560,Autumn,14.08,45.35,8.45,199.22,8,0.07,12.95,2023-08-20 16:00:00
5561,Autumn,18.55,40.3,17.8,882.45,27,0.13,5.05,2023-08-20 17:00:00
5562,Autumn,13.68,59.47,11.12,619.3,10,0.12,10.48,2023-08-20 18:00:00
5563,Autumn,10.67,74.07,0.65,344.56,8,0.1,13.29,2023-08-20 19:00:00
5564,Autumn,11.17,56.16,8.62,519.51,20,0.05,13.0,2023-08-20 20:00:00
5565,Autumn,16.86,45.31,11.57,239.5,70,0.18,10.17,2023-08-20 21:00:00
5566,Autumn,13.49,57.21,0.79,607.99,152,0.1,12.89,2023-08-20 22:00:00
5567,Autumn,11.95,79.41,13.05,634.23,84,0.25,15.88,2023-08-20 23:00:00
5568,Autumn,12.49,50.0,19.39,124.07,73,0.26,7.6,2023-08-21 00:00:00
5569,Autumn,11.69,64.16,19.41,714.32,66,0.23,13.16,2023-08-21 01:00:00
5570,Autumn,15.8,62.48,10.68,33.05,71,0.27,15.08,2023-08-21 02:00:00
5571,Autumn,15.45,36.58,9.19,101.73,62,0.21,16.15,2023-08-21 03:00:00
5572,Autumn,11.04,45.11,15.39,613.03,108,0.3,8.5,2023-08-21 04:00:00
5573,Autumn,18.48,39.86,6.3,778.04,79,0.13,9.32,2023-08-21 05:00:00
5574,Autumn,19.59,43.38,5.11,351.47,183,0.12,12.62,2023-08-21 06:00:00
5575,Autumn,19.57,53.07,4.73,56.74,87,0.13,11.24,2023-08-21 07:00:00
5576,Autumn,18.08,76.77,13.68,412.3,8,0.18,5.25,2023-08-21 08:00:00
5577,Autumn,16.66,49.8,3.6,590.04,18,0.27,8.89,2023-08-21 09:00:00
5578,Autumn,15.61,40.8,15.39,105.48,18,0.06,8.73,2023-08-21 10:00:00
5579,Autumn,12.29,76.9,18.05,595.92,19,0.1,9.77,2023-08-21 11:00:00
5580,Autumn,18.53,68.16,19.86,621.58,20,0.1,13.12,2023-08-21 12:00:00
5581,Autumn,14.25,69.88,12.81,155.05,26,0.1,8.89,2023-08-21 13:00:00
5582,Autumn,10.16,61.93,19.76,148.09,25,0.05,10.96,2023-08-21 14:00:00
5583,Autumn,12.48,44.44,9.85,655.2,36,0.06,13.72,2023-08-21 15:00:00
5584,Autumn,12.69,70.83,10.83,940.14,11,0.06,12.18,2023-08-21 16:00:00
5585,Autumn,10.59,68.97,7.28,660.43,14,0.09,7.33,2023-08-21 17:00:00
5586,Autumn,11.25,43.15,8.44,640.24,36,0.05,8.02,2023-08-21 18:00:00
5587,Autumn,15.3,51.4,10.61,343.96,21,0.1,8.55,2023-08-21 19:00:00
5588,Autumn,14.68,35.71,4.0,415.28,38,0.13,10.74,2023-08-21 20:00:00
5589,Autumn,11.34,68.28,18.71,867.41,31,0.24,7.75,2023-08-21 21:00:00
5590,Autumn,14.4,35.83,18.73,275.33,10,0.15,12.15,2023-08-21 22:00:00
5591,Autumn,19.54,72.72,14.6,812.37,33,0.14,13.91,2023-08-21 23:00:00
5592,Autumn,16.44,49.5,15.33,996.63,41,0.29,6.02,2023-08-22 00:00:00
5593,Autumn,10.16,70.19,0.06,453.14,29,0.28,8.8,2023-08-22 01:00:00
5594,Autumn,14.13,57.91,7.64,264.39,39,0.13,7.69,2023-08-22 02:00:00
5595,Autumn,19.37,48.16,1.69,990.59,21,0.16,8.72,2023-08-22 03:00:00
5596,Autumn,15.84,46.88,19.24,182.14,16,0.13,14.01,2023-08-22 04:00:00
5597,Autumn,13.08,63.37,3.97,320.75,48,0.18,7.01,2023-08-22 05:00:00
5598,Autumn,17.72,71.8,13.77,760.75,11,0.22,10.84,2023-08-22 06:00:00
5599,Autumn,12.94,41.74,5.5,989.59,15,0.13,14.67,2023-08-22 07:00:00
5600,Autumn,16.67,59.56,11.63,151.38,43,0.16,7.1,2023-08-22 08:00:00
5601,Autumn,14.11,67.62,2.22,433.99,18,0.1,11.81,2023-08-22 09:00:00
5602,Autumn,14.96,78.01,19.69,215.96,23,0.06,14.06,2023-08-22 10:00:00
5603,Autumn,16.18,47.36,1.11,762.73,20,0.13,12.35,2023-08-22 11:00:00
5604,Autumn,16.93,51.08,7.61,237.34,30,0.09,16.61,2023-08-22 12:00:00
5605,Autumn,14.74,48.7,16.1,546.39,31,0.13,7.96,2023-08-22 13:00:00
5606,Autumn,19.97,76.81,12.92,20.99,41,0.14,12.68,2023-08-22 14:00:00
5607,Autumn,18.82,63.63,9.74,14.7,43,0.12,12.15,2023-08-22 15:00:00
5608,Autumn,17.73,47.08,6.75,443.76,41,0.13,6.95,2023-08-22 16:00:00
5609,Autumn,13.4,41.34,13.23,608.36,36,0.09,13.68,2023-08-22 17:00:00
5610,Autumn,12.39,51.49,1.81,246.47,49,0.14,16.89,2023-08-22 18:00:00
5611,Autumn,11.86,37.49,12.15,500.75,48,0.14,9.94,2023-08-22 19:00:00
5612,Autumn,11.01,39.81,16.96,469.25,7,0.08,10.11,2023-08-22 20:00:00
5613,Autumn,19.81,53.78,17.12,929.78,10,0.13,12.99,2023-08-22 21:00:00
5614,Autumn,15.39,58.83,3.93,33.1,45,0.13,11.11,2023-08-22 22:00:00
5615,Autumn,14.61,54.65,6.53,259.3,28,0.22,8.72,2023-08-22 23:00:00
5616,Autumn,12.36,33.77,5.73,65.35,45,0.11,10.29,2023-08-23 00:00:00
5617,Autumn,10.75,35.29,16.35,289.36,39,0.17,8.31,2023-08-23 01:00:00
5618,Autumn,12.45,33.37,12.17,838.02,23,0.21,13.68,2023-08-23 02:00:00
5619,Autumn,14.78,44.84,11.34,281.96,23,0.14,8.79,2023-08-23 03:00:00
5620,Autumn,11.86,45.2,8.58,53.6,36,0.22,8.9,2023-08-23 04:00:00
5621,Autumn,13.66,35.7,7.21,305.31,43,0.24,10.48,2023-08-23 05:00:00
5622,Autumn,19.17,79.22,11.27,241.43,44,0.11,17.02,2023-08-23 06:00:00
5623,Autumn,12.16,65.62,18.59,721.46,5,0.23,13.78,2023-08-23 07:00:00
5624,Autumn,12.31,65.86,14.55,259.32,24,0.18,13.86,2023-08-23 08:00:00
5625,Autumn,12.33,62.13,10.41,779.23,35,0.15,9.7,2023-08-23 09:00:00
5626,Autumn,10.85,49.97,13.59,826.65,28,0.12,10.95,2023-08-23 10:00:00
5627,Autumn,11.44,38.07,18.56,84.8,49,0.06,14.78,2023-08-23 11:00:00
5628,Autumn,19.4,43.02,2.46,432.56,37,0.14,9.04,2023-08-23 12:00:00
5629,Autumn,15.13,45.47,19.61,932.94,17,0.06,9.21,2023-08-23 13:00:00
5630,Autumn,15.08,57.06,8.5,220.26,17,0.11,10.45,2023-08-23 14:00:00
5631,Autumn,13.46,71.14,19.7,51.58,25,0.14,12.17,2023-08-23 15:00:00
5632,Autumn,13.9,69.55,14.94,879.79,13,0.09,9.48,2023-08-23 16:00:00
5633,Autumn,15.03,61.4,10.84,670.76,25,0.06,9.65,2023-08-23 17:00:00
5634,Autumn,14.8,42.06,13.44,313.99,10,0.15,12.98,2023-08-23 18:00:00
5635,Autumn,11.94,71.6,5.26,686.81,8,0.09,8.96,2023-08-23 19:00:00
5636,Autumn,17.42,40.4,14.24,508.47,7,0.08,10.38,2023-08-23 20:00:00
5637,Autumn,14.18,30.74,19.69,193.57,173,0.11,16.0,2023-08-23 21:00:00
5638,Autumn,10.39,34.94,17.84,895.6,140,0.3,10.72,2023-08-23 22:00:00
5639,Autumn,13.67,59.33,7.37,818.3,124,0.25,14.86,2023-08-23 23:00:00
5640,Autumn,13.85,33.9,13.77,689.15,53,0.18,9.39,2023-08-24 00:00:00
5641,Autumn,15.7,55.22,8.14,131.58,100,0.16,13.93,2023-08-24 01:00:00
5642,Autumn,11.68,62.84,8.04,385.34,101,0.21,11.58,2023-08-24 02:00:00
5643,Autumn,10.9,62.06,0.18,815.33,57,0.29,9.89,2023-08-24 03:00:00
5644,Autumn,13.95,46.69,9.01,322.95,159,0.16,15.83,2023-08-24 04:00:00
5645,Autumn,14.4,70.72,1.14,568.75,50,0.22,6.86,2023-08-24 05:00:00
5646,Autumn,15.07,51.89,1.3,252.3,88,0.21,10.62,2023-08-24 06:00:00
5647,Autumn,14.93,77.36,4.27,931.24,183,0.21,15.31,2023-08-24 07:00:00
5648,Autumn,18.92,55.06,13.62,374.95,17,0.13,11.04,2023-08-24 08:00:00
5649,Autumn,17.3,77.31,18.27,813.48,21,0.27,7.84,2023-08-24 09:00:00
5650,Autumn,14.52,43.12,6.89,872.8,9,0.09,6.26,2023-08-24 10:00:00
5651,Autumn,13.57,57.4,12.82,867.66,28,0.13,5.72,2023-08-24 11:00:00
5652,Autumn,16.3,63.12,15.47,41.03,20,0.05,10.82,2023-08-24 12:00:00
5653,Autumn,14.09,51.34,11.08,653.01,17,0.09,10.63,2023-08-24 13:00:00
5654,Autumn,15.52,48.12,18.16,591.61,6,0.09,13.46,2023-08-24 14:00:00
5655,Autumn,13.08,38.21,13.9,240.08,20,0.09,6.08,2023-08-24 15:00:00
5656,Autumn,11.64,34.63,0.9,442.85,27,0.12,14.34,2023-08-24 16:00:00
5657,Autumn,13.95,43.31,17.34,6.47,23,0.07,10.79,2023-08-24 17:00:00
5658,Autumn,12.11,44.61,15.29,964.52,11,0.07,4.42,2023-08-24 18:00:00
5659,Autumn,18.04,58.6,11.3,383.45,16,0.06,5.91,2023-08-24 19:00:00
5660,Autumn,14.57,36.59,1.45,941.2,17,0.07,13.04,2023-08-24 20:00:00
5661,Autumn,11.57,61.34,6.98,964.75,179,0.24,10.71,2023-08-24 21:00:00
5662,Autumn,14.45,73.19,10.24,801.11,166,0.19,17.98,2023-08-24 22:00:00
5663,Autumn,14.4,33.18,4.12,838.56,139,0.21,14.34,2023-08-24 23:00:00
5664,Autumn,17.95,48.99,1.13,205.06,82,0.28,9.1,2023-08-25 00:00:00
5665,Autumn,16.85,63.61,5.99,834.83,188,0.29,9.01,2023-08-25 01:00:00
5666,Autumn,15.09,38.82,9.55,563.23,155,0.19,11.12,2023-08-25 02:00:00
5667,Autumn,14.48,69.71,10.64,733.8,51,0.24,13.79,2023-08-25 03:00:00
5668,Autumn,19.95,34.87,0.88,56.24,176,0.2,12.89,2023-08-25 04:00:00
5669,Autumn,13.17,34.27,2.29,335.55,191,0.12,13.6,2023-08-25 05:00:00
5670,Autumn,12.82,66.78,13.78,125.41,66,0.19,7.73,2023-08-25 06:00:00
5671,Autumn,16.93,49.18,11.0,254.69,129,0.2,16.6,2023-08-25 07:00:00
5672,Autumn,10.46,35.96,16.12,112.44,12,0.19,11.82,2023-08-25 08:00:00
5673,Autumn,18.51,49.39,18.39,326.24,16,0.14,12.18,2023-08-25 09:00:00
5674,Autumn,14.44,50.42,5.63,131.28,30,0.14,13.87,2023-08-25 10:00:00
5675,Autumn,17.5,48.2,1.08,255.81,24,0.13,14.32,2023-08-25 11:00:00
5676,Autumn,10.49,37.32,6.89,10.87,9,0.09,8.4,2023-08-25 12:00:00
5677,Autumn,12.35,69.09,12.31,536.84,21,0.13,9.73,2023-08-25 13:00:00
5678,Autumn,15.37,47.54,5.37,868.35,7,0.15,11.59,2023-08-25 14:00:00
5679,Autumn,14.77,75.7,7.53,835.44,10,0.13,5.08,2023-08-25 15:00:00
5680,Autumn,12.63,33.96,18.24,744.59,17,0.08,4.45,2023-08-25 16:00:00
5681,Autumn,16.3,56.96,15.2,793.41,26,0.11,8.06,2023-08-25 17:00:00
5682,Autumn,17.05,68.33,6.93,988.51,9,0.08,8.42,2023-08-25 18:00:00
5683,Autumn,19.79,39.35,4.56,741.21,23,0.11,12.59,2023-08-25 19:00:00
5684,Autumn,15.84,76.12,8.54,12.05,14,0.06,6.74,2023-08-25 20:00:00
5685,Autumn,13.77,70.16,4.29,817.62,125,0.26,8.4,2023-08-25 21:00:00
5686,Autumn,15.26,66.75,15.55,456.63,197,0.1,12.17,2023-08-25 22:00:00
5687,Autumn,19.31,58.69,2.43,9.44,138,0.29,9.08,2023-08-25 23:00:00
5688,Autumn,19.07,55.94,12.97,668.38,69,0.26,13.05,2023-08-26 00:00:00
5689,Autumn,11.43,70.86,2.53,568.12,59,0.26,5.66,2023-08-26 01:00:00
5690,Autumn,13.1,69.17,1.9,815.49,153,0.26,14.55,2023-08-26 02:00:00
5691,Autumn,14.25,35.49,12.06,4.77,80,0.2,12.01,2023-08-26 03:00:00
5692,Autumn,18.23,32.82,8.26,548.03,80,0.15,6.79,2023-08-26 04:00:00
5693,Autumn,18.28,36.89,11.8,193.32,180,0.26,19.34,2023-08-26 05:00:00
5694,Autumn,16.7,69.77,0.32,736.59,162,0.25,16.38,2023-08-26 06:00:00
5695,Autumn,10.14,41.4,4.81,978.23,52,0.18,5.98,2023-08-26 07:00:00
5696,Autumn,13.55,65.57,16.6,685.61,20,0.2,7.31,2023-08-26 08:00:00
5697,Autumn,11.0,47.81,2.59,681.79,6,0.21,5.57,2023-08-26 09:00:00
5698,Autumn,19.3,65.5,15.72,44.11,23,0.12,10.9,2023-08-26 10:00:00
5699,Autumn,13.4,33.34,14.89,169.33,7,0.05,14.1,2023-08-26 11:00:00
5700,Autumn,15.42,47.74,11.6,740.2,23,0.13,14.28,2023-08-26 12:00:00
5701,Autumn,12.11,44.79,1.09,800.46,17,0.09,5.3,2023-08-26 13:00:00
5702,Autumn,18.16,53.5,6.6,161.84,26,0.11,8.85,2023-08-26 14:00:00
5703,Autumn,12.83,48.54,8.92,982.15,21,0.08,8.1,2023-08-26 15:00:00
5704,Autumn,15.21,64.62,14.1,576.83,21,0.11,13.18,2023-08-26 16:00:00
5705,Autumn,10.27,37.56,2.58,594.96,26,0.07,6.65,2023-08-26 17:00:00
5706,Autumn,18.03,34.74,1.24,165.01,13,0.09,12.6,2023-08-26 18:00:00
5707,Autumn,13.7,38.83,13.86,587.48,25,0.11,15.75,2023-08-26 19:00:00
5708,Autumn,18.57,73.51,17.0,616.34,12,0.06,5.66,2023-08-26 20:00:00
5709,Autumn,14.28,72.29,19.13,728.11,164,0.14,13.78,2023-08-26 21:00:00
5710,Autumn,14.21,75.13,19.54,558.81,198,0.21,15.49,2023-08-26 22:00:00
5711,Autumn,14.47,35.91,13.74,507.18,165,0.26,18.71,2023-08-26 23:00:00
5712,Autumn,11.98,53.37,3.87,441.31,94,0.23,10.39,2023-08-27 00:00:00
5713,Autumn,12.92,38.03,11.43,312.81,199,0.21,12.86,2023-08-27 01:00:00
5714,Autumn,15.71,50.12,12.12,410.36,174,0.13,12.42,2023-08-27 02:00:00
5715,Autumn,13.4,74.92,1.02,417.67,76,0.22,9.38,2023-08-27 03:00:00
5716,Autumn,13.96,71.69,12.29,370.95,82,0.28,16.11,2023-08-27 04:00:00
5717,Autumn,13.86,79.63,2.9,205.4,51,0.13,6.77,2023-08-27 05:00:00
5718,Autumn,12.3,54.26,4.17,274.14,97,0.19,16.85,2023-08-27 06:00:00
5719,Autumn,12.78,52.2,13.57,711.62,83,0.19,15.96,2023-08-27 07:00:00
5720,Autumn,17.0,59.76,16.79,432.66,25,0.13,15.56,2023-08-27 08:00:00
5721,Autumn,15.09,54.19,17.8,229.44,15,0.14,10.31,2023-08-27 09:00:00
5722,Autumn,17.79,62.61,18.67,6.48,17,0.1,15.2,2023-08-27 10:00:00
5723,Autumn,16.84,75.21,10.97,591.57,6,0.1,15.1,2023-08-27 11:00:00
5724,Autumn,14.48,63.66,5.26,434.41,5,0.07,6.8,2023-08-27 12:00:00
5725,Autumn,15.4,34.9,3.09,310.0,15,0.14,6.58,2023-08-27 13:00:00
5726,Autumn,17.55,46.2,9.88,530.33,28,0.06,10.71,2023-08-27 14:00:00
5727,Autumn,16.2,37.63,11.73,63.97,22,0.1,8.21,2023-08-27 15:00:00
5728,Autumn,18.24,57.12,16.6,819.57,14,0.09,5.21,2023-08-27 16:00:00
5729,Autumn,13.98,57.63,10.35,142.21,6,0.08,6.19,2023-08-27 17:00:00
5730,Autumn,16.05,65.86,7.7,204.15,23,0.08,8.13,2023-08-27 18:00:00
5731,Autumn,18.66,62.81,16.22,378.05,17,0.1,12.09,2023-08-27 19:00:00
5732,Autumn,15.73,61.83,10.38,571.75,25,0.14,8.75,2023-08-27 20:00:00
5733,Autumn,11.93,43.0,18.16,108.56,173,0.17,12.12,2023-08-27 21:00:00
5734,Autumn,14.85,66.15,5.24,631.11,193,0.23,13.06,2023-08-27 22:00:00
5735,Autumn,15.16,58.71,17.95,13.0,88,0.3,15.01,2023-08-27 23:00:00
5736,Autumn,10.92,37.51,14.51,777.96,59,0.14,5.88,2023-08-28 00:00:00
5737,Autumn,15.13,32.53,3.22,408.68,181,0.18,13.39,2023-08-28 01:00:00
5738,Autumn,11.22,63.93,1.37,72.07,105,0.3,9.06,2023-08-28 02:00:00
5739,Autumn,16.64,47.84,12.22,580.2,159,0.25,13.17,2023-08-28 03:00:00
5740,Autumn,16.91,79.65,16.48,17.72,158,0.16,16.27,2023-08-28 04:00:00
5741,Autumn,16.13,61.73,15.48,856.33,67,0.15,10.2,2023-08-28 05:00:00
5742,Autumn,19.24,63.43,2.96,870.2,61,0.11,15.35,2023-08-28 06:00:00
5743,Autumn,12.59,35.68,9.43,782.48,154,0.23,8.27,2023-08-28 07:00:00
5744,Autumn,11.44,47.41,16.94,883.13,24,0.25,8.17,2023-08-28 08:00:00
5745,Autumn,14.42,48.86,14.07,758.31,25,0.17,7.56,2023-08-28 09:00:00
5746,Autumn,10.98,64.67,9.02,730.7,27,0.1,14.95,2023-08-28 10:00:00
5747,Autumn,15.46,49.33,15.92,792.89,23,0.13,13.83,2023-08-28 11:00:00
5748,Autumn,10.95,71.06,18.83,497.75,24,0.09,10.4,2023-08-28 12:00:00
5749,Autumn,16.08,64.09,18.0,68.85,8,0.14,15.71,2023-08-28 13:00:00
5750,Autumn,15.71,52.1,7.05,510.58,41,0.14,9.19,2023-08-28 14:00:00
5751,Autumn,16.66,45.89,3.05,582.18,28,0.07,11.52,2023-08-28 15:00:00
5752,Autumn,11.0,45.84,12.32,830.94,46,0.09,13.29,2023-08-28 16:00:00
5753,Autumn,11.36,33.33,5.3,782.2,43,0.11,9.04,2023-08-28 17:00:00
5754,Autumn,12.3,33.01,16.96,213.54,9,0.14,11.64,2023-08-28 18:00:00
5755,Autumn,17.54,55.8,12.88,276.18,32,0.12,14.79,2023-08-28 19:00:00
5756,Autumn,11.83,68.3,4.62,558.32,23,0.09,15.77,2023-08-28 20:00:00
5757,Autumn,11.57,58.44,6.69,678.64,11,0.24,12.86,2023-08-28 21:00:00
5758,Autumn,10.41,70.68,0.23,116.81,12,0.26,5.89,2023-08-28 22:00:00
5759,Autumn,12.11,75.3,10.37,200.67,35,0.25,11.03,2023-08-28 23:00:00
5760,Autumn,12.46,60.31,11.31,116.31,9,0.13,12.03,2023-08-29 00:00:00
5761,Autumn,18.22,59.29,5.5,276.22,34,0.15,6.19,2023-08-29 01:00:00
5762,Autumn,10.65,51.25,9.08,61.48,23,0.17,11.12,2023-08-29 02:00:00
5763,Autumn,19.93,70.53,11.08,724.93,30,0.11,6.47,2023-08-29 03:00:00
5764,Autumn,17.24,36.19,12.5,320.2,35,0.27,5.71,2023-08-29 04:00:00
5765,Autumn,14.24,34.22,13.07,882.86,8,0.16,4.81,2023-08-29 05:00:00
5766,Autumn,10.94,51.33,17.83,662.4,22,0.24,12.25,2023-08-29 06:00:00
5767,Autumn,11.4,52.62,8.45,658.85,16,0.21,12.56,2023-08-29 07:00:00
5768,Autumn,10.77,74.29,5.26,393.6,20,0.28,11.85,2023-08-29 08:00:00
5769,Autumn,18.12,46.33,2.47,278.17,29,0.15,14.39,2023-08-29 09:00:00
5770,Autumn,18.19,69.09,12.94,883.45,18,0.05,11.29,2023-08-29 10:00:00
5771,Autumn,12.74,45.22,19.66,740.46,37,0.06,12.79,2023-08-29 11:00:00
5772,Autumn,13.99,32.1,19.83,648.9,17,0.11,15.07,2023-08-29 12:00:00
5773,Autumn,13.94,61.74,16.41,247.67,35,0.11,13.83,2023-08-29 13:00:00
5774,Autumn,18.08,68.34,15.73,151.08,10,0.12,5.67,2023-08-29 14:00:00
5775,Autumn,12.14,53.81,18.79,205.43,5,0.13,14.23,2023-08-29 15:00:00
5776,Autumn,15.49,39.7,9.09,825.45,9,0.07,5.36,2023-08-29 16:00:00
5777,Autumn,12.61,33.19,0.56,178.42,16,0.11,7.35,2023-08-29 17:00:00
5778,Autumn,14.62,32.08,19.11,343.13,47,0.11,15.4,2023-08-29 18:00:00
5779,Autumn,13.23,77.14,19.39,374.66,28,0.07,9.35,2023-08-29 19:00:00
5780,Autumn,16.45,72.16,2.72,386.09,25,0.14,6.93,2023-08-29 20:00:00
5781,Autumn,16.26,31.82,11.28,645.36,11,0.19,6.8,2023-08-29 21:00:00
5782,Autumn,14.5,36.25,5.07,447.68,38,0.25,8.0,2023-08-29 22:00:00
5783,Autumn,19.05,36.07,7.51,335.61,42,0.12,7.28,2023-08-29 23:00:00
5784,Autumn,18.16,39.98,8.94,88.76,29,0.11,10.96,2023-08-30 00:00:00
5785,Autumn,18.93,55.76,9.25,486.0,12,0.11,10.74,2023-08-30 01:00:00
5786,Autumn,16.09,76.27,13.21,519.24,30,0.29,13.97,2023-08-30 02:00:00
5787,Autumn,10.43,54.45,2.9,649.95,48,0.24,6.58,2023-08-30 03:00:00
5788,Autumn,14.17,74.52,19.28,548.15,46,0.26,10.29,2023-08-30 04:00:00
5789,Autumn,19.9,69.57,8.2,841.48,17,0.13,6.87,2023-08-30 05:00:00
5790,Autumn,14.22,75.71,12.4,39.92,42,0.23,8.55,2023-08-30 06:00:00
5791,Autumn,12.03,53.73,0.21,76.2,44,0.2,14.09,2023-08-30 07:00:00
5792,Autumn,12.25,48.32,12.01,913.9,32,0.12,13.69,2023-08-30 08:00:00
5793,Autumn,13.92,35.62,0.22,65.68,9,0.27,9.86,2023-08-30 09:00:00
5794,Autumn,16.37,67.85,13.19,996.51,19,0.12,11.58,2023-08-30 10:00:00
5795,Autumn,19.0,30.39,7.43,241.8,13,0.12,11.98,2023-08-30 11:00:00
5796,Autumn,13.48,49.81,8.46,210.06,6,0.09,9.26,2023-08-30 12:00:00
5797,Autumn,13.96,51.81,3.44,895.86,17,0.1,14.24,2023-08-30 13:00:00
5798,Autumn,13.3,39.6,12.05,592.96,23,0.13,9.12,2023-08-30 14:00:00
5799,Autumn,11.43,35.12,17.58,973.59,14,0.11,9.64,2023-08-30 15:00:00
5800,Autumn,10.64,45.31,3.24,173.81,27,0.14,13.14,2023-08-30 16:00:00
5801,Autumn,10.42,64.19,17.77,758.0,22,0.05,12.23,2023-08-30 17:00:00
5802,Autumn,12.59,40.16,9.85,831.97,16,0.07,14.98,2023-08-30 18:00:00
5803,Autumn,10.84,63.13,3.56,883.12,14,0.14,11.92,2023-08-30 19:00:00
5804,Autumn,19.83,61.88,16.54,844.81,21,0.1,14.02,2023-08-30 20:00:00
5805,Autumn,11.64,68.27,14.47,722.91,115,0.29,9.63,2023-08-30 21:00:00
5806,Autumn,18.96,66.01,13.57,396.9,97,0.12,16.45,2023-08-30 22:00:00
5807,Autumn,19.89,38.8,15.41,379.47,200,0.16,14.22,2023-08-30 23:00:00
5808,Autumn,19.94,40.21,2.56,649.54,73,0.22,11.8,2023-08-31 00:00:00
5809,Autumn,17.6,56.54,11.31,301.28,198,0.23,19.03,2023-08-31 01:00:00
5810,Autumn,17.59,43.73,16.25,747.45,80,0.22,15.47,2023-08-31 02:00:00
5811,Autumn,12.3,37.42,5.49,373.65,57,0.24,16.21,2023-08-31 03:00:00
5812,Autumn,15.13,34.89,13.69,29.48,182,0.25,15.23,2023-08-31 04:00:00
5813,Autumn,16.65,71.89,0.06,325.17,70,0.15,9.09,2023-08-31 05:00:00
5814,Autumn,15.57,72.74,17.9,743.84,69,0.28,9.84,2023-08-31 06:00:00
5815,Autumn,12.82,71.2,1.45,227.94,122,0.28,13.96,2023-08-31 07:00:00
5816,Autumn,14.59,41.3,6.29,160.99,14,0.14,7.12,2023-08-31 08:00:00
5817,Autumn,10.17,56.22,8.22,476.21,30,0.13,9.97,2023-08-31 09:00:00
5818,Autumn,12.41,50.94,18.72,851.08,11,0.1,7.95,2023-08-31 10:00:00
5819,Autumn,10.45,30.67,11.25,716.81,30,0.09,10.16,2023-08-31 11:00:00
5820,Autumn,13.7,36.49,14.73,505.87,28,0.12,5.51,2023-08-31 12:00:00
5821,Autumn,18.35,51.47,14.79,817.31,8,0.1,9.34,2023-08-31 13:00:00
5822,Autumn,13.2,51.58,14.63,384.73,25,0.08,13.54,2023-08-31 14:00:00
5823,Autumn,15.5,51.81,5.01,684.96,25,0.06,6.46,2023-08-31 15:00:00
5824,Autumn,10.71,53.69,10.3,323.24,5,0.15,10.75,2023-08-31 16:00:00
5825,Autumn,13.46,77.17,2.53,243.46,17,0.08,14.74,2023-08-31 17:00:00
5826,Autumn,10.51,43.79,5.11,969.92,20,0.06,11.78,2023-08-31 18:00:00
5827,Autumn,13.19,54.36,9.66,81.42,9,0.14,9.69,2023-08-31 19:00:00
5828,Autumn,13.93,64.65,3.45,866.35,29,0.12,5.4,2023-08-31 20:00:00
5829,Autumn,19.7,59.16,3.07,190.43,120,0.23,12.95,2023-08-31 21:00:00
5830,Autumn,13.8,47.75,12.12,64.21,123,0.22,15.91,2023-08-31 22:00:00
5831,Autumn,17.65,78.18,9.02,995.33,158,0.13,7.85,2023-08-31 23:00:00
5832,Autumn,18.96,38.05,8.04,187.55,156,0.12,11.49,2023-09-01 00:00:00
5833,Autumn,15.38,48.7,16.51,577.06,174,0.23,14.31,2023-09-01 01:00:00
5834,Autumn,19.04,40.89,3.67,806.9,71,0.11,13.71,2023-09-01 02:00:00
5835,Autumn,15.51,78.39,19.17,744.68,154,0.25,13.3,2023-09-01 03:00:00
5836,Autumn,10.46,62.34,3.77,562.32,107,0.2,14.01,2023-09-01 04:00:00
5837,Autumn,18.0,65.48,6.94,13.58,150,0.25,16.12,2023-09-01 05:00:00
5838,Autumn,11.55,51.52,15.86,253.19,165,0.14,19.01,2023-09-01 06:00:00
5839,Autumn,17.58,52.42,19.95,903.21,152,0.3,16.11,2023-09-01 07:00:00
5840,Autumn,16.13,67.73,2.67,48.66,23,0.16,9.79,2023-09-01 08:00:00
5841,Autumn,10.23,37.51,9.36,658.06,6,0.15,9.86,2023-09-01 09:00:00
5842,Autumn,14.23,47.47,17.79,787.87,21,0.08,11.5,2023-09-01 10:00:00
5843,Autumn,16.66,73.66,8.23,601.91,30,0.13,14.38,2023-09-01 11:00:00
5844,Autumn,14.44,52.39,17.4,633.08,28,0.07,12.29,2023-09-01 12:00:00
5845,Autumn,11.7,65.36,15.13,439.97,11,0.13,7.35,2023-09-01 13:00:00
5846,Autumn,13.83,56.04,11.38,23.95,28,0.13,12.06,2023-09-01 14:00:00
5847,Autumn,19.59,76.8,11.01,290.4,25,0.05,10.45,2023-09-01 15:00:00
5848,Autumn,18.71,43.43,6.62,751.75,8,0.06,7.5,2023-09-01 16:00:00
5849,Autumn,15.17,74.8,11.45,291.37,27,0.09,5.61,2023-09-01 17:00:00
5850,Autumn,16.08,71.31,8.52,123.14,30,0.14,16.89,2023-09-01 18:00:00
5851,Autumn,18.18,76.76,19.99,272.94,23,0.1,14.06,2023-09-01 19:00:00
5852,Autumn,17.78,48.53,1.65,473.8,24,0.13,5.9,2023-09-01 20:00:00
5853,Autumn,18.26,69.91,7.7,134.79,59,0.29,11.57,2023-09-01 21:00:00
5854,Autumn,19.6,66.54,19.89,917.42,86,0.24,12.34,2023-09-01 22:00:00
5855,Autumn,14.55,63.44,12.19,688.82,97,0.11,8.61,2023-09-01 23:00:00
5856,Autumn,11.51,41.53,5.22,604.85,165,0.19,11.98,2023-09-02 00:00:00
5857,Autumn,15.83,58.02,12.98,393.07,64,0.16,14.4,2023-09-02 01:00:00
5858,Autumn,18.04,60.8,19.22,112.03,110,0.17,11.19,2023-09-02 02:00:00
5859,Autumn,14.89,77.38,16.71,239.07,196,0.16,12.38,2023-09-02 03:00:00
5860,Autumn,10.08,53.76,2.4,948.75,123,0.28,9.85,2023-09-02 04:00:00
5861,Autumn,11.26,31.07,2.07,659.96,129,0.26,7.76,2023-09-02 05:00:00
5862,Autumn,15.87,48.72,0.93,60.76,130,0.12,15.3,2023-09-02 06:00:00
5863,Autumn,11.91,58.04,7.69,626.23,168,0.29,15.06,2023-09-02 07:00:00
5864,Autumn,17.66,58.91,17.17,270.25,14,0.22,13.43,2023-09-02 08:00:00
5865,Autumn,13.43,36.02,16.43,96.48,24,0.28,15.05,2023-09-02 09:00:00
5866,Autumn,12.09,40.72,13.25,890.85,12,0.13,12.27,2023-09-02 10:00:00
5867,Autumn,17.01,45.73,1.49,984.36,24,0.12,12.76,2023-09-02 11:00:00
5868,Autumn,15.23,34.36,1.65,90.03,19,0.07,14.65,2023-09-02 12:00:00
5869,Autumn,16.99,45.83,0.75,215.31,24,0.14,9.89,2023-09-02 13:00:00
5870,Autumn,19.03,65.55,6.29,17.6,13,0.11,7.63,2023-09-02 14:00:00
5871,Autumn,18.79,41.97,12.04,393.24,8,0.14,12.74,2023-09-02 15:00:00
5872,Autumn,14.82,48.95,10.46,246.57,25,0.13,6.48,2023-09-02 16:00:00
5873,Autumn,17.08,53.44,0.1,403.37,5,0.14,5.4,2023-09-02 17:00:00
5874,Autumn,10.64,71.98,11.38,395.43,27,0.11,5.84,2023-09-02 18:00:00
5875,Autumn,16.7,74.61,5.01,214.73,27,0.15,10.24,2023-09-02 19:00:00
5876,Autumn,10.37,63.11,1.96,803.05,5,0.13,13.21,2023-09-02 20:00:00
5877,Autumn,14.69,59.3,2.53,277.84,163,0.11,14.06,2023-09-02 21:00:00
5878,Autumn,12.67,68.69,11.59,912.09,153,0.12,16.28,2023-09-02 22:00:00
5879,Autumn,18.37,31.08,12.15,590.48,97,0.29,8.65,2023-09-02 23:00:00
5880,Autumn,10.11,45.34,9.36,279.86,153,0.2,10.21,2023-09-03 00:00:00
5881,Autumn,19.7,33.23,3.93,783.49,78,0.27,7.21,2023-09-03 01:00:00
5882,Autumn,15.35,48.57,9.85,906.25,83,0.27,9.54,2023-09-03 02:00:00
5883,Autumn,19.94,40.05,3.11,374.97,86,0.18,14.7,2023-09-03 03:00:00
5884,Autumn,18.82,52.7,17.08,855.55,179,0.25,14.34,2023-09-03 04:00:00
5885,Autumn,11.8,75.07,6.77,390.74,172,0.14,12.57,2023-09-03 05:00:00
5886,Autumn,18.65,71.48,1.58,597.81,69,0.25,13.74,2023-09-03 06:00:00
5887,Autumn,17.11,72.15,3.36,749.02,69,0.27,14.45,2023-09-03 07:00:00
5888,Autumn,15.57,56.84,9.17,654.18,20,0.14,11.64,2023-09-03 08:00:00
5889,Autumn,15.25,71.47,18.84,475.62,27,0.25,15.22,2023-09-03 09:00:00
5890,Autumn,18.95,52.67,0.29,708.88,13,0.07,9.0,2023-09-03 10:00:00
5891,Autumn,13.09,54.88,0.05,584.83,6,0.12,9.78,2023-09-03 11:00:00
5892,Autumn,12.46,77.15,8.58,471.47,29,0.11,14.9,2023-09-03 12:00:00
5893,Autumn,13.42,69.45,1.26,101.99,21,0.09,9.97,2023-09-03 13:00:00
5894,Autumn,15.78,69.4,14.27,536.93,17,0.15,7.05,2023-09-03 14:00:00
5895,Autumn,16.87,67.66,18.12,528.16,17,0.06,9.26,2023-09-03 15:00:00
5896,Autumn,14.45,67.7,7.96,717.49,19,0.12,4.69,2023-09-03 16:00:00
5897,Autumn,17.58,41.47,15.05,140.05,16,0.14,15.68,2023-09-03 17:00:00
5898,Autumn,16.18,68.83,11.21,961.86,12,0.13,4.54,2023-09-03 18:00:00
5899,Autumn,10.71,30.53,18.04,116.65,12,0.05,11.72,2023-09-03 19:00:00
5900,Autumn,17.27,32.42,10.46,506.98,5,0.12,4.64,2023-09-03 20:00:00
5901,Autumn,13.21,35.51,1.93,205.19,64,0.23,9.17,2023-09-03 21:00:00
5902,Autumn,15.58,72.73,15.54,311.66,175,0.25,12.55,2023-09-03 22:00:00
5903,Autumn,18.54,36.0,13.88,685.16,57,0.18,7.26,2023-09-03 23:00:00
5904,Autumn,16.9,77.44,7.24,275.93,88,0.11,10.09,2023-09-04 00:00:00
5905,Autumn,13.85,36.59,15.42,292.68,195,0.17,12.31,2023-09-04 01:00:00
5906,Autumn,10.33,32.49,4.88,77.53,94,0.25,17.52,2023-09-04 02:00:00
5907,Autumn,15.29,30.13,14.69,714.36,125,0.24,15.95,2023-09-04 03:00:00
5908,Autumn,17.11,59.58,14.93,534.45,185,0.2,12.97,2023-09-04 04:00:00
5909,Autumn,19.21,31.07,9.65,903.82,141,0.13,7.38,2023-09-04 05:00:00
5910,Autumn,10.88,43.58,14.15,766.61,141,0.22,10.62,2023-09-04 06:00:00
5911,Autumn,12.95,40.09,0.64,193.16,99,0.22,11.0,2023-09-04 07:00:00
5912,Autumn,13.31,77.22,13.94,37.85,28,0.12,12.24,2023-09-04 08:00:00
5913,Autumn,17.2,63.45,18.13,797.4,21,0.15,9.09,2023-09-04 09:00:00
5914,Autumn,13.17,59.88,19.17,716.75,26,0.14,10.76,2023-09-04 10:00:00
5915,Autumn,16.64,56.75,9.17,313.74,24,0.06,12.82,2023-09-04 11:00:00
5916,Autumn,16.93,53.78,11.57,844.43,12,0.14,13.27,2023-09-04 12:00:00
5917,Autumn,15.24,41.06,2.35,560.17,14,0.08,8.4,2023-09-04 13:00:00
5918,Autumn,11.55,74.58,12.59,37.0,38,0.07,6.56,2023-09-04 14:00:00
5919,Autumn,18.64,73.48,6.52,638.1,36,0.05,12.09,2023-09-04 15:00:00
5920,Autumn,10.67,50.12,7.94,271.37,30,0.13,14.33,2023-09-04 16:00:00
5921,Autumn,19.93,60.4,1.47,229.56,34,0.13,10.81,2023-09-04 17:00:00
5922,Autumn,14.88,76.14,14.32,721.13,14,0.05,12.1,2023-09-04 18:00:00
5923,Autumn,18.56,68.47,19.37,620.25,28,0.12,5.51,2023-09-04 19:00:00
5924,Autumn,12.92,41.75,6.28,815.21,23,0.11,9.26,2023-09-04 20:00:00
5925,Autumn,13.66,55.55,8.53,651.82,8,0.27,8.97,2023-09-04 21:00:00
5926,Autumn,17.19,32.4,18.26,393.19,5,0.27,14.46,2023-09-04 22:00:00
5927,Autumn,15.1,72.69,2.75,542.31,50,0.23,6.12,2023-09-04 23:00:00
5928,Autumn,15.11,47.57,15.18,656.21,47,0.25,11.42,2023-09-05 00:00:00
5929,Autumn,10.55,71.96,11.25,655.03,8,0.11,13.41,2023-09-05 01:00:00
5930,Autumn,19.2,57.13,3.91,581.61,37,0.29,12.78,2023-09-05 02:00:00
5931,Autumn,19.53,50.02,8.68,271.71,46,0.23,15.9,2023-09-05 03:00:00
5932,Autumn,18.62,50.0,0.17,804.84,10,0.21,13.57,2023-09-05 04:00:00
5933,Autumn,14.28,49.37,14.42,700.68,48,0.22,6.77,2023-09-05 05:00:00
5934,Autumn,17.68,40.86,14.59,371.3,24,0.25,6.82,2023-09-05 06:00:00
5935,Autumn,16.55,36.99,8.48,552.82,6,0.23,4.79,2023-09-05 07:00:00
5936,Autumn,13.51,79.08,0.86,575.84,29,0.27,9.8,2023-09-05 08:00:00
5937,Autumn,10.42,59.55,0.22,377.23,42,0.11,7.58,2023-09-05 09:00:00
5938,Autumn,12.78,64.68,9.11,885.11,45,0.06,8.68,2023-09-05 10:00:00
5939,Autumn,16.1,62.9,1.78,466.99,34,0.08,12.09,2023-09-05 11:00:00
5940,Autumn,15.42,53.74,8.76,498.67,48,0.14,7.11,2023-09-05 12:00:00
5941,Autumn,10.49,66.73,8.87,583.64,21,0.11,11.8,2023-09-05 13:00:00
5942,Autumn,16.08,35.13,7.62,128.69,5,0.13,16.37,2023-09-05 14:00:00
5943,Autumn,12.78,33.57,12.1,772.39,35,0.11,14.65,2023-09-05 15:00:00
5944,Autumn,19.22,53.93,11.65,352.2,38,0.11,11.08,2023-09-05 16:00:00
5945,Autumn,10.16,67.77,1.6,841.19,14,0.07,8.97,2023-09-05 17:00:00
5946,Autumn,10.01,74.61,17.84,413.09,26,0.09,12.95,2023-09-05 18:00:00
5947,Autumn,13.82,36.01,6.03,940.61,33,0.12,9.52,2023-09-05 19:00:00
5948,Autumn,13.35,40.36,5.38,861.48,48,0.07,13.1,2023-09-05 20:00:00
5949,Autumn,15.56,43.07,16.73,848.17,47,0.24,13.09,2023-09-05 21:00:00
5950,Autumn,13.33,66.45,16.23,548.43,6,0.26,15.45,2023-09-05 22:00:00
5951,Autumn,17.62,37.87,8.92,710.09,40,0.24,6.25,2023-09-05 23:00:00
5952,Autumn,15.67,68.7,9.85,676.33,27,0.21,8.63,2023-09-06 00:00:00
5953,Autumn,12.8,55.57,8.41,622.63,30,0.25,13.4,2023-09-06 01:00:00
5954,Autumn,14.54,31.65,3.42,248.1,43,0.29,14.98,2023-09-06 02:00:00
5955,Autumn,11.26,62.53,3.09,620.95,8,0.14,10.1,2023-09-06 03:00:00
5956,Autumn,11.41,53.6,15.17,722.57,44,0.14,12.95,2023-09-06 04:00:00
5957,Autumn,18.35,45.88,5.57,96.91,6,0.1,11.73,2023-09-06 05:00:00
5958,Autumn,16.36,76.2,0.46,889.74,18,0.13,5.57,2023-09-06 06:00:00
5959,Autumn,17.56,72.92,16.49,499.32,35,0.19,14.56,2023-09-06 07:00:00
5960,Autumn,19.93,41.01,8.92,416.34,42,0.15,8.21,2023-09-06 08:00:00
5961,Autumn,11.24,67.6,11.87,634.52,24,0.16,6.06,2023-09-06 09:00:00
5962,Autumn,11.23,52.39,9.06,418.9,17,0.14,8.09,2023-09-06 10:00:00
5963,Autumn,14.68,37.96,9.04,387.52,15,0.07,12.37,2023-09-06 11:00:00
5964,Autumn,16.29,42.14,9.16,690.41,49,0.12,14.14,2023-09-06 12:00:00
5965,Autumn,11.98,53.23,11.35,24.82,24,0.08,14.63,2023-09-06 13:00:00
5966,Autumn,18.47,42.52,6.2,16.8,29,0.09,15.51,2023-09-06 14:00:00
5967,Autumn,19.02,78.6,5.91,822.02,9,0.12,8.99,2023-09-06 15:00:00
5968,Autumn,11.28,74.92,18.63,354.86,12,0.07,8.17,2023-09-06 16:00:00
5969,Autumn,12.12,72.03,3.86,213.5,12,0.1,5.8,2023-09-06 17:00:00
5970,Autumn,19.11,32.27,9.9,460.28,6,0.05,12.72,2023-09-06 18:00:00
5971,Autumn,18.65,42.8,5.56,363.54,9,0.15,5.27,2023-09-06 19:00:00
5972,Autumn,15.29,51.34,17.32,466.26,24,0.11,10.27,2023-09-06 20:00:00
5973,Autumn,14.17,37.98,6.29,45.65,85,0.3,16.29,2023-09-06 21:00:00
5974,Autumn,15.15,33.6,7.18,147.56,190,0.2,14.25,2023-09-06 22:00:00
5975,Autumn,15.41,67.3,12.95,986.19,72,0.27,12.37,2023-09-06 23:00:00
5976,Autumn,11.45,72.63,12.61,24.6,192,0.22,14.85,2023-09-07 00:00:00
5977,Autumn,19.73,67.02,19.1,290.09,96,0.14,11.05,2023-09-07 01:00:00
5978,Autumn,10.16,39.33,9.77,738.36,96,0.18,6.57,2023-09-07 02:00:00
5979,Autumn,19.86,77.77,2.28,279.69,83,0.2,14.25,2023-09-07 03:00:00
5980,Autumn,12.51,79.63,12.48,778.57,64,0.15,10.94,2023-09-07 04:00:00
5981,Autumn,16.39,59.27,5.38,812.55,77,0.14,7.8,2023-09-07 05:00:00
5982,Autumn,15.95,78.3,0.61,833.88,84,0.23,9.64,2023-09-07 06:00:00
5983,Autumn,19.76,31.2,15.35,344.09,189,0.12,10.64,2023-09-07 07:00:00
5984,Autumn,12.41,56.79,0.17,98.07,25,0.12,14.59,2023-09-07 08:00:00
5985,Autumn,19.63,65.46,19.77,435.68,10,0.16,11.61,2023-09-07 09:00:00
5986,Autumn,10.6,78.98,1.4,822.64,30,0.13,7.1,2023-09-07 10:00:00
5987,Autumn,18.14,47.81,12.5,825.0,8,0.13,12.27,2023-09-07 11:00:00
5988,Autumn,17.08,63.54,12.94,163.62,26,0.09,15.18,2023-09-07 12:00:00
5989,Autumn,15.59,70.39,5.94,342.29,23,0.09,5.69,2023-09-07 13:00:00
5990,Autumn,13.03,53.34,6.98,103.08,19,0.13,11.41,2023-09-07 14:00:00
5991,Autumn,19.07,34.14,18.08,343.36,22,0.09,9.45,2023-09-07 15:00:00
5992,Autumn,16.27,63.55,16.17,770.91,20,0.11,10.57,2023-09-07 16:00:00
5993,Autumn,17.52,63.69,16.13,845.14,18,0.12,11.31,2023-09-07 17:00:00
5994,Autumn,13.49,47.71,10.77,218.1,14,0.05,14.3,2023-09-07 18:00:00
5995,Autumn,16.14,52.38,4.61,102.46,16,0.11,9.74,2023-09-07 19:00:00
5996,Autumn,16.2,42.96,15.03,851.6,9,0.09,9.34,2023-09-07 20:00:00
5997,Autumn,14.69,59.9,5.56,45.57,78,0.19,13.91,2023-09-07 21:00:00
5998,Autumn,19.54,50.43,11.82,37.61,90,0.14,11.33,2023-09-07 22:00:00
5999,Autumn,16.33,76.16,0.54,314.68,180,0.13,18.64,2023-09-07 23:00:00
6000,Autumn,18.19,57.95,12.22,573.75,127,0.14,7.61,2023-09-08 00:00:00
6001,Autumn,17.44,73.89,2.56,79.17,177,0.2,9.58,2023-09-08 01:00:00
6002,Autumn,14.95,56.41,5.37,569.33,145,0.29,12.26,2023-09-08 02:00:00
6003,Autumn,15.47,61.1,14.82,264.8,195,0.1,11.71,2023-09-08 03:00:00
6004,Autumn,10.31,51.35,12.19,959.58,178,0.27,18.0,2023-09-08 04:00:00
6005,Autumn,10.52,61.19,8.91,147.52,182,0.28,13.99,2023-09-08 05:00:00
6006,Autumn,13.18,33.49,1.35,668.99,57,0.29,5.72,2023-09-08 06:00:00
6007,Autumn,14.54,34.15,13.18,574.79,177,0.2,16.51,2023-09-08 07:00:00
6008,Autumn,11.23,78.59,17.4,871.74,23,0.28,14.54,2023-09-08 08:00:00
6009,Autumn,15.02,49.14,18.97,363.51,22,0.21,13.47,2023-09-08 09:00:00
6010,Autumn,12.52,54.03,14.88,717.07,22,0.05,8.73,2023-09-08 10:00:00
6011,Autumn,10.6,71.64,9.64,937.86,14,0.05,12.52,2023-09-08 11:00:00
6012,Autumn,17.66,79.75,15.76,939.5,27,0.06,13.87,2023-09-08 12:00:00
6013,Autumn,18.72,59.82,7.12,17.86,14,0.14,12.33,2023-09-08 13:00:00
6014,Autumn,13.88,64.33,14.45,699.99,22,0.14,12.32,2023-09-08 14:00:00
6015,Autumn,12.43,50.92,13.67,396.21,8,0.11,12.8,2023-09-08 15:00:00
6016,Autumn,10.65,77.42,9.91,23.87,25,0.14,10.06,2023-09-08 16:00:00
6017,Autumn,19.03,72.14,11.84,813.02,22,0.12,10.93,2023-09-08 17:00:00
6018,Autumn,16.83,60.64,5.52,803.95,16,0.13,6.54,2023-09-08 18:00:00
6019,Autumn,18.1,74.53,12.66,879.06,23,0.13,7.45,2023-09-08 19:00:00
6020,Autumn,14.9,50.67,12.25,912.21,10,0.08,10.72,2023-09-08 20:00:00
6021,Autumn,16.23,40.98,5.79,313.44,74,0.13,10.81,2023-09-08 21:00:00
6022,Autumn,10.4,76.9,13.06,397.84,83,0.25,12.92,2023-09-08 22:00:00
6023,Autumn,10.23,38.77,2.01,931.47,63,0.19,12.23,2023-09-08 23:00:00
6024,Autumn,15.67,75.64,13.48,550.87,153,0.2,11.21,2023-09-09 00:00:00
6025,Autumn,19.51,56.39,11.93,893.66,89,0.25,15.98,2023-09-09 01:00:00
6026,Autumn,12.11,52.35,19.57,929.14,138,0.25,16.1,2023-09-09 02:00:00
6027,Autumn,13.13,48.32,12.07,845.49,172,0.22,12.92,2023-09-09 03:00:00
6028,Autumn,17.01,64.58,8.91,692.38,84,0.2,13.06,2023-09-09 04:00:00
6029,Autumn,16.78,64.29,14.33,217.63,121,0.2,15.07,2023-09-09 05:00:00
6030,Autumn,14.45,43.02,16.31,388.85,189,0.28,9.8,2023-09-09 06:00:00
6031,Autumn,19.41,41.01,19.05,868.5,81,0.29,16.27,2023-09-09 07:00:00
6032,Autumn,14.77,76.35,2.18,843.15,13,0.19,4.23,2023-09-09 08:00:00
6033,Autumn,18.24,46.33,9.03,823.02,20,0.17,6.28,2023-09-09 09:00:00
6034,Autumn,16.83,47.24,5.18,344.47,14,0.08,14.74,2023-09-09 10:00:00
6035,Autumn,19.58,75.73,2.95,166.72,11,0.11,7.33,2023-09-09 11:00:00
6036,Autumn,10.29,33.83,3.6,266.4,13,0.1,15.5,2023-09-09 12:00:00
6037,Autumn,19.45,51.58,3.28,138.21,30,0.09,10.37,2023-09-09 13:00:00
6038,Autumn,18.08,63.91,10.46,985.03,27,0.08,11.05,2023-09-09 14:00:00
6039,Autumn,11.18,59.27,5.09,9.63,17,0.06,9.46,2023-09-09 15:00:00
6040,Autumn,19.56,50.99,2.58,606.4,13,0.08,9.41,2023-09-09 16:00:00
6041,Autumn,17.4,37.68,5.27,493.5,8,0.09,10.78,2023-09-09 17:00:00
6042,Autumn,12.7,39.21,5.29,724.04,29,0.12,11.13,2023-09-09 18:00:00
6043,Autumn,14.51,62.97,12.76,670.87,19,0.09,6.71,2023-09-09 19:00:00
6044,Autumn,19.39,69.94,16.58,417.98,5,0.15,13.72,2023-09-09 20:00:00
6045,Autumn,15.9,70.24,0.09,176.11,119,0.27,9.81,2023-09-09 21:00:00
6046,Autumn,14.97,42.31,6.0,829.99,102,0.16,7.56,2023-09-09 22:00:00
6047,Autumn,14.09,53.1,17.85,638.88,196,0.11,11.95,2023-09-09 23:00:00
6048,Autumn,13.69,45.45,17.24,975.13,136,0.23,12.22,2023-09-10 00:00:00
6049,Autumn,15.93,66.68,7.74,652.44,123,0.12,12.49,2023-09-10 01:00:00
6050,Autumn,10.33,69.43,14.28,585.74,75,0.17,15.88,2023-09-10 02:00:00
6051,Autumn,11.4,39.22,16.13,237.56,184,0.29,12.25,2023-09-10 03:00:00
6052,Autumn,15.16,30.58,12.62,459.41,133,0.21,14.64,2023-09-10 04:00:00
6053,Autumn,15.49,72.78,9.52,762.28,170,0.16,15.23,2023-09-10 05:00:00
6054,Autumn,18.96,52.29,5.84,733.82,132,0.22,15.55,2023-09-10 06:00:00
6055,Autumn,13.32,75.38,2.28,741.22,195,0.29,9.4,2023-09-10 07:00:00
6056,Autumn,16.58,71.36,7.5,274.01,26,0.3,12.43,2023-09-10 08:00:00
6057,Autumn,13.16,71.52,3.12,487.84,30,0.13,15.82,2023-09-10 09:00:00
6058,Autumn,19.05,33.62,14.02,637.01,13,0.12,14.28,2023-09-10 10:00:00
6059,Autumn,18.26,54.99,6.38,870.36,30,0.06,15.02,2023-09-10 11:00:00
6060,Autumn,10.59,34.1,0.78,989.17,10,0.06,5.18,2023-09-10 12:00:00
6061,Autumn,14.47,75.82,6.23,367.47,30,0.08,11.89,2023-09-10 13:00:00
6062,Autumn,10.25,58.8,19.84,907.09,24,0.14,5.49,2023-09-10 14:00:00
6063,Autumn,19.44,57.72,8.0,641.42,11,0.12,12.8,2023-09-10 15:00:00
6064,Autumn,13.23,76.71,17.66,812.5,19,0.07,5.7,2023-09-10 16:00:00
6065,Autumn,10.29,45.2,18.32,879.52,20,0.13,4.39,2023-09-10 17:00:00
6066,Autumn,12.13,78.78,11.64,534.94,19,0.11,15.04,2023-09-10 18:00:00
6067,Autumn,13.71,75.37,15.22,268.89,17,0.09,14.77,2023-09-10 19:00:00
6068,Autumn,18.71,52.67,13.09,692.11,18,0.07,10.78,2023-09-10 20:00:00
6069,Autumn,15.62,42.94,2.07,87.62,63,0.27,12.39,2023-09-10 21:00:00
6070,Autumn,16.0,34.32,9.36,211.97,122,0.16,14.37,2023-09-10 22:00:00
6071,Autumn,10.58,55.55,4.22,447.66,119,0.23,15.3,2023-09-10 23:00:00
6072,Autumn,14.9,62.38,7.42,209.3,65,0.19,13.61,2023-09-11 00:00:00
6073,Autumn,14.12,67.13,5.77,274.73,85,0.13,10.36,2023-09-11 01:00:00
6074,Autumn,13.81,42.78,14.39,884.07,162,0.22,18.17,2023-09-11 02:00:00
6075,Autumn,12.89,59.26,6.32,232.46,148,0.1,9.16,2023-09-11 03:00:00
6076,Autumn,15.72,33.62,4.28,605.29,172,0.13,10.99,2023-09-11 04:00:00
6077,Autumn,15.55,64.67,2.57,189.3,171,0.29,19.9,2023-09-11 05:00:00
6078,Autumn,15.35,45.07,4.24,697.67,95,0.12,16.74,2023-09-11 06:00:00
6079,Autumn,19.21,42.91,10.24,901.56,115,0.12,16.11,2023-09-11 07:00:00
6080,Autumn,10.83,36.61,8.0,260.41,24,0.3,15.84,2023-09-11 08:00:00
6081,Autumn,11.12,34.64,4.34,680.8,12,0.24,13.36,2023-09-11 09:00:00
6082,Autumn,17.92,77.94,15.34,663.74,23,0.09,13.84,2023-09-11 10:00:00
6083,Autumn,16.56,74.6,8.67,806.63,7,0.12,6.53,2023-09-11 11:00:00
6084,Autumn,16.76,62.12,15.67,213.18,7,0.11,15.63,2023-09-11 12:00:00
6085,Autumn,10.94,64.59,15.49,579.45,41,0.11,9.29,2023-09-11 13:00:00
6086,Autumn,16.05,72.11,3.38,940.73,24,0.08,13.01,2023-09-11 14:00:00
6087,Autumn,15.97,73.61,6.16,342.79,34,0.06,13.55,2023-09-11 15:00:00
6088,Autumn,16.67,41.17,0.44,951.51,36,0.12,9.74,2023-09-11 16:00:00
6089,Autumn,13.37,57.9,8.1,768.0,10,0.09,8.29,2023-09-11 17:00:00
6090,Autumn,14.74,62.8,12.65,946.79,29,0.1,13.48,2023-09-11 18:00:00
6091,Autumn,14.58,73.11,5.24,561.37,7,0.07,8.4,2023-09-11 19:00:00
6092,Autumn,16.34,55.06,3.83,58.5,32,0.11,14.83,2023-09-11 20:00:00
6093,Autumn,16.32,35.9,9.18,492.86,7,0.26,15.1,2023-09-11 21:00:00
6094,Autumn,19.16,34.27,5.29,624.52,47,0.17,15.29,2023-09-11 22:00:00
6095,Autumn,15.42,33.31,3.24,514.2,16,0.24,12.86,2023-09-11 23:00:00
6096,Autumn,13.65,64.12,8.79,179.07,25,0.24,5.98,2023-09-12 00:00:00
6097,Autumn,18.66,72.3,6.92,875.1,34,0.19,15.29,2023-09-12 01:00:00
6098,Autumn,10.54,78.56,9.66,984.67,19,0.13,5.63,2023-09-12 02:00:00
6099,Autumn,15.1,70.39,4.21,604.83,43,0.24,15.62,2023-09-12 03:00:00
6100,Autumn,15.16,44.22,12.82,212.34,11,0.24,11.69,2023-09-12 04:00:00
6101,Autumn,18.66,71.65,0.17,193.62,50,0.12,11.96,2023-09-12 05:00:00
6102,Autumn,12.27,72.17,12.11,219.87,42,0.21,13.27,2023-09-12 06:00:00
6103,Autumn,14.37,37.25,3.97,999.02,16,0.15,4.68,2023-09-12 07:00:00
6104,Autumn,19.51,79.7,5.67,180.05,39,0.26,10.59,2023-09-12 08:00:00
6105,Autumn,10.46,58.35,0.23,269.38,16,0.23,12.19,2023-09-12 09:00:00
6106,Autumn,17.07,45.79,9.72,35.23,30,0.06,7.43,2023-09-12 10:00:00
6107,Autumn,16.11,74.15,7.1,142.43,50,0.13,16.41,2023-09-12 11:00:00
6108,Autumn,14.53,74.64,13.14,523.62,23,0.13,13.79,2023-09-12 12:00:00
6109,Autumn,13.94,68.52,5.75,110.67,45,0.14,15.86,2023-09-12 13:00:00
6110,Autumn,16.49,63.41,16.34,940.18,41,0.06,7.85,2023-09-12 14:00:00
6111,Autumn,11.48,39.43,6.11,640.56,42,0.07,9.29,2023-09-12 15:00:00
6112,Autumn,12.53,54.81,1.47,53.81,18,0.06,9.43,2023-09-12 16:00:00
6113,Autumn,13.66,54.39,10.23,675.87,10,0.12,7.94,2023-09-12 17:00:00
6114,Autumn,14.25,79.24,11.82,759.33,34,0.15,15.65,2023-09-12 18:00:00
6115,Autumn,19.35,42.73,12.34,569.53,30,0.14,14.59,2023-09-12 19:00:00
6116,Autumn,18.78,31.1,19.27,620.09,9,0.1,5.1,2023-09-12 20:00:00
6117,Autumn,13.14,59.08,7.0,230.34,25,0.22,6.64,2023-09-12 21:00:00
6118,Autumn,15.92,30.32,13.9,212.5,39,0.17,9.33,2023-09-12 22:00:00
6119,Autumn,11.1,40.68,6.14,622.98,5,0.27,15.28,2023-09-12 23:00:00
6120,Autumn,18.56,54.58,1.45,713.66,5,0.15,8.74,2023-09-13 00:00:00
6121,Autumn,10.97,68.27,8.5,69.72,43,0.25,13.79,2023-09-13 01:00:00
6122,Autumn,17.28,41.44,7.51,630.78,18,0.13,9.44,2023-09-13 02:00:00
6123,Autumn,16.44,55.7,10.72,243.0,29,0.11,13.2,2023-09-13 03:00:00
6124,Autumn,19.67,44.45,7.26,229.78,37,0.26,9.68,2023-09-13 04:00:00
6125,Autumn,18.18,45.32,9.36,599.02,16,0.16,11.04,2023-09-13 05:00:00
6126,Autumn,11.82,76.91,3.94,657.66,47,0.2,9.51,2023-09-13 06:00:00
6127,Autumn,15.55,64.77,10.01,28.7,27,0.3,9.56,2023-09-13 07:00:00
6128,Autumn,16.7,78.95,7.07,633.53,29,0.26,10.54,2023-09-13 08:00:00
6129,Autumn,10.92,67.03,13.88,19.99,48,0.3,10.26,2023-09-13 09:00:00
6130,Autumn,10.22,63.22,13.35,253.19,31,0.12,15.0,2023-09-13 10:00:00
6131,Autumn,17.97,77.43,9.09,867.99,6,0.06,12.1,2023-09-13 11:00:00
6132,Autumn,19.52,46.45,0.7,158.46,15,0.06,13.47,2023-09-13 12:00:00
6133,Autumn,15.42,41.56,3.77,742.95,13,0.05,13.12,2023-09-13 13:00:00
6134,Autumn,18.53,62.71,1.36,906.54,27,0.08,8.33,2023-09-13 14:00:00
6135,Autumn,17.36,39.78,5.95,282.11,23,0.09,8.42,2023-09-13 15:00:00
6136,Autumn,17.85,48.03,15.92,500.88,12,0.12,5.34,2023-09-13 16:00:00
6137,Autumn,18.2,37.11,6.88,880.72,25,0.09,6.21,2023-09-13 17:00:00
6138,Autumn,19.86,50.21,10.2,396.38,22,0.12,10.84,2023-09-13 18:00:00
6139,Autumn,17.84,49.96,11.81,865.07,15,0.05,6.06,2023-09-13 19:00:00
6140,Autumn,19.64,53.34,18.04,971.82,21,0.06,7.95,2023-09-13 20:00:00
6141,Autumn,15.3,78.73,0.53,911.71,185,0.12,14.67,2023-09-13 21:00:00
6142,Autumn,16.48,65.92,9.24,126.93,77,0.26,16.83,2023-09-13 22:00:00
6143,Autumn,14.36,74.7,3.94,956.29,153,0.23,15.34,2023-09-13 23:00:00
6144,Autumn,10.68,70.79,11.4,361.22,189,0.18,17.33,2023-09-14 00:00:00
6145,Autumn,17.59,77.3,3.79,597.42,191,0.25,14.04,2023-09-14 01:00:00
6146,Autumn,18.02,35.76,16.69,773.71,112,0.13,9.74,2023-09-14 02:00:00
6147,Autumn,18.06,40.43,7.6,350.69,54,0.16,15.04,2023-09-14 03:00:00
6148,Autumn,18.13,38.41,19.55,155.67,136,0.3,12.17,2023-09-14 04:00:00
6149,Autumn,15.28,31.37,2.35,643.02,120,0.3,10.63,2023-09-14 05:00:00
6150,Autumn,10.27,59.75,12.5,234.67,108,0.12,15.98,2023-09-14 06:00:00
6151,Autumn,14.6,71.47,7.5,585.3,130,0.28,8.42,2023-09-14 07:00:00
6152,Autumn,12.2,63.9,19.89,203.8,14,0.26,8.44,2023-09-14 08:00:00
6153,Autumn,13.82,43.69,0.36,687.26,30,0.17,5.35,2023-09-14 09:00:00
6154,Autumn,15.12,33.75,9.52,634.57,5,0.05,8.23,2023-09-14 10:00:00
6155,Autumn,19.97,61.86,11.47,783.58,28,0.05,14.22,2023-09-14 11:00:00
6156,Autumn,19.14,43.13,4.88,309.8,24,0.09,13.82,2023-09-14 12:00:00
6157,Autumn,17.97,41.19,9.75,291.6,29,0.07,8.34,2023-09-14 13:00:00
6158,Autumn,14.43,70.84,10.42,268.16,21,0.12,11.35,2023-09-14 14:00:00
6159,Autumn,11.33,38.63,14.84,547.16,25,0.11,8.43,2023-09-14 15:00:00
6160,Autumn,16.36,62.19,15.93,669.83,9,0.09,8.01,2023-09-14 16:00:00
6161,Autumn,15.23,66.99,10.84,278.24,9,0.13,13.38,2023-09-14 17:00:00
6162,Autumn,17.22,56.29,5.62,504.26,18,0.13,6.52,2023-09-14 18:00:00
6163,Autumn,19.2,61.93,5.6,420.69,8,0.12,6.99,2023-09-14 19:00:00
6164,Autumn,15.04,64.44,1.91,699.02,8,0.13,10.48,2023-09-14 20:00:00
6165,Autumn,17.33,74.74,18.59,756.73,74,0.15,11.92,2023-09-14 21:00:00
6166,Autumn,13.64,78.67,15.11,695.9,179,0.25,12.34,2023-09-14 22:00:00
6167,Autumn,11.87,78.24,4.98,871.74,92,0.28,6.35,2023-09-14 23:00:00
6168,Autumn,10.48,55.37,13.42,396.07,139,0.11,8.85,2023-09-15 00:00:00
6169,Autumn,19.8,74.7,1.92,736.56,76,0.14,12.89,2023-09-15 01:00:00
6170,Autumn,18.79,33.54,5.51,106.1,74,0.29,7.79,2023-09-15 02:00:00
6171,Autumn,19.13,64.92,12.87,651.71,98,0.19,7.71,2023-09-15 03:00:00
6172,Autumn,17.08,56.44,15.46,627.33,143,0.2,9.51,2023-09-15 04:00:00
6173,Autumn,18.49,63.54,7.7,267.54,82,0.28,6.96,2023-09-15 05:00:00
6174,Autumn,14.0,76.67,6.22,456.08,94,0.2,11.93,2023-09-15 06:00:00
6175,Autumn,17.13,78.82,9.81,609.45,103,0.27,17.18,2023-09-15 07:00:00
6176,Autumn,19.6,71.76,8.51,150.89,11,0.27,12.62,2023-09-15 08:00:00
6177,Autumn,17.83,39.09,17.8,469.15,8,0.24,14.98,2023-09-15 09:00:00
6178,Autumn,17.27,33.0,2.44,883.27,28,0.14,9.66,2023-09-15 10:00:00
6179,Autumn,18.93,78.11,12.3,908.41,12,0.14,9.5,2023-09-15 11:00:00
6180,Autumn,18.83,71.23,2.3,232.78,13,0.08,7.19,2023-09-15 12:00:00
6181,Autumn,17.14,45.38,11.21,745.02,13,0.09,14.12,2023-09-15 13:00:00
6182,Autumn,12.69,55.57,12.22,324.36,5,0.11,6.82,2023-09-15 14:00:00
6183,Autumn,17.94,36.47,17.01,759.64,28,0.13,14.05,2023-09-15 15:00:00
6184,Autumn,13.4,49.87,0.43,240.96,21,0.15,11.73,2023-09-15 16:00:00
6185,Autumn,14.06,47.07,16.07,725.44,18,0.1,14.31,2023-09-15 17:00:00
6186,Autumn,14.43,77.23,8.19,682.01,16,0.13,13.14,2023-09-15 18:00:00
6187,Autumn,14.86,42.95,12.3,831.5,10,0.11,12.92,2023-09-15 19:00:00
6188,Autumn,11.84,32.43,12.12,818.3,13,0.06,9.77,2023-09-15 20:00:00
6189,Autumn,15.1,78.77,8.34,884.49,145,0.22,16.65,2023-09-15 21:00:00
6190,Autumn,16.7,64.21,4.63,590.24,78,0.14,6.62,2023-09-15 22:00:00
6191,Autumn,19.08,71.64,1.6,534.76,113,0.29,15.79,2023-09-15 23:00:00
6192,Autumn,15.62,71.75,2.94,735.68,80,0.23,11.53,2023-09-16 00:00:00
6193,Autumn,19.4,41.65,1.3,975.47,189,0.16,12.0,2023-09-16 01:00:00
6194,Autumn,18.33,73.13,13.46,494.53,198,0.22,17.82,2023-09-16 02:00:00
6195,Autumn,14.44,36.9,3.06,454.63,74,0.11,13.09,2023-09-16 03:00:00
6196,Autumn,10.84,67.27,3.55,557.93,170,0.21,16.27,2023-09-16 04:00:00
6197,Autumn,19.33,60.11,0.05,805.79,103,0.12,8.27,2023-09-16 05:00:00
6198,Autumn,11.7,37.14,17.58,294.19,133,0.17,13.05,2023-09-16 06:00:00
6199,Autumn,18.41,65.35,5.86,902.12,135,0.26,11.74,2023-09-16 07:00:00
6200,Autumn,16.3,31.38,19.11,551.02,29,0.28,7.86,2023-09-16 08:00:00
6201,Autumn,12.12,62.18,4.95,523.12,29,0.26,14.66,2023-09-16 09:00:00
6202,Autumn,18.71,56.76,7.21,79.33,8,0.06,10.89,2023-09-16 10:00:00
6203,Autumn,11.38,79.29,14.49,436.82,12,0.14,10.13,2023-09-16 11:00:00
6204,Autumn,12.34,42.84,4.33,470.24,29,0.08,13.92,2023-09-16 12:00:00
6205,Autumn,12.06,74.28,3.12,970.02,17,0.08,10.92,2023-09-16 13:00:00
6206,Autumn,18.04,59.3,9.83,75.78,25,0.15,13.64,2023-09-16 14:00:00
6207,Autumn,16.29,57.2,5.62,838.64,27,0.09,13.04,2023-09-16 15:00:00
6208,Autumn,19.93,71.89,14.06,394.55,15,0.15,10.02,2023-09-16 16:00:00
6209,Autumn,12.81,62.56,17.21,73.2,26,0.06,6.54,2023-09-16 17:00:00
6210,Autumn,15.43,33.37,12.53,385.14,10,0.15,10.67,2023-09-16 18:00:00
6211,Autumn,17.7,62.02,18.46,791.23,29,0.1,15.01,2023-09-16 19:00:00
6212,Autumn,13.62,75.19,3.9,790.58,15,0.11,5.39,2023-09-16 20:00:00
6213,Autumn,16.73,55.28,6.48,36.52,73,0.1,10.85,2023-09-16 21:00:00
6214,Autumn,18.19,63.51,15.04,224.37,168,0.21,15.66,2023-09-16 22:00:00
6215,Autumn,17.11,46.1,15.42,129.2,67,0.17,13.53,2023-09-16 23:00:00
6216,Autumn,12.69,47.96,15.44,861.33,56,0.19,6.59,2023-09-17 00:00:00
6217,Autumn,12.09,32.34,4.08,442.06,59,0.16,6.89,2023-09-17 01:00:00
6218,Autumn,17.85,45.41,8.09,672.75,168,0.19,16.23,2023-09-17 02:00:00
6219,Autumn,17.13,58.75,8.24,179.6,170,0.27,15.91,2023-09-17 03:00:00
6220,Autumn,16.8,33.81,12.84,212.83,149,0.26,12.84,2023-09-17 04:00:00
6221,Autumn,10.68,42.3,16.05,199.72,148,0.3,13.77,2023-09-17 05:00:00
6222,Autumn,10.9,59.31,18.5,259.79,89,0.1,9.47,2023-09-17 06:00:00
6223,Autumn,15.97,46.94,14.09,249.84,95,0.11,13.93,2023-09-17 07:00:00
6224,Autumn,18.42,49.78,5.78,552.87,7,0.12,8.52,2023-09-17 08:00:00
6225,Autumn,11.11,75.12,5.46,287.59,5,0.23,15.27,2023-09-17 09:00:00
6226,Autumn,15.65,35.42,5.4,941.95,11,0.06,12.47,2023-09-17 10:00:00
6227,Autumn,19.35,38.44,19.35,736.12,30,0.14,10.47,2023-09-17 11:00:00
6228,Autumn,14.53,54.51,6.46,652.99,5,0.15,6.88,2023-09-17 12:00:00
6229,Autumn,17.11,61.94,6.98,966.35,9,0.14,5.35,2023-09-17 13:00:00
6230,Autumn,13.26,50.49,6.3,357.03,15,0.14,14.26,2023-09-17 14:00:00
6231,Autumn,17.65,69.58,11.74,877.86,27,0.12,12.15,2023-09-17 15:00:00
6232,Autumn,15.99,37.36,11.75,846.4,6,0.1,13.49,2023-09-17 16:00:00
6233,Autumn,19.07,51.47,10.65,463.26,6,0.05,7.87,2023-09-17 17:00:00
6234,Autumn,18.6,66.96,7.52,974.84,27,0.13,8.14,2023-09-17 18:00:00
6235,Autumn,18.3,51.02,7.16,374.69,11,0.07,5.98,2023-09-17 19:00:00
6236,Autumn,16.91,39.33,2.43,78.49,29,0.14,14.34,2023-09-17 20:00:00
6237,Autumn,10.39,34.95,15.7,474.58,79,0.21,13.47,2023-09-17 21:00:00
6238,Autumn,13.41,52.99,17.12,365.73,141,0.26,15.46,2023-09-17 22:00:00
6239,Autumn,19.81,30.99,10.71,449.28,72,0.12,14.19,2023-09-17 23:00:00
6240,Autumn,14.07,55.26,12.26,314.51,168,0.19,13.17,2023-09-18 00:00:00
6241,Autumn,15.52,43.79,17.27,339.71,172,0.15,10.49,2023-09-18 01:00:00
6242,Autumn,18.66,68.15,4.24,872.88,138,0.13,7.66,2023-09-18 02:00:00
6243,Autumn,15.05,40.3,15.63,519.74,128,0.16,13.08,2023-09-18 03:00:00
6244,Autumn,13.02,73.82,14.45,616.83,181,0.12,15.71,2023-09-18 04:00:00
6245,Autumn,18.06,32.71,2.38,43.83,144,0.19,17.16,2023-09-18 05:00:00
6246,Autumn,12.13,35.83,19.7,424.95,56,0.25,13.61,2023-09-18 06:00:00
6247,Autumn,15.92,42.99,15.75,789.06,196,0.27,17.19,2023-09-18 07:00:00
6248,Autumn,19.59,51.52,12.57,954.85,17,0.15,13.32,2023-09-18 08:00:00
6249,Autumn,13.83,35.53,11.73,370.48,7,0.27,5.83,2023-09-18 09:00:00
6250,Autumn,15.03,72.6,19.5,174.39,5,0.08,9.56,2023-09-18 10:00:00
6251,Autumn,10.97,39.1,7.12,406.32,19,0.12,7.1,2023-09-18 11:00:00
6252,Autumn,19.62,52.75,2.11,465.9,12,0.14,12.84,2023-09-18 12:00:00
6253,Autumn,13.94,79.79,15.29,932.8,26,0.12,13.52,2023-09-18 13:00:00
6254,Autumn,13.35,48.01,16.31,758.17,47,0.06,12.04,2023-09-18 14:00:00
6255,Autumn,12.54,68.0,5.88,690.44,20,0.14,11.19,2023-09-18 15:00:00
6256,Autumn,17.53,31.93,4.86,575.48,23,0.06,14.52,2023-09-18 16:00:00
6257,Autumn,11.01,68.58,2.18,753.46,21,0.15,7.76,2023-09-18 17:00:00
6258,Autumn,16.17,60.27,8.81,71.7,36,0.06,8.69,2023-09-18 18:00:00
6259,Autumn,15.31,69.68,0.47,132.61,11,0.07,11.79,2023-09-18 19:00:00
6260,Autumn,12.56,40.17,2.5,215.44,25,0.1,6.71,2023-09-18 20:00:00
6261,Autumn,16.6,31.96,6.28,935.92,41,0.27,11.17,2023-09-18 21:00:00
6262,Autumn,12.69,37.23,9.13,957.53,15,0.14,9.85,2023-09-18 22:00:00
6263,Autumn,12.91,67.37,12.68,936.32,14,0.2,11.13,2023-09-18 23:00:00
6264,Autumn,12.53,32.5,15.34,315.97,36,0.13,13.91,2023-09-19 00:00:00
6265,Autumn,14.09,70.25,0.05,965.95,31,0.21,5.05,2023-09-19 01:00:00
6266,Autumn,18.48,61.71,2.54,353.58,41,0.16,12.11,2023-09-19 02:00:00
6267,Autumn,13.9,57.91,19.05,552.79,29,0.12,7.48,2023-09-19 03:00:00
6268,Autumn,19.89,75.04,16.44,289.1,30,0.25,12.34,2023-09-19 04:00:00
6269,Autumn,16.78,79.39,3.0,936.67,44,0.16,15.47,2023-09-19 05:00:00
6270,Autumn,10.42,56.18,17.18,129.29,36,0.18,10.42,2023-09-19 06:00:00
6271,Autumn,16.53,53.36,11.66,144.7,38,0.12,9.41,2023-09-19 07:00:00
6272,Autumn,17.22,64.37,18.38,898.54,31,0.12,10.86,2023-09-19 08:00:00
6273,Autumn,13.32,53.22,17.7,817.89,17,0.29,4.84,2023-09-19 09:00:00
6274,Autumn,13.72,73.09,7.9,493.02,14,0.05,13.01,2023-09-19 10:00:00
6275,Autumn,15.43,30.35,3.38,773.15,21,0.12,14.64,2023-09-19 11:00:00
6276,Autumn,11.71,41.12,14.23,299.75,25,0.08,11.11,2023-09-19 12:00:00
6277,Autumn,17.1,76.13,5.78,366.13,14,0.07,7.58,2023-09-19 13:00:00
6278,Autumn,12.19,42.82,11.12,167.12,33,0.1,12.89,2023-09-19 14:00:00
6279,Autumn,19.75,68.87,17.39,348.75,5,0.12,13.86,2023-09-19 15:00:00
6280,Autumn,18.76,72.07,0.2,706.15,27,0.06,4.92,2023-09-19 16:00:00
6281,Autumn,17.79,78.86,17.7,746.97,39,0.07,15.07,2023-09-19 17:00:00
6282,Autumn,17.73,50.71,14.12,394.15,35,0.06,6.18,2023-09-19 18:00:00
6283,Autumn,12.26,79.99,9.45,80.82,27,0.09,16.16,2023-09-19 19:00:00
6284,Autumn,18.03,68.3,11.59,739.21,31,0.11,12.96,2023-09-19 20:00:00
6285,Autumn,13.99,73.65,9.94,116.28,45,0.11,13.13,2023-09-19 21:00:00
6286,Autumn,10.02,73.82,4.4,77.48,16,0.13,8.95,2023-09-19 22:00:00
6287,Autumn,13.63,31.04,3.44,452.8,33,0.16,6.87,2023-09-19 23:00:00
6288,Autumn,10.0,50.38,2.57,371.93,38,0.25,13.09,2023-09-20 00:00:00
6289,Autumn,13.07,52.11,15.86,662.1,27,0.21,9.15,2023-09-20 01:00:00
6290,Autumn,17.87,32.77,12.17,579.84,48,0.24,15.43,2023-09-20 02:00:00
6291,Autumn,18.2,44.52,12.39,901.07,19,0.11,5.56,2023-09-20 03:00:00
6292,Autumn,15.76,30.06,19.63,829.28,15,0.22,11.57,2023-09-20 04:00:00
6293,Autumn,20.0,66.64,17.97,185.13,28,0.16,9.75,2023-09-20 05:00:00
6294,Autumn,12.41,52.73,1.94,136.14,44,0.2,13.05,2023-09-20 06:00:00
6295,Autumn,11.87,35.7,17.8,306.17,44,0.18,16.39,2023-09-20 07:00:00
6296,Autumn,12.31,34.84,13.24,361.22,14,0.11,7.9,2023-09-20 08:00:00
6297,Autumn,13.27,31.96,19.98,370.25,36,0.11,8.91,2023-09-20 09:00:00
6298,Autumn,11.9,68.87,10.26,770.2,25,0.13,11.75,2023-09-20 10:00:00
6299,Autumn,19.67,77.73,10.69,463.11,46,0.09,10.09,2023-09-20 11:00:00
6300,Autumn,15.73,30.15,10.57,928.42,12,0.11,9.09,2023-09-20 12:00:00
6301,Autumn,10.12,32.97,9.5,527.21,20,0.08,10.0,2023-09-20 13:00:00
6302,Autumn,18.45,52.63,9.15,247.15,26,0.14,6.93,2023-09-20 14:00:00
6303,Autumn,12.07,60.64,5.97,95.0,16,0.06,16.39,2023-09-20 15:00:00
6304,Autumn,18.82,38.51,14.49,514.43,20,0.06,12.55,2023-09-20 16:00:00
6305,Autumn,10.02,59.29,11.89,408.92,20,0.12,13.19,2023-09-20 17:00:00
6306,Autumn,16.71,63.19,6.42,229.4,22,0.15,12.84,2023-09-20 18:00:00
6307,Autumn,19.52,56.19,7.34,361.49,26,0.15,7.19,2023-09-20 19:00:00
6308,Autumn,17.72,37.95,8.19,705.07,28,0.14,10.71,2023-09-20 20:00:00
6309,Autumn,11.66,47.36,17.6,702.35,152,0.28,10.13,2023-09-20 21:00:00
6310,Autumn,17.73,78.62,3.88,491.6,175,0.22,8.46,2023-09-20 22:00:00
6311,Autumn,19.44,75.6,0.11,209.25,160,0.11,12.01,2023-09-20 23:00:00
6312,Autumn,19.57,62.81,11.83,372.2,65,0.28,9.78,2023-09-21 00:00:00
6313,Autumn,12.51,79.8,5.56,60.27,160,0.12,11.23,2023-09-21 01:00:00
6314,Autumn,18.75,44.98,14.04,497.14,140,0.18,15.12,2023-09-21 02:00:00
6315,Autumn,11.74,40.03,18.21,312.48,80,0.16,10.67,2023-09-21 03:00:00
6316,Autumn,14.43,55.28,17.85,182.47,70,0.14,12.48,2023-09-21 04:00:00
6317,Autumn,13.03,47.79,11.24,397.96,171,0.14,14.02,2023-09-21 05:00:00
6318,Autumn,16.17,76.52,3.28,705.78,90,0.12,13.58,2023-09-21 06:00:00
6319,Autumn,15.19,52.11,7.77,362.16,168,0.19,11.06,2023-09-21 07:00:00
6320,Autumn,17.76,45.39,3.44,151.27,25,0.21,5.98,2023-09-21 08:00:00
6321,Autumn,16.18,52.84,7.47,88.45,27,0.14,6.26,2023-09-21 09:00:00
6322,Autumn,14.05,79.16,18.51,864.95,7,0.08,11.75,2023-09-21 10:00:00
6323,Autumn,15.51,79.68,10.85,610.95,29,0.15,8.92,2023-09-21 11:00:00
6324,Autumn,19.57,50.07,9.16,179.08,15,0.14,7.97,2023-09-21 12:00:00
6325,Autumn,16.35,56.95,9.81,931.03,5,0.11,5.06,2023-09-21 13:00:00
6326,Autumn,13.81,74.35,10.25,749.14,14,0.12,11.13,2023-09-21 14:00:00
6327,Autumn,12.27,63.52,17.8,751.25,7,0.14,14.25,2023-09-21 15:00:00
6328,Autumn,18.62,46.63,5.59,313.35,21,0.08,6.69,2023-09-21 16:00:00
6329,Autumn,20.0,58.09,15.02,542.96,6,0.09,7.78,2023-09-21 17:00:00
6330,Autumn,18.08,70.73,3.29,167.55,23,0.11,8.61,2023-09-21 18:00:00
6331,Autumn,17.65,61.6,7.83,569.51,8,0.11,7.28,2023-09-21 19:00:00
6332,Autumn,11.92,66.21,19.02,355.47,24,0.08,6.79,2023-09-21 20:00:00
6333,Autumn,19.06,54.15,11.67,47.71,65,0.17,12.39,2023-09-21 21:00:00
6334,Autumn,17.66,69.44,11.97,396.42,153,0.23,10.6,2023-09-21 22:00:00
6335,Autumn,17.42,66.28,7.73,207.22,99,0.25,16.75,2023-09-21 23:00:00
6336,Autumn,19.76,56.67,5.52,442.93,154,0.18,13.27,2023-09-22 00:00:00
6337,Autumn,15.87,47.96,14.83,946.64,102,0.2,9.96,2023-09-22 01:00:00
6338,Autumn,14.6,53.47,1.61,29.88,169,0.26,10.07,2023-09-22 02:00:00
6339,Autumn,14.37,69.19,8.72,114.06,191,0.24,18.35,2023-09-22 03:00:00
6340,Autumn,16.07,40.28,3.31,260.25,172,0.28,14.97,2023-09-22 04:00:00
6341,Autumn,19.54,50.65,19.56,60.2,86,0.12,14.34,2023-09-22 05:00:00
6342,Autumn,16.61,52.76,14.36,867.91,92,0.2,12.16,2023-09-22 06:00:00
6343,Autumn,10.52,74.4,2.82,92.45,155,0.21,18.79,2023-09-22 07:00:00
6344,Autumn,15.41,73.47,16.78,982.09,12,0.22,3.99,2023-09-22 08:00:00
6345,Autumn,15.14,35.39,5.0,294.99,8,0.23,13.04,2023-09-22 09:00:00
6346,Autumn,14.26,36.45,6.64,1.71,5,0.08,6.43,2023-09-22 10:00:00
6347,Autumn,15.89,38.47,3.65,969.35,26,0.07,11.78,2023-09-22 11:00:00
6348,Autumn,13.11,78.33,8.28,87.42,19,0.14,16.02,2023-09-22 12:00:00
6349,Autumn,14.1,44.0,1.81,35.97,18,0.14,13.29,2023-09-22 13:00:00
6350,Autumn,14.37,60.11,17.04,862.36,8,0.06,6.87,2023-09-22 14:00:00
6351,Autumn,18.99,69.93,6.03,655.21,7,0.09,10.42,2023-09-22 15:00:00
6352,Autumn,18.76,68.86,4.88,333.0,6,0.14,6.35,2023-09-22 16:00:00
6353,Autumn,10.75,66.89,1.66,842.48,30,0.1,13.87,2023-09-22 17:00:00
6354,Autumn,18.8,65.09,13.47,246.25,18,0.09,16.28,2023-09-22 18:00:00
6355,Autumn,14.03,41.0,18.21,540.63,10,0.09,11.81,2023-09-22 19:00:00
6356,Autumn,14.45,75.45,4.86,241.42,19,0.06,7.3,2023-09-22 20:00:00
6357,Autumn,18.77,77.32,5.39,714.39,118,0.16,9.21,2023-09-22 21:00:00
6358,Autumn,13.4,43.09,2.31,416.29,157,0.28,17.81,2023-09-22 22:00:00
6359,Autumn,12.85,70.39,7.21,404.22,124,0.13,11.62,2023-09-22 23:00:00
6360,Autumn,16.32,65.99,3.03,869.91,54,0.12,8.54,2023-09-23 00:00:00
6361,Autumn,15.32,33.1,8.37,286.72,144,0.26,14.71,2023-09-23 01:00:00
6362,Autumn,14.66,44.29,0.41,821.77,126,0.24,14.82,2023-09-23 02:00:00
6363,Autumn,17.55,59.91,14.35,112.92,188,0.15,11.16,2023-09-23 03:00:00
6364,Autumn,18.36,31.65,14.2,351.3,153,0.27,11.32,2023-09-23 04:00:00
6365,Autumn,14.0,58.91,14.23,98.99,146,0.28,13.77,2023-09-23 05:00:00
6366,Autumn,13.62,32.43,12.89,815.72,196,0.14,16.87,2023-09-23 06:00:00
6367,Autumn,19.42,70.19,0.86,363.04,146,0.3,10.32,2023-09-23 07:00:00
6368,Autumn,11.67,53.74,13.06,530.9,12,0.14,14.99,2023-09-23 08:00:00
6369,Autumn,15.89,46.06,1.6,613.61,24,0.27,10.94,2023-09-23 09:00:00
6370,Autumn,14.88,37.87,10.21,384.22,10,0.1,6.24,2023-09-23 10:00:00
6371,Autumn,13.86,69.84,17.08,392.18,29,0.13,13.85,2023-09-23 11:00:00
6372,Autumn,11.72,49.7,4.0,707.0,30,0.06,10.34,2023-09-23 12:00:00
6373,Autumn,13.64,51.11,1.86,172.64,22,0.14,9.22,2023-09-23 13:00:00
6374,Autumn,15.04,73.79,13.18,622.05,8,0.07,7.62,2023-09-23 14:00:00
6375,Autumn,16.14,70.19,6.07,338.18,9,0.09,7.45,2023-09-23 15:00:00
6376,Autumn,16.89,68.41,13.19,825.94,23,0.12,4.54,2023-09-23 16:00:00
6377,Autumn,16.12,48.24,18.57,532.8,19,0.08,5.98,2023-09-23 17:00:00
6378,Autumn,15.84,47.6,19.0,264.11,19,0.06,10.69,2023-09-23 18:00:00
6379,Autumn,17.36,48.01,13.67,52.17,12,0.12,15.14,2023-09-23 19:00:00
6380,Autumn,10.47,34.08,12.04,576.93,27,0.09,9.28,2023-09-23 20:00:00
6381,Autumn,15.81,54.27,0.78,765.15,64,0.13,11.95,2023-09-23 21:00:00
6382,Autumn,19.42,53.79,13.26,93.14,73,0.26,11.01,2023-09-23 22:00:00
6383,Autumn,11.71,67.73,16.58,148.0,111,0.12,17.24,2023-09-23 23:00:00
6384,Autumn,13.69,33.89,6.65,14.63,184,0.11,16.06,2023-09-24 00:00:00
6385,Autumn,18.29,77.4,0.56,793.91,75,0.28,10.08,2023-09-24 01:00:00
6386,Autumn,18.01,65.26,6.55,8.23,200,0.28,10.02,2023-09-24 02:00:00
6387,Autumn,13.63,62.63,6.52,360.64,108,0.17,17.65,2023-09-24 03:00:00
6388,Autumn,11.21,73.06,14.1,385.13,111,0.14,11.47,2023-09-24 04:00:00
6389,Autumn,19.88,39.33,13.48,921.08,131,0.23,7.0,2023-09-24 05:00:00
6390,Autumn,18.48,67.9,12.19,266.16,144,0.28,18.33,2023-09-24 06:00:00
6391,Autumn,14.43,34.36,12.66,539.57,200,0.11,10.22,2023-09-24 07:00:00
6392,Autumn,14.86,41.27,8.14,854.13,6,0.27,7.31,2023-09-24 08:00:00
6393,Autumn,16.69,71.42,19.35,791.87,23,0.12,6.5,2023-09-24 09:00:00
6394,Autumn,18.29,59.08,7.51,714.27,9,0.13,13.45,2023-09-24 10:00:00
6395,Autumn,15.04,34.65,4.13,669.86,6,0.06,8.2,2023-09-24 11:00:00
6396,Autumn,14.01,30.23,17.02,534.09,28,0.1,11.44,2023-09-24 12:00:00
6397,Autumn,13.49,64.85,15.09,906.31,7,0.14,8.01,2023-09-24 13:00:00
6398,Autumn,10.58,40.39,19.96,260.75,20,0.1,8.38,2023-09-24 14:00:00
6399,Autumn,18.14,56.1,8.97,546.93,7,0.09,6.99,2023-09-24 15:00:00
6400,Autumn,19.7,38.4,17.63,790.53,6,0.11,5.67,2023-09-24 16:00:00
6401,Autumn,15.57,70.02,12.42,303.83,23,0.08,15.39,2023-09-24 17:00:00
6402,Autumn,14.74,38.24,0.31,155.77,20,0.06,7.65,2023-09-24 18:00:00
6403,Autumn,16.04,36.2,3.74,158.78,29,0.09,6.18,2023-09-24 19:00:00
6404,Autumn,14.18,72.44,9.95,99.5,9,0.1,6.38,2023-09-24 20:00:00
6405,Autumn,17.73,76.91,18.56,351.37,119,0.3,15.1,2023-09-24 21:00:00
6406,Autumn,11.62,71.45,12.93,49.0,163,0.27,18.08,2023-09-24 22:00:00
6407,Autumn,14.49,77.14,10.95,172.31,193,0.15,16.96,2023-09-24 23:00:00
6408,Autumn,11.2,72.38,11.53,818.1,183,0.2,16.67,2023-09-25 00:00:00
6409,Autumn,10.24,66.64,5.21,521.72,129,0.16,8.86,2023-09-25 01:00:00
6410,Autumn,11.17,30.71,5.31,569.14,195,0.23,15.45,2023-09-25 02:00:00
6411,Autumn,16.94,79.29,9.46,70.84,149,0.21,12.68,2023-09-25 03:00:00
6412,Autumn,12.75,78.82,0.56,757.05,81,0.25,15.7,2023-09-25 04:00:00
6413,Autumn,18.57,56.76,16.49,787.04,161,0.12,18.16,2023-09-25 05:00:00
6414,Autumn,16.66,61.0,19.7,889.37,127,0.22,13.41,2023-09-25 06:00:00
6415,Autumn,18.17,51.75,0.03,424.45,88,0.15,10.74,2023-09-25 07:00:00
6416,Autumn,15.58,51.73,3.61,294.73,11,0.21,6.56,2023-09-25 08:00:00
6417,Autumn,10.8,50.96,14.51,113.17,21,0.17,16.67,2023-09-25 09:00:00
6418,Autumn,10.9,44.23,10.04,139.51,27,0.05,16.79,2023-09-25 10:00:00
6419,Autumn,18.63,69.07,9.36,678.03,27,0.11,8.86,2023-09-25 11:00:00
6420,Autumn,11.9,68.11,8.75,469.86,28,0.06,14.42,2023-09-25 12:00:00
6421,Autumn,19.94,34.54,19.11,481.98,16,0.06,10.37,2023-09-25 13:00:00
6422,Autumn,12.03,41.63,0.41,531.46,15,0.11,13.3,2023-09-25 14:00:00
6423,Autumn,15.95,59.17,14.53,671.11,27,0.09,11.13,2023-09-25 15:00:00
6424,Autumn,13.56,30.5,0.37,420.96,24,0.12,10.49,2023-09-25 16:00:00
6425,Autumn,18.78,32.68,10.29,805.73,45,0.07,14.16,2023-09-25 17:00:00
6426,Autumn,15.99,79.09,0.61,527.39,22,0.06,11.78,2023-09-25 18:00:00
6427,Autumn,16.01,32.26,2.05,755.09,50,0.14,13.41,2023-09-25 19:00:00
6428,Autumn,14.35,60.77,19.28,271.27,8,0.05,10.75,2023-09-25 20:00:00
6429,Autumn,19.03,78.21,5.14,966.01,5,0.26,5.63,2023-09-25 21:00:00
6430,Autumn,15.68,78.35,0.54,464.48,27,0.21,5.57,2023-09-25 22:00:00
6431,Autumn,16.19,55.18,6.72,327.82,18,0.25,10.66,2023-09-25 23:00:00
6432,Autumn,15.77,58.29,18.99,954.1,10,0.26,11.24,2023-09-26 00:00:00
6433,Autumn,10.29,33.51,12.05,255.04,49,0.18,9.61,2023-09-26 01:00:00
6434,Autumn,19.75,76.96,3.02,717.28,41,0.2,7.92,2023-09-26 02:00:00
6435,Autumn,17.5,41.65,11.11,829.3,27,0.21,8.69,2023-09-26 03:00:00
6436,Autumn,17.73,60.05,19.15,153.24,27,0.17,8.79,2023-09-26 04:00:00
6437,Autumn,11.01,61.42,8.28,64.98,38,0.3,6.51,2023-09-26 05:00:00
6438,Autumn,14.5,62.37,17.8,947.16,47,0.15,12.1,2023-09-26 06:00:00
6439,Autumn,18.94,34.45,14.1,653.12,30,0.22,8.05,2023-09-26 07:00:00
6440,Autumn,12.82,57.43,17.53,668.15,24,0.13,13.01,2023-09-26 08:00:00
6441,Autumn,13.09,51.21,16.16,196.89,16,0.13,13.54,2023-09-26 09:00:00
6442,Autumn,10.67,73.82,6.27,725.94,39,0.12,5.48,2023-09-26 10:00:00
6443,Autumn,18.8,74.83,12.07,514.28,30,0.06,11.37,2023-09-26 11:00:00
6444,Autumn,17.32,60.25,17.55,402.75,11,0.1,11.22,2023-09-26 12:00:00
6445,Autumn,14.95,74.54,2.39,617.49,18,0.13,15.55,2023-09-26 13:00:00
6446,Autumn,18.15,69.28,0.1,809.34,6,0.1,4.42,2023-09-26 14:00:00
6447,Autumn,17.39,35.45,13.4,695.33,17,0.1,6.73,2023-09-26 15:00:00
6448,Autumn,16.11,40.94,13.97,831.53,12,0.1,10.07,2023-09-26 16:00:00
6449,Autumn,19.87,47.41,17.15,667.79,21,0.08,8.35,2023-09-26 17:00:00
6450,Autumn,18.3,45.38,3.35,179.92,36,0.06,9.74,2023-09-26 18:00:00
6451,Autumn,15.55,64.16,0.46,632.98,30,0.06,6.77,2023-09-26 19:00:00
6452,Autumn,15.02,49.63,7.04,138.04,32,0.05,12.39,2023-09-26 20:00:00
6453,Autumn,11.98,37.56,3.3,741.17,19,0.12,12.48,2023-09-26 21:00:00
6454,Autumn,10.36,77.28,10.97,958.95,44,0.25,7.18,2023-09-26 22:00:00
6455,Autumn,16.06,64.16,15.15,630.42,17,0.26,12.12,2023-09-26 23:00:00
6456,Autumn,17.4,36.9,9.61,700.08,49,0.24,14.78,2023-09-27 00:00:00
6457,Autumn,13.31,61.46,15.64,984.17,25,0.22,6.31,2023-09-27 01:00:00
6458,Autumn,11.24,43.18,19.68,271.46,21,0.18,12.07,2023-09-27 02:00:00
6459,Autumn,16.6,57.4,16.26,422.49,45,0.22,9.97,2023-09-27 03:00:00
6460,Autumn,16.09,51.67,6.96,976.64,28,0.21,8.84,2023-09-27 04:00:00
6461,Autumn,10.56,32.39,9.0,785.24,37,0.12,13.87,2023-09-27 05:00:00
6462,Autumn,14.66,66.25,6.01,343.19,38,0.1,14.27,2023-09-27 06:00:00
6463,Autumn,10.03,78.34,18.33,198.63,14,0.18,9.06,2023-09-27 07:00:00
6464,Autumn,13.64,75.16,8.39,60.19,27,0.15,11.83,2023-09-27 08:00:00
6465,Autumn,10.09,45.64,8.36,190.22,25,0.24,14.92,2023-09-27 09:00:00
6466,Autumn,13.96,41.6,18.35,906.65,41,0.12,13.86,2023-09-27 10:00:00
6467,Autumn,15.18,78.78,3.96,559.82,32,0.11,12.98,2023-09-27 11:00:00
6468,Autumn,13.72,70.26,1.62,501.22,5,0.15,13.47,2023-09-27 12:00:00
6469,Autumn,18.06,60.48,16.11,507.57,12,0.11,12.77,2023-09-27 13:00:00
6470,Autumn,12.89,63.87,12.86,881.47,26,0.08,8.49,2023-09-27 14:00:00
6471,Autumn,10.3,72.97,7.49,180.8,17,0.1,15.1,2023-09-27 15:00:00
6472,Autumn,19.4,73.54,9.09,581.4,10,0.13,12.31,2023-09-27 16:00:00
6473,Autumn,12.59,51.55,16.88,392.87,12,0.13,7.04,2023-09-27 17:00:00
6474,Autumn,14.23,76.9,17.61,754.19,29,0.14,11.54,2023-09-27 18:00:00
6475,Autumn,19.68,60.75,19.67,528.06,9,0.12,11.04,2023-09-27 19:00:00
6476,Autumn,16.04,47.75,1.5,383.21,20,0.09,14.47,2023-09-27 20:00:00
6477,Autumn,11.85,64.44,6.85,727.39,158,0.24,10.36,2023-09-27 21:00:00
6478,Autumn,19.67,38.3,17.93,850.89,81,0.2,12.07,2023-09-27 22:00:00
6479,Autumn,11.66,59.51,7.87,885.13,109,0.26,7.61,2023-09-27 23:00:00
6480,Autumn,11.34,50.48,5.34,477.97,172,0.23,12.65,2023-09-28 00:00:00
6481,Autumn,13.42,66.13,10.39,744.66,151,0.28,14.0,2023-09-28 01:00:00
6482,Autumn,16.05,54.96,18.81,166.98,149,0.23,12.78,2023-09-28 02:00:00
6483,Autumn,19.93,32.09,8.05,916.31,128,0.16,7.84,2023-09-28 03:00:00
6484,Autumn,17.56,46.84,18.61,220.43,114,0.1,8.22,2023-09-28 04:00:00
6485,Autumn,16.75,71.92,4.27,173.24,96,0.11,11.72,2023-09-28 05:00:00
6486,Autumn,19.41,65.33,17.12,959.76,132,0.16,8.3,2023-09-28 06:00:00
6487,Autumn,11.66,63.6,12.75,748.23,77,0.19,9.91,2023-09-28 07:00:00
6488,Autumn,18.22,55.38,18.83,639.65,12,0.16,13.48,2023-09-28 08:00:00
6489,Autumn,13.7,48.86,0.62,459.71,5,0.12,7.04,2023-09-28 09:00:00
6490,Autumn,15.78,65.02,16.69,526.29,29,0.13,6.58,2023-09-28 10:00:00
6491,Autumn,12.76,66.19,16.87,300.96,14,0.15,9.9,2023-09-28 11:00:00
6492,Autumn,14.24,57.72,10.62,860.86,11,0.09,12.89,2023-09-28 12:00:00
6493,Autumn,17.61,65.49,8.23,48.44,9,0.06,8.1,2023-09-28 13:00:00
6494,Autumn,10.13,31.11,13.95,672.08,25,0.09,5.62,2023-09-28 14:00:00
6495,Autumn,10.42,78.87,14.85,4.52,8,0.15,10.18,2023-09-28 15:00:00
6496,Autumn,13.26,77.86,3.58,946.42,24,0.05,10.98,2023-09-28 16:00:00
6497,Autumn,14.35,55.71,4.88,607.54,24,0.07,7.0,2023-09-28 17:00:00
6498,Autumn,12.4,51.05,12.65,256.71,7,0.15,8.19,2023-09-28 18:00:00
6499,Autumn,18.28,48.79,9.49,765.26,8,0.12,13.09,2023-09-28 19:00:00
6500,Autumn,12.32,35.24,12.57,289.38,8,0.1,15.49,2023-09-28 20:00:00
6501,Autumn,15.44,47.7,17.77,968.75,159,0.14,13.8,2023-09-28 21:00:00
6502,Autumn,11.88,69.44,17.9,731.51,153,0.15,15.79,2023-09-28 22:00:00
6503,Autumn,16.36,63.89,9.48,58.66,84,0.11,15.19,2023-09-28 23:00:00
6504,Autumn,17.86,78.9,5.99,557.67,174,0.2,16.69,2023-09-29 00:00:00
6505,Autumn,17.4,66.13,0.7,260.42,128,0.18,9.45,2023-09-29 01:00:00
6506,Autumn,18.13,73.64,18.38,14.14,184,0.25,10.55,2023-09-29 02:00:00
6507,Autumn,13.33,60.89,18.98,338.96,116,0.14,9.95,2023-09-29 03:00:00
6508,Autumn,10.81,58.45,15.94,87.64,146,0.12,14.95,2023-09-29 04:00:00
6509,Autumn,15.48,43.13,14.55,193.36,77,0.24,15.24,2023-09-29 05:00:00
6510,Autumn,19.27,49.47,8.0,126.54,118,0.2,17.96,2023-09-29 06:00:00
6511,Autumn,10.79,74.06,9.81,505.43,193,0.15,15.65,2023-09-29 07:00:00
6512,Autumn,18.88,54.97,12.66,908.82,11,0.19,11.26,2023-09-29 08:00:00
6513,Autumn,15.97,76.08,10.18,905.46,20,0.29,12.52,2023-09-29 09:00:00
6514,Autumn,11.61,39.44,12.71,341.61,11,0.13,5.33,2023-09-29 10:00:00
6515,Autumn,14.98,78.05,16.97,113.84,24,0.12,13.91,2023-09-29 11:00:00
6516,Autumn,19.54,64.97,16.16,762.76,9,0.1,8.18,2023-09-29 12:00:00
6517,Autumn,14.9,70.6,14.01,590.36,11,0.06,4.57,2023-09-29 13:00:00
6518,Autumn,17.98,72.14,15.46,313.86,11,0.06,13.37,2023-09-29 14:00:00
6519,Autumn,13.6,50.89,2.51,280.39,11,0.14,13.7,2023-09-29 15:00:00
6520,Autumn,16.25,31.81,2.11,895.38,24,0.09,8.02,2023-09-29 16:00:00
6521,Autumn,18.37,44.41,7.57,775.61,24,0.14,11.51,2023-09-29 17:00:00
6522,Autumn,12.44,61.15,18.75,491.76,17,0.14,8.35,2023-09-29 18:00:00
6523,Autumn,17.36,68.57,17.45,495.34,29,0.1,15.18,2023-09-29 19:00:00
6524,Autumn,19.16,56.3,2.34,793.87,10,0.08,10.12,2023-09-29 20:00:00
6525,Autumn,19.32,40.82,6.75,847.21,138,0.23,6.86,2023-09-29 21:00:00
6526,Autumn,17.44,71.21,8.51,689.58,178,0.28,11.69,2023-09-29 22:00:00
6527,Autumn,16.15,59.44,8.93,194.82,152,0.12,17.55,2023-09-29 23:00:00
6528,Autumn,10.29,77.84,18.46,101.22,174,0.21,15.88,2023-09-30 00:00:00
6529,Autumn,16.88,62.36,8.15,6.0,75,0.11,7.59,2023-09-30 01:00:00
6530,Autumn,17.18,73.76,12.51,376.58,119,0.18,13.54,2023-09-30 02:00:00
6531,Autumn,17.0,55.38,9.44,478.81,73,0.29,11.59,2023-09-30 03:00:00
6532,Autumn,13.37,37.9,18.01,631.99,164,0.17,12.85,2023-09-30 04:00:00
6533,Autumn,10.81,79.71,15.65,83.92,156,0.22,18.84,2023-09-30 05:00:00
6534,Autumn,17.16,79.47,16.78,482.01,97,0.29,7.71,2023-09-30 06:00:00
6535,Autumn,11.77,61.19,17.42,180.25,137,0.19,9.9,2023-09-30 07:00:00
6536,Autumn,19.23,30.61,18.28,88.69,28,0.21,7.63,2023-09-30 08:00:00
6537,Autumn,12.76,68.03,19.86,685.82,24,0.26,11.5,2023-09-30 09:00:00
6538,Autumn,10.25,48.54,1.37,853.16,19,0.06,5.24,2023-09-30 10:00:00
6539,Autumn,12.48,33.64,0.92,100.13,17,0.15,14.55,2023-09-30 11:00:00
6540,Autumn,19.28,41.75,0.06,272.59,28,0.15,14.2,2023-09-30 12:00:00
6541,Autumn,19.68,44.51,12.53,735.17,11,0.11,4.43,2023-09-30 13:00:00
6542,Autumn,16.86,31.02,0.4,985.27,6,0.05,8.58,2023-09-30 14:00:00
6543,Autumn,16.57,39.37,5.35,896.54,27,0.14,5.93,2023-09-30 15:00:00
6544,Autumn,12.57,68.8,18.92,29.79,7,0.11,10.85,2023-09-30 16:00:00
6545,Autumn,13.93,35.34,19.73,606.39,27,0.07,9.77,2023-09-30 17:00:00
6546,Autumn,14.35,45.34,3.69,102.58,18,0.08,11.5,2023-09-30 18:00:00
6547,Autumn,19.89,59.65,16.78,836.2,12,0.12,13.71,2023-09-30 19:00:00
6548,Autumn,13.4,43.99,5.97,230.2,5,0.13,10.08,2023-09-30 20:00:00
6549,Autumn,14.75,37.68,14.52,379.11,127,0.18,17.76,2023-09-30 21:00:00
6550,Autumn,13.77,67.63,17.55,570.32,191,0.12,10.75,2023-09-30 22:00:00
6551,Autumn,15.55,38.42,12.39,399.03,149,0.27,17.0,2023-09-30 23:00:00
6552,Autumn,19.97,77.75,1.45,885.81,65,0.25,13.43,2023-10-01 00:00:00
6553,Autumn,13.15,73.99,11.93,90.63,52,0.25,10.84,2023-10-01 01:00:00
6554,Autumn,16.07,61.86,10.26,321.94,192,0.16,10.78,2023-10-01 02:00:00
6555,Autumn,19.74,67.91,7.01,755.72,63,0.12,6.22,2023-10-01 03:00:00
6556,Autumn,12.35,53.61,1.31,587.34,144,0.18,17.78,2023-10-01 04:00:00
6557,Autumn,19.34,65.3,0.5,736.95,124,0.27,12.1,2023-10-01 05:00:00
6558,Autumn,18.05,78.89,12.5,925.15,115,0.15,15.3,2023-10-01 06:00:00
6559,Autumn,15.03,77.76,11.45,123.84,83,0.16,17.84,2023-10-01 07:00:00
6560,Autumn,11.6,40.94,3.09,807.19,9,0.28,13.3,2023-10-01 08:00:00
6561,Autumn,11.81,34.79,7.42,371.83,13,0.21,10.7,2023-10-01 09:00:00
6562,Autumn,13.63,79.45,16.02,600.36,28,0.13,13.21,2023-10-01 10:00:00
6563,Autumn,11.52,50.79,15.33,380.35,8,0.09,5.08,2023-10-01 11:00:00
6564,Autumn,18.92,44.37,19.19,422.86,27,0.07,13.96,2023-10-01 12:00:00
6565,Autumn,18.13,35.53,8.66,442.82,28,0.05,8.56,2023-10-01 13:00:00
6566,Autumn,12.08,30.12,6.1,562.17,27,0.12,7.18,2023-10-01 14:00:00
6567,Autumn,15.53,55.53,5.57,838.16,7,0.1,14.38,2023-10-01 15:00:00
6568,Autumn,11.43,72.87,13.52,712.11,18,0.11,5.88,2023-10-01 16:00:00
6569,Autumn,17.42,32.31,17.89,872.08,24,0.09,14.98,2023-10-01 17:00:00
6570,Autumn,19.23,73.75,10.45,465.53,27,0.1,7.32,2023-10-01 18:00:00
6571,Autumn,14.59,71.76,8.66,925.14,29,0.13,12.79,2023-10-01 19:00:00
6572,Autumn,11.29,38.81,16.15,24.82,17,0.05,11.66,2023-10-01 20:00:00
6573,Autumn,13.61,51.17,5.7,528.28,97,0.2,9.8,2023-10-01 21:00:00
6574,Autumn,12.0,79.94,15.98,536.6,122,0.25,14.21,2023-10-01 22:00:00
6575,Autumn,11.47,30.85,13.99,747.81,99,0.26,9.82,2023-10-01 23:00:00
6576,Autumn,16.97,48.32,16.52,783.54,90,0.13,6.8,2023-10-02 00:00:00
6577,Autumn,14.36,46.12,8.76,148.58,100,0.29,14.47,2023-10-02 01:00:00
6578,Autumn,19.34,36.08,0.23,42.12,141,0.11,15.34,2023-10-02 02:00:00
6579,Autumn,12.11,56.76,0.92,783.31,158,0.11,18.15,2023-10-02 03:00:00
6580,Autumn,15.86,51.49,3.97,521.26,195,0.14,18.72,2023-10-02 04:00:00
6581,Autumn,13.92,44.69,3.42,229.8,131,0.21,18.13,2023-10-02 05:00:00
6582,Autumn,12.57,65.05,16.77,971.54,177,0.16,14.39,2023-10-02 06:00:00
6583,Autumn,13.92,70.88,13.34,714.3,156,0.1,12.61,2023-10-02 07:00:00
6584,Autumn,16.6,38.31,7.59,824.65,16,0.2,14.25,2023-10-02 08:00:00
6585,Autumn,16.3,69.9,2.9,360.05,17,0.19,12.77,2023-10-02 09:00:00
6586,Autumn,12.35,67.4,7.23,751.62,30,0.07,6.78,2023-10-02 10:00:00
6587,Autumn,11.2,49.98,8.43,755.19,25,0.12,5.96,2023-10-02 11:00:00
6588,Autumn,17.57,67.06,17.63,415.37,22,0.06,6.23,2023-10-02 12:00:00
6589,Winter,5.51,62.39,16.69,582.26,35,0.06,16.39,2023-10-02 13:00:00
6590,Winter,4.52,74.6,19.82,731.97,25,0.14,17.51,2023-10-02 14:00:00
6591,Winter,5.01,59.93,1.9,38.15,25,0.12,21.3,2023-10-02 15:00:00
6592,Winter,5.1,51.82,8.07,98.3,16,0.13,14.31,2023-10-02 16:00:00
6593,Winter,5.89,70.6,3.39,366.17,36,0.14,16.14,2023-10-02 17:00:00
6594,Winter,2.21,62.6,12.67,753.28,21,0.1,16.04,2023-10-02 18:00:00
6595,Winter,7.84,58.06,6.8,422.55,11,0.05,17.17,2023-10-02 19:00:00
6596,Winter,-0.23,74.36,1.52,944.38,17,0.08,18.43,2023-10-02 20:00:00
6597,Winter,-1.75,51.39,15.03,674.8,21,0.25,17.8,2023-10-02 21:00:00
6598,Winter,8.02,30.1,5.71,72.56,36,0.27,17.75,2023-10-02 22:00:00
6599,Winter,-1.12,79.34,9.71,599.29,24,0.22,13.97,2023-10-02 23:00:00
6600,Winter,-2.56,55.05,12.85,789.37,15,0.26,17.82,2023-10-03 00:00:00
6601,Winter,-4.17,43.06,6.78,64.9,29,0.17,14.61,2023-10-03 01:00:00
6602,Winter,1.87,47.6,2.02,692.19,23,0.27,14.27,2023-10-03 02:00:00
6603,Winter,-3.52,72.11,1.24,712.22,24,0.15,16.28,2023-10-03 03:00:00
6604,Winter,-1.52,55.12,16.71,735.85,50,0.28,20.67,2023-10-03 04:00:00
6605,Winter,-4.33,39.96,9.31,519.52,40,0.28,12.77,2023-10-03 05:00:00
6606,Winter,3.78,31.15,2.64,280.8,9,0.13,11.21,2023-10-03 06:00:00
6607,Winter,0.25,64.27,19.5,63.41,24,0.12,23.15,2023-10-03 07:00:00
6608,Winter,-3.72,53.63,2.26,495.45,15,0.18,12.72,2023-10-03 08:00:00
6609,Winter,3.09,65.12,17.01,807.51,13,0.13,12.53,2023-10-03 09:00:00
6610,Winter,-4.18,56.09,10.76,537.89,5,0.1,15.74,2023-10-03 10:00:00
6611,Winter,-0.82,49.8,3.47,273.77,18,0.06,22.56,2023-10-03 11:00:00
6612,Winter,3.49,50.75,2.94,753.82,48,0.07,11.09,2023-10-03 12:00:00
6613,Winter,-4.44,44.69,17.64,851.27,36,0.12,17.47,2023-10-03 13:00:00
6614,Winter,-2.0,66.46,0.49,63.44,43,0.07,15.67,2023-10-03 14:00:00
6615,Winter,3.38,40.11,10.69,602.38,11,0.14,12.85,2023-10-03 15:00:00
6616,Winter,7.3,44.2,10.8,145.56,7,0.07,9.38,2023-10-03 16:00:00
6617,Winter,4.06,77.35,7.83,201.34,26,0.06,17.8,2023-10-03 17:00:00
6618,Winter,0.49,77.76,14.7,166.9,41,0.06,17.6,2023-10-03 18:00:00
6619,Winter,2.05,78.01,3.73,183.96,6,0.14,10.43,2023-10-03 19:00:00
6620,Winter,5.64,42.86,16.49,578.27,19,0.12,15.03,2023-10-03 20:00:00
6621,Winter,2.49,33.12,8.61,398.3,8,0.23,17.83,2023-10-03 21:00:00
6622,Winter,2.91,37.83,15.13,588.8,22,0.19,11.04,2023-10-03 22:00:00
6623,Winter,6.21,38.6,4.15,37.82,38,0.16,20.48,2023-10-03 23:00:00
6624,Winter,-0.8,70.49,17.14,700.51,41,0.13,17.07,2023-10-04 00:00:00
6625,Winter,2.39,70.51,11.97,253.39,28,0.17,10.6,2023-10-04 01:00:00
6626,Winter,8.79,30.8,7.72,521.26,9,0.14,11.92,2023-10-04 02:00:00
6627,Winter,5.73,49.74,7.51,588.89,12,0.1,11.57,2023-10-04 03:00:00
6628,Winter,-4.36,58.17,12.69,878.67,7,0.12,20.6,2023-10-04 04:00:00
6629,Winter,2.0,65.1,8.33,603.1,19,0.22,17.4,2023-10-04 05:00:00
6630,Winter,2.29,77.71,16.16,24.81,14,0.3,19.72,2023-10-04 06:00:00
6631,Winter,8.9,56.69,6.68,302.42,28,0.17,9.23,2023-10-04 07:00:00
6632,Winter,0.86,59.12,12.62,771.27,17,0.12,18.75,2023-10-04 08:00:00
6633,Winter,-2.53,38.36,0.52,863.62,16,0.23,20.55,2023-10-04 09:00:00
6634,Winter,6.25,43.44,18.16,398.8,36,0.1,20.39,2023-10-04 10:00:00
6635,Winter,2.59,75.97,9.62,722.93,22,0.14,19.49,2023-10-04 11:00:00
6636,Winter,-0.11,70.98,0.42,131.24,29,0.1,12.75,2023-10-04 12:00:00
6637,Winter,6.64,50.29,11.09,540.63,23,0.08,11.43,2023-10-04 13:00:00
6638,Winter,-0.04,62.02,7.66,598.43,21,0.06,12.98,2023-10-04 14:00:00
6639,Winter,2.03,51.23,1.13,635.9,20,0.08,16.93,2023-10-04 15:00:00
6640,Winter,0.93,73.38,3.49,502.1,17,0.1,13.66,2023-10-04 16:00:00
6641,Winter,-4.4,59.96,19.16,617.79,16,0.12,10.96,2023-10-04 17:00:00
6642,Winter,8.64,33.17,11.27,681.21,8,0.11,13.59,2023-10-04 18:00:00
6643,Winter,4.68,62.97,0.31,701.23,25,0.13,10.1,2023-10-04 19:00:00
6644,Winter,-0.35,69.19,16.92,731.16,23,0.08,20.65,2023-10-04 20:00:00
6645,Winter,7.4,41.41,5.49,542.11,166,0.22,18.7,2023-10-04 21:00:00
6646,Winter,-0.76,55.16,3.37,419.18,143,0.24,16.46,2023-10-04 22:00:00
6647,Winter,3.19,33.6,17.07,312.03,156,0.29,20.6,2023-10-04 23:00:00
6648,Winter,-3.97,61.58,0.7,391.37,162,0.27,21.9,2023-10-05 00:00:00
6649,Winter,8.2,40.46,4.67,791.32,155,0.27,14.6,2023-10-05 01:00:00
6650,Winter,1.04,42.78,8.83,926.7,95,0.22,14.39,2023-10-05 02:00:00
6651,Winter,3.36,62.53,7.97,521.79,52,0.18,12.67,2023-10-05 03:00:00
6652,Winter,2.71,55.94,0.67,721.19,99,0.14,16.53,2023-10-05 04:00:00
6653,Winter,8.84,65.73,4.32,78.86,188,0.29,24.92,2023-10-05 05:00:00
6654,Winter,0.52,60.8,9.05,414.8,55,0.23,19.03,2023-10-05 06:00:00
6655,Winter,7.08,69.19,16.77,525.65,72,0.27,13.65,2023-10-05 07:00:00
6656,Winter,-1.69,41.31,8.69,203.45,26,0.27,15.69,2023-10-05 08:00:00
6657,Winter,1.87,33.33,7.88,456.17,8,0.19,18.21,2023-10-05 09:00:00
6658,Winter,1.97,78.31,9.57,91.56,16,0.06,16.25,2023-10-05 10:00:00
6659,Winter,-1.66,63.12,19.68,663.18,25,0.14,13.19,2023-10-05 11:00:00
6660,Winter,8.39,66.29,2.74,223.57,30,0.13,13.81,2023-10-05 12:00:00
6661,Winter,9.44,63.89,4.88,22.06,29,0.11,14.38,2023-10-05 13:00:00
6662,Winter,4.37,49.89,19.43,411.58,17,0.09,12.46,2023-10-05 14:00:00
6663,Winter,5.09,71.66,16.09,607.84,29,0.05,13.19,2023-10-05 15:00:00
6664,Winter,2.09,46.03,5.35,311.03,15,0.12,14.37,2023-10-05 16:00:00
6665,Winter,7.96,39.19,0.68,933.17,16,0.13,8.01,2023-10-05 17:00:00
6666,Winter,-0.37,61.31,7.49,276.08,6,0.1,12.31,2023-10-05 18:00:00
6667,Winter,8.11,42.09,8.78,857.69,6,0.13,9.56,2023-10-05 19:00:00
6668,Winter,6.04,54.9,19.99,539.61,16,0.06,9.22,2023-10-05 20:00:00
6669,Winter,-3.65,42.07,7.24,243.47,175,0.16,21.86,2023-10-05 21:00:00
6670,Winter,3.06,50.91,15.23,943.86,196,0.15,18.79,2023-10-05 22:00:00
6671,Winter,9.61,72.3,0.02,9.78,120,0.15,18.18,2023-10-05 23:00:00
6672,Winter,-1.97,31.91,2.35,847.13,63,0.19,22.13,2023-10-06 00:00:00
6673,Winter,1.76,50.97,2.65,21.34,105,0.12,23.93,2023-10-06 01:00:00
6674,Winter,7.07,46.04,11.31,726.36,106,0.15,13.54,2023-10-06 02:00:00
6675,Winter,0.23,74.23,0.1,645.61,161,0.26,19.2,2023-10-06 03:00:00
6676,Winter,7.53,33.03,9.77,253.19,84,0.21,10.78,2023-10-06 04:00:00
6677,Winter,7.7,71.43,9.24,597.8,188,0.17,20.36,2023-10-06 05:00:00
6678,Winter,4.13,55.72,13.63,536.19,51,0.15,15.98,2023-10-06 06:00:00
6679,Winter,0.27,46.79,15.51,976.49,158,0.2,21.99,2023-10-06 07:00:00
6680,Winter,7.72,46.66,13.04,489.18,6,0.19,10.02,2023-10-06 08:00:00
6681,Winter,1.36,65.07,8.08,447.41,17,0.14,10.3,2023-10-06 09:00:00
6682,Winter,-1.52,62.57,2.12,642.7,25,0.14,21.14,2023-10-06 10:00:00
6683,Winter,-3.91,53.23,17.41,385.34,10,0.08,17.2,2023-10-06 11:00:00
6684,Winter,6.45,33.88,17.31,126.4,6,0.07,17.85,2023-10-06 12:00:00
6685,Winter,5.5,37.59,6.84,988.3,26,0.14,9.28,2023-10-06 13:00:00
6686,Winter,1.07,60.37,3.67,455.25,12,0.09,15.58,2023-10-06 14:00:00
6687,Winter,-1.48,63.39,10.54,676.88,5,0.1,10.66,2023-10-06 15:00:00
6688,Winter,3.66,62.16,4.1,814.4,17,0.13,13.56,2023-10-06 16:00:00
6689,Winter,4.68,33.26,18.13,112.61,29,0.11,10.77,2023-10-06 17:00:00
6690,Winter,5.84,54.47,15.93,518.09,13,0.14,10.03,2023-10-06 18:00:00
6691,Winter,0.19,44.03,8.56,260.34,29,0.1,14.36,2023-10-06 19:00:00
6692,Winter,1.15,54.82,13.7,996.37,19,0.08,16.51,2023-10-06 20:00:00
6693,Winter,-3.45,56.85,19.46,443.91,61,0.22,17.19,2023-10-06 21:00:00
6694,Winter,-3.39,40.77,11.57,718.62,68,0.23,19.11,2023-10-06 22:00:00
6695,Winter,7.93,60.61,3.81,951.84,79,0.11,20.27,2023-10-06 23:00:00
6696,Winter,7.37,67.95,5.25,641.87,170,0.29,22.2,2023-10-07 00:00:00
6697,Winter,-2.28,66.78,13.66,509.6,93,0.24,13.09,2023-10-07 01:00:00
6698,Winter,8.11,77.39,1.12,273.48,111,0.26,12.4,2023-10-07 02:00:00
6699,Winter,3.39,65.38,14.42,555.18,69,0.14,19.68,2023-10-07 03:00:00
6700,Winter,-0.16,41.37,13.93,920.05,154,0.14,18.33,2023-10-07 04:00:00
6701,Winter,6.76,30.22,1.36,606.6,126,0.22,12.73,2023-10-07 05:00:00
6702,Winter,9.84,63.34,2.44,967.64,159,0.12,10.18,2023-10-07 06:00:00
6703,Winter,9.65,58.03,19.91,60.13,139,0.18,23.59,2023-10-07 07:00:00
6704,Winter,2.52,38.36,8.4,238.18,13,0.29,16.24,2023-10-07 08:00:00
6705,Winter,8.4,44.93,19.42,438.95,15,0.19,11.85,2023-10-07 09:00:00
6706,Winter,4.86,43.59,11.56,740.67,24,0.12,16.98,2023-10-07 10:00:00
6707,Winter,5.86,36.29,4.17,582.98,5,0.1,12.99,2023-10-07 11:00:00
6708,Winter,3.17,69.95,13.9,257.81,14,0.11,20.99,2023-10-07 12:00:00
6709,Winter,-3.48,44.09,7.47,877.51,11,0.12,18.01,2023-10-07 13:00:00
6710,Winter,-0.7,35.09,12.13,894.97,18,0.05,17.06,2023-10-07 14:00:00
6711,Winter,2.69,51.88,11.75,116.04,8,0.07,16.42,2023-10-07 15:00:00
6712,Winter,-2.57,53.46,13.01,326.24,30,0.14,21.69,2023-10-07 16:00:00
6713,Winter,-0.94,46.54,6.46,137.72,24,0.07,20.84,2023-10-07 17:00:00
6714,Winter,7.05,43.47,12.69,981.19,24,0.09,11.28,2023-10-07 18:00:00
6715,Winter,1.74,32.79,18.44,57.78,24,0.05,14.69,2023-10-07 19:00:00
6716,Winter,8.82,79.77,18.97,117.16,20,0.12,19.26,2023-10-07 20:00:00
6717,Winter,4.62,53.66,15.07,486.74,162,0.18,21.29,2023-10-07 21:00:00
6718,Winter,3.95,56.46,5.14,756.84,86,0.29,14.36,2023-10-07 22:00:00
6719,Winter,-2.5,72.78,19.33,974.94,192,0.19,16.91,2023-10-07 23:00:00
6720,Winter,9.58,66.23,8.7,509.39,91,0.15,14.76,2023-10-08 00:00:00
6721,Winter,8.9,72.61,16.62,388.79,93,0.24,17.52,2023-10-08 01:00:00
6722,Winter,5.15,37.22,5.36,348.45,111,0.16,16.18,2023-10-08 02:00:00
6723,Winter,1.37,32.76,1.31,648.03,172,0.11,22.08,2023-10-08 03:00:00
6724,Winter,2.07,49.44,18.36,290.07,149,0.25,21.04,2023-10-08 04:00:00
6725,Winter,5.76,56.96,9.75,326.05,171,0.22,18.15,2023-10-08 05:00:00
6726,Winter,9.58,64.1,4.5,900.11,152,0.15,11.54,2023-10-08 06:00:00
6727,Winter,3.13,64.24,10.38,664.08,63,0.2,17.97,2023-10-08 07:00:00
6728,Winter,2.29,56.14,15.8,186.96,15,0.24,17.98,2023-10-08 08:00:00
6729,Winter,-1.96,61.16,5.15,493.77,16,0.12,10.97,2023-10-08 09:00:00
6730,Winter,-4.36,69.71,18.47,525.57,14,0.1,14.94,2023-10-08 10:00:00
6731,Winter,9.39,76.18,19.57,987.55,27,0.1,18.74,2023-10-08 11:00:00
6732,Winter,0.91,30.09,3.53,906.34,20,0.06,11.45,2023-10-08 12:00:00
6733,Winter,4.38,59.62,4.84,333.23,13,0.12,9.8,2023-10-08 13:00:00
6734,Winter,-1.28,36.29,18.3,532.58,23,0.14,12.11,2023-10-08 14:00:00
6735,Winter,-0.32,47.25,5.26,439.24,11,0.08,10.98,2023-10-08 15:00:00
6736,Winter,-4.11,80.0,12.96,662.61,23,0.05,20.76,2023-10-08 16:00:00
6737,Winter,3.7,66.33,18.27,876.56,7,0.15,15.22,2023-10-08 17:00:00
6738,Winter,-0.4,72.09,12.04,146.76,29,0.05,20.79,2023-10-08 18:00:00
6739,Winter,-4.45,69.57,12.01,471.64,24,0.11,12.65,2023-10-08 19:00:00
6740,Winter,9.18,39.03,15.02,233.23,8,0.13,16.76,2023-10-08 20:00:00
6741,Winter,-1.8,62.24,17.31,37.83,186,0.26,19.4,2023-10-08 21:00:00
6742,Winter,-0.41,78.38,1.04,888.59,196,0.29,22.38,2023-10-08 22:00:00
6743,Winter,3.49,42.53,2.5,512.73,195,0.25,18.72,2023-10-08 23:00:00
6744,Winter,-4.21,39.39,3.44,827.86,58,0.16,20.62,2023-10-09 00:00:00
6745,Winter,-2.51,43.71,15.46,332.17,109,0.19,21.58,2023-10-09 01:00:00
6746,Winter,-0.45,75.26,17.92,530.08,90,0.11,19.12,2023-10-09 02:00:00
6747,Winter,7.86,73.69,17.02,253.91,100,0.17,21.96,2023-10-09 03:00:00
6748,Winter,0.43,36.64,5.57,29.76,197,0.25,25.64,2023-10-09 04:00:00
6749,Winter,5.25,38.42,14.09,62.71,120,0.2,19.68,2023-10-09 05:00:00
6750,Winter,-3.02,46.3,11.67,364.74,141,0.14,15.35,2023-10-09 06:00:00
6751,Winter,6.48,51.0,11.34,422.57,123,0.16,13.48,2023-10-09 07:00:00
6752,Winter,5.36,72.22,1.62,640.12,11,0.12,17.38,2023-10-09 08:00:00
6753,Winter,-1.12,53.04,11.22,651.64,27,0.1,20.07,2023-10-09 09:00:00
6754,Winter,-0.77,61.67,19.38,217.2,8,0.14,20.49,2023-10-09 10:00:00
6755,Winter,9.61,72.38,16.33,262.38,26,0.1,18.0,2023-10-09 11:00:00
6756,Winter,-4.9,43.15,14.5,930.88,20,0.09,14.79,2023-10-09 12:00:00
6757,Winter,3.13,51.09,12.85,434.78,30,0.08,9.84,2023-10-09 13:00:00
6758,Winter,-1.82,36.28,15.33,897.29,49,0.07,17.86,2023-10-09 14:00:00
6759,Winter,-2.35,56.74,15.76,121.4,41,0.08,14.97,2023-10-09 15:00:00
6760,Winter,7.9,58.93,7.37,290.33,36,0.1,12.47,2023-10-09 16:00:00
6761,Winter,-2.73,42.78,13.91,525.58,11,0.12,19.05,2023-10-09 17:00:00
6762,Winter,-0.44,35.99,11.78,565.56,40,0.13,18.34,2023-10-09 18:00:00
6763,Winter,-3.3,61.63,4.67,877.98,29,0.08,21.13,2023-10-09 19:00:00
6764,Winter,8.09,70.72,0.06,749.06,28,0.09,16.37,2023-10-09 20:00:00
6765,Winter,-0.31,34.87,4.84,331.94,50,0.29,22.52,2023-10-09 21:00:00
6766,Winter,4.65,75.37,0.04,976.69,32,0.19,14.3,2023-10-09 22:00:00
6767,Winter,8.01,64.61,1.77,624.94,24,0.13,17.56,2023-10-09 23:00:00
6768,Winter,6.69,52.62,5.2,17.82,46,0.11,14.21,2023-10-10 00:00:00
6769,Winter,0.75,74.49,12.37,380.57,15,0.1,17.29,2023-10-10 01:00:00
6770,Winter,-1.94,54.0,19.49,130.6,38,0.11,21.52,2023-10-10 02:00:00
6771,Winter,5.43,60.95,8.79,634.27,28,0.19,9.97,2023-10-10 03:00:00
6772,Winter,7.6,71.3,2.92,577.89,32,0.28,8.66,2023-10-10 04:00:00
6773,Winter,-0.39,58.99,6.61,828.55,35,0.12,18.98,2023-10-10 05:00:00
6774,Winter,-2.75,31.48,12.02,317.69,9,0.23,21.78,2023-10-10 06:00:00
6775,Winter,4.72,73.36,18.82,678.11,45,0.12,18.46,2023-10-10 07:00:00
6776,Winter,-0.58,67.72,8.53,883.59,15,0.14,16.03,2023-10-10 08:00:00
6777,Winter,7.44,40.58,8.37,186.39,15,0.22,13.28,2023-10-10 09:00:00
6778,Winter,-3.67,45.3,10.92,628.06,32,0.1,21.09,2023-10-10 10:00:00
6779,Winter,4.03,45.57,9.59,491.35,28,0.1,13.01,2023-10-10 11:00:00
6780,Winter,-2.29,46.38,4.49,494.42,44,0.14,20.92,2023-10-10 12:00:00
6781,Winter,4.32,34.36,2.01,852.51,17,0.15,16.05,2023-10-10 13:00:00
6782,Winter,-0.85,50.28,7.23,42.51,38,0.06,20.5,2023-10-10 14:00:00
6783,Winter,-0.39,36.68,14.66,43.35,38,0.09,17.72,2023-10-10 15:00:00
6784,Winter,4.44,40.22,15.45,754.1,22,0.06,15.99,2023-10-10 16:00:00
6785,Winter,8.06,58.84,3.08,127.09,8,0.1,17.72,2023-10-10 17:00:00
6786,Winter,8.78,65.18,1.57,560.29,16,0.1,12.36,2023-10-10 18:00:00
6787,Winter,0.56,50.43,11.07,512.87,41,0.06,19.79,2023-10-10 19:00:00
6788,Winter,9.56,65.02,1.57,440.35,33,0.13,17.93,2023-10-10 20:00:00
6789,Winter,2.5,72.57,19.65,610.43,16,0.24,12.62,2023-10-10 21:00:00
6790,Winter,7.58,56.34,11.38,339.97,13,0.22,16.21,2023-10-10 22:00:00
6791,Winter,9.28,38.01,8.81,462.5,39,0.25,13.87,2023-10-10 23:00:00
6792,Winter,-4.94,48.47,2.69,379.11,10,0.21,19.42,2023-10-11 00:00:00
6793,Winter,8.65,43.32,16.15,758.45,45,0.12,18.89,2023-10-11 01:00:00
6794,Winter,-0.42,30.05,1.15,161.15,48,0.15,19.55,2023-10-11 02:00:00
6795,Winter,-3.74,62.25,15.46,916.95,41,0.16,20.1,2023-10-11 03:00:00
6796,Winter,2.44,66.01,7.73,955.36,18,0.26,11.39,2023-10-11 04:00:00
6797,Winter,8.01,76.73,1.73,293.24,35,0.28,11.35,2023-10-11 05:00:00
6798,Winter,6.75,42.92,19.82,686.01,31,0.2,20.0,2023-10-11 06:00:00
6799,Winter,2.91,45.86,17.84,605.17,46,0.12,16.45,2023-10-11 07:00:00
6800,Winter,-0.12,34.12,19.14,310.72,16,0.18,18.78,2023-10-11 08:00:00
6801,Winter,7.03,34.82,5.56,747.78,36,0.16,14.04,2023-10-11 09:00:00
6802,Winter,-2.62,53.08,11.91,475.21,22,0.07,19.29,2023-10-11 10:00:00
6803,Winter,7.5,73.54,11.29,487.17,18,0.13,14.22,2023-10-11 11:00:00
6804,Winter,-4.95,33.42,2.31,362.43,42,0.11,20.72,2023-10-11 12:00:00
6805,Winter,7.57,63.35,10.54,552.38,12,0.14,10.83,2023-10-11 13:00:00
6806,Winter,2.74,64.17,3.76,919.46,24,0.1,10.31,2023-10-11 14:00:00
6807,Winter,-4.39,35.38,19.79,812.74,7,0.11,19.86,2023-10-11 15:00:00
6808,Winter,-1.04,67.58,3.45,323.02,8,0.09,12.75,2023-10-11 16:00:00
6809,Winter,9.59,59.97,1.08,793.41,26,0.07,15.1,2023-10-11 17:00:00
6810,Winter,-1.3,75.02,11.92,596.09,6,0.06,18.81,2023-10-11 18:00:00
6811,Winter,0.72,77.72,4.91,373.3,23,0.11,19.64,2023-10-11 19:00:00
6812,Winter,-3.27,70.94,18.96,350.52,7,0.06,11.08,2023-10-11 20:00:00
6813,Winter,-2.38,49.46,2.83,567.36,55,0.27,16.72,2023-10-11 21:00:00
6814,Winter,2.29,40.45,13.56,781.17,142,0.29,21.38,2023-10-11 22:00:00
6815,Winter,5.0,54.41,12.24,866.14,90,0.23,17.05,2023-10-11 23:00:00
6816,Winter,4.58,73.35,7.75,935.23,103,0.23,10.42,2023-10-12 00:00:00
6817,Winter,3.46,45.63,18.19,369.3,70,0.26,11.55,2023-10-12 01:00:00
6818,Winter,6.46,45.07,7.24,780.44,185,0.27,15.69,2023-10-12 02:00:00
6819,Winter,-3.71,75.83,9.91,824.3,79,0.27,16.42,2023-10-12 03:00:00
6820,Winter,5.17,71.54,10.67,761.46,178,0.27,20.32,2023-10-12 04:00:00
6821,Winter,3.62,44.27,9.8,516.16,60,0.17,15.4,2023-10-12 05:00:00
6822,Winter,5.13,79.64,12.93,312.08,126,0.12,15.37,2023-10-12 06:00:00
6823,Winter,-2.16,57.28,15.72,159.18,138,0.11,15.76,2023-10-12 07:00:00
6824,Winter,3.77,33.19,4.84,198.8,27,0.14,17.67,2023-10-12 08:00:00
6825,Winter,6.04,77.59,1.37,101.41,18,0.25,19.75,2023-10-12 09:00:00
6826,Winter,-0.84,39.75,0.67,94.28,22,0.14,12.78,2023-10-12 10:00:00
6827,Winter,0.76,36.93,6.72,901.52,26,0.13,16.59,2023-10-12 11:00:00
6828,Winter,7.72,52.36,7.03,882.18,24,0.08,14.61,2023-10-12 12:00:00
6829,Winter,2.94,53.8,6.85,448.93,10,0.09,20.92,2023-10-12 13:00:00
6830,Winter,5.75,67.8,5.26,414.88,14,0.09,8.83,2023-10-12 14:00:00
6831,Winter,-2.71,65.26,12.87,173.02,6,0.13,21.32,2023-10-12 15:00:00
6832,Winter,-1.93,60.67,0.94,815.09,12,0.05,12.99,2023-10-12 16:00:00
6833,Winter,6.87,70.29,13.31,405.49,6,0.14,17.86,2023-10-12 17:00:00
6834,Winter,-1.73,39.35,9.16,647.7,14,0.13,12.62,2023-10-12 18:00:00
6835,Winter,-2.31,65.57,19.27,266.24,24,0.05,12.67,2023-10-12 19:00:00
6836,Winter,-1.19,54.89,3.23,139.1,16,0.05,16.14,2023-10-12 20:00:00
6837,Winter,3.88,65.28,11.06,275.53,190,0.3,14.88,2023-10-12 21:00:00
6838,Winter,5.65,66.9,13.24,217.43,170,0.24,20.18,2023-10-12 22:00:00
6839,Winter,5.92,56.14,6.42,131.72,174,0.24,16.36,2023-10-12 23:00:00
6840,Winter,5.56,71.9,12.24,366.66,149,0.12,16.88,2023-10-13 00:00:00
6841,Winter,5.88,43.03,4.95,963.84,138,0.17,18.04,2023-10-13 01:00:00
6842,Winter,5.56,65.87,0.97,871.59,103,0.28,10.07,2023-10-13 02:00:00
6843,Winter,8.86,75.12,5.72,402.34,165,0.2,18.75,2023-10-13 03:00:00
6844,Winter,6.89,38.15,11.3,867.47,108,0.25,14.07,2023-10-13 04:00:00
6845,Winter,4.05,52.66,4.82,956.75,142,0.26,15.17,2023-10-13 05:00:00
6846,Winter,-2.86,53.59,19.41,784.27,87,0.29,22.72,2023-10-13 06:00:00
6847,Winter,-4.41,55.93,4.65,903.24,92,0.22,18.79,2023-10-13 07:00:00
6848,Winter,8.48,47.36,9.37,355.61,28,0.23,10.06,2023-10-13 08:00:00
6849,Winter,4.11,32.89,9.14,370.6,16,0.22,19.32,2023-10-13 09:00:00
6850,Winter,4.57,31.85,4.93,990.3,19,0.15,11.39,2023-10-13 10:00:00
6851,Winter,9.56,74.04,13.82,643.99,16,0.15,8.02,2023-10-13 11:00:00
6852,Winter,9.98,73.55,5.72,318.95,23,0.07,13.28,2023-10-13 12:00:00
6853,Winter,-4.54,59.22,17.64,16.26,11,0.06,14.34,2023-10-13 13:00:00
6854,Winter,-2.18,63.41,16.69,727.3,8,0.08,19.85,2023-10-13 14:00:00
6855,Winter,0.51,56.36,15.17,258.94,9,0.12,18.0,2023-10-13 15:00:00
6856,Winter,9.92,72.8,15.63,894.89,30,0.15,15.19,2023-10-13 16:00:00
6857,Winter,6.4,66.72,5.35,532.62,19,0.13,17.34,2023-10-13 17:00:00
6858,Winter,2.45,37.58,3.48,697.91,21,0.09,13.85,2023-10-13 18:00:00
6859,Winter,-1.12,33.62,4.72,403.95,11,0.06,19.25,2023-10-13 19:00:00
6860,Winter,-0.49,68.42,10.03,740.84,8,0.15,17.03,2023-10-13 20:00:00
6861,Winter,-1.77,32.02,4.31,77.98,122,0.26,23.17,2023-10-13 21:00:00
6862,Winter,-2.56,31.92,0.26,922.45,86,0.13,16.85,2023-10-13 22:00:00
6863,Winter,5.88,59.13,3.76,574.15,145,0.22,18.6,2023-10-13 23:00:00
6864,Winter,-1.31,78.53,8.39,19.9,92,0.24,24.24,2023-10-14 00:00:00
6865,Winter,9.19,67.43,10.24,641.84,84,0.11,12.44,2023-10-14 01:00:00
6866,Winter,-2.65,67.62,4.34,583.18,68,0.26,14.91,2023-10-14 02:00:00
6867,Winter,9.19,51.7,14.65,643.22,113,0.28,20.7,2023-10-14 03:00:00
6868,Winter,3.53,39.72,3.19,433.39,117,0.23,17.85,2023-10-14 04:00:00
6869,Winter,-1.34,79.72,16.72,832.22,162,0.22,13.24,2023-10-14 05:00:00
6870,Winter,-3.2,66.14,16.06,924.99,112,0.17,17.02,2023-10-14 06:00:00
6871,Winter,-1.23,48.68,11.44,411.96,67,0.16,20.72,2023-10-14 07:00:00
6872,Winter,3.94,67.13,6.38,39.94,15,0.28,11.11,2023-10-14 08:00:00
6873,Winter,2.08,54.53,11.4,130.83,9,0.25,20.43,2023-10-14 09:00:00
6874,Winter,1.63,58.97,7.78,203.59,22,0.06,20.56,2023-10-14 10:00:00
6875,Winter,1.35,73.59,9.02,661.9,18,0.07,19.27,2023-10-14 11:00:00
6876,Winter,7.28,49.09,14.34,504.17,29,0.08,10.78,2023-10-14 12:00:00
6877,Winter,7.6,54.88,6.72,824.21,10,0.13,11.85,2023-10-14 13:00:00
6878,Winter,3.59,38.84,13.71,483.42,18,0.11,16.71,2023-10-14 14:00:00
6879,Winter,4.08,44.31,16.81,646.99,20,0.07,15.7,2023-10-14 15:00:00
6880,Winter,2.63,34.97,4.05,842.45,28,0.09,13.22,2023-10-14 16:00:00
6881,Winter,-4.35,30.71,12.16,831.81,15,0.08,17.74,2023-10-14 17:00:00
6882,Winter,-4.94,68.43,0.04,720.42,12,0.14,15.83,2023-10-14 18:00:00
6883,Winter,3.2,34.73,1.27,894.43,8,0.06,18.75,2023-10-14 19:00:00
6884,Winter,4.54,74.95,10.74,268.38,13,0.14,18.7,2023-10-14 20:00:00
6885,Winter,2.36,72.99,9.03,606.63,85,0.21,17.24,2023-10-14 21:00:00
6886,Winter,9.68,57.73,17.29,146.32,150,0.25,20.54,2023-10-14 22:00:00
6887,Winter,2.74,76.45,13.11,29.61,194,0.14,16.75,2023-10-14 23:00:00
6888,Winter,1.86,66.26,17.82,547.07,132,0.28,22.22,2023-10-15 00:00:00
6889,Winter,-1.32,66.78,6.97,482.22,137,0.29,14.55,2023-10-15 01:00:00
6890,Winter,7.82,58.81,6.08,241.01,142,0.22,12.45,2023-10-15 02:00:00
6891,Winter,-1.82,76.24,3.27,447.62,164,0.25,15.1,2023-10-15 03:00:00
6892,Winter,8.38,61.78,15.49,738.36,199,0.11,13.66,2023-10-15 04:00:00
6893,Winter,-3.33,53.49,2.21,327.38,118,0.26,14.67,2023-10-15 05:00:00
6894,Winter,5.4,40.14,18.22,639.18,52,0.11,18.07,2023-10-15 06:00:00
6895,Winter,-3.71,79.48,10.78,445.15,169,0.18,19.79,2023-10-15 07:00:00
6896,Winter,4.52,47.62,10.18,845.73,8,0.15,10.38,2023-10-15 08:00:00
6897,Winter,8.93,73.25,5.3,727.61,23,0.27,14.36,2023-10-15 09:00:00
6898,Winter,-0.71,48.87,4.2,248.98,11,0.06,11.97,2023-10-15 10:00:00
6899,Winter,3.65,53.52,10.2,59.7,30,0.08,17.99,2023-10-15 11:00:00
6900,Winter,8.43,42.91,19.6,89.45,22,0.11,16.23,2023-10-15 12:00:00
6901,Winter,3.95,37.5,9.56,514.59,29,0.1,20.84,2023-10-15 13:00:00
6902,Winter,0.13,63.26,3.7,255.08,27,0.13,12.06,2023-10-15 14:00:00
6903,Winter,3.4,36.92,18.18,123.35,7,0.13,13.16,2023-10-15 15:00:00
6904,Winter,0.74,54.36,9.13,328.24,13,0.1,11.91,2023-10-15 16:00:00
6905,Winter,-4.97,42.88,8.41,22.56,18,0.13,24.1,2023-10-15 17:00:00
6906,Winter,9.01,64.45,13.33,333.99,28,0.1,11.17,2023-10-15 18:00:00
6907,Winter,5.68,61.32,4.17,564.26,8,0.14,13.45,2023-10-15 19:00:00
6908,Winter,4.04,33.88,19.57,199.64,21,0.11,15.39,2023-10-15 20:00:00
6909,Winter,-0.47,51.44,17.04,7.9,81,0.17,21.65,2023-10-15 21:00:00
6910,Winter,-2.96,30.49,1.59,973.51,101,0.22,19.49,2023-10-15 22:00:00
6911,Winter,4.06,35.4,6.35,947.44,102,0.15,15.42,2023-10-15 23:00:00
6912,Winter,2.81,33.48,6.08,619.9,187,0.25,20.44,2023-10-16 00:00:00
6913,Winter,3.65,68.37,6.25,427.52,162,0.18,23.52,2023-10-16 01:00:00
6914,Winter,1.99,30.63,18.28,665.79,128,0.17,19.44,2023-10-16 02:00:00
6915,Winter,5.22,46.06,11.62,225.22,84,0.22,19.68,2023-10-16 03:00:00
6916,Winter,4.15,57.6,18.68,386.08,68,0.15,18.28,2023-10-16 04:00:00
6917,Winter,6.64,63.87,0.3,363.59,184,0.3,13.77,2023-10-16 05:00:00
6918,Winter,-1.41,46.67,0.75,676.38,156,0.23,14.64,2023-10-16 06:00:00
6919,Winter,-0.6,59.4,10.02,94.82,158,0.27,19.43,2023-10-16 07:00:00
6920,Winter,2.97,41.06,3.35,478.92,7,0.23,19.44,2023-10-16 08:00:00
6921,Winter,-1.29,37.01,1.47,631.22,8,0.15,20.53,2023-10-16 09:00:00
6922,Winter,6.72,79.05,14.32,105.22,10,0.12,19.8,2023-10-16 10:00:00
6923,Winter,-4.39,31.61,11.88,306.03,19,0.11,12.26,2023-10-16 11:00:00
6924,Winter,-4.86,66.58,18.15,662.5,20,0.1,18.77,2023-10-16 12:00:00
6925,Winter,-1.07,69.49,9.75,327.85,7,0.09,11.26,2023-10-16 13:00:00
6926,Winter,1.83,52.02,2.42,647.43,10,0.14,15.3,2023-10-16 14:00:00
6927,Winter,-0.19,37.62,10.89,571.82,20,0.14,17.79,2023-10-16 15:00:00
6928,Winter,-2.09,49.74,3.82,718.14,31,0.08,11.1,2023-10-16 16:00:00
6929,Winter,4.79,69.75,17.81,763.66,14,0.09,16.59,2023-10-16 17:00:00
6930,Winter,-1.59,63.2,9.18,129.43,48,0.15,12.69,2023-10-16 18:00:00
6931,Winter,3.6,44.3,7.89,946.67,33,0.05,19.73,2023-10-16 19:00:00
6932,Winter,-3.77,69.51,19.02,395.45,10,0.11,21.33,2023-10-16 20:00:00
6933,Winter,-3.22,77.56,14.82,65.91,44,0.16,15.52,2023-10-16 21:00:00
6934,Winter,-2.41,43.7,10.8,268.97,18,0.28,13.26,2023-10-16 22:00:00
6935,Winter,9.58,63.92,15.06,623.98,46,0.27,13.08,2023-10-16 23:00:00
6936,Winter,1.13,43.68,5.48,472.85,17,0.16,19.42,2023-10-17 00:00:00
6937,Winter,2.57,54.46,16.71,843.37,30,0.27,9.0,2023-10-17 01:00:00
6938,Winter,-1.93,30.01,8.91,116.83,22,0.27,16.7,2023-10-17 02:00:00
6939,Winter,3.23,67.84,6.96,475.25,35,0.22,11.23,2023-10-17 03:00:00
6940,Winter,-0.78,46.26,4.48,777.54,38,0.21,16.53,2023-10-17 04:00:00
6941,Winter,0.89,70.95,2.4,187.72,5,0.3,17.25,2023-10-17 05:00:00
6942,Winter,6.11,70.61,14.8,406.78,21,0.17,9.11,2023-10-17 06:00:00
6943,Winter,9.8,70.3,10.12,765.76,24,0.16,16.92,2023-10-17 07:00:00
6944,Winter,-1.41,73.17,2.55,139.43,26,0.21,13.78,2023-10-17 08:00:00
6945,Winter,1.02,33.52,6.0,336.96,40,0.27,21.94,2023-10-17 09:00:00
6946,Winter,-2.15,65.05,0.95,253.75,9,0.09,11.82,2023-10-17 10:00:00
6947,Winter,-3.71,34.53,5.59,674.14,24,0.11,20.2,2023-10-17 11:00:00
6948,Winter,3.6,49.35,5.5,575.9,36,0.14,14.65,2023-10-17 12:00:00
6949,Winter,2.59,63.26,17.57,318.37,9,0.11,11.07,2023-10-17 13:00:00
6950,Winter,-4.67,37.21,7.66,205.81,7,0.06,11.68,2023-10-17 14:00:00
6951,Winter,-4.89,31.81,3.6,802.33,48,0.14,22.34,2023-10-17 15:00:00
6952,Winter,2.44,66.18,11.91,16.95,15,0.06,16.62,2023-10-17 16:00:00
6953,Winter,5.88,37.53,6.98,274.56,47,0.06,17.62,2023-10-17 17:00:00
6954,Winter,-3.71,35.68,8.58,496.88,18,0.06,16.72,2023-10-17 18:00:00
6955,Winter,-1.86,70.11,12.64,283.65,47,0.08,16.85,2023-10-17 19:00:00
6956,Winter,0.33,64.01,4.45,935.29,30,0.1,15.46,2023-10-17 20:00:00
6957,Winter,8.36,44.11,1.32,684.52,45,0.14,20.22,2023-10-17 21:00:00
6958,Winter,4.31,75.95,16.43,468.84,31,0.11,16.97,2023-10-17 22:00:00
6959,Winter,5.85,44.2,3.67,509.58,36,0.26,16.92,2023-10-17 23:00:00
6960,Winter,8.35,40.29,3.0,568.8,26,0.11,9.71,2023-10-18 00:00:00
6961,Winter,1.97,53.11,9.22,159.76,48,0.23,22.31,2023-10-18 01:00:00
6962,Winter,7.6,69.79,13.91,953.03,5,0.12,11.42,2023-10-18 02:00:00
6963,Winter,3.22,42.02,9.62,38.79,11,0.2,17.61,2023-10-18 03:00:00
6964,Winter,-4.79,72.02,14.24,13.17,43,0.17,23.43,2023-10-18 04:00:00
6965,Winter,-1.56,69.08,2.8,318.19,10,0.27,13.58,2023-10-18 05:00:00
6966,Winter,-4.13,46.13,11.96,952.23,35,0.13,14.02,2023-10-18 06:00:00
6967,Winter,-3.65,54.44,16.45,192.6,23,0.18,13.0,2023-10-18 07:00:00
6968,Winter,9.87,77.44,13.71,913.89,10,0.12,10.49,2023-10-18 08:00:00
6969,Winter,5.69,57.69,17.96,824.5,9,0.28,15.48,2023-10-18 09:00:00
6970,Winter,-1.07,55.37,9.48,624.82,6,0.09,14.44,2023-10-18 10:00:00
6971,Winter,7.65,71.02,12.14,93.89,32,0.13,10.04,2023-10-18 11:00:00
6972,Winter,7.91,79.03,0.99,920.21,9,0.1,12.16,2023-10-18 12:00:00
6973,Winter,0.27,30.84,6.26,198.72,18,0.15,15.22,2023-10-18 13:00:00
6974,Winter,3.0,75.93,17.11,654.55,5,0.09,14.31,2023-10-18 14:00:00
6975,Winter,1.65,66.34,15.38,656.03,7,0.14,17.52,2023-10-18 15:00:00
6976,Winter,1.85,34.95,12.75,66.85,27,0.1,15.44,2023-10-18 16:00:00
6977,Winter,-4.08,48.45,7.45,804.35,7,0.13,16.33,2023-10-18 17:00:00
6978,Winter,4.71,60.64,19.97,334.26,28,0.11,17.72,2023-10-18 18:00:00
6979,Winter,3.08,50.43,1.89,241.74,25,0.09,14.99,2023-10-18 19:00:00
6980,Winter,5.91,59.26,10.43,735.59,28,0.08,18.79,2023-10-18 20:00:00
6981,Winter,3.66,63.06,14.39,87.95,173,0.15,15.15,2023-10-18 21:00:00
6982,Winter,0.71,41.62,17.15,466.57,144,0.2,18.6,2023-10-18 22:00:00
6983,Winter,-2.76,75.64,12.8,261.05,152,0.12,19.52,2023-10-18 23:00:00
6984,Winter,9.74,62.65,5.35,78.49,123,0.12,12.23,2023-10-19 00:00:00
6985,Winter,1.4,43.86,14.53,434.49,60,0.3,11.25,2023-10-19 01:00:00
6986,Winter,-0.42,49.83,11.07,137.8,172,0.2,22.68,2023-10-19 02:00:00
6987,Winter,7.67,43.32,13.3,333.54,133,0.15,15.92,2023-10-19 03:00:00
6988,Winter,8.31,45.18,5.42,798.65,127,0.13,18.6,2023-10-19 04:00:00
6989,Winter,3.41,76.56,7.43,123.47,66,0.24,15.02,2023-10-19 05:00:00
6990,Winter,5.19,75.18,18.48,228.93,133,0.19,21.99,2023-10-19 06:00:00
6991,Winter,7.91,77.24,12.26,726.02,96,0.24,17.44,2023-10-19 07:00:00
6992,Winter,-4.71,40.03,3.92,337.43,29,0.2,23.31,2023-10-19 08:00:00
6993,Winter,-1.1,75.34,15.91,164.51,27,0.25,12.83,2023-10-19 09:00:00
6994,Winter,-3.26,73.5,5.79,65.59,22,0.13,13.61,2023-10-19 10:00:00
6995,Winter,4.96,35.23,4.91,167.06,5,0.12,10.5,2023-10-19 11:00:00
6996,Winter,-3.68,35.71,10.01,693.88,21,0.07,11.95,2023-10-19 12:00:00
6997,Winter,2.88,58.95,2.5,234.51,29,0.1,20.84,2023-10-19 13:00:00
6998,Winter,6.47,63.42,13.36,706.32,17,0.12,11.68,2023-10-19 14:00:00
6999,Winter,-3.24,64.36,12.25,957.14,8,0.07,14.05,2023-10-19 15:00:00
7000,Winter,4.83,70.41,10.96,374.82,5,0.09,10.07,2023-10-19 16:00:00
7001,Winter,-4.12,76.17,7.83,216.16,29,0.05,21.78,2023-10-19 17:00:00
7002,Winter,4.28,53.64,1.91,869.69,8,0.13,19.22,2023-10-19 18:00:00
7003,Winter,6.99,73.1,5.35,872.86,8,0.11,14.42,2023-10-19 19:00:00
7004,Winter,-3.74,31.31,4.86,926.3,23,0.15,11.91,2023-10-19 20:00:00
7005,Winter,2.92,49.23,1.61,691.23,148,0.29,23.34,2023-10-19 21:00:00
7006,Winter,3.53,59.94,10.3,22.78,167,0.26,21.29,2023-10-19 22:00:00
7007,Winter,-3.38,38.99,7.19,672.98,123,0.25,23.23,2023-10-19 23:00:00
7008,Winter,9.37,36.57,13.08,307.75,181,0.3,22.8,2023-10-20 00:00:00
7009,Winter,7.5,48.49,3.95,879.84,181,0.16,16.02,2023-10-20 01:00:00
7010,Winter,9.44,31.5,4.09,932.54,200,0.2,11.58,2023-10-20 02:00:00
7011,Winter,-4.06,71.5,13.98,593.34,198,0.25,19.61,2023-10-20 03:00:00
7012,Winter,2.18,70.04,4.15,609.98,141,0.11,12.92,2023-10-20 04:00:00
7013,Winter,-0.8,35.15,16.27,261.15,183,0.27,15.75,2023-10-20 05:00:00
7014,Winter,-4.45,33.96,16.64,236.54,79,0.1,13.82,2023-10-20 06:00:00
7015,Winter,4.23,54.89,14.54,610.45,160,0.14,20.52,2023-10-20 07:00:00
7016,Winter,-2.13,39.91,12.66,393.36,15,0.21,20.46,2023-10-20 08:00:00
7017,Winter,6.47,79.6,14.14,853.88,30,0.11,8.03,2023-10-20 09:00:00
7018,Winter,-1.71,55.35,19.09,22.68,24,0.06,17.92,2023-10-20 10:00:00
7019,Winter,-1.23,37.13,0.73,871.67,29,0.13,11.95,2023-10-20 11:00:00
7020,Winter,3.5,44.51,12.34,187.31,24,0.14,10.7,2023-10-20 12:00:00
7021,Winter,7.54,32.21,12.83,238.49,23,0.1,9.08,2023-10-20 13:00:00
7022,Winter,9.54,75.13,5.48,172.12,9,0.13,19.95,2023-10-20 14:00:00
7023,Winter,2.61,44.93,2.75,136.91,16,0.08,10.99,2023-10-20 15:00:00
7024,Winter,0.29,70.27,8.62,589.69,6,0.1,14.57,2023-10-20 16:00:00
7025,Winter,9.06,37.32,2.75,453.55,29,0.09,9.14,2023-10-20 17:00:00
7026,Winter,-3.16,75.38,14.42,741.16,29,0.15,18.84,2023-10-20 18:00:00
7027,Winter,3.7,70.24,14.09,170.08,15,0.08,17.83,2023-10-20 19:00:00
7028,Winter,2.73,42.33,1.11,378.58,9,0.13,11.62,2023-10-20 20:00:00
7029,Winter,8.12,69.97,13.74,240.76,111,0.23,20.47,2023-10-20 21:00:00
7030,Winter,8.07,42.26,19.75,51.8,191,0.28,17.6,2023-10-20 22:00:00
7031,Winter,9.01,72.56,14.15,185.68,176,0.29,15.24,2023-10-20 23:00:00
7032,Winter,3.88,69.9,15.71,486.31,62,0.29,20.8,2023-10-21 00:00:00
7033,Winter,1.62,39.32,19.36,771.71,82,0.19,15.22,2023-10-21 01:00:00
7034,Winter,-4.17,74.27,7.78,367.79,164,0.23,15.05,2023-10-21 02:00:00
7035,Winter,2.92,46.3,13.36,238.01,143,0.11,17.97,2023-10-21 03:00:00
7036,Winter,4.78,67.87,1.21,659.44,136,0.1,21.97,2023-10-21 04:00:00
7037,Winter,4.23,42.44,10.85,190.59,138,0.19,20.51,2023-10-21 05:00:00
7038,Winter,1.4,57.09,17.78,894.08,80,0.22,13.96,2023-10-21 06:00:00
7039,Winter,0.3,59.01,0.6,607.44,73,0.29,19.35,2023-10-21 07:00:00
7040,Winter,-0.12,31.69,7.2,50.45,7,0.19,18.14,2023-10-21 08:00:00
7041,Winter,-2.64,54.55,8.96,858.92,26,0.28,15.18,2023-10-21 09:00:00
7042,Winter,8.99,63.11,11.32,389.47,11,0.11,15.89,2023-10-21 10:00:00
7043,Winter,9.15,37.4,2.08,728.17,8,0.07,8.79,2023-10-21 11:00:00
7044,Winter,-0.13,59.08,8.69,442.87,11,0.1,16.38,2023-10-21 12:00:00
7045,Winter,-2.48,74.39,15.87,539.72,10,0.11,17.78,2023-10-21 13:00:00
7046,Winter,-3.0,58.01,16.75,793.23,29,0.11,14.89,2023-10-21 14:00:00
7047,Winter,3.47,30.84,4.04,98.64,16,0.12,14.07,2023-10-21 15:00:00
7048,Winter,-3.47,73.62,16.35,204.38,24,0.1,12.55,2023-10-21 16:00:00
7049,Winter,-4.55,71.99,9.2,383.61,15,0.06,17.9,2023-10-21 17:00:00
7050,Winter,8.14,34.42,5.75,389.28,15,0.05,16.71,2023-10-21 18:00:00
7051,Winter,5.85,56.94,15.89,74.95,17,0.09,17.18,2023-10-21 19:00:00
7052,Winter,6.96,73.57,15.49,643.64,15,0.06,10.69,2023-10-21 20:00:00
7053,Winter,3.36,48.43,10.87,512.79,60,0.14,10.9,2023-10-21 21:00:00
7054,Winter,3.88,52.95,13.96,156.39,109,0.29,14.65,2023-10-21 22:00:00
7055,Winter,6.53,55.01,19.43,976.51,137,0.27,16.49,2023-10-21 23:00:00
7056,Winter,4.69,55.97,12.88,80.39,71,0.18,19.54,2023-10-22 00:00:00
7057,Winter,3.22,42.85,7.36,734.9,149,0.2,19.34,2023-10-22 01:00:00
7058,Winter,-3.17,53.01,1.42,389.87,145,0.23,14.52,2023-10-22 02:00:00
7059,Winter,-3.31,62.65,3.37,960.94,176,0.27,25.45,2023-10-22 03:00:00
7060,Winter,-1.88,34.59,14.32,110.03,78,0.11,20.49,2023-10-22 04:00:00
7061,Winter,8.49,39.07,7.69,635.69,98,0.23,11.27,2023-10-22 05:00:00
7062,Winter,2.22,36.15,12.66,816.68,121,0.13,17.31,2023-10-22 06:00:00
7063,Winter,2.61,43.33,12.37,988.17,187,0.11,14.12,2023-10-22 07:00:00
7064,Winter,5.4,72.86,16.86,768.54,7,0.27,9.69,2023-10-22 08:00:00
7065,Winter,6.05,32.43,19.07,359.79,22,0.24,13.8,2023-10-22 09:00:00
7066,Winter,3.62,68.67,11.53,126.11,27,0.14,22.13,2023-10-22 10:00:00
7067,Winter,2.94,73.04,1.73,950.11,26,0.08,11.95,2023-10-22 11:00:00
7068,Winter,7.82,45.42,5.84,303.25,22,0.12,18.77,2023-10-22 12:00:00
7069,Winter,-1.29,43.76,14.44,465.5,14,0.11,18.79,2023-10-22 13:00:00
7070,Winter,1.95,38.43,13.05,779.58,13,0.1,9.54,2023-10-22 14:00:00
7071,Winter,5.76,47.16,13.81,410.81,19,0.1,14.73,2023-10-22 15:00:00
7072,Winter,4.05,78.4,19.14,606.91,24,0.07,19.74,2023-10-22 16:00:00
7073,Winter,4.18,62.29,15.12,346.38,23,0.07,11.17,2023-10-22 17:00:00
7074,Winter,5.93,39.44,9.41,88.12,28,0.08,20.37,2023-10-22 18:00:00
7075,Winter,-1.56,58.26,18.12,709.57,23,0.1,14.66,2023-10-22 19:00:00
7076,Winter,-2.2,56.84,7.47,821.67,16,0.13,13.27,2023-10-22 20:00:00
7077,Winter,6.42,56.38,10.37,327.66,170,0.18,19.28,2023-10-22 21:00:00
7078,Winter,2.45,58.59,14.69,154.05,78,0.27,13.16,2023-10-22 22:00:00
7079,Winter,-0.31,79.02,13.97,123.62,137,0.25,21.45,2023-10-22 23:00:00
7080,Winter,8.94,48.69,17.28,705.85,93,0.24,15.14,2023-10-23 00:00:00
7081,Winter,6.12,44.39,0.77,581.3,193,0.14,13.81,2023-10-23 01:00:00
7082,Winter,1.72,58.03,17.7,319.62,91,0.27,20.79,2023-10-23 02:00:00
7083,Winter,8.32,71.62,17.45,631.57,83,0.22,17.32,2023-10-23 03:00:00
7084,Winter,9.84,46.79,8.69,825.5,167,0.24,12.68,2023-10-23 04:00:00
7085,Winter,3.79,32.55,7.11,797.78,52,0.23,13.44,2023-10-23 05:00:00
7086,Winter,-2.56,78.48,10.74,377.95,174,0.1,16.38,2023-10-23 06:00:00
7087,Winter,7.28,54.82,1.31,523.52,171,0.13,16.26,2023-10-23 07:00:00
7088,Winter,4.03,53.17,0.81,142.01,23,0.11,17.87,2023-10-23 08:00:00
7089,Winter,-2.66,48.16,3.97,846.72,5,0.26,10.33,2023-10-23 09:00:00
7090,Winter,1.79,60.45,19.44,532.07,20,0.12,18.17,2023-10-23 10:00:00
7091,Winter,5.62,63.44,8.83,368.2,15,0.1,13.37,2023-10-23 11:00:00
7092,Winter,4.0,55.17,16.96,211.57,16,0.07,16.74,2023-10-23 12:00:00
7093,Winter,9.43,61.28,8.83,530.75,38,0.06,8.28,2023-10-23 13:00:00
7094,Winter,4.2,62.16,11.99,990.1,18,0.11,11.86,2023-10-23 14:00:00
7095,Winter,-3.92,63.18,5.67,519.51,13,0.12,19.83,2023-10-23 15:00:00
7096,Winter,1.83,33.01,19.54,820.71,20,0.08,9.2,2023-10-23 16:00:00
7097,Winter,-1.03,59.31,6.32,853.63,43,0.09,14.59,2023-10-23 17:00:00
7098,Winter,1.42,67.26,9.77,383.88,28,0.11,19.02,2023-10-23 18:00:00
7099,Winter,1.65,51.38,17.04,945.03,16,0.14,20.04,2023-10-23 19:00:00
7100,Winter,7.69,74.83,5.25,986.92,39,0.09,15.21,2023-10-23 20:00:00
7101,Winter,-0.66,53.5,16.19,512.71,26,0.19,15.95,2023-10-23 21:00:00
7102,Winter,-4.16,69.66,16.47,423.52,46,0.14,12.0,2023-10-23 22:00:00
7103,Winter,-1.38,66.17,10.07,549.34,34,0.24,19.6,2023-10-23 23:00:00
7104,Winter,-2.24,30.05,5.18,568.97,38,0.18,20.95,2023-10-24 00:00:00
7105,Winter,2.02,64.09,3.42,718.67,18,0.27,11.4,2023-10-24 01:00:00
7106,Winter,3.61,58.02,19.9,586.14,46,0.24,13.5,2023-10-24 02:00:00
7107,Winter,-0.97,43.08,18.51,814.51,7,0.2,16.49,2023-10-24 03:00:00
7108,Winter,6.51,43.84,10.02,900.28,45,0.22,11.52,2023-10-24 04:00:00
7109,Winter,-3.39,43.68,10.64,340.09,21,0.17,22.24,2023-10-24 05:00:00
7110,Winter,7.7,70.63,4.66,73.39,21,0.19,11.9,2023-10-24 06:00:00
7111,Winter,3.37,74.44,11.16,330.72,39,0.19,16.75,2023-10-24 07:00:00
7112,Winter,4.13,67.97,3.17,785.61,30,0.23,14.12,2023-10-24 08:00:00
7113,Winter,4.02,67.67,18.8,328.78,24,0.24,11.37,2023-10-24 09:00:00
7114,Winter,9.83,75.99,15.5,213.0,19,0.09,14.82,2023-10-24 10:00:00
7115,Winter,-2.93,74.75,19.27,326.21,8,0.13,17.15,2023-10-24 11:00:00
7116,Winter,7.13,66.55,8.84,782.82,20,0.09,9.94,2023-10-24 12:00:00
7117,Winter,8.76,58.72,2.52,926.78,34,0.1,11.99,2023-10-24 13:00:00
7118,Winter,1.5,74.23,4.94,120.48,43,0.11,21.64,2023-10-24 14:00:00
7119,Winter,0.46,56.34,4.67,943.11,31,0.07,20.38,2023-10-24 15:00:00
7120,Winter,7.16,40.66,18.21,95.36,50,0.11,18.62,2023-10-24 16:00:00
7121,Winter,-3.18,66.26,14.65,206.57,13,0.08,13.52,2023-10-24 17:00:00
7122,Winter,2.1,49.45,2.4,2.19,12,0.06,16.38,2023-10-24 18:00:00
7123,Winter,2.53,77.04,18.26,681.87,22,0.05,20.02,2023-10-24 19:00:00
7124,Winter,9.29,32.96,4.33,706.58,15,0.06,14.5,2023-10-24 20:00:00
7125,Winter,-1.67,55.87,19.61,188.97,9,0.17,17.55,2023-10-24 21:00:00
7126,Winter,-0.6,34.88,8.35,379.44,16,0.27,11.87,2023-10-24 22:00:00
7127,Winter,9.48,38.24,12.21,933.72,22,0.13,10.01,2023-10-24 23:00:00
7128,Winter,4.65,77.14,1.86,341.3,31,0.3,10.27,2023-10-25 00:00:00
7129,Winter,4.65,73.77,9.52,737.23,9,0.3,11.93,2023-10-25 01:00:00
7130,Winter,6.5,69.24,4.61,664.15,19,0.26,11.54,2023-10-25 02:00:00
7131,Winter,-1.16,47.01,17.36,810.95,8,0.26,20.41,2023-10-25 03:00:00
7132,Winter,-2.85,72.1,6.44,983.74,37,0.2,10.51,2023-10-25 04:00:00
7133,Winter,-4.27,63.81,17.14,955.25,28,0.12,15.79,2023-10-25 05:00:00
7134,Winter,8.91,43.09,19.77,283.14,15,0.28,12.68,2023-10-25 06:00:00
7135,Winter,2.24,71.91,9.35,813.07,5,0.29,14.48,2023-10-25 07:00:00
7136,Winter,-2.26,53.3,11.47,332.99,9,0.22,13.41,2023-10-25 08:00:00
7137,Winter,-0.96,43.81,9.07,841.75,27,0.29,12.97,2023-10-25 09:00:00
7138,Winter,2.66,57.51,13.29,926.33,16,0.05,19.9,2023-10-25 10:00:00
7139,Winter,7.1,57.6,16.31,917.3,30,0.06,11.11,2023-10-25 11:00:00
7140,Winter,-3.58,56.82,17.52,246.05,19,0.08,13.9,2023-10-25 12:00:00
7141,Winter,2.21,59.62,18.53,590.41,14,0.14,20.87,2023-10-25 13:00:00
7142,Winter,6.13,61.56,11.59,658.33,30,0.06,15.85,2023-10-25 14:00:00
7143,Winter,6.49,38.19,4.19,882.12,20,0.08,13.45,2023-10-25 15:00:00
7144,Winter,-2.3,34.58,18.69,759.0,25,0.09,10.73,2023-10-25 16:00:00
7145,Winter,5.77,33.27,5.8,650.1,11,0.14,10.29,2023-10-25 17:00:00
7146,Winter,5.61,34.11,5.78,617.04,19,0.05,14.45,2023-10-25 18:00:00
7147,Winter,-1.99,62.48,15.87,180.7,27,0.1,18.44,2023-10-25 19:00:00
7148,Winter,-1.1,48.28,16.95,818.37,13,0.08,21.37,2023-10-25 20:00:00
7149,Winter,-1.33,60.29,9.61,969.2,134,0.19,22.33,2023-10-25 21:00:00
7150,Winter,3.04,66.83,18.1,169.73,88,0.21,19.93,2023-10-25 22:00:00
7151,Winter,1.21,77.9,16.54,454.67,72,0.28,15.23,2023-10-25 23:00:00
7152,Winter,5.1,74.99,6.61,505.41,138,0.27,22.8,2023-10-26 00:00:00
7153,Winter,0.97,71.84,18.6,294.17,87,0.12,13.51,2023-10-26 01:00:00
7154,Winter,8.45,36.71,18.28,798.47,66,0.2,17.48,2023-10-26 02:00:00
7155,Winter,8.32,67.73,15.88,175.65,88,0.29,13.82,2023-10-26 03:00:00
7156,Winter,-4.38,44.21,15.72,348.58,134,0.18,15.26,2023-10-26 04:00:00
7157,Winter,7.84,67.62,4.16,340.9,114,0.18,12.0,2023-10-26 05:00:00
7158,Winter,2.01,54.71,14.49,356.77,198,0.15,14.81,2023-10-26 06:00:00
7159,Winter,8.83,71.59,2.21,815.01,198,0.19,13.44,2023-10-26 07:00:00
7160,Winter,0.07,32.04,6.28,490.95,29,0.17,17.39,2023-10-26 08:00:00
7161,Winter,-4.58,78.09,13.08,476.74,24,0.19,16.15,2023-10-26 09:00:00
7162,Winter,-0.45,71.3,15.78,234.59,10,0.11,11.49,2023-10-26 10:00:00
7163,Winter,6.39,63.13,11.25,331.62,12,0.06,20.38,2023-10-26 11:00:00
7164,Winter,7.67,50.25,2.05,220.69,17,0.14,13.17,2023-10-26 12:00:00
7165,Winter,7.1,56.96,2.18,338.02,13,0.08,14.9,2023-10-26 13:00:00
7166,Winter,9.2,55.27,8.76,401.85,5,0.12,19.25,2023-10-26 14:00:00
7167,Winter,-4.88,30.43,4.81,135.61,20,0.1,13.52,2023-10-26 15:00:00
7168,Winter,-3.41,49.69,1.95,798.21,7,0.07,14.19,2023-10-26 16:00:00
7169,Winter,9.59,37.26,2.78,306.32,9,0.06,8.81,2023-10-26 17:00:00
7170,Winter,0.48,76.51,19.95,221.14,19,0.11,14.49,2023-10-26 18:00:00
7171,Winter,0.31,71.36,9.95,91.69,13,0.13,13.39,2023-10-26 19:00:00
7172,Winter,-3.26,44.29,18.01,690.22,6,0.07,13.97,2023-10-26 20:00:00
7173,Winter,9.7,36.0,11.16,953.69,172,0.24,21.63,2023-10-26 21:00:00
7174,Winter,7.87,61.38,10.93,672.03,76,0.16,9.67,2023-10-26 22:00:00
7175,Winter,-1.0,57.81,18.23,299.31,72,0.3,20.62,2023-10-26 23:00:00
7176,Winter,-2.97,73.03,8.01,440.51,134,0.2,16.97,2023-10-27 00:00:00
7177,Winter,1.77,32.05,17.43,358.21,164,0.24,25.03,2023-10-27 01:00:00
7178,Winter,5.39,44.05,19.37,791.24,72,0.23,21.0,2023-10-27 02:00:00
7179,Winter,3.74,61.25,5.12,251.53,112,0.19,22.36,2023-10-27 03:00:00
7180,Winter,-2.25,69.06,12.85,427.92,75,0.16,14.45,2023-10-27 04:00:00
7181,Winter,5.8,56.15,5.96,261.84,73,0.19,20.81,2023-10-27 05:00:00
7182,Winter,8.12,78.43,7.49,702.25,108,0.27,21.34,2023-10-27 06:00:00
7183,Winter,8.69,46.07,0.63,199.41,131,0.12,13.71,2023-10-27 07:00:00
7184,Winter,6.38,43.1,12.76,75.24,11,0.3,13.46,2023-10-27 08:00:00
7185,Winter,-0.67,65.75,4.89,374.87,22,0.17,22.39,2023-10-27 09:00:00
7186,Winter,-2.72,61.88,3.04,542.03,30,0.11,19.48,2023-10-27 10:00:00
7187,Winter,4.47,45.53,1.86,723.88,18,0.06,20.35,2023-10-27 11:00:00
7188,Winter,2.46,33.64,3.71,580.96,14,0.13,13.75,2023-10-27 12:00:00
7189,Winter,7.39,76.94,15.77,6.3,13,0.09,14.54,2023-10-27 13:00:00
7190,Winter,3.47,73.02,3.53,36.71,24,0.05,14.05,2023-10-27 14:00:00
7191,Winter,3.39,43.75,11.33,596.29,22,0.1,10.73,2023-10-27 15:00:00
7192,Winter,-2.46,41.09,2.29,722.02,16,0.06,21.26,2023-10-27 16:00:00
7193,Winter,2.5,47.88,13.18,660.18,15,0.1,20.55,2023-10-27 17:00:00
7194,Winter,9.8,31.26,16.47,57.83,20,0.12,10.37,2023-10-27 18:00:00
7195,Winter,4.69,72.39,10.36,691.63,15,0.11,10.03,2023-10-27 19:00:00
7196,Winter,3.31,37.28,15.72,911.38,26,0.1,9.37,2023-10-27 20:00:00
7197,Winter,4.99,75.54,2.28,638.99,153,0.18,14.94,2023-10-27 21:00:00
7198,Winter,-2.97,75.98,7.58,421.14,139,0.12,20.05,2023-10-27 22:00:00
7199,Winter,0.18,60.76,8.23,441.03,74,0.12,18.99,2023-10-27 23:00:00
7200,Winter,5.09,30.71,9.39,207.73,133,0.22,19.05,2023-10-28 00:00:00
7201,Winter,-2.53,72.1,1.97,295.75,84,0.23,16.08,2023-10-28 01:00:00
7202,Winter,2.21,41.53,7.8,527.93,53,0.15,14.92,2023-10-28 02:00:00
7203,Winter,6.45,52.38,19.94,30.76,152,0.29,14.58,2023-10-28 03:00:00
7204,Winter,9.74,62.9,3.77,357.02,137,0.26,11.76,2023-10-28 04:00:00
7205,Winter,0.5,79.13,8.25,531.04,102,0.29,14.61,2023-10-28 05:00:00
7206,Winter,1.12,47.7,4.58,857.44,195,0.17,18.31,2023-10-28 06:00:00
7207,Winter,8.69,30.78,14.47,482.09,99,0.18,12.91,2023-10-28 07:00:00
7208,Winter,9.52,67.11,13.82,242.32,19,0.18,10.67,2023-10-28 08:00:00
7209,Winter,2.0,31.31,10.88,914.71,13,0.11,11.58,2023-10-28 09:00:00
7210,Winter,2.77,70.82,1.95,788.23,16,0.14,8.83,2023-10-28 10:00:00
7211,Winter,9.74,64.39,6.11,552.39,15,0.08,9.51,2023-10-28 11:00:00
7212,Winter,3.86,70.25,7.07,867.25,22,0.07,10.1,2023-10-28 12:00:00
7213,Winter,5.11,74.04,11.04,74.58,25,0.1,21.64,2023-10-28 13:00:00
7214,Winter,2.99,62.58,5.08,719.29,6,0.11,19.39,2023-10-28 14:00:00
7215,Winter,5.23,46.31,5.66,941.46,6,0.07,12.4,2023-10-28 15:00:00
7216,Winter,-2.31,47.13,0.7,645.74,15,0.15,14.44,2023-10-28 16:00:00
7217,Winter,-4.86,69.52,3.88,329.62,25,0.12,19.5,2023-10-28 17:00:00
7218,Winter,4.1,42.64,9.26,115.14,23,0.05,14.7,2023-10-28 18:00:00
7219,Winter,7.09,68.64,3.5,638.14,30,0.12,15.84,2023-10-28 19:00:00
7220,Winter,2.7,68.87,10.27,382.08,13,0.1,13.7,2023-10-28 20:00:00
7221,Winter,-2.95,46.82,16.37,407.01,77,0.29,15.18,2023-10-28 21:00:00
7222,Winter,6.55,59.22,14.02,451.06,172,0.13,21.15,2023-10-28 22:00:00
7223,Winter,-4.6,36.87,19.8,115.07,75,0.13,18.56,2023-10-28 23:00:00
7224,Winter,2.86,60.84,18.57,741.12,107,0.19,19.28,2023-10-29 00:00:00
7225,Winter,3.66,53.64,3.36,890.67,148,0.13,22.64,2023-10-29 01:00:00
7226,Winter,9.09,74.83,5.13,888.01,128,0.27,18.8,2023-10-29 02:00:00
7227,Winter,0.78,52.23,3.23,19.68,118,0.2,21.85,2023-10-29 03:00:00
7228,Winter,8.1,41.93,1.69,665.91,185,0.2,19.38,2023-10-29 04:00:00
7229,Winter,5.28,65.05,12.36,732.25,110,0.19,19.09,2023-10-29 05:00:00
7230,Winter,3.3,30.41,15.67,28.77,60,0.22,17.19,2023-10-29 06:00:00
7231,Winter,-4.36,71.75,2.11,661.92,136,0.21,15.27,2023-10-29 07:00:00
7232,Winter,7.78,58.51,18.88,710.91,15,0.26,7.68,2023-10-29 08:00:00
7233,Winter,1.31,79.59,9.41,951.78,9,0.17,16.27,2023-10-29 09:00:00
7234,Winter,-1.74,76.86,4.42,155.45,17,0.09,17.22,2023-10-29 10:00:00
7235,Winter,9.34,65.24,2.45,644.75,21,0.05,11.25,2023-10-29 11:00:00
7236,Winter,2.93,56.37,15.01,147.53,8,0.12,10.52,2023-10-29 12:00:00
7237,Winter,0.58,63.08,6.14,302.53,26,0.11,13.25,2023-10-29 13:00:00
7238,Winter,-4.13,41.32,11.38,544.69,25,0.1,20.16,2023-10-29 14:00:00
7239,Winter,-0.63,31.87,0.92,603.87,23,0.13,19.03,2023-10-29 15:00:00
7240,Winter,-2.0,36.05,6.56,742.89,14,0.1,11.96,2023-10-29 16:00:00
7241,Winter,8.48,78.48,5.08,342.81,18,0.13,11.38,2023-10-29 17:00:00
7242,Winter,-4.56,50.53,2.28,903.83,24,0.14,19.3,2023-10-29 18:00:00
7243,Winter,6.94,30.05,1.85,304.09,7,0.11,17.51,2023-10-29 19:00:00
7244,Winter,-0.56,69.71,15.91,57.51,14,0.1,17.26,2023-10-29 20:00:00
7245,Winter,2.96,69.81,13.68,562.34,181,0.28,22.33,2023-10-29 21:00:00
7246,Winter,-0.77,43.26,0.65,140.56,144,0.25,23.43,2023-10-29 22:00:00
7247,Winter,8.05,42.37,3.06,146.43,107,0.18,12.69,2023-10-29 23:00:00
7248,Winter,-2.84,59.78,14.64,135.35,147,0.18,24.33,2023-10-30 00:00:00
7249,Winter,6.95,63.22,13.29,972.56,73,0.27,10.47,2023-10-30 01:00:00
7250,Winter,8.99,74.43,17.57,551.97,191,0.21,17.82,2023-10-30 02:00:00
7251,Winter,6.41,57.64,3.13,125.08,168,0.17,16.26,2023-10-30 03:00:00
7252,Winter,-3.9,30.64,2.64,26.64,157,0.28,19.63,2023-10-30 04:00:00
7253,Winter,6.87,69.81,9.78,789.25,64,0.28,20.05,2023-10-30 05:00:00
7254,Winter,-3.89,42.48,7.58,198.37,56,0.11,21.19,2023-10-30 06:00:00
7255,Winter,9.24,63.6,12.12,880.67,85,0.19,18.27,2023-10-30 07:00:00
7256,Winter,8.16,67.23,11.57,338.09,20,0.24,14.28,2023-10-30 08:00:00
7257,Winter,-5.0,76.27,9.12,790.6,7,0.28,10.75,2023-10-30 09:00:00
7258,Winter,9.02,66.2,8.53,499.43,25,0.09,9.14,2023-10-30 10:00:00
7259,Winter,3.14,65.05,18.28,0.91,28,0.1,21.84,2023-10-30 11:00:00
7260,Winter,-0.43,33.36,12.5,680.81,8,0.13,13.53,2023-10-30 12:00:00
7261,Winter,-0.66,58.33,6.06,93.49,23,0.07,22.23,2023-10-30 13:00:00
7262,Winter,4.31,76.61,15.35,977.88,35,0.07,16.39,2023-10-30 14:00:00
7263,Winter,-2.9,75.63,13.2,878.15,28,0.1,12.01,2023-10-30 15:00:00
7264,Winter,-1.82,36.65,19.6,312.5,14,0.07,13.47,2023-10-30 16:00:00
7265,Winter,9.28,61.84,3.96,908.29,21,0.11,11.82,2023-10-30 17:00:00
7266,Winter,7.53,30.43,4.5,95.93,38,0.06,21.01,2023-10-30 18:00:00
7267,Winter,-2.62,57.54,9.73,522.71,36,0.06,17.7,2023-10-30 19:00:00
7268,Winter,2.66,34.03,1.63,129.89,35,0.07,14.96,2023-10-30 20:00:00
7269,Winter,6.78,31.87,12.93,314.85,44,0.21,15.39,2023-10-30 21:00:00
7270,Winter,6.61,31.24,6.44,999.74,26,0.14,14.31,2023-10-30 22:00:00
7271,Winter,-4.46,45.02,7.22,879.56,17,0.28,14.62,2023-10-30 23:00:00
7272,Winter,5.71,71.33,12.39,655.75,38,0.27,13.39,2023-10-31 00:00:00
7273,Winter,2.42,77.09,3.22,379.66,12,0.12,21.05,2023-10-31 01:00:00
7274,Winter,4.41,68.11,6.12,450.34,27,0.19,12.2,2023-10-31 02:00:00
7275,Winter,8.1,60.88,13.1,99.71,47,0.14,17.8,2023-10-31 03:00:00
7276,Winter,5.16,70.99,8.64,964.17,31,0.18,12.44,2023-10-31 04:00:00
7277,Winter,1.54,75.26,18.18,882.17,17,0.15,9.93,2023-10-31 05:00:00
7278,Winter,9.75,50.78,1.11,450.38,17,0.25,10.47,2023-10-31 06:00:00
7279,Winter,3.23,51.93,14.73,930.25,29,0.14,13.29,2023-10-31 07:00:00
7280,Winter,8.12,56.23,12.96,592.71,40,0.23,14.71,2023-10-31 08:00:00
7281,Winter,5.6,32.2,16.89,622.15,18,0.18,17.5,2023-10-31 09:00:00
7282,Winter,-0.39,44.99,18.97,16.33,49,0.14,15.37,2023-10-31 10:00:00
7283,Winter,-0.04,72.67,9.39,846.35,5,0.13,12.04,2023-10-31 11:00:00
7284,Winter,-0.97,32.4,14.09,749.42,39,0.14,19.66,2023-10-31 12:00:00
7285,Winter,9.31,46.05,2.49,786.9,45,0.15,19.39,2023-10-31 13:00:00
7286,Winter,9.22,41.25,3.7,819.14,25,0.07,18.79,2023-10-31 14:00:00
7287,Winter,-1.26,75.87,12.96,146.55,36,0.1,17.38,2023-10-31 15:00:00
7288,Winter,9.26,32.27,11.05,747.72,36,0.08,17.74,2023-10-31 16:00:00
7289,Winter,1.1,77.04,7.95,515.88,27,0.07,11.44,2023-10-31 17:00:00
7290,Winter,-3.85,66.15,3.72,994.59,49,0.13,21.6,2023-10-31 18:00:00
7291,Winter,2.04,63.64,11.09,693.89,42,0.14,15.31,2023-10-31 19:00:00
7292,Winter,-0.88,58.96,18.8,972.65,16,0.15,17.02,2023-10-31 20:00:00
7293,Winter,7.05,40.8,1.49,392.89,9,0.16,16.2,2023-10-31 21:00:00
7294,Winter,-2.91,33.14,10.31,888.39,39,0.15,20.73,2023-10-31 22:00:00
7295,Winter,9.71,51.62,15.93,704.65,43,0.29,15.36,2023-10-31 23:00:00
7296,Winter,7.28,52.97,10.16,706.3,30,0.12,11.24,2023-11-01 00:00:00
7297,Winter,6.63,53.17,17.47,376.13,32,0.1,19.32,2023-11-01 01:00:00
7298,Winter,-3.75,39.53,1.32,531.65,9,0.28,14.35,2023-11-01 02:00:00
7299,Winter,5.49,50.26,13.73,50.05,41,0.25,12.4,2023-11-01 03:00:00
7300,Winter,-3.65,41.72,10.42,628.36,29,0.21,19.6,2023-11-01 04:00:00
7301,Winter,1.58,45.03,6.51,592.43,37,0.14,11.14,2023-11-01 05:00:00
7302,Winter,8.67,79.99,13.05,258.79,36,0.11,11.05,2023-11-01 06:00:00
7303,Winter,-0.66,49.84,10.16,241.46,22,0.27,11.66,2023-11-01 07:00:00
7304,Winter,-4.74,41.45,15.34,437.33,36,0.27,20.3,2023-11-01 08:00:00
7305,Winter,3.36,53.76,17.62,659.51,20,0.16,15.61,2023-11-01 09:00:00
7306,Winter,-1.8,74.47,17.96,567.92,22,0.13,15.94,2023-11-01 10:00:00
7307,Winter,-4.41,79.24,17.15,161.66,29,0.14,16.39,2023-11-01 11:00:00
7308,Winter,1.59,57.39,0.6,280.59,20,0.06,10.27,2023-11-01 12:00:00
7309,Winter,4.43,35.2,15.18,898.5,15,0.11,19.35,2023-11-01 13:00:00
7310,Winter,1.53,36.17,7.12,746.5,24,0.09,20.27,2023-11-01 14:00:00
7311,Winter,5.19,45.88,6.04,179.86,19,0.06,11.57,2023-11-01 15:00:00
7312,Winter,-2.09,56.28,8.33,850.78,17,0.07,11.72,2023-11-01 16:00:00
7313,Winter,-0.11,45.21,11.8,6.22,14,0.09,15.36,2023-11-01 17:00:00
7314,Winter,2.49,76.68,10.3,293.22,26,0.05,16.01,2023-11-01 18:00:00
7315,Winter,8.6,73.48,19.21,969.82,21,0.12,9.86,2023-11-01 19:00:00
7316,Winter,5.52,30.98,4.9,622.97,5,0.11,19.23,2023-11-01 20:00:00
7317,Winter,4.03,53.99,0.26,19.03,93,0.27,23.9,2023-11-01 21:00:00
7318,Winter,6.41,41.54,2.99,278.31,173,0.12,24.47,2023-11-01 22:00:00
7319,Winter,-2.29,32.39,14.68,668.83,95,0.28,22.81,2023-11-01 23:00:00
7320,Winter,5.52,46.84,0.82,499.75,148,0.12,17.2,2023-11-02 00:00:00
7321,Winter,-2.75,69.1,12.35,567.15,198,0.26,17.57,2023-11-02 01:00:00
7322,Winter,1.31,72.97,16.64,9.35,197,0.29,16.41,2023-11-02 02:00:00
7323,Winter,-3.28,44.27,8.55,352.03,62,0.16,22.84,2023-11-02 03:00:00
7324,Winter,9.97,55.9,8.49,435.76,143,0.23,19.82,2023-11-02 04:00:00
7325,Winter,1.58,61.53,11.96,388.67,194,0.21,21.45,2023-11-02 05:00:00
7326,Winter,5.72,51.65,13.74,691.16,72,0.15,20.98,2023-11-02 06:00:00
7327,Winter,-2.8,46.75,16.53,357.16,103,0.13,23.48,2023-11-02 07:00:00
7328,Winter,4.22,40.87,16.56,319.12,29,0.1,17.22,2023-11-02 08:00:00
7329,Winter,4.1,67.12,4.46,911.11,15,0.22,16.34,2023-11-02 09:00:00
7330,Winter,8.33,64.25,7.17,762.28,14,0.12,11.57,2023-11-02 10:00:00
7331,Winter,1.78,42.77,16.29,940.05,27,0.07,16.94,2023-11-02 11:00:00
7332,Winter,1.32,35.98,8.42,155.67,19,0.08,14.0,2023-11-02 12:00:00
7333,Winter,9.2,49.06,12.48,155.09,24,0.09,20.56,2023-11-02 13:00:00
7334,Winter,-4.62,54.88,8.36,824.17,30,0.14,12.23,2023-11-02 14:00:00
7335,Winter,3.27,55.16,5.06,236.59,28,0.13,13.47,2023-11-02 15:00:00
7336,Winter,8.34,73.97,7.06,532.05,17,0.11,10.82,2023-11-02 16:00:00
7337,Winter,-1.09,42.16,13.02,447.99,20,0.11,14.68,2023-11-02 17:00:00
7338,Winter,7.95,57.82,15.42,853.91,24,0.11,15.11,2023-11-02 18:00:00
7339,Winter,-4.83,33.44,17.69,385.9,22,0.09,20.98,2023-11-02 19:00:00
7340,Winter,6.38,37.32,13.96,750.06,30,0.13,17.6,2023-11-02 20:00:00
7341,Winter,-2.01,48.76,4.5,211.25,67,0.14,15.44,2023-11-02 21:00:00
7342,Winter,9.7,40.33,16.97,171.66,104,0.17,19.78,2023-11-02 22:00:00
7343,Winter,-1.9,60.51,3.87,353.31,198,0.21,24.91,2023-11-02 23:00:00
7344,Winter,5.89,32.95,15.21,426.02,117,0.24,21.69,2023-11-03 00:00:00
7345,Winter,-1.84,72.77,13.8,838.88,191,0.2,17.19,2023-11-03 01:00:00
7346,Winter,4.19,66.83,0.78,316.01,61,0.13,18.72,2023-11-03 02:00:00
7347,Winter,2.47,41.87,10.4,177.49,124,0.24,24.41,2023-11-03 03:00:00
7348,Winter,7.16,78.12,1.64,502.58,65,0.26,14.02,2023-11-03 04:00:00
7349,Winter,-1.35,73.94,2.11,243.07,65,0.18,20.68,2023-11-03 05:00:00
7350,Winter,-0.5,40.46,19.41,612.73,60,0.24,19.07,2023-11-03 06:00:00
7351,Winter,-4.02,72.35,18.77,805.87,87,0.26,21.15,2023-11-03 07:00:00
7352,Winter,7.1,51.01,16.73,615.26,29,0.19,13.62,2023-11-03 08:00:00
7353,Winter,-2.29,63.84,10.35,590.79,26,0.28,20.59,2023-11-03 09:00:00
7354,Winter,6.29,63.2,10.04,670.32,17,0.1,18.21,2023-11-03 10:00:00
7355,Winter,2.52,65.41,16.61,33.56,26,0.1,16.07,2023-11-03 11:00:00
7356,Winter,-2.79,76.1,7.05,219.8,12,0.12,15.37,2023-11-03 12:00:00
7357,Winter,2.3,43.9,7.41,319.34,21,0.09,11.59,2023-11-03 13:00:00
7358,Winter,-3.02,39.33,1.82,669.67,29,0.09,15.04,2023-11-03 14:00:00
7359,Winter,-2.75,77.97,12.52,573.34,12,0.12,11.12,2023-11-03 15:00:00
7360,Winter,3.59,79.43,13.52,570.46,12,0.1,15.42,2023-11-03 16:00:00
7361,Winter,1.61,45.93,2.92,479.82,18,0.06,21.14,2023-11-03 17:00:00
7362,Winter,9.59,30.15,8.93,441.05,7,0.12,13.15,2023-11-03 18:00:00
7363,Winter,5.82,78.23,16.69,297.9,22,0.1,12.43,2023-11-03 19:00:00
7364,Winter,2.44,74.53,7.51,26.87,20,0.08,12.35,2023-11-03 20:00:00
7365,Winter,0.3,38.28,11.6,762.93,157,0.13,22.45,2023-11-03 21:00:00
7366,Winter,3.53,55.25,9.31,117.02,113,0.15,19.96,2023-11-03 22:00:00
7367,Winter,2.89,54.97,3.81,117.4,144,0.29,15.3,2023-11-03 23:00:00
7368,Winter,1.69,53.3,0.12,699.26,102,0.14,12.32,2023-11-04 00:00:00
7369,Winter,7.42,70.1,0.33,386.15,178,0.13,15.28,2023-11-04 01:00:00
7370,Winter,9.32,77.22,8.99,288.58,115,0.19,13.02,2023-11-04 02:00:00
7371,Winter,9.66,75.83,14.31,320.65,190,0.18,21.73,2023-11-04 03:00:00
7372,Winter,-2.79,67.98,0.89,873.93,68,0.15,18.59,2023-11-04 04:00:00
7373,Winter,8.45,79.12,10.07,344.66,149,0.15,17.51,2023-11-04 05:00:00
7374,Winter,3.27,60.65,7.34,502.33,77,0.17,19.53,2023-11-04 06:00:00
7375,Winter,0.28,50.56,11.75,581.54,187,0.1,25.81,2023-11-04 07:00:00
7376,Winter,1.6,59.71,5.56,142.13,26,0.27,22.36,2023-11-04 08:00:00
7377,Winter,-2.7,69.67,8.32,817.46,13,0.28,16.37,2023-11-04 09:00:00
7378,Winter,7.77,68.11,13.73,820.51,25,0.14,17.9,2023-11-04 10:00:00
7379,Winter,-4.85,45.68,1.42,730.91,30,0.09,19.23,2023-11-04 11:00:00
7380,Winter,2.65,63.5,1.66,303.12,16,0.12,15.21,2023-11-04 12:00:00
7381,Winter,1.39,60.73,12.29,424.55,19,0.08,10.42,2023-11-04 13:00:00
7382,Winter,3.04,46.03,4.43,417.97,24,0.14,17.12,2023-11-04 14:00:00
7383,Winter,-3.9,32.96,19.81,783.26,18,0.13,12.85,2023-11-04 15:00:00
7384,Winter,-4.67,71.09,15.11,186.23,16,0.05,13.48,2023-11-04 16:00:00
7385,Winter,6.94,70.49,17.39,282.0,26,0.07,16.56,2023-11-04 17:00:00
7386,Winter,0.41,68.88,11.87,425.48,18,0.07,11.57,2023-11-04 18:00:00
7387,Winter,-4.55,61.1,0.22,150.21,6,0.09,14.61,2023-11-04 19:00:00
7388,Winter,5.14,43.14,13.57,112.75,10,0.08,11.63,2023-11-04 20:00:00
7389,Winter,7.38,73.15,1.41,595.7,95,0.1,19.83,2023-11-04 21:00:00
7390,Winter,-3.36,72.01,14.24,253.43,96,0.29,24.11,2023-11-04 22:00:00
7391,Winter,-2.89,74.55,5.09,761.42,146,0.23,19.03,2023-11-04 23:00:00
7392,Winter,2.02,40.69,19.01,360.45,108,0.3,12.48,2023-11-05 00:00:00
7393,Winter,2.86,76.3,12.26,293.21,93,0.16,14.0,2023-11-05 01:00:00
7394,Winter,6.63,76.01,10.74,452.95,196,0.29,14.84,2023-11-05 02:00:00
7395,Winter,7.62,44.94,16.88,480.33,119,0.12,19.45,2023-11-05 03:00:00
7396,Winter,9.74,59.61,4.29,170.71,119,0.12,15.81,2023-11-05 04:00:00
7397,Winter,7.78,55.13,0.97,664.44,180,0.28,16.29,2023-11-05 05:00:00
7398,Winter,9.6,55.18,15.11,199.09,93,0.11,19.06,2023-11-05 06:00:00
7399,Winter,-4.75,46.81,0.03,383.62,82,0.21,19.0,2023-11-05 07:00:00
7400,Winter,-1.65,46.67,15.38,600.79,10,0.13,21.66,2023-11-05 08:00:00
7401,Winter,5.45,33.04,17.39,526.51,26,0.11,12.04,2023-11-05 09:00:00
7402,Winter,6.7,41.22,14.58,571.54,14,0.1,10.35,2023-11-05 10:00:00
7403,Winter,-2.64,66.1,19.94,201.88,18,0.08,15.94,2023-11-05 11:00:00
7404,Winter,-3.62,45.89,14.26,556.08,20,0.15,22.25,2023-11-05 12:00:00
7405,Winter,5.96,58.38,5.08,170.06,23,0.13,14.31,2023-11-05 13:00:00
7406,Winter,4.96,53.69,8.63,428.84,23,0.12,19.63,2023-11-05 14:00:00
7407,Winter,-3.93,40.6,14.91,861.14,24,0.07,12.15,2023-11-05 15:00:00
7408,Winter,-4.75,30.25,12.07,194.54,23,0.14,19.21,2023-11-05 16:00:00
7409,Winter,2.34,66.57,5.12,256.51,13,0.08,13.79,2023-11-05 17:00:00
7410,Winter,-4.65,74.95,13.67,522.01,24,0.13,19.16,2023-11-05 18:00:00
7411,Winter,8.44,44.51,19.76,793.67,19,0.06,11.11,2023-11-05 19:00:00
7412,Winter,3.16,63.08,17.69,757.79,10,0.06,18.16,2023-11-05 20:00:00
7413,Winter,6.76,31.96,2.9,642.28,175,0.27,12.08,2023-11-05 21:00:00
7414,Winter,-1.67,48.66,15.12,170.36,79,0.18,17.15,2023-11-05 22:00:00
7415,Winter,2.39,71.18,14.91,100.78,112,0.14,15.24,2023-11-05 23:00:00
7416,Winter,1.78,36.68,8.11,732.15,69,0.14,20.92,2023-11-06 00:00:00
7417,Winter,4.3,45.8,16.93,584.28,170,0.27,13.19,2023-11-06 01:00:00
7418,Winter,9.31,53.23,7.5,130.68,124,0.2,19.52,2023-11-06 02:00:00
7419,Winter,-0.71,73.02,6.49,181.05,190,0.15,24.59,2023-11-06 03:00:00
7420,Winter,0.46,70.09,12.5,379.85,114,0.16,19.74,2023-11-06 04:00:00
7421,Winter,1.9,77.62,8.0,786.75,140,0.15,18.82,2023-11-06 05:00:00
7422,Winter,-2.65,57.89,15.59,565.54,110,0.24,17.92,2023-11-06 06:00:00
7423,Winter,5.87,63.05,17.27,633.56,78,0.26,20.4,2023-11-06 07:00:00
7424,Winter,2.65,31.17,14.99,23.1,12,0.28,14.82,2023-11-06 08:00:00
7425,Winter,6.85,30.97,12.2,53.86,10,0.19,9.87,2023-11-06 09:00:00
7426,Winter,5.75,73.76,3.17,475.62,30,0.12,14.38,2023-11-06 10:00:00
7427,Winter,9.49,57.14,17.23,872.45,10,0.09,15.62,2023-11-06 11:00:00
7428,Winter,4.45,62.92,14.5,151.36,8,0.12,17.69,2023-11-06 12:00:00
7429,Winter,6.97,72.19,4.66,421.79,33,0.09,11.06,2023-11-06 13:00:00
7430,Winter,0.2,65.5,10.85,179.01,30,0.14,20.14,2023-11-06 14:00:00
7431,Winter,0.47,33.79,17.15,117.09,45,0.06,12.49,2023-11-06 15:00:00
7432,Winter,4.11,42.87,6.17,913.73,43,0.11,8.74,2023-11-06 16:00:00
7433,Winter,3.81,44.19,0.55,209.21,11,0.09,11.0,2023-11-06 17:00:00
7434,Winter,5.21,49.17,15.68,161.48,41,0.14,16.2,2023-11-06 18:00:00
7435,Winter,0.01,67.08,12.78,277.85,40,0.13,18.37,2023-11-06 19:00:00
7436,Winter,-3.63,57.65,9.73,511.54,21,0.05,15.83,2023-11-06 20:00:00
7437,Winter,1.49,46.55,1.62,668.4,42,0.16,10.06,2023-11-06 21:00:00
7438,Winter,7.17,64.15,12.79,123.53,21,0.12,21.16,2023-11-06 22:00:00
7439,Winter,-4.76,68.95,16.21,170.06,25,0.15,16.72,2023-11-06 23:00:00
7440,Winter,9.93,41.89,4.34,908.38,5,0.18,17.51,2023-11-07 00:00:00
7441,Winter,-3.19,42.73,6.1,681.68,32,0.16,20.48,2023-11-07 01:00:00
7442,Winter,-0.84,73.0,7.25,181.88,30,0.11,20.52,2023-11-07 02:00:00
7443,Winter,-3.65,72.68,13.03,40.66,20,0.22,13.05,2023-11-07 03:00:00
7444,Winter,-0.55,64.41,2.19,779.05,26,0.24,20.96,2023-11-07 04:00:00
7445,Winter,-1.15,34.19,10.71,213.01,20,0.29,17.41,2023-11-07 05:00:00
7446,Winter,0.49,75.49,0.41,174.65,20,0.11,18.96,2023-11-07 06:00:00
7447,Winter,2.87,52.23,5.37,62.35,42,0.22,21.27,2023-11-07 07:00:00
7448,Winter,-0.46,74.06,1.77,663.35,9,0.26,19.68,2023-11-07 08:00:00
7449,Winter,-2.18,53.01,10.02,423.17,26,0.28,17.28,2023-11-07 09:00:00
7450,Winter,-0.6,32.37,7.18,137.27,43,0.12,16.69,2023-11-07 10:00:00
7451,Winter,9.1,52.28,17.41,698.86,47,0.12,14.68,2023-11-07 11:00:00
7452,Winter,4.56,76.01,7.7,640.47,5,0.14,18.14,2023-11-07 12:00:00
7453,Winter,0.5,74.13,2.36,976.15,39,0.06,14.2,2023-11-07 13:00:00
7454,Winter,-2.08,58.2,12.36,627.24,28,0.13,16.11,2023-11-07 14:00:00
7455,Winter,-3.61,70.36,8.03,432.26,30,0.08,17.29,2023-11-07 15:00:00
7456,Winter,4.23,57.92,19.36,441.71,14,0.07,20.51,2023-11-07 16:00:00
7457,Winter,1.41,78.34,4.03,648.81,15,0.07,20.23,2023-11-07 17:00:00
7458,Winter,9.14,68.01,19.39,794.32,46,0.13,18.84,2023-11-07 18:00:00
7459,Winter,6.36,55.18,5.58,762.72,18,0.12,15.47,2023-11-07 19:00:00
7460,Winter,7.27,32.3,19.44,621.29,46,0.13,10.29,2023-11-07 20:00:00
7461,Winter,-3.1,35.76,7.47,370.26,17,0.1,22.47,2023-11-07 21:00:00
7462,Winter,1.65,49.04,16.35,716.59,15,0.28,13.46,2023-11-07 22:00:00
7463,Winter,1.23,49.14,7.29,480.92,31,0.11,19.08,2023-11-07 23:00:00
7464,Winter,-4.35,78.79,15.54,335.0,16,0.18,16.38,2023-11-08 00:00:00
7465,Winter,-2.73,54.83,2.91,687.75,50,0.26,13.9,2023-11-08 01:00:00
7466,Winter,-4.19,43.51,12.61,642.49,39,0.19,11.52,2023-11-08 02:00:00
7467,Winter,9.69,71.75,0.09,178.96,34,0.27,14.62,2023-11-08 03:00:00
7468,Winter,5.05,37.15,17.23,233.71,14,0.11,9.74,2023-11-08 04:00:00
7469,Winter,2.77,41.96,15.11,663.26,12,0.23,13.0,2023-11-08 05:00:00
7470,Winter,6.46,40.79,8.3,109.62,34,0.22,13.68,2023-11-08 06:00:00
7471,Winter,-3.5,53.4,14.18,313.79,17,0.16,16.34,2023-11-08 07:00:00
7472,Winter,-1.47,59.7,19.42,188.43,35,0.26,11.6,2023-11-08 08:00:00
7473,Winter,3.5,51.84,17.96,337.2,16,0.13,12.95,2023-11-08 09:00:00
7474,Winter,-2.59,35.69,16.69,166.08,16,0.14,16.19,2023-11-08 10:00:00
7475,Winter,-3.68,36.98,0.22,693.26,46,0.14,19.73,2023-11-08 11:00:00
7476,Winter,2.33,36.87,9.93,751.14,39,0.13,13.83,2023-11-08 12:00:00
7477,Winter,-3.09,72.51,15.09,929.97,19,0.09,20.96,2023-11-08 13:00:00
7478,Winter,1.95,72.24,4.4,668.46,24,0.13,17.17,2023-11-08 14:00:00
7479,Winter,-0.58,41.66,4.65,885.48,21,0.1,19.3,2023-11-08 15:00:00
7480,Winter,-4.45,41.65,10.05,862.84,27,0.05,13.3,2023-11-08 16:00:00
7481,Winter,5.68,31.93,14.5,65.92,30,0.07,15.71,2023-11-08 17:00:00
7482,Winter,6.86,57.9,10.44,349.79,6,0.08,15.83,2023-11-08 18:00:00
7483,Winter,-4.84,78.33,10.16,994.55,14,0.12,13.37,2023-11-08 19:00:00
7484,Winter,7.12,79.09,7.27,124.49,20,0.11,20.23,2023-11-08 20:00:00
7485,Winter,-3.41,44.74,2.66,280.44,184,0.19,23.21,2023-11-08 21:00:00
7486,Winter,7.12,74.81,18.17,726.95,185,0.26,12.21,2023-11-08 22:00:00
7487,Winter,5.28,44.52,12.39,37.89,78,0.12,13.65,2023-11-08 23:00:00
7488,Winter,-0.13,62.38,4.21,140.46,145,0.11,14.39,2023-11-09 00:00:00
7489,Winter,7.34,76.03,7.02,414.35,108,0.13,11.23,2023-11-09 01:00:00
7490,Winter,-3.5,65.32,7.79,795.16,110,0.26,18.56,2023-11-09 02:00:00
7491,Winter,-0.31,66.57,5.54,390.68,144,0.18,21.97,2023-11-09 03:00:00
7492,Winter,4.99,45.46,3.57,394.98,65,0.15,12.36,2023-11-09 04:00:00
7493,Winter,0.74,48.31,9.97,723.78,86,0.21,22.71,2023-11-09 05:00:00
7494,Winter,7.9,75.13,3.61,756.2,53,0.14,9.88,2023-11-09 06:00:00
7495,Winter,3.41,55.31,6.3,729.22,81,0.15,18.1,2023-11-09 07:00:00
7496,Winter,-0.49,78.04,13.04,899.51,22,0.22,12.07,2023-11-09 08:00:00
7497,Winter,3.7,43.55,6.45,57.75,26,0.2,22.06,2023-11-09 09:00:00
7498,Winter,-1.74,78.39,6.33,992.43,26,0.14,21.43,2023-11-09 10:00:00
7499,Winter,6.71,52.73,7.13,725.87,15,0.14,13.94,2023-11-09 11:00:00
7500,Winter,3.17,37.48,10.06,417.87,29,0.06,11.58,2023-11-09 12:00:00
7501,Winter,8.91,61.79,12.17,93.33,22,0.09,19.89,2023-11-09 13:00:00
7502,Winter,9.65,30.96,3.62,462.18,27,0.06,18.28,2023-11-09 14:00:00
7503,Winter,7.71,71.87,19.02,631.43,19,0.13,16.88,2023-11-09 15:00:00
7504,Winter,0.04,31.15,1.35,705.53,11,0.14,19.68,2023-11-09 16:00:00
7505,Winter,-1.37,40.77,13.95,393.95,30,0.07,15.67,2023-11-09 17:00:00
7506,Winter,6.07,78.26,13.46,178.77,29,0.05,19.08,2023-11-09 18:00:00
7507,Winter,2.85,51.36,15.5,31.89,29,0.1,14.85,2023-11-09 19:00:00
7508,Winter,9.42,48.12,16.86,575.07,6,0.14,14.64,2023-11-09 20:00:00
7509,Winter,3.49,72.69,4.55,231.68,120,0.25,21.81,2023-11-09 21:00:00
7510,Winter,-4.22,76.82,2.84,429.34,69,0.1,18.64,2023-11-09 22:00:00
7511,Winter,0.57,42.98,1.32,339.56,195,0.21,15.15,2023-11-09 23:00:00
7512,Winter,5.06,60.8,9.36,167.83,148,0.2,17.09,2023-11-10 00:00:00
7513,Winter,1.05,52.24,17.08,591.45,103,0.17,21.02,2023-11-10 01:00:00
7514,Winter,3.52,65.92,6.16,894.35,72,0.27,17.1,2023-11-10 02:00:00
7515,Winter,-1.82,58.47,0.15,571.11,116,0.23,21.28,2023-11-10 03:00:00
7516,Winter,7.75,52.36,18.54,786.98,94,0.19,14.22,2023-11-10 04:00:00
7517,Winter,8.54,56.0,16.19,299.19,105,0.12,21.66,2023-11-10 05:00:00
7518,Winter,1.86,57.84,16.31,785.95,198,0.14,14.72,2023-11-10 06:00:00
7519,Winter,-0.99,62.68,12.04,990.12,54,0.24,14.4,2023-11-10 07:00:00
7520,Winter,4.55,69.02,5.69,362.83,25,0.13,13.75,2023-11-10 08:00:00
7521,Winter,-1.5,46.5,14.81,343.63,8,0.22,16.14,2023-11-10 09:00:00
7522,Winter,0.76,58.08,4.1,51.84,25,0.14,21.85,2023-11-10 10:00:00
7523,Winter,4.02,63.22,6.22,866.33,23,0.14,10.57,2023-11-10 11:00:00
7524,Winter,8.86,51.22,6.47,658.04,6,0.11,13.15,2023-11-10 12:00:00
7525,Winter,4.58,73.79,1.25,684.07,15,0.06,12.76,2023-11-10 13:00:00
7526,Winter,9.78,76.01,11.78,555.76,18,0.12,14.26,2023-11-10 14:00:00
7527,Winter,9.99,39.33,18.27,372.35,22,0.09,19.02,2023-11-10 15:00:00
7528,Winter,2.14,61.45,15.4,68.74,15,0.07,22.25,2023-11-10 16:00:00
7529,Winter,-1.31,78.09,18.06,565.61,28,0.09,12.73,2023-11-10 17:00:00
7530,Winter,6.89,34.14,16.93,372.89,24,0.08,13.92,2023-11-10 18:00:00
7531,Winter,6.08,67.42,16.06,736.2,8,0.14,10.0,2023-11-10 19:00:00
7532,Winter,8.5,78.39,4.73,478.94,14,0.09,15.76,2023-11-10 20:00:00
7533,Winter,0.34,51.83,15.09,783.98,65,0.29,17.86,2023-11-10 21:00:00
7534,Winter,7.56,34.8,18.92,569.3,164,0.27,21.63,2023-11-10 22:00:00
7535,Winter,3.1,78.18,3.91,19.24,127,0.23,18.18,2023-11-10 23:00:00
7536,Winter,8.34,49.91,11.5,336.91,114,0.12,12.29,2023-11-11 00:00:00
7537,Winter,4.48,70.59,8.11,524.24,187,0.15,20.79,2023-11-11 01:00:00
7538,Winter,7.86,46.09,7.56,783.57,60,0.23,15.54,2023-11-11 02:00:00
7539,Winter,-3.33,67.36,17.91,900.21,100,0.12,23.49,2023-11-11 03:00:00
7540,Winter,9.77,34.08,16.76,239.34,160,0.16,13.93,2023-11-11 04:00:00
7541,Winter,4.49,66.83,2.12,159.3,130,0.2,12.81,2023-11-11 05:00:00
7542,Winter,-0.37,35.64,7.23,499.71,117,0.21,22.17,2023-11-11 06:00:00
7543,Winter,-2.76,62.58,19.45,454.93,142,0.25,17.4,2023-11-11 07:00:00
7544,Winter,5.68,73.89,11.22,103.97,11,0.15,19.1,2023-11-11 08:00:00
7545,Winter,-2.06,38.66,8.17,978.3,18,0.19,13.6,2023-11-11 09:00:00
7546,Winter,0.9,42.29,9.59,23.53,8,0.13,12.44,2023-11-11 10:00:00
7547,Winter,7.54,37.7,18.08,976.73,7,0.05,8.21,2023-11-11 11:00:00
7548,Winter,3.26,65.23,8.48,292.05,16,0.08,13.93,2023-11-11 12:00:00
7549,Winter,7.57,46.5,18.81,110.25,20,0.07,19.56,2023-11-11 13:00:00
7550,Winter,9.84,55.16,12.06,58.94,15,0.14,8.91,2023-11-11 14:00:00
7551,Winter,8.02,47.06,18.4,63.53,18,0.06,14.29,2023-11-11 15:00:00
7552,Winter,3.5,72.26,14.63,172.55,30,0.05,12.89,2023-11-11 16:00:00
7553,Winter,7.08,79.39,1.35,551.81,17,0.11,17.52,2023-11-11 17:00:00
7554,Winter,4.24,42.83,14.1,273.24,25,0.14,10.22,2023-11-11 18:00:00
7555,Winter,-3.58,56.06,11.75,687.67,11,0.08,10.51,2023-11-11 19:00:00
7556,Winter,2.04,51.57,19.68,344.66,10,0.14,13.53,2023-11-11 20:00:00
7557,Winter,4.11,59.98,18.31,380.49,131,0.24,20.46,2023-11-11 21:00:00
7558,Winter,8.77,55.81,5.89,15.92,134,0.22,19.27,2023-11-11 22:00:00
7559,Winter,-0.1,70.28,6.78,726.6,104,0.15,12.32,2023-11-11 23:00:00
7560,Winter,-0.74,56.38,3.6,28.52,146,0.23,22.85,2023-11-12 00:00:00
7561,Winter,9.35,65.43,9.08,656.49,74,0.26,10.84,2023-11-12 01:00:00
7562,Winter,8.72,54.0,17.22,391.46,129,0.26,13.11,2023-11-12 02:00:00
7563,Winter,-3.46,50.16,12.49,457.07,126,0.23,17.73,2023-11-12 03:00:00
7564,Winter,-1.11,59.73,1.87,725.74,78,0.13,11.6,2023-11-12 04:00:00
7565,Winter,-0.44,52.55,6.76,365.65,95,0.28,17.86,2023-11-12 05:00:00
7566,Winter,-4.77,33.25,15.24,198.48,130,0.25,20.04,2023-11-12 06:00:00
7567,Winter,8.28,69.51,16.67,271.03,82,0.28,15.85,2023-11-12 07:00:00
7568,Winter,-3.74,65.28,15.12,119.04,9,0.16,13.71,2023-11-12 08:00:00
7569,Winter,6.88,73.99,10.08,893.61,25,0.23,9.39,2023-11-12 09:00:00
7570,Winter,7.85,73.88,12.51,935.92,15,0.05,15.68,2023-11-12 10:00:00
7571,Winter,1.05,65.45,4.22,974.68,8,0.12,15.2,2023-11-12 11:00:00
7572,Winter,-2.5,45.8,3.51,193.61,6,0.05,16.3,2023-11-12 12:00:00
7573,Winter,-1.3,58.8,6.34,768.67,15,0.12,12.66,2023-11-12 13:00:00
7574,Winter,0.34,49.71,15.73,409.52,9,0.15,17.09,2023-11-12 14:00:00
7575,Winter,5.15,40.24,6.4,866.29,26,0.13,11.86,2023-11-12 15:00:00
7576,Winter,4.98,31.74,9.45,996.11,25,0.13,13.39,2023-11-12 16:00:00
7577,Winter,-1.45,78.22,8.47,79.85,25,0.13,21.8,2023-11-12 17:00:00
7578,Winter,-0.85,67.94,17.55,797.02,8,0.06,15.64,2023-11-12 18:00:00
7579,Winter,-0.04,76.97,16.78,222.41,10,0.1,20.54,2023-11-12 19:00:00
7580,Winter,-3.95,65.74,5.76,898.1,27,0.13,19.1,2023-11-12 20:00:00
7581,Winter,-2.85,41.04,4.94,510.48,185,0.16,21.36,2023-11-12 21:00:00
7582,Winter,-0.3,60.91,0.79,647.49,148,0.16,20.08,2023-11-12 22:00:00
7583,Winter,6.08,42.17,7.69,288.5,60,0.24,14.79,2023-11-12 23:00:00
7584,Winter,6.05,49.73,5.6,936.59,62,0.19,17.56,2023-11-13 00:00:00
7585,Winter,-3.84,73.66,13.93,590.85,174,0.14,25.17,2023-11-13 01:00:00
7586,Winter,7.94,42.65,0.46,578.14,60,0.29,16.41,2023-11-13 02:00:00
7587,Winter,-1.07,30.57,6.19,572.18,166,0.23,19.34,2023-11-13 03:00:00
7588,Winter,-3.11,72.52,11.13,504.11,140,0.16,22.88,2023-11-13 04:00:00
7589,Winter,2.16,75.31,19.0,164.77,164,0.21,19.37,2023-11-13 05:00:00
7590,Winter,-2.94,51.83,4.97,267.89,108,0.2,18.36,2023-11-13 06:00:00
7591,Winter,-2.02,47.62,1.58,982.17,177,0.13,19.49,2023-11-13 07:00:00
7592,Winter,6.01,45.45,7.97,431.7,23,0.21,12.67,2023-11-13 08:00:00
7593,Winter,9.97,60.82,11.45,196.71,14,0.15,11.42,2023-11-13 09:00:00
7594,Winter,7.53,34.51,11.21,834.81,23,0.08,14.54,2023-11-13 10:00:00
7595,Winter,8.13,52.23,18.91,192.75,30,0.1,17.8,2023-11-13 11:00:00
7596,Winter,3.81,55.85,12.82,473.64,27,0.07,14.38,2023-11-13 12:00:00
7597,Winter,-3.9,56.16,8.36,615.43,33,0.07,19.63,2023-11-13 13:00:00
7598,Winter,3.78,75.6,15.27,605.64,22,0.1,9.11,2023-11-13 14:00:00
7599,Winter,4.27,74.1,13.25,585.06,16,0.07,8.83,2023-11-13 15:00:00
7600,Winter,6.02,45.03,11.14,66.55,24,0.1,17.1,2023-11-13 16:00:00
7601,Winter,1.76,71.77,4.91,741.95,49,0.13,13.85,2023-11-13 17:00:00
7602,Winter,1.36,79.11,7.33,54.98,23,0.1,22.64,2023-11-13 18:00:00
7603,Winter,0.93,55.85,9.96,718.09,37,0.14,16.31,2023-11-13 19:00:00
7604,Winter,2.13,47.1,17.48,733.79,43,0.13,20.41,2023-11-13 20:00:00
7605,Winter,3.46,69.98,6.29,678.61,42,0.15,16.09,2023-11-13 21:00:00
7606,Winter,1.07,35.44,15.03,321.47,13,0.19,15.1,2023-11-13 22:00:00
7607,Winter,3.55,55.54,18.2,182.87,31,0.21,11.17,2023-11-13 23:00:00
7608,Winter,-3.5,32.23,19.34,245.55,50,0.14,23.19,2023-11-14 00:00:00
7609,Winter,3.97,70.92,9.74,704.08,20,0.15,11.05,2023-11-14 01:00:00
7610,Winter,6.8,46.77,0.36,457.56,8,0.11,8.65,2023-11-14 02:00:00
7611,Winter,-3.87,37.82,15.0,78.64,8,0.13,16.14,2023-11-14 03:00:00
7612,Winter,4.99,54.03,15.16,83.07,7,0.17,16.66,2023-11-14 04:00:00
7613,Winter,5.42,57.08,12.61,745.49,31,0.25,17.75,2023-11-14 05:00:00
7614,Winter,7.48,31.78,2.39,785.99,36,0.15,18.44,2023-11-14 06:00:00
7615,Winter,-0.69,68.15,0.95,769.36,32,0.23,18.98,2023-11-14 07:00:00
7616,Winter,-1.78,73.91,17.07,395.85,47,0.22,19.01,2023-11-14 08:00:00
7617,Winter,-2.84,76.28,0.88,855.36,38,0.14,13.16,2023-11-14 09:00:00
7618,Winter,9.09,35.06,17.68,421.22,17,0.13,9.53,2023-11-14 10:00:00
7619,Winter,9.42,38.41,7.22,708.92,11,0.13,9.42,2023-11-14 11:00:00
7620,Winter,7.57,35.18,9.48,598.31,36,0.12,12.48,2023-11-14 12:00:00
7621,Winter,1.37,65.7,6.12,882.12,30,0.06,17.1,2023-11-14 13:00:00
7622,Winter,9.58,41.29,3.58,54.16,6,0.05,18.29,2023-11-14 14:00:00
7623,Winter,4.76,53.87,1.2,587.9,12,0.11,10.72,2023-11-14 15:00:00
7624,Winter,5.08,56.84,11.35,13.0,38,0.08,12.23,2023-11-14 16:00:00
7625,Winter,-0.24,68.02,4.49,977.96,49,0.13,18.66,2023-11-14 17:00:00
7626,Winter,6.35,64.06,3.96,250.24,50,0.11,19.61,2023-11-14 18:00:00
7627,Winter,3.76,70.34,12.32,688.8,13,0.06,10.6,2023-11-14 19:00:00
7628,Winter,3.85,67.48,4.11,622.87,49,0.09,14.54,2023-11-14 20:00:00
7629,Winter,0.22,66.6,7.88,815.44,24,0.22,11.0,2023-11-14 21:00:00
7630,Winter,2.87,43.42,5.77,732.96,5,0.17,18.45,2023-11-14 22:00:00
7631,Winter,7.75,36.29,14.86,68.33,40,0.2,14.1,2023-11-14 23:00:00
7632,Winter,1.07,44.32,8.04,444.35,39,0.2,21.08,2023-11-15 00:00:00
7633,Winter,-4.6,51.67,17.84,931.18,42,0.16,13.37,2023-11-15 01:00:00
7634,Winter,-0.6,40.07,0.08,314.0,48,0.1,15.48,2023-11-15 02:00:00
7635,Winter,3.08,59.07,14.5,765.48,29,0.16,15.51,2023-11-15 03:00:00
7636,Winter,2.45,52.92,15.5,398.13,37,0.29,15.57,2023-11-15 04:00:00
7637,Winter,-2.66,40.48,3.91,635.48,48,0.26,22.87,2023-11-15 05:00:00
7638,Winter,8.06,61.12,13.41,861.19,48,0.24,19.92,2023-11-15 06:00:00
7639,Winter,-1.76,76.01,0.01,547.19,6,0.24,13.83,2023-11-15 07:00:00
7640,Winter,1.15,44.07,14.39,316.59,41,0.3,12.67,2023-11-15 08:00:00
7641,Winter,4.29,54.44,13.24,731.74,48,0.16,16.39,2023-11-15 09:00:00
7642,Winter,4.34,61.56,5.42,138.08,46,0.13,11.54,2023-11-15 10:00:00
7643,Winter,9.86,35.85,4.44,172.59,41,0.15,12.77,2023-11-15 11:00:00
7644,Winter,6.62,41.49,7.2,819.96,5,0.06,15.37,2023-11-15 12:00:00
7645,Winter,7.23,64.77,10.03,689.49,10,0.09,14.58,2023-11-15 13:00:00
7646,Winter,0.34,73.09,14.6,146.43,19,0.08,16.87,2023-11-15 14:00:00
7647,Winter,5.11,37.75,4.55,66.96,9,0.13,16.55,2023-11-15 15:00:00
7648,Winter,-1.4,74.39,6.87,702.02,30,0.08,19.63,2023-11-15 16:00:00
7649,Winter,3.62,74.73,10.7,750.28,27,0.11,12.11,2023-11-15 17:00:00
7650,Winter,1.5,40.63,14.52,682.46,5,0.11,15.44,2023-11-15 18:00:00
7651,Winter,-4.05,34.4,1.67,138.83,26,0.08,19.72,2023-11-15 19:00:00
7652,Winter,9.02,57.37,8.12,492.68,15,0.11,16.65,2023-11-15 20:00:00
7653,Winter,0.69,49.13,17.06,766.3,118,0.17,21.45,2023-11-15 21:00:00
7654,Winter,5.37,38.62,10.31,46.98,54,0.22,16.83,2023-11-15 22:00:00
7655,Winter,2.47,61.89,19.77,871.88,66,0.25,17.76,2023-11-15 23:00:00
7656,Winter,-0.21,54.01,10.98,585.54,96,0.11,20.56,2023-11-16 00:00:00
7657,Winter,-2.74,33.57,14.32,19.79,70,0.18,17.59,2023-11-16 01:00:00
7658,Winter,6.86,70.47,18.04,128.54,70,0.28,16.07,2023-11-16 02:00:00
7659,Winter,1.23,46.38,19.66,972.04,50,0.21,10.59,2023-11-16 03:00:00
7660,Winter,8.18,47.99,11.03,750.73,172,0.26,14.8,2023-11-16 04:00:00
7661,Winter,1.39,46.04,12.78,311.78,178,0.22,17.58,2023-11-16 05:00:00
7662,Winter,6.19,46.78,9.6,350.73,126,0.23,20.6,2023-11-16 06:00:00
7663,Winter,9.45,79.5,0.13,911.78,134,0.23,12.85,2023-11-16 07:00:00
7664,Winter,-3.41,43.78,16.29,45.4,23,0.22,18.64,2023-11-16 08:00:00
7665,Winter,2.18,42.07,16.29,518.73,26,0.15,15.25,2023-11-16 09:00:00
7666,Winter,6.37,54.3,2.66,675.34,28,0.15,19.51,2023-11-16 10:00:00
7667,Winter,0.64,57.02,5.9,465.22,17,0.07,20.88,2023-11-16 11:00:00
7668,Winter,1.27,47.75,11.69,990.31,27,0.07,19.06,2023-11-16 12:00:00
7669,Winter,-0.37,31.53,4.6,312.36,15,0.1,20.07,2023-11-16 13:00:00
7670,Winter,1.13,57.38,14.57,708.08,12,0.12,20.35,2023-11-16 14:00:00
7671,Winter,-2.39,61.9,19.07,844.22,7,0.08,15.64,2023-11-16 15:00:00
7672,Winter,1.85,70.95,1.8,251.97,23,0.07,21.7,2023-11-16 16:00:00
7673,Winter,3.8,46.56,3.55,97.34,8,0.07,13.79,2023-11-16 17:00:00
7674,Winter,6.63,79.79,9.24,225.59,13,0.09,20.53,2023-11-16 18:00:00
7675,Winter,-0.02,41.91,1.9,929.59,30,0.1,19.96,2023-11-16 19:00:00
7676,Winter,2.01,55.32,10.54,830.07,5,0.06,16.53,2023-11-16 20:00:00
7677,Winter,3.41,71.15,13.73,141.0,143,0.3,24.36,2023-11-16 21:00:00
7678,Winter,6.32,67.39,18.37,224.13,165,0.23,17.05,2023-11-16 22:00:00
7679,Winter,2.19,45.9,2.7,784.34,183,0.14,21.17,2023-11-16 23:00:00
7680,Winter,-4.95,35.79,17.64,708.82,78,0.26,13.7,2023-11-17 00:00:00
7681,Winter,2.67,77.61,0.73,407.05,90,0.15,20.88,2023-11-17 01:00:00
7682,Winter,4.76,30.03,19.78,976.76,77,0.18,19.35,2023-11-17 02:00:00
7683,Winter,7.42,52.29,12.91,690.95,86,0.19,13.36,2023-11-17 03:00:00
7684,Winter,-4.24,51.8,16.53,227.11,156,0.16,24.35,2023-11-17 04:00:00
7685,Winter,4.57,47.33,4.57,80.36,94,0.23,12.53,2023-11-17 05:00:00
7686,Winter,3.34,54.57,13.68,836.38,116,0.14,18.86,2023-11-17 06:00:00
7687,Winter,2.03,35.43,18.1,159.47,180,0.19,18.72,2023-11-17 07:00:00
7688,Winter,7.09,78.8,10.02,333.09,16,0.22,20.16,2023-11-17 08:00:00
7689,Winter,-3.54,57.01,8.72,25.51,16,0.14,21.32,2023-11-17 09:00:00
7690,Winter,-2.92,61.38,9.41,582.37,9,0.15,14.93,2023-11-17 10:00:00
7691,Winter,4.54,31.04,14.88,916.16,22,0.13,9.48,2023-11-17 11:00:00
7692,Winter,1.37,48.75,18.0,861.79,14,0.12,18.98,2023-11-17 12:00:00
7693,Winter,6.38,79.34,1.85,811.73,18,0.05,11.48,2023-11-17 13:00:00
7694,Winter,2.85,35.49,9.19,548.04,16,0.11,20.16,2023-11-17 14:00:00
7695,Winter,-2.01,53.87,6.48,446.03,29,0.05,16.04,2023-11-17 15:00:00
7696,Winter,-3.58,77.42,2.03,900.76,7,0.06,12.68,2023-11-17 16:00:00
7697,Winter,-1.74,33.91,2.9,495.16,14,0.07,14.59,2023-11-17 17:00:00
7698,Winter,-2.89,35.46,17.66,566.89,16,0.08,17.68,2023-11-17 18:00:00
7699,Winter,3.64,65.11,1.47,164.63,29,0.07,13.11,2023-11-17 19:00:00
7700,Winter,-3.34,38.29,12.71,922.62,14,0.08,19.13,2023-11-17 20:00:00
7701,Winter,8.07,73.03,7.21,409.56,174,0.16,17.48,2023-11-17 21:00:00
7702,Winter,-1.09,67.27,2.82,868.63,126,0.15,18.73,2023-11-17 22:00:00
7703,Winter,5.53,71.44,11.54,643.56,143,0.1,17.61,2023-11-17 23:00:00
7704,Winter,8.14,32.96,11.06,817.93,162,0.3,20.72,2023-11-18 00:00:00
7705,Winter,3.83,35.44,8.39,100.63,182,0.17,20.03,2023-11-18 01:00:00
7706,Winter,4.81,39.16,12.19,120.07,160,0.13,18.0,2023-11-18 02:00:00
7707,Winter,1.22,43.9,16.77,532.75,84,0.19,11.4,2023-11-18 03:00:00
7708,Winter,1.99,76.69,8.85,252.93,134,0.12,23.45,2023-11-18 04:00:00
7709,Winter,8.96,51.93,8.03,680.47,144,0.13,19.63,2023-11-18 05:00:00
7710,Winter,-0.92,53.53,17.42,566.34,83,0.17,16.11,2023-11-18 06:00:00
7711,Winter,8.09,68.62,13.69,757.33,187,0.15,11.57,2023-11-18 07:00:00
7712,Winter,9.24,57.56,0.03,811.86,14,0.16,14.84,2023-11-18 08:00:00
7713,Winter,-2.05,79.38,6.02,818.44,6,0.27,13.01,2023-11-18 09:00:00
7714,Winter,-0.42,47.97,13.88,388.42,19,0.06,16.6,2023-11-18 10:00:00
7715,Winter,-2.95,66.95,19.85,895.54,21,0.14,17.16,2023-11-18 11:00:00
7716,Winter,2.92,37.93,14.29,292.61,26,0.13,18.24,2023-11-18 12:00:00
7717,Winter,-0.26,61.98,5.85,909.2,7,0.05,11.74,2023-11-18 13:00:00
7718,Winter,0.68,74.51,19.2,595.82,30,0.12,15.96,2023-11-18 14:00:00
7719,Winter,0.17,31.15,15.02,35.96,19,0.05,12.83,2023-11-18 15:00:00
7720,Winter,-0.99,53.0,18.96,737.76,30,0.08,14.87,2023-11-18 16:00:00
7721,Winter,-2.33,41.04,15.35,576.15,13,0.12,15.94,2023-11-18 17:00:00
7722,Winter,6.51,51.66,9.79,70.79,11,0.1,17.5,2023-11-18 18:00:00
7723,Winter,0.93,59.21,0.25,209.05,20,0.13,19.02,2023-11-18 19:00:00
7724,Winter,-3.41,47.54,8.45,800.19,17,0.07,19.17,2023-11-18 20:00:00
7725,Winter,-1.64,30.61,13.65,621.87,94,0.12,17.75,2023-11-18 21:00:00
7726,Winter,-1.06,76.71,19.66,700.43,199,0.16,14.87,2023-11-18 22:00:00
7727,Winter,7.66,35.88,19.13,926.35,50,0.14,12.04,2023-11-18 23:00:00
7728,Winter,8.99,71.59,1.85,421.02,167,0.29,20.68,2023-11-19 00:00:00
7729,Winter,-4.25,71.36,15.1,445.58,62,0.21,18.08,2023-11-19 01:00:00
7730,Winter,-1.45,44.07,9.75,745.28,173,0.28,21.46,2023-11-19 02:00:00
7731,Winter,2.44,65.97,9.02,771.25,51,0.21,17.88,2023-11-19 03:00:00
7732,Winter,0.67,55.0,8.54,543.41,68,0.27,20.69,2023-11-19 04:00:00
7733,Winter,-1.65,78.53,11.05,622.34,64,0.12,15.84,2023-11-19 05:00:00
7734,Winter,7.99,39.44,1.0,124.12,133,0.1,22.63,2023-11-19 06:00:00
7735,Winter,-0.93,73.52,5.52,301.07,181,0.22,23.68,2023-11-19 07:00:00
7736,Winter,-3.78,64.73,12.89,465.86,28,0.19,20.18,2023-11-19 08:00:00
7737,Winter,6.63,59.31,16.83,96.03,11,0.22,14.37,2023-11-19 09:00:00
7738,Winter,7.49,72.9,1.44,283.42,21,0.07,19.13,2023-11-19 10:00:00
7739,Winter,-4.18,68.96,10.99,108.02,23,0.07,13.49,2023-11-19 11:00:00
7740,Winter,1.93,50.22,16.27,985.1,26,0.06,18.28,2023-11-19 12:00:00
7741,Winter,0.28,61.2,13.6,91.33,15,0.1,13.71,2023-11-19 13:00:00
7742,Winter,1.15,57.29,8.67,415.42,14,0.07,20.04,2023-11-19 14:00:00
7743,Winter,1.11,69.09,5.16,664.05,5,0.1,11.72,2023-11-19 15:00:00
7744,Winter,3.53,34.99,7.28,165.48,7,0.09,15.61,2023-11-19 16:00:00
7745,Winter,6.43,54.62,10.03,390.66,16,0.06,18.59,2023-11-19 17:00:00
7746,Winter,9.53,54.65,5.8,873.96,30,0.12,10.36,2023-11-19 18:00:00
7747,Winter,0.81,30.25,15.96,996.08,8,0.07,17.05,2023-11-19 19:00:00
7748,Winter,1.82,34.24,10.13,439.79,24,0.1,15.51,2023-11-19 20:00:00
7749,Winter,-1.47,48.07,15.21,137.17,156,0.16,26.13,2023-11-19 21:00:00
7750,Winter,0.9,79.01,1.56,949.09,119,0.26,19.73,2023-11-19 22:00:00
7751,Winter,-0.11,48.55,1.17,194.97,130,0.3,19.03,2023-11-19 23:00:00
7752,Winter,-3.09,78.11,12.22,411.69,180,0.13,18.64,2023-11-20 00:00:00
7753,Winter,7.34,60.18,1.6,913.42,156,0.26,13.69,2023-11-20 01:00:00
7754,Winter,5.46,38.05,17.77,612.14,181,0.14,12.91,2023-11-20 02:00:00
7755,Winter,4.88,59.77,16.57,522.82,132,0.12,20.36,2023-11-20 03:00:00
7756,Winter,4.4,31.47,14.02,22.1,88,0.16,18.91,2023-11-20 04:00:00
7757,Winter,4.56,75.06,12.4,939.42,59,0.27,15.05,2023-11-20 05:00:00
7758,Winter,-3.94,67.41,1.9,736.72,154,0.2,22.54,2023-11-20 06:00:00
7759,Winter,-3.15,71.17,4.19,303.64,101,0.22,22.69,2023-11-20 07:00:00
7760,Winter,7.5,74.15,6.34,882.94,27,0.29,16.06,2023-11-20 08:00:00
7761,Winter,-4.23,59.74,10.38,340.06,21,0.26,18.54,2023-11-20 09:00:00
7762,Winter,9.89,34.3,1.76,889.45,14,0.13,8.0,2023-11-20 10:00:00
7763,Winter,8.81,70.06,10.6,987.32,5,0.14,16.36,2023-11-20 11:00:00
7764,Winter,7.43,33.99,18.17,352.07,15,0.11,18.39,2023-11-20 12:00:00
7765,Winter,-2.56,46.3,8.51,331.76,24,0.12,13.69,2023-11-20 13:00:00
7766,Winter,8.84,34.79,12.89,625.23,43,0.08,16.8,2023-11-20 14:00:00
7767,Winter,2.84,33.33,5.26,448.63,32,0.08,11.11,2023-11-20 15:00:00
7768,Winter,-2.01,52.88,14.47,719.44,18,0.07,18.92,2023-11-20 16:00:00
7769,Winter,3.97,39.32,15.74,695.75,36,0.08,11.16,2023-11-20 17:00:00
7770,Winter,-0.79,36.66,5.05,681.58,28,0.1,16.27,2023-11-20 18:00:00
7771,Winter,-3.17,35.74,3.54,789.88,36,0.12,21.72,2023-11-20 19:00:00
7772,Winter,1.31,31.76,17.32,511.16,9,0.13,20.66,2023-11-20 20:00:00
7773,Winter,2.97,32.59,16.83,207.49,43,0.2,14.6,2023-11-20 21:00:00
7774,Winter,2.27,78.63,1.8,847.68,19,0.23,10.5,2023-11-20 22:00:00
7775,Winter,-2.94,58.8,15.6,545.02,18,0.29,12.89,2023-11-20 23:00:00
7776,Winter,8.6,73.62,1.31,20.5,34,0.24,20.69,2023-11-21 00:00:00
7777,Winter,7.07,46.6,0.45,297.62,19,0.11,19.09,2023-11-21 01:00:00
7778,Winter,4.03,62.58,17.94,85.25,23,0.12,11.38,2023-11-21 02:00:00
7779,Winter,-3.35,51.48,18.84,792.24,41,0.18,14.97,2023-11-21 03:00:00
7780,Winter,-1.82,39.17,16.97,801.6,40,0.16,14.65,2023-11-21 04:00:00
7781,Winter,6.45,42.33,19.54,529.02,48,0.16,12.83,2023-11-21 05:00:00
7782,Winter,-1.13,31.91,5.35,11.27,28,0.16,17.05,2023-11-21 06:00:00
7783,Winter,7.07,77.29,9.7,148.71,30,0.16,12.36,2023-11-21 07:00:00
7784,Winter,-0.8,59.64,18.73,894.67,27,0.1,11.73,2023-11-21 08:00:00
7785,Winter,-3.4,31.19,17.99,264.87,28,0.27,21.72,2023-11-21 09:00:00
7786,Winter,5.12,52.29,14.53,241.12,7,0.11,19.8,2023-11-21 10:00:00
7787,Winter,4.63,34.31,9.38,892.75,9,0.09,17.31,2023-11-21 11:00:00
7788,Winter,6.75,30.35,7.55,816.83,18,0.15,13.56,2023-11-21 12:00:00
7789,Winter,6.46,46.37,1.53,770.88,29,0.07,13.26,2023-11-21 13:00:00
7790,Winter,8.22,48.24,5.96,304.61,5,0.08,16.86,2023-11-21 14:00:00
7791,Winter,8.95,78.88,5.72,89.49,27,0.12,15.02,2023-11-21 15:00:00
7792,Winter,9.76,47.14,2.9,202.89,43,0.14,11.25,2023-11-21 16:00:00
7793,Winter,-1.03,44.55,6.04,909.66,16,0.07,18.83,2023-11-21 17:00:00
7794,Winter,0.1,30.15,5.98,838.45,36,0.05,15.27,2023-11-21 18:00:00
7795,Winter,2.37,44.34,17.53,776.92,17,0.09,11.08,2023-11-21 19:00:00
7796,Winter,0.45,71.76,17.74,712.37,26,0.12,16.06,2023-11-21 20:00:00
7797,Winter,4.15,75.83,6.83,472.44,23,0.16,10.99,2023-11-21 21:00:00
7798,Winter,-2.2,38.51,15.38,551.86,46,0.27,20.15,2023-11-21 22:00:00
7799,Winter,2.78,57.65,8.82,188.08,20,0.25,10.86,2023-11-21 23:00:00
7800,Winter,3.51,43.35,17.28,233.78,36,0.19,15.45,2023-11-22 00:00:00
7801,Winter,7.09,39.12,13.59,287.49,18,0.23,17.58,2023-11-22 01:00:00
7802,Winter,2.16,74.76,11.1,522.98,41,0.18,16.29,2023-11-22 02:00:00
7803,Winter,-4.1,58.15,1.01,63.02,46,0.15,13.97,2023-11-22 03:00:00
7804,Winter,0.36,31.56,10.1,405.68,42,0.19,17.47,2023-11-22 04:00:00
7805,Winter,-2.12,32.27,0.56,281.06,47,0.17,18.0,2023-11-22 05:00:00
7806,Winter,8.65,59.89,0.74,132.54,42,0.28,10.52,2023-11-22 06:00:00
7807,Winter,-0.57,73.73,16.25,757.74,39,0.3,21.42,2023-11-22 07:00:00
7808,Winter,0.38,76.59,5.04,778.13,28,0.27,9.62,2023-11-22 08:00:00
7809,Winter,-0.3,53.4,2.7,34.11,28,0.3,12.12,2023-11-22 09:00:00
7810,Winter,9.88,47.79,16.55,845.13,31,0.06,18.95,2023-11-22 10:00:00
7811,Winter,9.87,32.54,0.95,200.45,32,0.15,13.64,2023-11-22 11:00:00
7812,Winter,2.76,41.53,4.23,859.28,32,0.07,20.39,2023-11-22 12:00:00
7813,Winter,-4.29,35.24,10.33,540.89,30,0.05,18.29,2023-11-22 13:00:00
7814,Winter,-2.56,35.88,11.42,773.79,9,0.1,19.53,2023-11-22 14:00:00
7815,Winter,1.2,75.19,2.83,209.74,24,0.08,16.28,2023-11-22 15:00:00
7816,Winter,4.71,35.28,13.78,209.93,5,0.06,11.45,2023-11-22 16:00:00
7817,Winter,-0.84,34.62,2.17,811.95,20,0.1,11.61,2023-11-22 17:00:00
7818,Winter,1.13,69.56,17.18,591.24,22,0.07,17.13,2023-11-22 18:00:00
7819,Winter,6.49,68.01,2.99,762.07,28,0.08,8.89,2023-11-22 19:00:00
7820,Winter,6.96,54.23,2.93,168.44,28,0.07,10.96,2023-11-22 20:00:00
7821,Winter,9.81,71.56,17.26,823.11,123,0.23,19.78,2023-11-22 21:00:00
7822,Winter,-1.26,55.29,13.95,475.99,59,0.21,19.4,2023-11-22 22:00:00
7823,Winter,9.11,76.59,9.1,841.47,58,0.19,10.43,2023-11-22 23:00:00
7824,Winter,-4.98,73.94,18.96,803.75,81,0.11,22.25,2023-11-23 00:00:00
7825,Winter,9.24,66.08,6.5,399.53,116,0.26,15.64,2023-11-23 01:00:00
7826,Winter,4.14,47.64,4.29,62.03,76,0.3,12.72,2023-11-23 02:00:00
7827,Winter,-4.12,72.19,10.17,985.16,168,0.17,16.67,2023-11-23 03:00:00
7828,Winter,8.47,48.74,16.69,623.41,145,0.28,21.78,2023-11-23 04:00:00
7829,Winter,-2.1,36.59,15.26,180.27,100,0.21,13.31,2023-11-23 05:00:00
7830,Winter,-2.23,57.41,19.21,974.42,190,0.27,22.8,2023-11-23 06:00:00
7831,Winter,-4.17,32.93,18.33,445.78,172,0.28,21.6,2023-11-23 07:00:00
7832,Winter,-3.12,60.31,11.25,998.48,25,0.14,15.73,2023-11-23 08:00:00
7833,Winter,1.04,62.22,10.03,847.39,29,0.15,12.53,2023-11-23 09:00:00
7834,Winter,8.16,61.34,5.56,406.66,18,0.07,15.46,2023-11-23 10:00:00
7835,Winter,1.97,71.97,18.32,425.84,12,0.12,11.68,2023-11-23 11:00:00
7836,Winter,-0.07,37.41,11.48,616.1,7,0.05,19.36,2023-11-23 12:00:00
7837,Winter,7.39,32.16,9.8,584.45,20,0.12,12.63,2023-11-23 13:00:00
7838,Winter,-2.96,58.31,8.49,99.47,19,0.1,12.79,2023-11-23 14:00:00
7839,Winter,3.04,70.4,19.01,180.07,23,0.12,11.31,2023-11-23 15:00:00
7840,Winter,1.59,43.69,7.57,599.25,13,0.09,16.81,2023-11-23 16:00:00
7841,Winter,6.2,63.92,8.25,451.9,24,0.09,13.93,2023-11-23 17:00:00
7842,Winter,7.49,50.14,0.15,197.87,23,0.1,17.37,2023-11-23 18:00:00
7843,Winter,6.79,34.6,10.76,168.81,22,0.07,14.2,2023-11-23 19:00:00
7844,Winter,3.27,72.91,1.29,375.3,16,0.1,10.32,2023-11-23 20:00:00
7845,Winter,-0.36,45.0,12.81,423.41,195,0.19,15.06,2023-11-23 21:00:00
7846,Winter,-2.83,73.44,14.77,138.92,140,0.22,21.71,2023-11-23 22:00:00
7847,Winter,2.54,43.17,12.2,552.2,178,0.26,13.47,2023-11-23 23:00:00
7848,Winter,5.51,65.39,4.92,747.28,101,0.14,11.24,2023-11-24 00:00:00
7849,Winter,7.02,69.79,14.31,268.99,83,0.19,12.04,2023-11-24 01:00:00
7850,Winter,-4.64,31.42,5.43,936.06,166,0.26,23.05,2023-11-24 02:00:00
7851,Winter,-3.56,77.46,1.19,710.66,72,0.13,20.1,2023-11-24 03:00:00
7852,Winter,5.75,73.82,8.58,844.09,100,0.3,11.63,2023-11-24 04:00:00
7853,Winter,-2.23,63.33,6.13,570.58,74,0.18,17.68,2023-11-24 05:00:00
7854,Winter,4.94,58.74,4.53,131.31,167,0.21,24.95,2023-11-24 06:00:00
7855,Winter,1.11,53.7,18.05,240.75,121,0.12,22.03,2023-11-24 07:00:00
7856,Winter,9.47,39.7,10.49,276.33,12,0.18,10.43,2023-11-24 08:00:00
7857,Winter,2.83,44.23,7.89,807.24,11,0.23,11.99,2023-11-24 09:00:00
7858,Winter,9.38,38.5,17.29,949.67,9,0.12,10.19,2023-11-24 10:00:00
7859,Winter,8.39,62.27,10.75,746.18,12,0.11,9.18,2023-11-24 11:00:00
7860,Winter,-1.85,39.48,1.15,891.5,21,0.06,15.02,2023-11-24 12:00:00
7861,Winter,3.01,30.13,3.35,665.18,22,0.14,11.38,2023-11-24 13:00:00
7862,Winter,2.89,71.79,3.57,736.84,6,0.09,9.49,2023-11-24 14:00:00
7863,Winter,6.23,53.97,17.85,817.41,24,0.09,8.37,2023-11-24 15:00:00
7864,Winter,6.41,63.66,7.47,710.29,19,0.13,11.36,2023-11-24 16:00:00
7865,Winter,1.1,34.27,16.81,452.65,19,0.11,21.31,2023-11-24 17:00:00
7866,Winter,5.55,72.02,5.84,352.09,26,0.1,12.51,2023-11-24 18:00:00
7867,Winter,1.52,70.02,14.6,308.9,5,0.07,13.52,2023-11-24 19:00:00
7868,Winter,1.56,59.6,12.16,732.13,9,0.12,10.81,2023-11-24 20:00:00
7869,Winter,8.26,57.12,10.55,760.66,190,0.14,19.9,2023-11-24 21:00:00
7870,Winter,6.88,38.4,10.76,851.38,154,0.26,16.57,2023-11-24 22:00:00
7871,Winter,6.8,62.41,5.07,181.31,92,0.22,15.11,2023-11-24 23:00:00
7872,Winter,-0.11,60.72,17.71,957.09,189,0.18,13.1,2023-11-25 00:00:00
7873,Winter,4.55,76.59,18.57,670.0,180,0.3,22.1,2023-11-25 01:00:00
7874,Winter,6.39,71.13,16.76,360.61,116,0.11,17.02,2023-11-25 02:00:00
7875,Winter,0.16,33.77,7.68,736.18,161,0.2,19.54,2023-11-25 03:00:00
7876,Winter,2.87,52.76,12.11,664.78,128,0.22,19.64,2023-11-25 04:00:00
7877,Winter,-4.41,37.83,0.18,621.59,58,0.21,21.44,2023-11-25 05:00:00
7878,Winter,6.06,53.41,8.61,29.3,120,0.18,18.86,2023-11-25 06:00:00
7879,Winter,7.58,59.55,2.68,50.28,180,0.18,20.18,2023-11-25 07:00:00
7880,Winter,8.07,78.99,1.75,29.94,12,0.17,19.6,2023-11-25 08:00:00
7881,Winter,7.09,30.89,14.48,946.39,9,0.12,18.95,2023-11-25 09:00:00
7882,Winter,1.96,59.37,9.66,441.99,17,0.06,10.66,2023-11-25 10:00:00
7883,Winter,-4.35,39.61,11.59,717.1,13,0.07,13.9,2023-11-25 11:00:00
7884,Winter,8.79,43.28,10.9,316.08,19,0.09,10.25,2023-11-25 12:00:00
7885,Winter,-4.02,59.18,18.58,292.7,9,0.05,23.01,2023-11-25 13:00:00
7886,Winter,-3.94,39.69,8.77,809.72,10,0.09,19.0,2023-11-25 14:00:00
7887,Winter,-3.27,60.04,14.28,380.28,28,0.14,18.03,2023-11-25 15:00:00
7888,Winter,-2.79,59.09,10.8,40.31,28,0.09,16.67,2023-11-25 16:00:00
7889,Winter,6.11,33.88,3.5,953.01,6,0.14,9.18,2023-11-25 17:00:00
7890,Winter,3.3,76.78,16.47,169.04,16,0.15,19.54,2023-11-25 18:00:00
7891,Winter,-1.56,42.45,3.98,683.38,30,0.14,16.66,2023-11-25 19:00:00
7892,Winter,5.19,36.83,8.03,365.65,21,0.06,13.2,2023-11-25 20:00:00
7893,Winter,7.25,60.69,18.19,624.45,70,0.26,10.11,2023-11-25 21:00:00
7894,Winter,-0.78,36.03,14.14,190.8,126,0.12,19.21,2023-11-25 22:00:00
7895,Winter,1.28,41.72,7.18,840.06,100,0.27,21.73,2023-11-25 23:00:00
7896,Winter,0.26,43.91,12.03,411.81,111,0.16,17.06,2023-11-26 00:00:00
7897,Winter,7.12,51.52,5.78,832.09,158,0.13,22.88,2023-11-26 01:00:00
7898,Winter,3.17,65.64,9.93,962.47,110,0.26,21.1,2023-11-26 02:00:00
7899,Winter,5.61,60.78,14.3,174.53,158,0.12,13.93,2023-11-26 03:00:00
7900,Winter,-4.2,62.4,9.48,565.99,167,0.13,22.64,2023-11-26 04:00:00
7901,Winter,8.13,64.92,16.69,901.6,170,0.11,13.22,2023-11-26 05:00:00
7902,Winter,0.69,64.85,1.37,101.18,80,0.13,22.92,2023-11-26 06:00:00
7903,Winter,-1.02,65.19,19.59,653.62,98,0.14,15.17,2023-11-26 07:00:00
7904,Winter,-4.21,50.63,19.97,829.25,10,0.12,21.39,2023-11-26 08:00:00
7905,Winter,-3.23,54.13,14.19,824.19,14,0.18,15.16,2023-11-26 09:00:00
7906,Winter,0.82,35.88,2.68,595.03,22,0.08,20.23,2023-11-26 10:00:00
7907,Winter,1.4,55.09,13.93,888.07,11,0.09,17.05,2023-11-26 11:00:00
7908,Winter,1.6,38.43,2.28,692.57,15,0.11,11.31,2023-11-26 12:00:00
7909,Winter,-2.99,49.06,3.37,928.5,6,0.06,10.6,2023-11-26 13:00:00
7910,Winter,5.52,67.42,17.37,502.97,17,0.11,11.18,2023-11-26 14:00:00
7911,Winter,-4.17,41.91,4.36,742.54,16,0.13,20.69,2023-11-26 15:00:00
7912,Winter,-3.83,31.58,11.64,59.62,25,0.12,23.13,2023-11-26 16:00:00
7913,Winter,-1.37,56.56,16.49,400.07,19,0.14,17.27,2023-11-26 17:00:00
7914,Winter,-3.12,47.45,15.44,880.43,8,0.1,18.73,2023-11-26 18:00:00
7915,Winter,-0.65,33.78,9.91,276.84,21,0.08,13.28,2023-11-26 19:00:00
7916,Winter,8.09,34.53,10.02,841.98,22,0.11,15.64,2023-11-26 20:00:00
7917,Winter,-1.49,57.0,18.98,41.01,76,0.22,18.55,2023-11-26 21:00:00
7918,Winter,7.09,79.07,13.93,424.0,149,0.13,18.42,2023-11-26 22:00:00
7919,Winter,-3.23,79.25,7.9,502.0,164,0.18,17.19,2023-11-26 23:00:00
7920,Winter,8.97,67.38,4.16,216.04,144,0.28,11.95,2023-11-27 00:00:00
7921,Winter,6.02,58.05,15.43,601.44,107,0.13,21.13,2023-11-27 01:00:00
7922,Winter,6.56,73.18,13.83,235.58,158,0.25,18.51,2023-11-27 02:00:00
7923,Winter,5.77,60.71,9.29,854.59,145,0.24,15.2,2023-11-27 03:00:00
7924,Winter,-1.36,57.71,5.21,638.02,85,0.27,13.0,2023-11-27 04:00:00
7925,Winter,-0.83,50.4,8.88,720.42,145,0.16,16.12,2023-11-27 05:00:00
7926,Winter,6.82,34.92,18.5,197.03,152,0.16,23.14,2023-11-27 06:00:00
7927,Winter,3.73,75.79,12.78,277.1,181,0.12,15.04,2023-11-27 07:00:00
7928,Winter,8.84,38.43,11.8,605.85,15,0.19,10.73,2023-11-27 08:00:00
7929,Winter,-2.51,30.2,2.13,503.76,24,0.29,10.98,2023-11-27 09:00:00
7930,Winter,-0.07,49.63,14.45,6.19,29,0.07,22.88,2023-11-27 10:00:00
7931,Winter,2.72,54.9,2.57,255.89,30,0.1,11.03,2023-11-27 11:00:00
7932,Winter,7.79,74.86,18.72,781.86,7,0.14,7.31,2023-11-27 12:00:00
7933,Winter,4.11,72.83,1.1,555.49,12,0.13,9.81,2023-11-27 13:00:00
7934,Winter,6.19,74.8,3.88,351.85,49,0.13,11.0,2023-11-27 14:00:00
7935,Winter,1.43,67.51,6.36,51.72,38,0.13,14.15,2023-11-27 15:00:00
7936,Winter,-2.1,66.05,4.74,246.12,12,0.06,22.17,2023-11-27 16:00:00
7937,Winter,-3.94,40.65,18.95,418.11,23,0.12,17.73,2023-11-27 17:00:00
7938,Winter,2.8,35.59,10.97,509.68,45,0.15,12.92,2023-11-27 18:00:00
7939,Winter,7.56,39.99,6.9,58.14,10,0.07,10.52,2023-11-27 19:00:00
7940,Winter,6.09,31.18,7.97,418.52,30,0.05,14.1,2023-11-27 20:00:00
7941,Winter,3.59,39.8,16.9,879.68,47,0.18,12.53,2023-11-27 21:00:00
7942,Winter,-1.28,36.11,8.66,438.7,36,0.13,17.38,2023-11-27 22:00:00
7943,Winter,6.72,58.32,2.04,45.42,13,0.17,14.56,2023-11-27 23:00:00
7944,Winter,7.65,60.42,13.43,161.42,46,0.21,18.73,2023-11-28 00:00:00
7945,Winter,2.31,65.04,7.52,327.72,29,0.12,15.14,2023-11-28 01:00:00
7946,Winter,7.34,61.12,17.22,746.08,22,0.11,16.45,2023-11-28 02:00:00
7947,Winter,0.01,60.19,1.89,84.51,42,0.16,22.87,2023-11-28 03:00:00
7948,Winter,0.0,68.21,11.88,822.55,32,0.12,9.64,2023-11-28 04:00:00
7949,Winter,4.53,58.86,15.39,739.57,39,0.29,8.93,2023-11-28 05:00:00
7950,Winter,2.38,69.95,8.78,459.37,15,0.24,20.1,2023-11-28 06:00:00
7951,Winter,0.81,72.49,19.92,751.37,13,0.27,13.18,2023-11-28 07:00:00
7952,Winter,9.53,61.94,14.46,603.63,41,0.2,12.88,2023-11-28 08:00:00
7953,Winter,9.42,53.24,14.46,284.9,12,0.17,8.79,2023-11-28 09:00:00
7954,Winter,7.7,55.7,11.12,518.84,8,0.05,16.09,2023-11-28 10:00:00
7955,Winter,1.39,79.06,13.5,109.41,34,0.12,22.99,2023-11-28 11:00:00
7956,Winter,3.8,51.34,2.64,293.55,16,0.06,20.61,2023-11-28 12:00:00
7957,Winter,4.23,69.52,12.46,633.33,13,0.07,15.53,2023-11-28 13:00:00
7958,Winter,-0.33,45.46,3.63,705.06,42,0.05,14.33,2023-11-28 14:00:00
7959,Winter,4.02,71.45,6.62,145.58,10,0.07,10.24,2023-11-28 15:00:00
7960,Winter,-2.96,67.05,2.08,92.46,10,0.1,22.32,2023-11-28 16:00:00
7961,Winter,6.62,31.28,16.29,633.27,42,0.11,13.65,2023-11-28 17:00:00
7962,Winter,3.49,68.57,19.55,655.98,9,0.1,12.34,2023-11-28 18:00:00
7963,Winter,-3.55,64.15,11.15,507.95,18,0.12,12.51,2023-11-28 19:00:00
7964,Winter,-1.12,34.29,16.62,853.47,38,0.05,19.21,2023-11-28 20:00:00
7965,Winter,9.21,35.72,16.45,504.98,41,0.19,8.55,2023-11-28 21:00:00
7966,Winter,-3.61,47.46,15.85,210.39,30,0.16,15.9,2023-11-28 22:00:00
7967,Winter,7.79,53.81,1.6,814.19,13,0.22,9.56,2023-11-28 23:00:00
7968,Winter,1.16,31.27,9.85,684.78,10,0.27,9.31,2023-11-29 00:00:00
7969,Winter,8.63,72.47,3.37,203.38,28,0.18,15.17,2023-11-29 01:00:00
7970,Winter,-2.97,70.25,6.7,176.52,35,0.23,14.29,2023-11-29 02:00:00
7971,Winter,0.34,68.66,5.84,530.03,38,0.13,20.34,2023-11-29 03:00:00
7972,Winter,7.46,72.04,1.72,459.37,12,0.16,19.06,2023-11-29 04:00:00
7973,Winter,7.04,33.65,4.17,869.88,11,0.26,18.47,2023-11-29 05:00:00
7974,Winter,-0.06,69.81,15.86,650.7,12,0.27,17.99,2023-11-29 06:00:00
7975,Winter,5.87,33.21,3.03,359.62,22,0.11,10.82,2023-11-29 07:00:00
7976,Winter,-4.17,75.34,16.43,268.24,34,0.22,12.58,2023-11-29 08:00:00
7977,Winter,5.83,41.37,14.94,472.97,7,0.17,19.49,2023-11-29 09:00:00
7978,Winter,-2.96,32.31,18.23,600.52,23,0.09,21.74,2023-11-29 10:00:00
7979,Winter,3.62,32.28,9.61,549.64,10,0.06,13.15,2023-11-29 11:00:00
7980,Winter,3.27,47.81,3.66,280.37,12,0.14,20.63,2023-11-29 12:00:00
7981,Winter,-4.42,59.16,8.29,690.51,27,0.07,22.11,2023-11-29 13:00:00
7982,Winter,8.16,40.36,12.12,671.47,25,0.13,15.47,2023-11-29 14:00:00
7983,Winter,3.37,43.86,15.53,486.17,12,0.1,14.5,2023-11-29 15:00:00
7984,Winter,5.12,44.9,10.53,219.7,8,0.06,9.82,2023-11-29 16:00:00
7985,Winter,-3.48,79.53,12.75,913.76,9,0.08,13.75,2023-11-29 17:00:00
7986,Winter,-1.21,63.28,5.65,67.32,8,0.13,18.3,2023-11-29 18:00:00
7987,Winter,7.93,35.57,17.89,613.31,14,0.12,18.89,2023-11-29 19:00:00
7988,Winter,4.58,77.91,2.84,565.2,18,0.12,17.86,2023-11-29 20:00:00
7989,Winter,3.57,57.35,5.94,26.54,128,0.19,13.27,2023-11-29 21:00:00
7990,Winter,8.26,48.13,12.37,0.58,50,0.24,18.25,2023-11-29 22:00:00
7991,Winter,-1.77,49.67,0.97,644.41,114,0.12,20.58,2023-11-29 23:00:00
7992,Winter,4.9,51.02,3.49,581.25,200,0.11,24.7,2023-11-30 00:00:00
7993,Winter,6.42,46.11,1.62,862.38,70,0.22,17.15,2023-11-30 01:00:00
7994,Winter,5.82,65.28,13.02,623.28,105,0.27,22.42,2023-11-30 02:00:00
7995,Winter,0.07,52.28,8.53,920.76,185,0.23,16.19,2023-11-30 03:00:00
7996,Winter,0.77,50.06,17.62,915.7,183,0.24,22.61,2023-11-30 04:00:00
7997,Winter,0.16,42.65,13.93,25.58,61,0.25,17.73,2023-11-30 05:00:00
7998,Winter,-1.39,48.4,15.34,506.36,128,0.24,18.64,2023-11-30 06:00:00
7999,Winter,-2.15,71.22,6.51,926.0,99,0.15,14.34,2023-11-30 07:00:00
8000,Winter,9.93,31.33,2.83,190.25,9,0.16,15.79,2023-11-30 08:00:00
8001,Winter,9.14,75.21,2.72,637.13,13,0.19,18.81,2023-11-30 09:00:00
8002,Winter,2.32,60.32,10.21,126.35,5,0.13,18.98,2023-11-30 10:00:00
8003,Winter,3.34,43.36,7.53,964.38,10,0.05,13.66,2023-11-30 11:00:00
8004,Winter,3.88,31.28,4.56,521.39,10,0.05,13.01,2023-11-30 12:00:00
8005,Winter,9.76,71.8,10.05,994.83,26,0.12,14.85,2023-11-30 13:00:00
8006,Winter,0.41,46.97,4.98,92.41,28,0.07,18.78,2023-11-30 14:00:00
8007,Winter,7.75,73.18,16.34,575.98,28,0.06,16.29,2023-11-30 15:00:00
8008,Winter,-0.29,61.13,19.37,636.13,8,0.07,15.36,2023-11-30 16:00:00
8009,Winter,7.3,46.16,13.97,824.74,15,0.13,9.54,2023-11-30 17:00:00
8010,Winter,1.17,73.53,2.16,906.5,15,0.11,18.58,2023-11-30 18:00:00
8011,Winter,-3.88,71.93,6.03,704.72,14,0.11,16.22,2023-11-30 19:00:00
8012,Winter,5.63,61.92,18.14,908.68,10,0.09,19.27,2023-11-30 20:00:00
8013,Winter,6.53,64.06,7.54,862.68,165,0.22,16.39,2023-11-30 21:00:00
8014,Winter,-4.1,56.43,1.33,791.13,67,0.28,21.39,2023-11-30 22:00:00
8015,Winter,-4.46,56.22,3.85,48.62,196,0.11,18.77,2023-11-30 23:00:00
8016,Winter,2.46,67.75,1.63,611.39,91,0.29,19.21,2023-12-01 00:00:00
8017,Winter,0.11,54.04,11.69,398.33,137,0.29,20.89,2023-12-01 01:00:00
8018,Winter,6.51,77.1,15.87,777.77,103,0.2,19.59,2023-12-01 02:00:00
8019,Winter,-2.81,45.66,6.38,566.96,175,0.25,20.89,2023-12-01 03:00:00
8020,Winter,-2.21,52.79,8.47,390.84,87,0.26,24.44,2023-12-01 04:00:00
8021,Winter,-0.67,40.21,2.56,855.4,51,0.26,15.8,2023-12-01 05:00:00
8022,Winter,-3.83,42.04,4.48,424.2,94,0.21,22.09,2023-12-01 06:00:00
8023,Winter,1.26,44.74,16.36,65.48,145,0.26,22.92,2023-12-01 07:00:00
8024,Winter,-1.59,58.39,4.17,690.96,20,0.25,10.82,2023-12-01 08:00:00
8025,Winter,-1.14,59.54,11.94,357.87,16,0.17,20.99,2023-12-01 09:00:00
8026,Winter,8.29,52.32,18.24,756.13,11,0.15,19.26,2023-12-01 10:00:00
8027,Winter,-3.4,65.15,18.52,395.14,14,0.07,12.25,2023-12-01 11:00:00
8028,Winter,3.29,78.73,6.42,906.39,11,0.11,11.92,2023-12-01 12:00:00
8029,Winter,6.4,77.06,5.88,656.78,10,0.09,12.2,2023-12-01 13:00:00
8030,Winter,6.01,62.49,10.52,562.87,29,0.12,18.45,2023-12-01 14:00:00
8031,Winter,3.54,77.98,6.72,556.25,13,0.12,10.34,2023-12-01 15:00:00
8032,Winter,-3.98,36.65,3.72,56.04,14,0.14,13.71,2023-12-01 16:00:00
8033,Winter,4.31,65.38,19.54,907.09,26,0.09,15.56,2023-12-01 17:00:00
8034,Winter,3.99,66.86,13.1,353.11,19,0.11,11.12,2023-12-01 18:00:00
8035,Winter,8.52,59.57,18.19,444.61,14,0.14,12.89,2023-12-01 19:00:00
8036,Winter,3.68,37.06,4.22,111.84,14,0.06,14.47,2023-12-01 20:00:00
8037,Winter,1.31,46.13,14.83,829.32,115,0.14,17.42,2023-12-01 21:00:00
8038,Winter,4.63,58.74,4.2,819.08,67,0.25,18.1,2023-12-01 22:00:00
8039,Winter,5.02,46.88,12.45,682.86,186,0.28,17.36,2023-12-01 23:00:00
8040,Winter,3.12,74.97,2.4,392.31,134,0.22,18.51,2023-12-02 00:00:00
8041,Winter,5.83,40.15,11.61,704.5,82,0.29,11.05,2023-12-02 01:00:00
8042,Winter,9.5,68.48,18.57,650.6,130,0.23,21.57,2023-12-02 02:00:00
8043,Winter,-0.65,31.74,0.85,146.06,156,0.17,25.87,2023-12-02 03:00:00
8044,Winter,6.55,46.67,0.78,214.9,136,0.3,20.71,2023-12-02 04:00:00
8045,Winter,-4.99,51.17,8.48,234.89,93,0.11,16.71,2023-12-02 05:00:00
8046,Winter,-2.0,72.01,3.93,447.76,184,0.13,23.69,2023-12-02 06:00:00
8047,Winter,1.87,77.79,14.83,22.06,125,0.29,21.31,2023-12-02 07:00:00
8048,Winter,-4.15,50.78,19.37,687.02,30,0.15,22.6,2023-12-02 08:00:00
8049,Winter,0.69,34.99,14.37,392.34,5,0.3,13.91,2023-12-02 09:00:00
8050,Winter,-1.37,58.98,14.67,170.25,19,0.11,22.44,2023-12-02 10:00:00
8051,Winter,-4.58,76.62,16.29,330.1,12,0.13,12.05,2023-12-02 11:00:00
8052,Winter,-0.21,71.91,16.91,278.18,15,0.13,13.91,2023-12-02 12:00:00
8053,Winter,2.13,50.44,4.57,749.17,15,0.06,14.65,2023-12-02 13:00:00
8054,Winter,-3.82,67.71,13.45,503.34,22,0.05,15.26,2023-12-02 14:00:00
8055,Winter,-2.42,49.31,11.91,768.45,24,0.11,10.91,2023-12-02 15:00:00
8056,Winter,4.44,52.68,3.97,967.9,22,0.13,15.24,2023-12-02 16:00:00
8057,Winter,9.7,62.0,8.98,472.26,28,0.13,17.64,2023-12-02 17:00:00
8058,Winter,-3.24,40.45,0.86,729.74,14,0.1,15.88,2023-12-02 18:00:00
8059,Winter,-4.23,55.01,19.15,211.86,18,0.12,23.51,2023-12-02 19:00:00
8060,Winter,8.18,50.85,1.55,968.03,6,0.13,13.53,2023-12-02 20:00:00
8061,Winter,3.78,52.73,14.37,480.93,105,0.21,20.72,2023-12-02 21:00:00
8062,Winter,5.09,42.69,8.89,525.08,168,0.17,14.01,2023-12-02 22:00:00
8063,Winter,4.4,60.61,7.76,208.07,76,0.2,16.98,2023-12-02 23:00:00
8064,Winter,-0.71,52.76,14.87,168.85,73,0.28,19.77,2023-12-03 00:00:00
8065,Winter,3.98,42.59,12.7,271.62,190,0.11,16.95,2023-12-03 01:00:00
8066,Winter,6.2,53.7,16.76,259.36,80,0.25,21.69,2023-12-03 02:00:00
8067,Winter,-0.41,40.85,8.81,464.84,116,0.16,21.13,2023-12-03 03:00:00
8068,Winter,5.37,45.71,5.85,348.71,70,0.2,12.04,2023-12-03 04:00:00
8069,Winter,2.51,32.38,13.96,181.42,63,0.3,18.01,2023-12-03 05:00:00
8070,Winter,0.12,60.56,14.52,551.68,93,0.22,20.03,2023-12-03 06:00:00
8071,Winter,8.55,34.03,7.37,200.71,182,0.16,16.22,2023-12-03 07:00:00
8072,Winter,-3.69,64.22,19.73,712.35,20,0.13,19.69,2023-12-03 08:00:00
8073,Winter,-0.37,49.57,3.79,951.3,29,0.19,10.4,2023-12-03 09:00:00
8074,Winter,-2.94,44.96,14.62,415.46,10,0.14,16.84,2023-12-03 10:00:00
8075,Winter,-0.55,75.53,15.51,29.51,25,0.09,14.91,2023-12-03 11:00:00
8076,Winter,6.22,35.06,6.34,999.79,25,0.06,12.22,2023-12-03 12:00:00
8077,Winter,8.2,62.81,19.11,161.41,7,0.1,15.87,2023-12-03 13:00:00
8078,Winter,2.43,65.04,11.33,70.65,27,0.14,13.11,2023-12-03 14:00:00
8079,Winter,5.51,55.03,6.12,424.63,27,0.09,12.12,2023-12-03 15:00:00
8080,Winter,-1.86,45.54,10.29,965.8,27,0.12,14.08,2023-12-03 16:00:00
8081,Winter,5.92,36.46,7.35,939.65,22,0.11,13.43,2023-12-03 17:00:00
8082,Winter,8.77,41.34,7.17,330.05,25,0.14,12.65,2023-12-03 18:00:00
8083,Winter,8.25,50.56,19.18,157.48,25,0.14,17.69,2023-12-03 19:00:00
8084,Winter,2.32,48.64,6.46,232.31,7,0.13,14.6,2023-12-03 20:00:00
8085,Winter,5.38,77.79,8.58,575.57,136,0.26,22.31,2023-12-03 21:00:00
8086,Winter,-4.0,41.18,15.17,588.98,200,0.22,23.36,2023-12-03 22:00:00
8087,Winter,-2.93,79.91,18.98,302.99,88,0.2,21.54,2023-12-03 23:00:00
8088,Winter,4.25,71.67,15.41,3.04,62,0.1,16.17,2023-12-04 00:00:00
8089,Winter,8.66,70.71,16.1,999.38,80,0.14,12.02,2023-12-04 01:00:00
8090,Winter,-2.09,75.57,12.06,250.85,167,0.16,20.49,2023-12-04 02:00:00
8091,Winter,-4.15,72.59,2.69,529.26,194,0.1,25.03,2023-12-04 03:00:00
8092,Winter,7.31,62.86,12.12,382.22,141,0.18,14.54,2023-12-04 04:00:00
8093,Winter,4.63,53.5,11.53,582.56,115,0.25,20.64,2023-12-04 05:00:00
8094,Winter,3.04,52.32,1.78,24.95,172,0.16,21.82,2023-12-04 06:00:00
8095,Winter,-3.0,49.91,11.96,444.22,50,0.28,21.69,2023-12-04 07:00:00
8096,Winter,7.52,67.5,3.56,382.32,8,0.19,20.04,2023-12-04 08:00:00
8097,Winter,6.9,52.34,6.5,631.78,10,0.24,16.92,2023-12-04 09:00:00
8098,Winter,-3.59,79.02,3.36,501.42,10,0.14,19.84,2023-12-04 10:00:00
8099,Winter,-3.97,67.17,12.14,234.96,8,0.08,16.27,2023-12-04 11:00:00
8100,Winter,-2.95,36.71,0.22,650.5,27,0.09,11.07,2023-12-04 12:00:00
8101,Winter,6.06,56.98,17.14,79.61,48,0.1,20.75,2023-12-04 13:00:00
8102,Winter,-1.77,73.56,8.38,244.31,47,0.11,21.13,2023-12-04 14:00:00
8103,Winter,-3.47,70.02,11.29,754.16,26,0.11,19.5,2023-12-04 15:00:00
8104,Winter,2.1,38.41,5.23,229.26,31,0.12,13.49,2023-12-04 16:00:00
8105,Winter,9.94,54.2,4.31,301.21,48,0.08,16.96,2023-12-04 17:00:00
8106,Winter,1.69,55.54,4.38,831.11,43,0.08,21.2,2023-12-04 18:00:00
8107,Winter,4.3,51.61,4.3,462.65,23,0.14,21.02,2023-12-04 19:00:00
8108,Winter,5.19,78.87,8.17,183.27,23,0.15,15.16,2023-12-04 20:00:00
8109,Winter,4.91,64.21,6.66,259.14,19,0.24,15.13,2023-12-04 21:00:00
8110,Winter,0.83,43.84,5.98,98.25,35,0.19,21.3,2023-12-04 22:00:00
8111,Winter,-3.46,32.56,17.91,764.39,20,0.3,21.97,2023-12-04 23:00:00
8112,Winter,1.6,57.51,19.85,787.49,48,0.16,19.34,2023-12-05 00:00:00
8113,Winter,-4.4,49.03,12.4,39.12,11,0.12,12.4,2023-12-05 01:00:00
8114,Winter,4.7,77.84,12.51,253.52,35,0.23,15.94,2023-12-05 02:00:00
8115,Winter,9.46,45.48,5.96,952.45,27,0.2,18.68,2023-12-05 03:00:00
8116,Winter,-2.77,69.22,14.26,837.16,36,0.28,11.0,2023-12-05 04:00:00
8117,Winter,-4.64,40.64,2.77,97.99,25,0.11,17.17,2023-12-05 05:00:00
8118,Winter,6.32,47.48,19.45,582.35,28,0.15,18.66,2023-12-05 06:00:00
8119,Winter,2.47,37.23,6.81,159.74,26,0.14,11.0,2023-12-05 07:00:00
8120,Winter,-0.86,78.12,3.63,913.93,24,0.16,10.28,2023-12-05 08:00:00
8121,Winter,-0.01,54.35,0.06,505.89,46,0.11,19.18,2023-12-05 09:00:00
8122,Winter,8.75,58.87,11.48,792.45,47,0.06,16.27,2023-12-05 10:00:00
8123,Winter,6.87,34.37,19.55,200.52,24,0.06,20.88,2023-12-05 11:00:00
8124,Winter,-3.76,47.25,10.4,78.8,6,0.11,19.51,2023-12-05 12:00:00
8125,Winter,8.86,47.69,3.34,889.26,28,0.06,9.33,2023-12-05 13:00:00
8126,Winter,7.5,71.91,10.93,837.35,50,0.08,17.37,2023-12-05 14:00:00
8127,Winter,-2.93,48.42,5.78,151.46,19,0.07,12.7,2023-12-05 15:00:00
8128,Winter,5.97,70.49,13.85,894.57,16,0.13,17.26,2023-12-05 16:00:00
8129,Winter,0.68,33.03,19.44,478.98,49,0.07,18.21,2023-12-05 17:00:00
8130,Winter,-0.63,73.72,15.52,962.19,37,0.09,17.67,2023-12-05 18:00:00
8131,Winter,1.81,76.66,4.76,250.26,35,0.1,17.4,2023-12-05 19:00:00
8132,Winter,-3.1,56.76,14.69,582.19,7,0.09,12.49,2023-12-05 20:00:00
8133,Winter,2.11,46.06,16.8,899.44,20,0.25,11.62,2023-12-05 21:00:00
8134,Winter,0.93,62.9,8.62,358.98,21,0.13,21.79,2023-12-05 22:00:00
8135,Winter,0.62,51.84,17.5,790.98,23,0.3,13.9,2023-12-05 23:00:00
8136,Winter,8.04,56.96,11.88,991.38,19,0.1,11.85,2023-12-06 00:00:00
8137,Winter,1.46,33.15,9.75,827.46,41,0.25,19.39,2023-12-06 01:00:00
8138,Winter,8.35,51.06,18.0,267.18,22,0.16,8.72,2023-12-06 02:00:00
8139,Winter,7.48,46.49,17.11,835.53,28,0.22,9.24,2023-12-06 03:00:00
8140,Winter,-0.66,31.3,12.7,929.95,16,0.15,11.38,2023-12-06 04:00:00
8141,Winter,5.53,59.11,1.6,341.35,41,0.28,9.96,2023-12-06 05:00:00
8142,Winter,3.14,67.3,11.66,594.4,18,0.28,19.31,2023-12-06 06:00:00
8143,Winter,0.39,66.43,12.72,701.22,27,0.23,10.03,2023-12-06 07:00:00
8144,Winter,6.04,47.59,6.79,68.6,29,0.22,19.54,2023-12-06 08:00:00
8145,Winter,-4.1,53.31,1.93,173.7,38,0.22,23.32,2023-12-06 09:00:00
8146,Winter,-2.1,30.5,1.88,654.29,22,0.05,20.14,2023-12-06 10:00:00
8147,Winter,5.15,63.35,10.06,10.83,11,0.07,13.29,2023-12-06 11:00:00
8148,Winter,0.85,66.26,18.24,768.52,42,0.15,12.32,2023-12-06 12:00:00
8149,Winter,-3.47,79.95,6.55,773.73,5,0.07,19.11,2023-12-06 13:00:00
8150,Winter,4.39,74.36,8.94,276.28,25,0.12,11.69,2023-12-06 14:00:00
8151,Winter,1.47,62.48,19.62,144.28,14,0.12,10.63,2023-12-06 15:00:00
8152,Winter,-1.9,42.18,13.74,481.97,13,0.08,21.36,2023-12-06 16:00:00
8153,Winter,-0.85,37.68,14.49,161.82,9,0.08,12.69,2023-12-06 17:00:00
8154,Winter,2.48,63.83,11.96,997.92,25,0.05,12.77,2023-12-06 18:00:00
8155,Winter,7.82,42.9,14.8,714.26,5,0.1,12.64,2023-12-06 19:00:00
8156,Winter,-0.42,47.65,14.15,958.89,6,0.1,9.73,2023-12-06 20:00:00
8157,Winter,-4.82,40.62,2.31,931.2,80,0.19,16.2,2023-12-06 21:00:00
8158,Winter,6.62,61.22,7.08,281.43,133,0.17,22.94,2023-12-06 22:00:00
8159,Winter,0.52,55.0,12.98,585.45,116,0.29,15.42,2023-12-06 23:00:00
8160,Winter,5.56,32.72,0.32,920.42,172,0.12,23.15,2023-12-07 00:00:00
8161,Winter,9.83,36.06,1.92,528.73,64,0.1,18.16,2023-12-07 01:00:00
8162,Winter,6.58,61.43,1.07,967.95,57,0.13,15.02,2023-12-07 02:00:00
8163,Winter,6.11,47.13,12.15,415.98,87,0.11,15.85,2023-12-07 03:00:00
8164,Winter,6.23,60.18,13.33,76.28,187,0.12,21.88,2023-12-07 04:00:00
8165,Winter,-2.26,48.06,10.92,700.11,152,0.21,16.86,2023-12-07 05:00:00
8166,Winter,-1.83,71.97,7.28,750.27,60,0.14,13.02,2023-12-07 06:00:00
8167,Winter,-1.64,62.19,5.32,527.13,78,0.12,15.22,2023-12-07 07:00:00
8168,Winter,9.99,45.05,11.26,397.57,20,0.29,10.81,2023-12-07 08:00:00
8169,Winter,7.89,70.48,4.35,645.19,30,0.28,11.53,2023-12-07 09:00:00
8170,Winter,5.48,72.25,10.91,226.79,26,0.06,20.27,2023-12-07 10:00:00
8171,Winter,-3.05,41.71,0.89,252.0,20,0.1,11.53,2023-12-07 11:00:00
8172,Winter,3.22,43.52,4.74,271.27,17,0.11,19.01,2023-12-07 12:00:00
8173,Winter,5.86,56.11,8.09,393.03,26,0.11,16.75,2023-12-07 13:00:00
8174,Winter,6.68,42.67,6.7,376.02,22,0.05,9.95,2023-12-07 14:00:00
8175,Winter,-2.4,42.3,13.84,761.34,18,0.12,16.43,2023-12-07 15:00:00
8176,Winter,-1.65,40.91,13.92,819.99,29,0.07,21.72,2023-12-07 16:00:00
8177,Winter,6.94,73.12,12.54,288.87,24,0.1,12.94,2023-12-07 17:00:00
8178,Winter,-2.81,47.07,17.46,743.26,27,0.14,12.96,2023-12-07 18:00:00
8179,Winter,4.78,60.78,8.03,154.31,16,0.14,10.08,2023-12-07 19:00:00
8180,Winter,-3.8,35.66,11.51,772.96,18,0.11,13.01,2023-12-07 20:00:00
8181,Winter,-1.44,74.79,18.69,665.42,51,0.17,22.28,2023-12-07 21:00:00
8182,Winter,-2.38,41.31,10.6,559.62,51,0.25,11.99,2023-12-07 22:00:00
8183,Winter,-4.69,72.32,4.93,964.33,71,0.18,12.02,2023-12-07 23:00:00
8184,Winter,3.09,32.27,12.55,673.23,104,0.22,14.94,2023-12-08 00:00:00
8185,Winter,-3.94,64.96,19.22,453.25,114,0.13,23.04,2023-12-08 01:00:00
8186,Winter,-2.82,34.48,16.04,287.06,119,0.26,20.65,2023-12-08 02:00:00
8187,Winter,0.52,56.41,1.12,349.94,50,0.2,22.64,2023-12-08 03:00:00
8188,Winter,4.75,47.78,16.17,269.42,73,0.16,21.41,2023-12-08 04:00:00
8189,Winter,2.02,50.86,12.06,14.11,75,0.11,15.61,2023-12-08 05:00:00
8190,Winter,-0.17,38.48,18.2,89.98,92,0.19,21.81,2023-12-08 06:00:00
8191,Winter,-0.48,38.46,10.91,645.32,111,0.21,17.07,2023-12-08 07:00:00
8192,Winter,7.52,46.83,0.88,656.18,23,0.28,15.25,2023-12-08 08:00:00
8193,Winter,-2.63,70.06,11.08,173.58,30,0.2,22.25,2023-12-08 09:00:00
8194,Winter,9.81,36.88,5.06,200.42,23,0.11,12.07,2023-12-08 10:00:00
8195,Winter,2.79,74.61,9.97,176.15,11,0.12,19.84,2023-12-08 11:00:00
8196,Winter,0.32,65.59,13.9,498.0,19,0.1,17.52,2023-12-08 12:00:00
8197,Winter,-3.2,61.08,14.32,745.19,10,0.09,18.08,2023-12-08 13:00:00
8198,Winter,-4.62,40.08,7.87,689.76,28,0.1,13.89,2023-12-08 14:00:00
8199,Winter,0.68,31.22,6.48,355.24,9,0.08,12.39,2023-12-08 15:00:00
8200,Winter,7.48,62.87,2.9,393.21,29,0.1,19.23,2023-12-08 16:00:00
8201,Winter,0.98,43.8,15.79,607.92,21,0.1,14.5,2023-12-08 17:00:00
8202,Winter,8.91,77.12,14.03,858.68,13,0.07,10.97,2023-12-08 18:00:00
8203,Winter,-2.49,48.93,11.93,131.46,9,0.08,20.4,2023-12-08 19:00:00
8204,Winter,7.18,72.01,12.87,431.89,25,0.08,14.67,2023-12-08 20:00:00
8205,Winter,1.46,63.2,9.87,545.79,91,0.15,20.64,2023-12-08 21:00:00
8206,Winter,-3.68,41.09,1.0,10.46,58,0.12,19.05,2023-12-08 22:00:00
8207,Winter,4.83,76.48,8.03,81.62,148,0.27,18.32,2023-12-08 23:00:00
8208,Winter,1.74,48.54,18.29,645.61,85,0.16,18.33,2023-12-09 00:00:00
8209,Winter,2.32,75.11,2.18,408.35,66,0.12,17.65,2023-12-09 01:00:00
8210,Winter,6.34,66.02,5.46,810.35,146,0.16,16.47,2023-12-09 02:00:00
8211,Winter,3.18,43.88,9.11,452.79,81,0.21,15.43,2023-12-09 03:00:00
8212,Winter,3.34,75.16,3.05,473.79,166,0.1,21.53,2023-12-09 04:00:00
8213,Winter,2.32,34.53,10.97,245.12,62,0.12,15.93,2023-12-09 05:00:00
8214,Winter,-3.28,76.33,13.21,128.05,113,0.18,23.62,2023-12-09 06:00:00
8215,Winter,-3.89,66.93,11.87,267.92,71,0.17,14.6,2023-12-09 07:00:00
8216,Winter,9.51,61.55,3.81,622.33,25,0.25,10.45,2023-12-09 08:00:00
8217,Winter,-0.13,73.62,7.4,250.31,6,0.21,22.02,2023-12-09 09:00:00
8218,Winter,9.34,65.34,13.34,211.37,13,0.14,19.24,2023-12-09 10:00:00
8219,Winter,0.65,60.23,14.51,836.44,11,0.05,14.62,2023-12-09 11:00:00
8220,Winter,-2.81,78.36,6.29,372.57,25,0.13,18.54,2023-12-09 12:00:00
8221,Winter,-1.02,79.89,1.42,828.78,11,0.12,12.91,2023-12-09 13:00:00
8222,Winter,8.88,51.64,6.41,774.96,30,0.14,14.39,2023-12-09 14:00:00
8223,Winter,2.61,72.58,5.62,450.4,24,0.1,21.14,2023-12-09 15:00:00
8224,Winter,5.44,72.98,8.76,792.46,26,0.05,12.87,2023-12-09 16:00:00
8225,Winter,1.99,30.66,16.44,607.48,6,0.06,10.06,2023-12-09 17:00:00
8226,Winter,9.02,71.9,8.16,138.73,5,0.06,14.49,2023-12-09 18:00:00
8227,Winter,3.25,48.79,16.82,929.23,26,0.1,14.57,2023-12-09 19:00:00
8228,Winter,-4.27,61.27,14.02,287.64,17,0.12,15.54,2023-12-09 20:00:00
8229,Winter,-2.4,57.71,12.7,388.97,115,0.16,13.31,2023-12-09 21:00:00
8230,Winter,3.37,32.1,6.23,615.5,81,0.2,20.62,2023-12-09 22:00:00
8231,Winter,-4.71,72.61,8.47,426.46,55,0.2,21.73,2023-12-09 23:00:00
8232,Winter,-2.72,37.27,9.89,937.31,63,0.14,11.74,2023-12-10 00:00:00
8233,Winter,9.28,60.78,5.86,232.64,64,0.24,19.92,2023-12-10 01:00:00
8234,Winter,2.51,37.84,1.06,473.46,65,0.29,11.3,2023-12-10 02:00:00
8235,Winter,-1.29,60.79,17.7,852.43,74,0.13,19.22,2023-12-10 03:00:00
8236,Winter,3.23,43.9,16.3,564.54,176,0.1,22.57,2023-12-10 04:00:00
8237,Winter,2.62,72.68,6.87,433.43,177,0.24,16.9,2023-12-10 05:00:00
8238,Winter,4.33,70.08,7.95,826.49,73,0.27,11.17,2023-12-10 06:00:00
8239,Winter,-2.8,67.5,12.2,309.49,124,0.16,22.12,2023-12-10 07:00:00
8240,Winter,4.56,41.21,13.95,56.88,11,0.17,15.39,2023-12-10 08:00:00
8241,Winter,5.58,75.13,9.43,667.46,7,0.2,8.39,2023-12-10 09:00:00
8242,Winter,-0.16,57.94,4.31,480.81,26,0.14,18.23,2023-12-10 10:00:00
8243,Winter,2.6,78.37,13.69,472.05,6,0.11,16.24,2023-12-10 11:00:00
8244,Winter,2.34,66.78,3.51,213.03,6,0.1,13.95,2023-12-10 12:00:00
8245,Winter,2.59,41.57,16.96,51.39,23,0.14,21.94,2023-12-10 13:00:00
8246,Winter,5.05,71.18,10.8,47.5,19,0.15,16.63,2023-12-10 14:00:00
8247,Winter,8.17,47.95,17.99,335.86,17,0.15,16.57,2023-12-10 15:00:00
8248,Winter,-1.72,38.67,19.51,889.54,17,0.1,18.39,2023-12-10 16:00:00
8249,Winter,-3.4,72.41,19.59,643.21,21,0.06,13.34,2023-12-10 17:00:00
8250,Winter,1.01,53.12,11.14,314.12,23,0.11,20.01,2023-12-10 18:00:00
8251,Winter,-1.25,37.84,13.89,958.12,22,0.12,14.62,2023-12-10 19:00:00
8252,Winter,6.84,77.46,10.14,45.1,28,0.1,15.5,2023-12-10 20:00:00
8253,Winter,-2.32,46.36,18.63,395.7,123,0.27,18.78,2023-12-10 21:00:00
8254,Winter,-1.51,70.45,0.41,451.67,140,0.21,16.27,2023-12-10 22:00:00
8255,Winter,-3.34,64.3,14.96,565.75,144,0.22,24.29,2023-12-10 23:00:00
8256,Winter,9.91,30.06,0.49,574.64,173,0.18,17.52,2023-12-11 00:00:00
8257,Winter,5.71,38.1,0.74,541.41,147,0.23,19.46,2023-12-11 01:00:00
8258,Winter,3.97,41.96,17.87,586.67,57,0.22,14.01,2023-12-11 02:00:00
8259,Winter,-3.13,44.85,11.04,303.23,138,0.3,21.32,2023-12-11 03:00:00
8260,Winter,8.89,53.62,2.91,141.67,82,0.14,19.95,2023-12-11 04:00:00
8261,Winter,6.22,46.18,3.45,699.44,94,0.28,14.79,2023-12-11 05:00:00
8262,Winter,-0.45,67.19,19.9,719.93,199,0.13,24.98,2023-12-11 06:00:00
8263,Winter,-0.9,44.6,12.52,605.01,94,0.29,18.81,2023-12-11 07:00:00
8264,Winter,9.72,33.37,18.33,337.15,18,0.18,19.48,2023-12-11 08:00:00
8265,Winter,5.56,58.14,9.38,361.2,20,0.2,9.66,2023-12-11 09:00:00
8266,Winter,2.78,35.05,10.32,674.4,26,0.07,10.16,2023-12-11 10:00:00
8267,Winter,5.2,57.24,8.02,910.2,18,0.14,14.02,2023-12-11 11:00:00
8268,Winter,-2.42,69.96,12.28,469.92,19,0.12,11.76,2023-12-11 12:00:00
8269,Winter,1.96,76.57,8.8,496.93,46,0.06,15.16,2023-12-11 13:00:00
8270,Winter,9.08,55.25,8.79,770.41,5,0.14,10.06,2023-12-11 14:00:00
8271,Winter,3.82,50.65,18.76,139.34,45,0.1,22.12,2023-12-11 15:00:00
8272,Winter,8.71,36.31,10.75,641.3,29,0.08,13.71,2023-12-11 16:00:00
8273,Winter,3.45,67.91,4.97,892.02,27,0.14,10.48,2023-12-11 17:00:00
8274,Winter,2.79,62.9,8.37,174.29,37,0.14,12.27,2023-12-11 18:00:00
8275,Winter,-1.74,51.68,3.49,162.49,34,0.13,18.18,2023-12-11 19:00:00
8276,Winter,2.71,51.09,2.32,589.05,11,0.14,12.9,2023-12-11 20:00:00
8277,Winter,5.52,32.07,7.58,0.05,34,0.13,13.66,2023-12-11 21:00:00
8278,Winter,6.87,47.34,0.37,870.06,37,0.19,8.12,2023-12-11 22:00:00
8279,Winter,6.07,67.92,14.94,684.72,13,0.22,17.4,2023-12-11 23:00:00
8280,Winter,0.31,45.62,9.92,107.99,28,0.1,20.13,2023-12-12 00:00:00
8281,Winter,8.73,47.55,11.23,756.06,7,0.24,12.84,2023-12-12 01:00:00
8282,Winter,6.13,76.8,2.27,89.89,12,0.2,16.87,2023-12-12 02:00:00
8283,Winter,-2.24,68.9,0.91,597.16,42,0.18,22.62,2023-12-12 03:00:00
8284,Winter,6.94,59.55,10.65,645.28,36,0.11,9.91,2023-12-12 04:00:00
8285,Winter,2.03,75.97,13.23,108.44,28,0.15,15.27,2023-12-12 05:00:00
8286,Winter,-4.36,36.92,1.17,165.34,46,0.18,13.34,2023-12-12 06:00:00
8287,Winter,0.13,76.97,17.56,145.96,17,0.24,13.58,2023-12-12 07:00:00
8288,Winter,6.4,45.93,18.91,579.73,23,0.24,13.8,2023-12-12 08:00:00
8289,Winter,8.49,55.81,14.08,690.34,13,0.12,19.18,2023-12-12 09:00:00
8290,Winter,7.59,67.78,12.86,617.0,21,0.11,9.17,2023-12-12 10:00:00
8291,Winter,8.67,40.92,13.28,972.92,31,0.13,18.93,2023-12-12 11:00:00
8292,Winter,-4.04,61.23,4.78,67.8,23,0.05,18.42,2023-12-12 12:00:00
8293,Winter,7.26,70.24,5.86,499.11,22,0.13,20.19,2023-12-12 13:00:00
8294,Winter,-3.23,65.94,17.4,768.34,12,0.13,17.74,2023-12-12 14:00:00
8295,Winter,-3.29,42.43,0.6,241.86,47,0.05,23.07,2023-12-12 15:00:00
8296,Winter,-0.12,77.38,13.13,351.36,24,0.15,19.14,2023-12-12 16:00:00
8297,Winter,2.28,39.88,17.43,711.32,39,0.15,11.57,2023-12-12 17:00:00
8298,Winter,3.51,31.22,11.29,140.66,38,0.1,12.98,2023-12-12 18:00:00
8299,Winter,-0.58,73.56,4.6,721.94,26,0.14,10.89,2023-12-12 19:00:00
8300,Winter,2.5,57.42,13.86,24.52,46,0.13,22.18,2023-12-12 20:00:00
8301,Winter,-4.61,33.08,19.32,608.67,26,0.17,14.56,2023-12-12 21:00:00
8302,Winter,4.27,67.02,17.35,887.66,43,0.13,10.89,2023-12-12 22:00:00
8303,Winter,6.51,63.47,14.66,82.7,23,0.25,20.97,2023-12-12 23:00:00
8304,Winter,2.2,47.7,10.24,774.36,37,0.2,18.02,2023-12-13 00:00:00
8305,Winter,-0.58,66.97,4.57,538.14,43,0.12,19.98,2023-12-13 01:00:00
8306,Winter,3.99,32.41,15.95,368.86,34,0.16,14.32,2023-12-13 02:00:00
8307,Winter,6.51,33.15,4.19,396.28,18,0.1,19.34,2023-12-13 03:00:00
8308,Winter,3.97,53.9,15.8,311.24,20,0.15,16.42,2023-12-13 04:00:00
8309,Winter,-4.16,68.06,16.28,235.37,29,0.14,21.76,2023-12-13 05:00:00
8310,Winter,3.17,34.43,0.68,421.59,20,0.14,11.97,2023-12-13 06:00:00
8311,Winter,5.89,64.57,15.94,239.32,11,0.26,17.7,2023-12-13 07:00:00
8312,Winter,6.8,37.21,4.89,586.39,44,0.27,13.91,2023-12-13 08:00:00
8313,Winter,-4.5,58.27,6.83,200.49,12,0.22,19.22,2023-12-13 09:00:00
8314,Winter,-2.21,45.23,5.59,385.18,30,0.12,22.66,2023-12-13 10:00:00
8315,Winter,7.38,55.74,0.24,244.14,34,0.11,14.96,2023-12-13 11:00:00
8316,Winter,-1.71,60.01,6.99,833.83,24,0.07,17.52,2023-12-13 12:00:00
8317,Winter,9.73,36.0,1.35,930.3,25,0.13,14.5,2023-12-13 13:00:00
8318,Winter,7.22,71.38,4.97,37.96,20,0.07,15.5,2023-12-13 14:00:00
8319,Winter,3.38,74.35,4.24,229.57,13,0.09,20.45,2023-12-13 15:00:00
8320,Winter,3.63,63.58,15.88,648.0,5,0.06,8.73,2023-12-13 16:00:00
8321,Winter,9.59,75.71,16.26,499.34,21,0.06,18.53,2023-12-13 17:00:00
8322,Winter,9.68,47.52,18.7,478.36,21,0.05,16.82,2023-12-13 18:00:00
8323,Winter,0.94,50.59,6.95,944.49,13,0.08,18.3,2023-12-13 19:00:00
8324,Winter,5.77,45.9,9.04,155.86,13,0.09,13.22,2023-12-13 20:00:00
8325,Winter,-4.61,64.64,18.46,945.23,91,0.25,12.17,2023-12-13 21:00:00
8326,Winter,-1.22,76.16,11.12,414.87,130,0.22,18.57,2023-12-13 22:00:00
8327,Winter,-4.21,69.39,8.65,108.07,140,0.15,23.74,2023-12-13 23:00:00
8328,Winter,-4.36,46.68,15.78,873.76,199,0.11,16.15,2023-12-14 00:00:00
8329,Winter,6.86,61.91,11.76,151.98,173,0.29,20.38,2023-12-14 01:00:00
8330,Winter,-1.37,79.92,7.77,49.96,172,0.13,18.26,2023-12-14 02:00:00
8331,Winter,-2.34,34.63,10.78,304.99,178,0.16,17.5,2023-12-14 03:00:00
8332,Winter,2.41,34.94,4.71,132.66,168,0.18,14.01,2023-12-14 04:00:00
8333,Winter,0.84,51.04,15.02,733.87,176,0.29,22.16,2023-12-14 05:00:00
8334,Winter,4.58,30.23,5.82,172.31,62,0.13,13.31,2023-12-14 06:00:00
8335,Winter,5.86,72.73,4.23,184.9,117,0.24,19.58,2023-12-14 07:00:00
8336,Winter,-3.64,33.05,4.39,275.54,19,0.2,22.86,2023-12-14 08:00:00
8337,Winter,-1.64,41.0,11.81,477.84,20,0.22,16.24,2023-12-14 09:00:00
8338,Winter,5.24,58.26,14.89,729.66,26,0.06,9.47,2023-12-14 10:00:00
8339,Winter,2.51,34.26,6.47,433.94,30,0.05,17.04,2023-12-14 11:00:00
8340,Winter,5.14,55.8,8.04,71.62,11,0.12,20.93,2023-12-14 12:00:00
8341,Winter,0.16,43.55,15.49,408.72,22,0.06,14.52,2023-12-14 13:00:00
8342,Winter,3.57,63.95,2.49,950.24,23,0.08,14.43,2023-12-14 14:00:00
8343,Winter,6.27,72.27,14.24,449.14,5,0.08,18.01,2023-12-14 15:00:00
8344,Winter,-1.95,79.21,10.44,411.74,26,0.08,17.18,2023-12-14 16:00:00
8345,Winter,-3.74,48.17,5.99,585.64,24,0.12,17.07,2023-12-14 17:00:00
8346,Winter,-2.26,50.81,15.91,692.78,9,0.06,16.75,2023-12-14 18:00:00
8347,Winter,5.31,77.33,10.37,399.85,27,0.07,20.76,2023-12-14 19:00:00
8348,Winter,1.75,77.05,15.82,30.09,21,0.08,13.54,2023-12-14 20:00:00
8349,Winter,-3.37,37.93,18.23,668.0,78,0.27,13.19,2023-12-14 21:00:00
8350,Winter,2.37,61.67,7.24,436.98,187,0.16,16.24,2023-12-14 22:00:00
8351,Winter,1.98,41.23,16.94,581.38,166,0.3,23.74,2023-12-14 23:00:00
8352,Winter,-1.33,74.26,10.47,170.35,125,0.24,14.05,2023-12-15 00:00:00
8353,Winter,8.18,51.17,17.32,685.9,90,0.29,17.58,2023-12-15 01:00:00
8354,Winter,-1.83,42.49,18.54,574.43,107,0.25,20.03,2023-12-15 02:00:00
8355,Winter,-2.56,39.83,11.12,871.37,69,0.22,16.38,2023-12-15 03:00:00
8356,Winter,3.27,37.45,1.5,24.84,119,0.15,23.86,2023-12-15 04:00:00
8357,Winter,-1.62,75.91,6.33,525.96,197,0.2,15.72,2023-12-15 05:00:00
8358,Winter,-0.21,71.65,13.66,904.94,117,0.11,20.81,2023-12-15 06:00:00
8359,Winter,2.57,70.5,12.83,202.13,50,0.15,13.17,2023-12-15 07:00:00
8360,Winter,-4.93,31.28,4.01,170.39,30,0.21,17.44,2023-12-15 08:00:00
8361,Winter,-4.33,36.02,16.01,843.4,10,0.25,17.71,2023-12-15 09:00:00
8362,Winter,8.2,37.53,8.76,784.37,9,0.1,8.42,2023-12-15 10:00:00
8363,Winter,-4.62,32.89,1.23,835.74,20,0.05,17.6,2023-12-15 11:00:00
8364,Winter,-1.73,78.52,11.9,82.37,14,0.13,12.85,2023-12-15 12:00:00
8365,Winter,1.92,38.1,9.29,134.83,20,0.08,15.88,2023-12-15 13:00:00
8366,Winter,-1.44,45.3,16.76,327.41,24,0.09,20.71,2023-12-15 14:00:00
8367,Winter,-4.1,42.08,4.17,222.37,20,0.1,23.39,2023-12-15 15:00:00
8368,Winter,0.82,48.64,0.28,169.48,5,0.1,18.56,2023-12-15 16:00:00
8369,Winter,3.73,36.67,19.99,544.11,15,0.09,20.84,2023-12-15 17:00:00
8370,Winter,-2.38,59.51,14.65,885.25,10,0.14,10.79,2023-12-15 18:00:00
8371,Winter,-2.14,75.17,2.63,90.44,6,0.08,17.8,2023-12-15 19:00:00
8372,Winter,6.65,62.07,13.77,995.89,20,0.09,11.17,2023-12-15 20:00:00
8373,Winter,-2.63,36.95,2.96,521.29,153,0.24,17.23,2023-12-15 21:00:00
8374,Winter,-1.84,39.33,5.03,34.63,66,0.17,19.01,2023-12-15 22:00:00
8375,Winter,3.09,37.41,18.07,759.97,171,0.24,12.72,2023-12-15 23:00:00
8376,Winter,-3.51,43.37,6.67,201.59,82,0.27,20.83,2023-12-16 00:00:00
8377,Winter,-3.24,53.12,13.6,342.54,173,0.28,19.7,2023-12-16 01:00:00
8378,Winter,5.99,39.38,13.71,122.4,70,0.24,22.07,2023-12-16 02:00:00
8379,Winter,-2.41,59.11,2.57,993.74,158,0.26,14.7,2023-12-16 03:00:00
8380,Winter,1.0,68.16,8.36,38.41,161,0.26,25.14,2023-12-16 04:00:00
8381,Winter,3.03,72.24,13.29,87.45,62,0.28,19.85,2023-12-16 05:00:00
8382,Winter,-4.93,74.24,18.99,104.53,187,0.23,25.86,2023-12-16 06:00:00
8383,Winter,1.07,39.33,11.51,207.44,58,0.18,11.93,2023-12-16 07:00:00
8384,Winter,1.79,68.62,19.12,474.0,13,0.14,12.48,2023-12-16 08:00:00
8385,Winter,4.44,72.22,14.03,836.8,20,0.17,16.97,2023-12-16 09:00:00
8386,Winter,4.0,45.94,10.33,629.95,7,0.1,12.15,2023-12-16 10:00:00
8387,Winter,-2.66,53.81,8.76,401.07,30,0.06,18.75,2023-12-16 11:00:00
8388,Winter,4.31,67.02,1.68,585.07,24,0.06,12.08,2023-12-16 12:00:00
8389,Winter,-3.37,77.97,16.79,613.66,5,0.07,20.72,2023-12-16 13:00:00
8390,Winter,0.99,41.1,9.68,624.76,26,0.12,14.6,2023-12-16 14:00:00
8391,Winter,-1.94,79.35,9.5,177.38,18,0.09,12.05,2023-12-16 15:00:00
8392,Winter,-1.65,48.24,12.63,817.28,28,0.14,11.87,2023-12-16 16:00:00
8393,Winter,6.57,30.9,17.95,533.85,30,0.11,20.07,2023-12-16 17:00:00
8394,Winter,8.79,47.13,15.76,404.43,18,0.09,9.07,2023-12-16 18:00:00
8395,Winter,-1.14,48.65,15.23,299.42,18,0.07,20.61,2023-12-16 19:00:00
8396,Winter,-4.5,67.56,9.06,252.49,29,0.13,12.78,2023-12-16 20:00:00
8397,Winter,-3.07,37.52,12.4,673.01,147,0.11,16.98,2023-12-16 21:00:00
8398,Winter,-4.3,68.86,17.09,302.74,73,0.3,13.79,2023-12-16 22:00:00
8399,Winter,1.58,49.93,9.85,559.7,145,0.15,16.35,2023-12-16 23:00:00
8400,Winter,-4.19,73.14,18.91,652.47,170,0.11,24.3,2023-12-17 00:00:00
8401,Winter,9.18,48.44,14.55,331.19,72,0.17,13.02,2023-12-17 01:00:00
8402,Winter,-1.86,42.01,10.92,449.13,127,0.23,13.71,2023-12-17 02:00:00
8403,Winter,5.63,60.35,13.87,705.97,81,0.12,17.19,2023-12-17 03:00:00
8404,Winter,1.05,39.27,15.12,972.35,56,0.16,16.51,2023-12-17 04:00:00
8405,Winter,9.68,66.27,17.03,156.2,62,0.12,18.08,2023-12-17 05:00:00
8406,Winter,5.18,48.69,10.02,437.86,68,0.19,19.34,2023-12-17 06:00:00
8407,Winter,3.95,44.14,16.65,11.14,130,0.18,20.09,2023-12-17 07:00:00
8408,Winter,-4.37,52.12,5.92,880.97,27,0.23,18.54,2023-12-17 08:00:00
8409,Winter,7.63,37.17,12.99,802.49,27,0.13,9.35,2023-12-17 09:00:00
8410,Winter,9.47,60.82,14.54,672.3,8,0.11,8.81,2023-12-17 10:00:00
8411,Winter,8.44,54.39,14.97,208.57,27,0.14,16.35,2023-12-17 11:00:00
8412,Winter,1.48,37.88,4.49,94.03,17,0.12,13.93,2023-12-17 12:00:00
8413,Winter,7.53,45.38,1.26,240.77,15,0.11,15.65,2023-12-17 13:00:00
8414,Winter,-2.21,64.84,14.08,949.05,20,0.12,13.64,2023-12-17 14:00:00
8415,Winter,9.23,40.95,8.38,318.05,13,0.13,14.05,2023-12-17 15:00:00
8416,Winter,5.07,61.02,16.02,682.3,15,0.11,18.46,2023-12-17 16:00:00
8417,Winter,4.59,68.34,6.57,848.26,19,0.13,19.05,2023-12-17 17:00:00
8418,Winter,-3.74,54.63,18.73,469.29,14,0.14,12.26,2023-12-17 18:00:00
8419,Winter,0.88,59.36,8.87,206.19,23,0.12,11.09,2023-12-17 19:00:00
8420,Winter,4.07,53.0,0.24,330.6,8,0.07,20.44,2023-12-17 20:00:00
8421,Winter,9.07,49.53,4.83,416.57,164,0.1,14.87,2023-12-17 21:00:00
8422,Winter,5.55,56.14,5.86,466.96,105,0.14,12.45,2023-12-17 22:00:00
8423,Winter,2.9,49.12,9.15,991.41,83,0.18,15.57,2023-12-17 23:00:00
8424,Winter,6.27,72.62,0.88,792.53,54,0.12,11.02,2023-12-18 00:00:00
8425,Winter,0.9,30.85,20.0,882.86,173,0.13,21.55,2023-12-18 01:00:00
8426,Winter,-3.98,70.52,19.3,832.32,58,0.21,14.85,2023-12-18 02:00:00
8427,Winter,9.67,48.79,19.82,976.53,81,0.18,18.29,2023-12-18 03:00:00
8428,Winter,7.84,63.26,17.05,948.91,115,0.11,10.29,2023-12-18 04:00:00
8429,Winter,-2.3,69.08,15.4,175.79,131,0.29,24.91,2023-12-18 05:00:00
8430,Winter,-1.96,66.08,12.02,391.99,81,0.21,24.12,2023-12-18 06:00:00
8431,Winter,-1.18,62.37,14.9,243.21,200,0.15,22.75,2023-12-18 07:00:00
8432,Winter,9.74,31.7,18.43,260.9,11,0.27,10.52,2023-12-18 08:00:00
8433,Winter,9.39,32.31,7.02,486.04,23,0.19,11.13,2023-12-18 09:00:00
8434,Winter,4.81,54.91,2.08,983.09,27,0.06,19.11,2023-12-18 10:00:00
8435,Winter,-0.82,39.88,17.08,646.41,23,0.09,20.99,2023-12-18 11:00:00
8436,Winter,2.53,54.73,15.68,924.25,17,0.12,13.84,2023-12-18 12:00:00
8437,Winter,-0.67,31.04,6.52,783.83,11,0.09,9.8,2023-12-18 13:00:00
8438,Winter,4.51,38.19,0.37,633.31,35,0.15,11.11,2023-12-18 14:00:00
8439,Winter,5.41,50.38,18.12,927.93,34,0.06,9.34,2023-12-18 15:00:00
8440,Winter,7.92,74.18,15.48,897.48,43,0.05,14.91,2023-12-18 16:00:00
8441,Winter,-3.25,72.18,18.46,590.61,32,0.14,16.92,2023-12-18 17:00:00
8442,Winter,-2.76,68.06,15.93,887.81,8,0.12,11.9,2023-12-18 18:00:00
8443,Winter,0.32,57.79,1.99,421.71,12,0.13,13.05,2023-12-18 19:00:00
8444,Winter,9.81,77.05,13.18,24.6,5,0.13,20.08,2023-12-18 20:00:00
8445,Winter,6.49,37.79,17.86,870.92,21,0.21,11.16,2023-12-18 21:00:00
8446,Winter,8.51,54.06,7.74,737.51,9,0.21,9.9,2023-12-18 22:00:00
8447,Winter,7.36,46.12,16.34,281.05,35,0.21,13.16,2023-12-18 23:00:00
8448,Winter,2.55,34.36,12.47,336.82,5,0.12,19.56,2023-12-19 00:00:00
8449,Winter,3.88,65.89,14.46,923.63,35,0.29,17.2,2023-12-19 01:00:00
8450,Winter,9.92,44.8,12.3,292.5,42,0.21,15.97,2023-12-19 02:00:00
8451,Winter,-2.69,35.14,4.71,354.83,29,0.16,22.62,2023-12-19 03:00:00
8452,Winter,3.15,39.39,19.95,469.82,49,0.22,17.48,2023-12-19 04:00:00
8453,Winter,-4.18,72.51,18.84,598.05,17,0.13,19.13,2023-12-19 05:00:00
8454,Winter,3.58,58.91,7.15,692.81,45,0.29,10.25,2023-12-19 06:00:00
8455,Winter,5.83,75.76,3.54,138.09,9,0.14,20.03,2023-12-19 07:00:00
8456,Winter,0.21,72.78,15.87,174.17,19,0.22,13.24,2023-12-19 08:00:00
8457,Winter,5.63,55.71,18.21,534.06,8,0.15,8.9,2023-12-19 09:00:00
8458,Winter,-0.1,72.86,8.19,170.5,44,0.12,14.65,2023-12-19 10:00:00
8459,Winter,-2.12,57.9,19.96,499.31,41,0.11,13.5,2023-12-19 11:00:00
8460,Winter,-4.54,38.53,2.5,752.48,27,0.07,20.17,2023-12-19 12:00:00
8461,Winter,2.89,74.42,18.04,947.12,41,0.12,19.13,2023-12-19 13:00:00
8462,Winter,2.16,73.43,11.99,789.65,11,0.06,11.9,2023-12-19 14:00:00
8463,Winter,2.45,73.56,5.56,957.61,9,0.08,13.03,2023-12-19 15:00:00
8464,Winter,0.1,70.53,13.09,566.3,39,0.12,10.8,2023-12-19 16:00:00
8465,Winter,-4.62,60.74,7.92,381.55,43,0.14,23.43,2023-12-19 17:00:00
8466,Winter,7.07,47.94,4.85,112.09,14,0.15,20.03,2023-12-19 18:00:00
8467,Winter,-3.67,73.82,16.89,820.67,34,0.11,14.69,2023-12-19 19:00:00
8468,Winter,7.13,75.35,4.98,933.74,8,0.08,12.29,2023-12-19 20:00:00
8469,Winter,0.03,73.62,0.46,942.38,9,0.13,17.35,2023-12-19 21:00:00
8470,Winter,-4.33,64.82,17.45,358.83,39,0.2,20.54,2023-12-19 22:00:00
8471,Winter,8.7,37.2,12.89,498.12,45,0.11,12.62,2023-12-19 23:00:00
8472,Winter,7.77,40.38,6.28,162.52,9,0.27,17.95,2023-12-20 00:00:00
8473,Winter,7.27,37.2,1.75,550.89,44,0.19,13.95,2023-12-20 01:00:00
8474,Winter,7.3,31.85,6.18,351.56,21,0.22,9.54,2023-12-20 02:00:00
8475,Winter,5.97,42.83,15.18,136.1,36,0.11,11.42,2023-12-20 03:00:00
8476,Winter,1.91,56.64,1.94,120.36,9,0.11,18.41,2023-12-20 04:00:00
8477,Winter,-3.44,60.85,16.37,357.99,36,0.12,20.22,2023-12-20 05:00:00
8478,Winter,7.03,39.98,16.88,500.73,30,0.12,19.13,2023-12-20 06:00:00
8479,Winter,-4.85,41.2,11.56,351.96,37,0.14,18.14,2023-12-20 07:00:00
8480,Winter,-0.43,74.77,13.47,60.74,39,0.16,23.02,2023-12-20 08:00:00
8481,Winter,2.13,33.85,3.6,656.38,26,0.16,16.92,2023-12-20 09:00:00
8482,Winter,1.63,71.07,11.54,163.61,22,0.14,12.65,2023-12-20 10:00:00
8483,Winter,0.99,70.44,15.83,508.72,17,0.14,19.48,2023-12-20 11:00:00
8484,Winter,8.02,40.28,13.9,476.69,5,0.07,9.28,2023-12-20 12:00:00
8485,Winter,5.33,61.94,4.43,762.93,23,0.11,15.52,2023-12-20 13:00:00
8486,Winter,-3.56,66.01,1.26,5.69,21,0.1,16.79,2023-12-20 14:00:00
8487,Winter,4.74,35.26,0.78,118.74,6,0.1,17.79,2023-12-20 15:00:00
8488,Winter,5.81,62.32,19.25,687.14,7,0.14,17.63,2023-12-20 16:00:00
8489,Winter,6.11,47.41,7.72,605.83,15,0.11,13.66,2023-12-20 17:00:00
8490,Winter,-2.89,31.9,19.52,601.18,9,0.11,10.29,2023-12-20 18:00:00
8491,Winter,0.54,75.62,4.06,1.22,25,0.12,22.76,2023-12-20 19:00:00
8492,Winter,7.19,68.38,9.83,838.53,17,0.11,12.91,2023-12-20 20:00:00
8493,Winter,1.58,45.95,1.25,92.83,155,0.13,20.33,2023-12-20 21:00:00
8494,Winter,2.39,52.73,16.68,846.53,199,0.24,20.57,2023-12-20 22:00:00
8495,Winter,8.87,48.17,1.11,690.09,79,0.28,9.85,2023-12-20 23:00:00
8496,Winter,4.54,67.24,17.62,511.42,86,0.12,16.96,2023-12-21 00:00:00
8497,Winter,-2.78,65.48,18.79,510.57,128,0.16,17.26,2023-12-21 01:00:00
8498,Winter,-3.02,71.35,6.78,85.28,83,0.16,15.39,2023-12-21 02:00:00
8499,Winter,9.39,70.1,9.28,452.95,97,0.29,12.87,2023-12-21 03:00:00
8500,Winter,2.81,42.06,7.99,689.41,73,0.2,21.97,2023-12-21 04:00:00
8501,Winter,4.16,57.85,7.59,360.78,122,0.21,19.03,2023-12-21 05:00:00
8502,Winter,3.26,54.41,12.79,907.65,169,0.13,22.21,2023-12-21 06:00:00
8503,Winter,-3.25,57.13,0.8,321.57,170,0.27,17.67,2023-12-21 07:00:00
8504,Winter,6.37,34.99,7.33,895.28,19,0.12,16.38,2023-12-21 08:00:00
8505,Winter,-3.66,65.76,18.86,369.63,30,0.28,18.03,2023-12-21 09:00:00
8506,Winter,2.08,52.41,8.95,257.5,9,0.12,20.41,2023-12-21 10:00:00
8507,Winter,-1.3,53.14,11.65,464.81,14,0.05,19.81,2023-12-21 11:00:00
8508,Winter,5.69,68.26,3.25,340.05,5,0.1,20.16,2023-12-21 12:00:00
8509,Winter,-2.88,36.73,1.92,213.32,30,0.09,22.04,2023-12-21 13:00:00
8510,Winter,3.94,30.75,8.96,375.47,6,0.14,13.25,2023-12-21 14:00:00
8511,Winter,7.05,65.43,9.79,468.17,30,0.13,10.13,2023-12-21 15:00:00
8512,Winter,9.66,42.32,8.49,398.4,14,0.1,12.64,2023-12-21 16:00:00
8513,Winter,-3.0,51.27,7.66,399.25,15,0.09,15.42,2023-12-21 17:00:00
8514,Winter,9.1,59.23,11.55,108.25,25,0.11,16.23,2023-12-21 18:00:00
8515,Winter,8.27,55.86,12.96,500.21,23,0.1,15.31,2023-12-21 19:00:00
8516,Winter,0.02,78.13,19.1,918.52,7,0.11,20.75,2023-12-21 20:00:00
8517,Winter,8.04,76.6,7.87,247.71,190,0.11,16.0,2023-12-21 21:00:00
8518,Winter,-3.09,68.12,13.87,757.36,96,0.15,13.25,2023-12-21 22:00:00
8519,Winter,7.97,69.25,3.36,609.33,124,0.3,13.98,2023-12-21 23:00:00
8520,Winter,-2.58,54.18,15.22,665.73,108,0.2,14.81,2023-12-22 00:00:00
8521,Winter,-4.95,77.54,13.83,248.38,101,0.22,15.9,2023-12-22 01:00:00
8522,Winter,2.99,72.62,8.64,65.51,57,0.11,18.99,2023-12-22 02:00:00
8523,Winter,-2.27,33.33,12.63,520.75,77,0.22,23.68,2023-12-22 03:00:00
8524,Winter,-1.18,70.05,15.11,64.7,193,0.1,18.25,2023-12-22 04:00:00
8525,Winter,7.81,68.46,19.82,352.19,182,0.11,18.39,2023-12-22 05:00:00
8526,Winter,0.96,57.56,18.56,675.02,181,0.29,19.39,2023-12-22 06:00:00
8527,Winter,-4.66,49.22,11.0,302.44,119,0.26,24.59,2023-12-22 07:00:00
8528,Winter,7.69,73.36,4.46,359.59,29,0.14,13.3,2023-12-22 08:00:00
8529,Winter,8.76,67.26,7.22,855.74,26,0.13,14.54,2023-12-22 09:00:00
8530,Winter,-0.57,55.75,1.27,622.34,11,0.07,19.54,2023-12-22 10:00:00
8531,Winter,-2.19,51.69,7.13,897.68,16,0.08,20.25,2023-12-22 11:00:00
8532,Winter,5.24,62.09,5.88,959.78,15,0.06,14.41,2023-12-22 12:00:00
8533,Winter,-2.07,74.0,16.83,65.16,17,0.14,16.08,2023-12-22 13:00:00
8534,Winter,9.32,47.46,16.07,835.24,5,0.11,18.08,2023-12-22 14:00:00
8535,Winter,-0.72,36.62,6.92,138.03,9,0.15,15.91,2023-12-22 15:00:00
8536,Winter,2.45,58.02,5.16,750.23,6,0.07,9.26,2023-12-22 16:00:00
8537,Winter,8.0,49.65,2.18,418.65,26,0.14,15.48,2023-12-22 17:00:00
8538,Winter,3.77,52.71,3.93,281.78,22,0.12,16.58,2023-12-22 18:00:00
8539,Winter,7.79,62.92,4.04,179.03,18,0.13,10.29,2023-12-22 19:00:00
8540,Winter,4.88,43.49,14.31,333.65,9,0.14,10.56,2023-12-22 20:00:00
8541,Winter,3.82,33.44,7.92,520.65,53,0.26,15.16,2023-12-22 21:00:00
8542,Winter,1.62,38.47,3.85,292.69,195,0.12,24.05,2023-12-22 22:00:00
8543,Winter,6.04,73.23,5.2,225.52,83,0.29,20.22,2023-12-22 23:00:00
8544,Winter,-1.4,51.36,18.19,17.2,193,0.27,16.05,2023-12-23 00:00:00
8545,Winter,9.36,64.68,15.74,535.71,151,0.24,13.14,2023-12-23 01:00:00
8546,Winter,7.85,51.06,12.63,973.44,149,0.24,11.94,2023-12-23 02:00:00
8547,Winter,6.59,71.94,4.59,876.08,198,0.22,21.95,2023-12-23 03:00:00
8548,Winter,5.53,43.42,14.86,133.4,196,0.13,15.65,2023-12-23 04:00:00
8549,Winter,-0.2,30.42,2.08,553.66,164,0.28,21.36,2023-12-23 05:00:00
8550,Winter,4.95,72.83,17.36,940.85,79,0.24,19.13,2023-12-23 06:00:00
8551,Winter,-1.66,35.4,4.54,133.59,130,0.13,15.69,2023-12-23 07:00:00
8552,Winter,0.75,31.12,1.14,916.57,29,0.21,14.2,2023-12-23 08:00:00
8553,Winter,2.75,41.9,10.13,668.21,29,0.26,11.09,2023-12-23 09:00:00
8554,Winter,9.85,78.12,12.08,752.23,26,0.14,19.25,2023-12-23 10:00:00
8555,Winter,4.62,67.68,6.7,265.14,29,0.1,19.8,2023-12-23 11:00:00
8556,Winter,6.55,39.72,17.91,875.61,9,0.1,9.98,2023-12-23 12:00:00
8557,Winter,8.33,78.3,19.35,402.88,11,0.11,12.54,2023-12-23 13:00:00
8558,Winter,-1.98,35.07,5.24,318.22,21,0.08,22.22,2023-12-23 14:00:00
8559,Winter,6.48,32.14,15.88,971.82,10,0.09,10.17,2023-12-23 15:00:00
8560,Winter,4.59,31.23,14.37,97.42,8,0.14,16.9,2023-12-23 16:00:00
8561,Winter,5.19,35.03,12.59,298.07,12,0.09,13.05,2023-12-23 17:00:00
8562,Winter,-3.13,33.58,14.53,163.63,19,0.11,12.83,2023-12-23 18:00:00
8563,Winter,7.6,30.78,13.37,796.25,17,0.1,18.28,2023-12-23 19:00:00
8564,Winter,7.86,46.37,18.29,613.86,20,0.09,18.5,2023-12-23 20:00:00
8565,Winter,6.34,59.22,16.43,830.94,166,0.15,18.85,2023-12-23 21:00:00
8566,Winter,3.22,79.22,13.52,886.49,59,0.21,14.85,2023-12-23 22:00:00
8567,Winter,2.17,71.17,15.15,701.26,58,0.11,19.52,2023-12-23 23:00:00
8568,Winter,4.34,54.18,7.45,163.97,164,0.28,20.3,2023-12-24 00:00:00
8569,Winter,0.93,66.42,19.53,488.28,139,0.28,19.88,2023-12-24 01:00:00
8570,Winter,5.21,30.57,19.9,778.84,133,0.15,14.12,2023-12-24 02:00:00
8571,Winter,7.74,37.3,1.06,242.19,90,0.17,17.6,2023-12-24 03:00:00
8572,Winter,-1.88,54.54,4.71,520.21,191,0.28,15.8,2023-12-24 04:00:00
8573,Winter,7.19,61.23,14.12,262.88,82,0.19,16.81,2023-12-24 05:00:00
8574,Winter,9.55,43.48,5.04,665.84,53,0.11,8.8,2023-12-24 06:00:00
8575,Winter,5.96,65.53,5.16,970.38,194,0.25,21.62,2023-12-24 07:00:00
8576,Winter,-4.4,49.68,16.07,989.36,24,0.28,14.29,2023-12-24 08:00:00
8577,Winter,9.43,65.65,7.26,47.62,13,0.24,13.47,2023-12-24 09:00:00
8578,Winter,6.97,67.27,1.33,418.42,5,0.14,18.25,2023-12-24 10:00:00
8579,Winter,4.89,47.6,17.46,308.08,11,0.08,15.32,2023-12-24 11:00:00
8580,Winter,-3.37,75.56,7.24,762.47,28,0.05,14.7,2023-12-24 12:00:00
8581,Winter,-4.19,54.87,13.67,893.33,29,0.07,12.66,2023-12-24 13:00:00
8582,Winter,-1.77,67.12,12.3,564.89,26,0.14,21.13,2023-12-24 14:00:00
8583,Winter,3.71,56.7,18.68,374.69,18,0.11,11.99,2023-12-24 15:00:00
8584,Winter,0.37,70.49,4.76,532.03,27,0.08,15.91,2023-12-24 16:00:00
8585,Winter,4.61,50.84,14.6,647.2,10,0.11,17.03,2023-12-24 17:00:00
8586,Winter,-2.7,67.68,16.51,98.53,8,0.09,19.93,2023-12-24 18:00:00
8587,Winter,5.56,64.26,11.34,570.17,13,0.08,19.43,2023-12-24 19:00:00
8588,Winter,-4.16,64.06,9.17,778.6,27,0.08,21.17,2023-12-24 20:00:00
8589,Winter,-4.92,48.54,1.76,465.63,110,0.28,24.1,2023-12-24 21:00:00
8590,Winter,7.68,69.07,2.27,518.45,87,0.29,20.87,2023-12-24 22:00:00
8591,Winter,-0.52,63.32,8.36,408.28,120,0.27,21.68,2023-12-24 23:00:00
8592,Winter,8.06,72.95,7.75,790.02,70,0.23,11.28,2023-12-25 00:00:00
8593,Winter,5.9,43.99,8.74,601.95,75,0.2,21.21,2023-12-25 01:00:00
8594,Winter,3.17,35.3,1.18,916.99,125,0.14,21.77,2023-12-25 02:00:00
8595,Winter,9.8,61.49,14.49,690.41,186,0.13,20.05,2023-12-25 03:00:00
8596,Winter,7.01,70.21,8.47,727.42,169,0.24,12.25,2023-12-25 04:00:00
8597,Winter,-2.34,74.28,15.95,16.28,115,0.28,20.33,2023-12-25 05:00:00
8598,Winter,7.43,61.59,10.5,411.68,142,0.22,13.96,2023-12-25 06:00:00
8599,Winter,-2.0,61.98,12.07,108.45,160,0.23,25.0,2023-12-25 07:00:00
8600,Winter,1.05,46.46,17.06,594.96,8,0.17,10.37,2023-12-25 08:00:00
8601,Winter,9.56,69.07,9.86,677.77,10,0.19,13.82,2023-12-25 09:00:00
8602,Winter,9.59,36.14,11.78,80.71,11,0.07,10.65,2023-12-25 10:00:00
8603,Winter,5.32,51.56,5.93,297.06,30,0.15,17.84,2023-12-25 11:00:00
8604,Winter,-3.25,73.14,13.02,193.08,16,0.09,13.36,2023-12-25 12:00:00
8605,Winter,-3.77,63.47,10.75,27.38,43,0.08,12.81,2023-12-25 13:00:00
8606,Winter,2.94,79.17,16.26,853.63,15,0.06,12.61,2023-12-25 14:00:00
8607,Winter,2.9,51.69,17.03,616.19,50,0.14,13.75,2023-12-25 15:00:00
8608,Winter,3.95,34.04,1.15,334.42,34,0.14,16.08,2023-12-25 16:00:00
8609,Winter,-3.76,42.23,14.24,825.23,16,0.14,20.15,2023-12-25 17:00:00
8610,Winter,3.18,37.23,14.05,383.93,45,0.13,15.22,2023-12-25 18:00:00
8611,Winter,5.18,58.26,1.59,244.13,33,0.1,17.7,2023-12-25 19:00:00
8612,Winter,0.94,62.39,14.22,61.3,22,0.14,14.37,2023-12-25 20:00:00
8613,Winter,5.38,61.75,2.35,993.93,20,0.2,14.98,2023-12-25 21:00:00
8614,Winter,4.69,45.89,7.7,805.88,48,0.18,17.21,2023-12-25 22:00:00
8615,Winter,-2.61,72.04,13.89,445.19,12,0.14,16.63,2023-12-25 23:00:00
8616,Winter,0.18,61.35,15.65,119.44,32,0.18,22.26,2023-12-26 00:00:00
8617,Winter,4.29,75.12,11.33,900.88,17,0.28,17.73,2023-12-26 01:00:00
8618,Winter,8.06,67.31,0.25,241.2,35,0.18,18.61,2023-12-26 02:00:00
8619,Winter,-0.2,69.46,11.9,515.28,37,0.22,15.53,2023-12-26 03:00:00
8620,Winter,5.22,34.71,6.08,9.1,35,0.15,19.64,2023-12-26 04:00:00
8621,Winter,4.41,39.43,1.39,844.89,15,0.3,14.31,2023-12-26 05:00:00
8622,Winter,-3.13,30.11,13.44,33.48,23,0.27,12.62,2023-12-26 06:00:00
8623,Winter,2.72,37.2,10.38,527.54,8,0.24,13.06,2023-12-26 07:00:00
8624,Winter,1.01,55.77,2.18,822.86,29,0.24,17.39,2023-12-26 08:00:00
8625,Winter,-3.08,79.23,4.02,759.36,48,0.11,11.08,2023-12-26 09:00:00
8626,Winter,6.31,51.24,10.16,369.45,17,0.1,12.16,2023-12-26 10:00:00
8627,Winter,-3.15,66.95,9.17,540.25,31,0.12,19.39,2023-12-26 11:00:00
8628,Winter,9.5,63.92,10.41,431.52,5,0.11,12.18,2023-12-26 12:00:00
8629,Winter,4.92,49.96,16.06,232.17,22,0.11,9.95,2023-12-26 13:00:00
8630,Winter,-3.2,62.57,6.63,110.84,15,0.06,13.33,2023-12-26 14:00:00
8631,Winter,3.98,76.7,3.94,833.57,6,0.09,8.24,2023-12-26 15:00:00
8632,Winter,6.58,32.56,14.43,320.28,31,0.12,20.06,2023-12-26 16:00:00
8633,Winter,2.31,77.78,5.53,639.53,21,0.05,11.17,2023-12-26 17:00:00
8634,Winter,5.82,39.81,8.83,885.01,26,0.15,13.24,2023-12-26 18:00:00
8635,Winter,6.54,43.54,2.45,435.55,45,0.08,16.09,2023-12-26 19:00:00
8636,Winter,0.6,66.89,0.2,130.35,49,0.12,15.86,2023-12-26 20:00:00
8637,Winter,-4.03,37.06,4.31,699.97,12,0.23,18.22,2023-12-26 21:00:00
8638,Winter,2.6,69.44,12.61,862.3,9,0.27,8.88,2023-12-26 22:00:00
8639,Winter,8.82,62.3,13.61,570.39,48,0.25,18.22,2023-12-26 23:00:00
8640,Winter,1.45,56.81,19.07,163.65,29,0.19,19.8,2023-12-27 00:00:00
8641,Winter,0.38,32.33,5.71,147.13,17,0.3,12.98,2023-12-27 01:00:00
8642,Winter,-2.05,41.67,12.37,762.87,39,0.16,19.78,2023-12-27 02:00:00
8643,Winter,0.94,47.03,14.75,253.91,21,0.24,12.83,2023-12-27 03:00:00
8644,Winter,1.34,68.83,6.88,529.55,39,0.12,12.32,2023-12-27 04:00:00
8645,Winter,8.97,68.99,2.79,212.31,33,0.15,10.94,2023-12-27 05:00:00
8646,Winter,3.94,66.65,0.93,17.8,40,0.24,16.96,2023-12-27 06:00:00
8647,Winter,9.12,74.3,9.44,87.78,6,0.11,13.11,2023-12-27 07:00:00
8648,Winter,7.74,56.5,15.62,373.69,49,0.28,20.0,2023-12-27 08:00:00
8649,Winter,-1.38,35.91,8.1,719.45,36,0.29,18.94,2023-12-27 09:00:00
8650,Winter,9.07,32.66,4.57,552.99,28,0.12,8.47,2023-12-27 10:00:00
8651,Winter,2.8,66.39,8.69,51.24,45,0.09,11.13,2023-12-27 11:00:00
8652,Winter,9.45,42.54,12.59,71.82,17,0.06,14.53,2023-12-27 12:00:00
8653,Winter,1.41,34.07,16.15,235.85,28,0.11,11.99,2023-12-27 13:00:00
8654,Winter,9.35,67.93,8.23,359.7,9,0.07,18.03,2023-12-27 14:00:00
8655,Winter,1.93,30.67,18.8,85.77,6,0.13,20.63,2023-12-27 15:00:00
8656,Winter,2.08,56.6,15.45,172.18,23,0.12,15.92,2023-12-27 16:00:00
8657,Winter,-0.69,42.4,10.38,552.51,28,0.11,11.67,2023-12-27 17:00:00
8658,Winter,-2.89,49.28,5.62,681.16,19,0.06,15.82,2023-12-27 18:00:00
8659,Winter,0.51,33.58,9.09,778.15,10,0.09,19.53,2023-12-27 19:00:00
8660,Winter,0.28,75.43,5.9,988.21,24,0.08,19.01,2023-12-27 20:00:00
8661,Winter,5.12,45.74,16.78,328.17,112,0.11,22.86,2023-12-27 21:00:00
8662,Winter,5.86,32.31,15.89,588.82,80,0.17,17.38,2023-12-27 22:00:00
8663,Winter,7.91,30.78,16.24,59.69,164,0.22,13.25,2023-12-27 23:00:00
8664,Winter,4.77,58.0,4.15,913.23,114,0.29,15.26,2023-12-28 00:00:00
8665,Winter,-1.58,50.0,4.77,398.84,125,0.16,24.51,2023-12-28 01:00:00
8666,Winter,-1.2,47.02,12.22,224.6,118,0.25,15.35,2023-12-28 02:00:00
8667,Winter,-2.11,31.97,19.52,993.56,67,0.16,18.46,2023-12-28 03:00:00
8668,Winter,1.15,53.97,8.48,604.49,106,0.29,21.19,2023-12-28 04:00:00
8669,Winter,5.49,55.75,15.97,168.79,56,0.11,12.45,2023-12-28 05:00:00
8670,Winter,-2.24,62.77,2.36,960.39,160,0.27,21.1,2023-12-28 06:00:00
8671,Winter,4.13,53.41,4.08,214.36,69,0.24,16.05,2023-12-28 07:00:00
8672,Winter,6.86,64.73,18.55,689.01,21,0.23,14.07,2023-12-28 08:00:00
8673,Winter,1.62,79.61,13.22,510.19,26,0.21,20.01,2023-12-28 09:00:00
8674,Winter,8.25,34.62,11.52,207.38,22,0.07,8.97,2023-12-28 10:00:00
8675,Winter,2.48,36.7,18.09,28.59,6,0.08,20.3,2023-12-28 11:00:00
8676,Winter,-1.85,69.95,11.23,978.83,29,0.13,13.22,2023-12-28 12:00:00
8677,Winter,7.75,58.73,6.71,585.11,22,0.1,9.21,2023-12-28 13:00:00
8678,Winter,5.87,37.27,15.41,951.3,13,0.07,15.38,2023-12-28 14:00:00
8679,Winter,8.68,33.84,1.76,221.33,30,0.08,10.86,2023-12-28 15:00:00
8680,Winter,6.67,61.37,9.14,778.84,8,0.14,14.14,2023-12-28 16:00:00
8681,Winter,-1.21,57.61,6.29,439.13,19,0.08,14.17,2023-12-28 17:00:00
8682,Winter,1.26,58.44,10.0,454.28,19,0.12,14.36,2023-12-28 18:00:00
8683,Winter,-0.6,62.18,16.6,720.1,12,0.11,19.47,2023-12-28 19:00:00
8684,Winter,-1.16,32.31,5.98,286.61,16,0.07,13.93,2023-12-28 20:00:00
8685,Winter,-3.45,57.68,0.23,871.54,123,0.18,19.38,2023-12-28 21:00:00
8686,Winter,9.42,62.0,15.72,49.53,92,0.27,12.32,2023-12-28 22:00:00
8687,Winter,8.65,32.81,18.38,874.22,122,0.11,17.56,2023-12-28 23:00:00
8688,Winter,-2.82,56.54,0.82,113.61,146,0.22,24.01,2023-12-29 00:00:00
8689,Winter,-1.01,65.71,7.35,526.16,50,0.23,15.46,2023-12-29 01:00:00
8690,Winter,-1.94,61.13,13.87,741.09,62,0.29,21.91,2023-12-29 02:00:00
8691,Winter,5.96,50.16,4.28,454.73,180,0.26,17.67,2023-12-29 03:00:00
8692,Winter,5.33,31.55,16.94,399.57,133,0.23,15.97,2023-12-29 04:00:00
8693,Winter,-0.63,45.84,4.29,406.81,103,0.14,18.72,2023-12-29 05:00:00
8694,Winter,7.66,52.83,5.87,801.07,191,0.2,20.58,2023-12-29 06:00:00
8695,Winter,6.82,58.06,12.03,186.52,90,0.22,21.5,2023-12-29 07:00:00
8696,Winter,4.85,65.57,8.11,655.85,21,0.22,12.66,2023-12-29 08:00:00
8697,Winter,1.16,47.65,11.97,727.92,13,0.15,10.94,2023-12-29 09:00:00
8698,Winter,-2.28,70.9,9.47,59.41,11,0.1,15.68,2023-12-29 10:00:00
8699,Winter,-2.84,35.01,3.02,855.34,7,0.09,15.19,2023-12-29 11:00:00
8700,Winter,1.62,73.35,8.1,835.36,7,0.07,20.23,2023-12-29 12:00:00
8701,Winter,2.72,70.4,8.38,724.36,14,0.14,19.09,2023-12-29 13:00:00
8702,Winter,-3.21,61.51,10.45,443.98,17,0.1,16.31,2023-12-29 14:00:00
8703,Winter,8.83,49.3,5.03,440.08,13,0.12,15.38,2023-12-29 15:00:00
8704,Winter,3.41,52.99,15.97,538.48,16,0.15,18.3,2023-12-29 16:00:00
8705,Winter,3.3,71.98,2.72,338.27,15,0.08,19.74,2023-12-29 17:00:00
8706,Winter,-1.07,33.43,13.06,663.34,5,0.12,11.71,2023-12-29 18:00:00
8707,Winter,0.83,60.5,12.8,392.88,7,0.09,14.17,2023-12-29 19:00:00
8708,Winter,4.88,63.38,4.4,217.58,30,0.14,16.29,2023-12-29 20:00:00
8709,Winter,-3.8,36.05,16.26,181.84,161,0.25,23.84,2023-12-29 21:00:00
8710,Winter,5.83,47.93,1.62,919.41,124,0.27,13.75,2023-12-29 22:00:00
8711,Winter,-2.85,55.29,18.09,181.34,68,0.24,17.05,2023-12-29 23:00:00
8712,Winter,-4.86,77.85,12.05,174.65,156,0.29,21.46,2023-12-30 00:00:00
8713,Winter,7.93,31.3,15.86,666.4,130,0.15,16.97,2023-12-30 01:00:00
8714,Winter,2.44,78.45,10.85,758.35,173,0.11,16.08,2023-12-30 02:00:00
8715,Winter,7.98,54.09,19.39,308.7,117,0.29,22.22,2023-12-30 03:00:00
8716,Winter,-4.8,56.38,6.95,726.1,50,0.15,20.04,2023-12-30 04:00:00
8717,Winter,5.51,55.76,4.28,20.73,123,0.27,16.95,2023-12-30 05:00:00
8718,Winter,8.22,36.3,9.3,705.34,103,0.22,16.65,2023-12-30 06:00:00
8719,Winter,-2.5,68.66,13.54,94.27,88,0.13,20.42,2023-12-30 07:00:00
8720,Winter,6.25,47.53,13.25,729.12,22,0.1,17.96,2023-12-30 08:00:00
8721,Winter,-3.95,56.49,3.57,342.2,10,0.23,14.26,2023-12-30 09:00:00
8722,Winter,-3.16,30.89,17.14,421.92,12,0.12,18.36,2023-12-30 10:00:00
8723,Winter,-4.8,79.94,2.99,845.71,10,0.15,16.52,2023-12-30 11:00:00
8724,Winter,3.57,60.51,8.91,284.48,17,0.14,18.1,2023-12-30 12:00:00
8725,Winter,3.65,38.84,4.89,440.04,10,0.11,16.62,2023-12-30 13:00:00
8726,Winter,4.43,53.29,8.15,822.78,29,0.07,11.18,2023-12-30 14:00:00
8727,Winter,-4.95,36.01,9.21,469.11,5,0.1,16.9,2023-12-30 15:00:00
8728,Winter,-0.07,73.25,19.7,493.84,5,0.1,10.26,2023-12-30 16:00:00
8729,Winter,-4.43,55.14,6.0,367.29,18,0.11,15.85,2023-12-30 17:00:00
8730,Winter,-4.14,47.21,8.57,638.62,18,0.12,11.89,2023-12-30 18:00:00
8731,Winter,4.6,68.14,0.24,386.89,26,0.12,10.19,2023-12-30 19:00:00
8732,Winter,7.98,77.06,1.89,589.49,28,0.08,19.96,2023-12-30 20:00:00
8733,Winter,0.12,59.14,7.04,282.56,136,0.27,17.84,2023-12-30 21:00:00
8734,Winter,5.8,30.12,6.43,783.3,146,0.23,17.63,2023-12-30 22:00:00
8735,Winter,6.54,34.11,4.78,112.6,188,0.29,20.65,2023-12-30 23:00:00
8736,Winter,0.33,30.05,5.13,524.73,136,0.18,19.26,2023-12-31 00:00:00
8737,Winter,-1.04,61.47,7.97,238.22,167,0.17,25.17,2023-12-31 01:00:00
8738,Winter,4.32,77.62,18.55,238.05,182,0.2,18.8,2023-12-31 02:00:00
8739,Winter,-2.73,63.85,1.74,790.33,70,0.11,12.7,2023-12-31 03:00:00
8740,Winter,5.77,63.76,4.51,764.8,95,0.28,17.98,2023-12-31 04:00:00
8741,Winter,-4.17,36.14,11.79,537.22,166,0.11,18.75,2023-12-31 05:00:00
8742,Winter,-2.85,43.42,12.12,620.6,139,0.22,19.88,2023-12-31 06:00:00
8743,Winter,5.81,40.85,5.32,522.17,126,0.24,15.99,2023-12-31 07:00:00
8744,Winter,-2.2,50.23,1.4,304.49,20,0.14,16.91,2023-12-31 08:00:00
8745,Winter,8.87,59.16,2.38,789.32,13,0.28,15.53,2023-12-31 09:00:00
8746,Winter,-0.5,79.57,2.83,320.24,27,0.11,21.77,2023-12-31 10:00:00
8747,Winter,6.86,47.07,8.2,520.15,9,0.08,15.71,2023-12-31 11:00:00
8748,Winter,8.51,52.11,14.7,23.3,19,0.14,9.44,2023-12-31 12:00:00
8749,Winter,-1.21,58.38,11.37,622.81,5,0.05,17.47,2023-12-31 13:00:00
8750,Winter,6.24,76.23,11.71,455.88,10,0.08,8.54,2023-12-31 14:00:00
8751,Winter,2.22,69.34,9.36,457.81,24,0.06,10.39,2023-12-31 15:00:00
8752,Winter,7.54,61.49,14.62,168.58,21,0.12,18.12,2023-12-31 16:00:00
8753,Winter,2.42,48.95,1.03,453.31,11,0.08,9.67,2023-12-31 17:00:00
8754,Winter,9.63,56.05,5.34,911.44,7,0.12,15.78,2023-12-31 18:00:00
8755,Winter,9.82,69.01,18.48,645.41,22,0.15,8.49,2023-12-31 19:00:00
8756,Winter,7.22,71.26,15.24,734.38,27,0.13,14.36,2023-12-31 20:00:00
8757,Winter,8.3,60.03,9.18,338.86,100,0.1,14.53,2023-12-31 21:00:00
8758,Winter,6.21,45.05,0.58,436.11,193,0.23,17.63,2023-12-31 22:00:00
8759,Winter,6.22,46.72,12.01,806.73,102,0.24,17.58,2023-12-31 23:00:00
